zone_id,origin_time,target_time,actual,prediction,lower,upper,baseline
ICU,2025-05-25 00:00:00+00:00,2025-05-25 06:00:00+00:00,155.371,145.18117355384408,124.0119241562331,166.35042295145504,146.75
OPD,2025-05-25 00:00:00+00:00,2025-05-25 06:00:00+00:00,105.13,96.12441623530611,74.95516683769515,117.29366563291708,124.079
WARD_B,2025-05-25 00:00:00+00:00,2025-05-25 06:00:00+00:00,226.694,217.68876330170903,196.51951390409806,238.85801269932,228.991
ICU,2025-05-25 01:00:00+00:00,2025-05-25 07:00:00+00:00,52.671,60.537980690744675,39.368731293133706,81.70723008835564,46.244
OPD,2025-05-25 01:00:00+00:00,2025-05-25 07:00:00+00:00,16.636,21.38114410079826,0.2118947031872942,42.55039349840922,15.804
WARD_A,2025-05-25 01:00:00+00:00,2025-05-25 07:00:00+00:00,143.709,144.66913737555245,123.49988797794148,165.83838677316342,130.741
WARD_B,2025-05-25 01:00:00+00:00,2025-05-25 07:00:00+00:00,128.698,127.55871899726064,106.38946959964967,148.7279683948716,149.619
ICU,2025-05-25 02:00:00+00:00,2025-05-25 08:00:00+00:00,64.673,63.8476824844576,42.67843308684664,85.01693188206856,45.903
OPD,2025-05-25 02:00:00+00:00,2025-05-25 08:00:00+00:00,26.551,28.810019912336465,7.640770514725499,49.979269309947426,25.105
WARD_A,2025-05-25 02:00:00+00:00,2025-05-25 08:00:00+00:00,129.997,145.27130194941432,124.10205255180335,166.4405513470253,145.775
WARD_B,2025-05-25 02:00:00+00:00,2025-05-25 08:00:00+00:00,113.802,128.80085074973567,107.6316013521247,149.97010014734664,149.378
ICU,2025-05-25 03:00:00+00:00,2025-05-25 09:00:00+00:00,77.033,61.47905832165086,40.3098089240399,82.64830771926182,67.655
OPD,2025-05-25 03:00:00+00:00,2025-05-25 09:00:00+00:00,20.575,29.89025017950081,8.721000781889845,51.05949957711178,19.891
WARD_A,2025-05-25 03:00:00+00:00,2025-05-25 09:00:00+00:00,144.396,145.18972361886108,124.02047422125011,166.35897301647205,149.497
WARD_B,2025-05-25 03:00:00+00:00,2025-05-25 09:00:00+00:00,139.932,133.89408165200533,112.72483225439436,155.0633310496163,148.326
ICU,2025-05-25 04:00:00+00:00,2025-05-25 10:00:00+00:00,70.498,60.26670828638199,39.09745888877103,81.43595768399295,54.844
OPD,2025-05-25 04:00:00+00:00,2025-05-25 10:00:00+00:00,18.862,29.748276804990716,8.579027407379751,50.91752620260168,17.524
WARD_A,2025-05-25 04:00:00+00:00,2025-05-25 10:00:00+00:00,119.016,141.30753011165623,120.13828071404527,162.4767795092672,125.64
WARD_B,2025-05-25 04:00:00+00:00,2025-05-25 10:00:00+00:00,122.706,132.77505752974665,111.60580813213568,153.94430692735762,134.367
ICU,2025-05-25 05:00:00+00:00,2025-05-25 11:00:00+00:00,52.587,60.846271744989274,39.67702234737831,82.01552114260024,65.278
OPD,2025-05-25 05:00:00+00:00,2025-05-25 11:00:00+00:00,18.673,29.75696958848069,8.587720190869724,50.926218986091655,18.926
WARD_A,2025-05-25 05:00:00+00:00,2025-05-25 11:00:00+00:00,139.028,145.35164053369218,124.18239113608121,166.52088993130315,120.448
WARD_B,2025-05-25 05:00:00+00:00,2025-05-25 11:00:00+00:00,118.869,134.9074780084085,113.73822861079753,156.07672740601947,139.25
ICU,2025-05-25 06:00:00+00:00,2025-05-25 12:00:00+00:00,59.822,76.99315427777066,55.82390488015969,98.16240367538163,63.354
OPD,2025-05-25 06:00:00+00:00,2025-05-25 12:00:00+00:00,30.533,42.554866934888466,21.3856175372775,63.724116332499435,24.479
WARD_B,2025-05-25 06:00:00+00:00,2025-05-25 12:00:00+00:00,141.593,132.81182090533372,111.64257150772275,153.9810703029447,142.396
ICU,2025-05-25 07:00:00+00:00,2025-05-25 13:00:00+00:00,69.135,60.87748934374554,39.70823994613457,82.0467387413565,62.44
OPD,2025-05-25 07:00:00+00:00,2025-05-25 13:00:00+00:00,15.05,31.380360679037633,10.211111281426668,52.5496100766486,15.999
WARD_A,2025-05-25 07:00:00+00:00,2025-05-25 13:00:00+00:00,156.841,145.68763573321147,124.5183863356005,166.85688513082243,136.177
WARD_B,2025-05-25 07:00:00+00:00,2025-05-25 13:00:00+00:00,121.451,130.25263355003295,109.08338415242198,151.42188294764392,130.035
ICU,2025-05-25 08:00:00+00:00,2025-05-25 14:00:00+00:00,153.906,136.91142082492797,115.742171427317,158.08067022253894,136.177
OPD,2025-05-25 08:00:00+00:00,2025-05-25 14:00:00+00:00,102.16,101.48082557748897,80.311576179878,122.65007497509994,100.833
WARD_A,2025-05-25 08:00:00+00:00,2025-05-25 14:00:00+00:00,207.854,225.97583647132106,204.8065870737101,247.14508586893203,234.158
WARD_B,2025-05-25 08:00:00+00:00,2025-05-25 14:00:00+00:00,198.669,207.08796607684545,185.91871667923448,228.25721547445642,221.746
ICU,2025-05-25 09:00:00+00:00,2025-05-25 15:00:00+00:00,63.307,66.39137112509277,45.222121727481806,87.56062052270374,51.309
OPD,2025-05-25 09:00:00+00:00,2025-05-25 15:00:00+00:00,16.614,32.53265242807947,11.363403030468508,53.70190182569044,4.676
WARD_A,2025-05-25 09:00:00+00:00,2025-05-25 15:00:00+00:00,139.461,145.15040532351622,123.98115592590526,166.3196547211272,124.754
WARD_B,2025-05-25 09:00:00+00:00,2025-05-25 15:00:00+00:00,121.877,134.24361211106557,113.0743627134546,155.41286150867654,144.621
ICU,2025-05-25 10:00:00+00:00,2025-05-25 16:00:00+00:00,45.787,65.40138812075467,44.232138723143706,86.57063751836564,38.23
OPD,2025-05-25 10:00:00+00:00,2025-05-25 16:00:00+00:00,27.821,31.9640509080427,10.794801510431736,53.13330030565366,30.449
WARD_A,2025-05-25 10:00:00+00:00,2025-05-25 16:00:00+00:00,138.238,137.32673984541876,116.15749044780779,158.49598924302973,124.516
WARD_B,2025-05-25 10:00:00+00:00,2025-05-25 16:00:00+00:00,114.452,129.40461114435473,108.23536174674376,150.5738605419657,158.826
ICU,2025-05-25 11:00:00+00:00,2025-05-25 17:00:00+00:00,72.984,67.09733578584306,45.92808638823209,88.26658518345403,48.541
OPD,2025-05-25 11:00:00+00:00,2025-05-25 17:00:00+00:00,35.062,31.978627889237554,10.809378491626589,53.14787728684852,24.596
WARD_A,2025-05-25 11:00:00+00:00,2025-05-25 17:00:00+00:00,138.656,139.467904833651,118.29865543604004,160.63715423126197,149.858
WARD_B,2025-05-25 11:00:00+00:00,2025-05-25 17:00:00+00:00,119.852,131.35185173335933,110.18260233574836,152.5211011309703,146.646
ICU,2025-05-25 12:00:00+00:00,2025-05-25 18:00:00+00:00,76.71,56.40676487033477,35.2375154727238,77.57601426794574,56.997
OPD,2025-05-25 12:00:00+00:00,2025-05-25 18:00:00+00:00,16.45,25.657661923200003,4.4884125255890375,46.826911320810964,28.446
WARD_A,2025-05-25 12:00:00+00:00,2025-05-25 18:00:00+00:00,149.887,137.32278734470484,116.15353794709387,158.4920367423158,145.843
WARD_B,2025-05-25 12:00:00+00:00,2025-05-25 18:00:00+00:00,121.891,129.00519534472295,107.83594594711198,150.17444474233392,150.579
ICU,2025-05-25 13:00:00+00:00,2025-05-25 19:00:00+00:00,62.41,57.03539983075247,35.8661504331415,78.20464922836344,46.289
OPD,2025-05-25 13:00:00+00:00,2025-05-25 19:00:00+00:00,33.568,24.300147415834083,3.1308980182231174,45.469396813445044,13.707
WARD_A,2025-05-25 13:00:00+00:00,2025-05-25 19:00:00+00:00,134.762,136.71855692257847,115.5493075249675,157.88780632018944,129.973
WARD_B,2025-05-25 13:00:00+00:00,2025-05-25 19:00:00+00:00,120.051,128.91220244257178,107.74295304496081,150.08145184018275,134.572
ICU,2025-05-25 14:00:00+00:00,2025-05-25 20:00:00+00:00,147.929,136.4774439911443,115.30819459353333,157.64669338875527,132.373
OPD,2025-05-25 14:00:00+00:00,2025-05-25 20:00:00+00:00,116.252,74.60738832717364,53.43813892956267,95.7766377247846,109.172
WARD_A,2025-05-25 14:00:00+00:00,2025-05-25 20:00:00+00:00,210.524,199.01288035629776,177.8436309586868,220.18212975390873,225.332
WARD_B,2025-05-25 14:00:00+00:00,2025-05-25 20:00:00+00:00,216.719,173.18650630032863,152.01725690271766,194.3557556979396,235.011
ICU,2025-05-25 15:00:00+00:00,2025-05-25 21:00:00+00:00,65.124,60.22034159992149,39.05109220231053,81.38959099753245,54.603
OPD,2025-05-25 15:00:00+00:00,2025-05-25 21:00:00+00:00,13.946,20.95601439685648,0.0,42.12526379446744,23.856
WARD_A,2025-05-25 15:00:00+00:00,2025-05-25 21:00:00+00:00,144.545,135.24845781425665,114.07920841664568,156.41770721186762,146.022
WARD_B,2025-05-25 15:00:00+00:00,2025-05-25 21:00:00+00:00,130.716,128.31203298724333,107.14278358963236,149.4812823848543,153.566
ICU,2025-05-25 16:00:00+00:00,2025-05-25 22:00:00+00:00,77.384,60.13797929958186,38.96872990197089,81.30722869719283,69.544
OPD,2025-05-25 16:00:00+00:00,2025-05-25 22:00:00+00:00,23.749,21.104695688400135,0.0,42.273945086011096,23.616
WARD_A,2025-05-25 16:00:00+00:00,2025-05-25 22:00:00+00:00,129.631,132.66829049834536,111.49904110073439,153.83753989595633,128.625
WARD_B,2025-05-25 16:00:00+00:00,2025-05-25 22:00:00+00:00,115.303,125.40320616207792,104.23395676446695,146.57245555968888,133.304
ICU,2025-05-25 17:00:00+00:00,2025-05-25 23:00:00+00:00,63.104,59.90981151095795,38.74056211334698,81.07906090856892,51.452
OPD,2025-05-25 17:00:00+00:00,2025-05-25 23:00:00+00:00,13.097,20.285991628457424,0.0,41.45524102606839,18.432
WARD_A,2025-05-25 17:00:00+00:00,2025-05-25 23:00:00+00:00,138.806,128.95598276261452,107.78673336500356,150.1252321602255,125.683
WARD_B,2025-05-25 17:00:00+00:00,2025-05-25 23:00:00+00:00,124.419,124.4296654303138,103.26041603270284,145.59891482792477,151.043
ICU,2025-05-25 18:00:00+00:00,2025-05-26 00:00:00+00:00,61.871,60.33436342666431,39.16511402905334,81.50361282427528,45.137
OPD,2025-05-25 18:00:00+00:00,2025-05-26 00:00:00+00:00,19.209,21.63875466279328,0.4695052651823133,42.808004060404244,14.869
WARD_A,2025-05-25 18:00:00+00:00,2025-05-26 00:00:00+00:00,143.447,131.02343988943866,109.8541904918277,152.19268928704963,122.413
WARD_B,2025-05-25 18:00:00+00:00,2025-05-26 00:00:00+00:00,139.141,127.06603953992706,105.89679014231609,148.23528893753803,149.438
ICU,2025-05-25 19:00:00+00:00,2025-05-26 01:00:00+00:00,68.752,60.91593520972472,39.74668581211375,82.08518460733569,64.379
OPD,2025-05-25 19:00:00+00:00,2025-05-26 01:00:00+00:00,10.477,21.525322740974936,0.35607334336397045,42.6945721385859,25.188
WARD_A,2025-05-25 19:00:00+00:00,2025-05-26 01:00:00+00:00,124.274,131.9121556324031,110.74290623479214,153.08140503001408,142.709
WARD_B,2025-05-25 19:00:00+00:00,2025-05-26 01:00:00+00:00,126.321,125.50543053080699,104.33618113319602,146.67467992841796,154.865
ICU,2025-05-25 20:00:00+00:00,2025-05-26 02:00:00+00:00,63.311,65.55871973517358,44.389470337562614,86.72796913278455,52.607
OPD,2025-05-25 20:00:00+00:00,2025-05-26 02:00:00+00:00,18.516,26.35971049703796,5.190461099426994,47.52895989464892,20.265
WARD_A,2025-05-25 20:00:00+00:00,2025-05-26 02:00:00+00:00,126.449,133.8140248959171,112.64477549830613,154.98327429352807,125.183
WARD_B,2025-05-25 20:00:00+00:00,2025-05-26 02:00:00+00:00,132.362,131.76219759430572,110.59294819669475,152.9314469919167,151.39
ICU,2025-05-25 21:00:00+00:00,2025-05-26 03:00:00+00:00,58.802,60.88762778984927,39.71837839223831,82.05687718746023,68.335
OPD,2025-05-25 21:00:00+00:00,2025-05-26 03:00:00+00:00,19.786,20.02038616032923,0.0,41.18963555794019,20.243
WARD_A,2025-05-25 21:00:00+00:00,2025-05-26 03:00:00+00:00,121.756,127.48368284220106,106.3144334445901,148.65293223981203,116.993
WARD_B,2025-05-25 21:00:00+00:00,2025-05-26 03:00:00+00:00,131.868,125.46897440867319,104.29972501106222,146.63822380628415,138.009
ICU,2025-05-25 22:00:00+00:00,2025-05-26 04:00:00+00:00,44.673,61.85062712303259,40.681377725421626,83.01987652064355,208.978
OPD,2025-05-25 22:00:00+00:00,2025-05-26 04:00:00+00:00,14.232,26.607584699661235,5.43833530205027,47.7768340972722,14.319
WARD_A,2025-05-25 22:00:00+00:00,2025-05-26 04:00:00+00:00,136.035,131.52601917709183,110.35676977948086,152.6952685747028,150.964
WARD_B,2025-05-25 22:00:00+00:00,2025-05-26 04:00:00+00:00,112.147,124.2773441217871,103.10809472417613,145.44659351939805,130.077
ICU,2025-05-25 23:00:00+00:00,2025-05-26 05:00:00+00:00,69.883,61.769158954320055,40.59990955670909,82.93840835193102,209.608
OPD,2025-05-25 23:00:00+00:00,2025-05-26 05:00:00+00:00,25.239,25.26554710194755,4.096297704336585,46.434796499558516,19.992
WARD_A,2025-05-25 23:00:00+00:00,2025-05-26 05:00:00+00:00,112.175,137.19219925668492,116.02294985907395,158.36144865429588,121.594
WARD_B,2025-05-25 23:00:00+00:00,2025-05-26 05:00:00+00:00,111.674,125.62151955237907,104.4522701547681,146.79076894999002,124.522
ICU,2025-05-26 00:00:00+00:00,2025-05-26 06:00:00+00:00,153.172,143.9151060700693,122.74585667245833,165.08435546768027,303.97
OPD,2025-05-26 00:00:00+00:00,2025-05-26 06:00:00+00:00,116.059,107.24601164487994,86.07676224726897,128.4152610424909,116.911
WARD_A,2025-05-26 00:00:00+00:00,2025-05-26 06:00:00+00:00,222.79,228.45721788703761,207.28796848942665,249.62646728464858,214.222
WARD_B,2025-05-26 00:00:00+00:00,2025-05-26 06:00:00+00:00,205.565,210.1448800556032,188.97563065799224,231.31412945321418,222.738
ICU,2025-05-26 01:00:00+00:00,2025-05-26 07:00:00+00:00,71.563,62.0110883593514,40.841838961740436,83.18033775696236,195.671
OPD,2025-05-26 01:00:00+00:00,2025-05-26 07:00:00+00:00,26.114,31.356418714593065,10.1871693169821,52.52566811220403,28.546
WARD_A,2025-05-26 01:00:00+00:00,2025-05-26 07:00:00+00:00,132.668,130.61562804437554,109.44637864676457,151.7848774419865,126.25
WARD_B,2025-05-26 01:00:00+00:00,2025-05-26 07:00:00+00:00,130.378,125.41615165387448,104.24690225626351,146.58540105148543,138.205
ICU,2025-05-26 02:00:00+00:00,2025-05-26 08:00:00+00:00,73.508,69.06584446559467,47.8965950679837,90.23509386320563,200.582
OPD,2025-05-26 02:00:00+00:00,2025-05-26 08:00:00+00:00,99.17,76.77496122625926,55.605711828648296,97.94421062387023,55.734
WARD_A,2025-05-26 02:00:00+00:00,2025-05-26 08:00:00+00:00,137.374,134.19216291725402,113.02291351964305,155.361412314865,132.749
WARD_B,2025-05-26 02:00:00+00:00,2025-05-26 08:00:00+00:00,123.637,129.902898731468,108.73364933385704,151.07214812907898,151.113
ICU,2025-05-26 03:00:00+00:00,2025-05-26 09:00:00+00:00,65.476,66.75685240271241,45.58760300510144,87.92610180032338,221.171
OPD,2025-05-26 03:00:00+00:00,2025-05-26 09:00:00+00:00,104.315,78.35997153631375,57.19072213870278,99.52922093392472,77.771
WARD_A,2025-05-26 03:00:00+00:00,2025-05-26 09:00:00+00:00,135.923,132.32523428287763,111.15598488526666,153.4944836804886,130.855
WARD_B,2025-05-26 03:00:00+00:00,2025-05-26 09:00:00+00:00,134.171,129.74492089382707,108.5756714962161,150.91417029143804,160.356
ICU,2025-05-26 04:00:00+00:00,2025-05-26 10:00:00+00:00,74.565,67.52285798650206,46.35360858889109,88.69210738411303,208.063
OPD,2025-05-26 04:00:00+00:00,2025-05-26 10:00:00+00:00,83.446,81.11932940638201,59.95008000877104,102.28857880399298,62.446
WARD_A,2025-05-26 04:00:00+00:00,2025-05-26 10:00:00+00:00,141.238,136.3210019543285,115.15175255671753,157.49025135193946,158.372
WARD_B,2025-05-26 04:00:00+00:00,2025-05-26 10:00:00+00:00,103.25,127.74068883545412,106.57143943784315,148.90993823306508,170.58
ICU,2025-05-26 05:00:00+00:00,2025-05-26 11:00:00+00:00,73.131,70.14892757282628,48.97967817521531,91.31817697043725,230.32
OPD,2025-05-26 05:00:00+00:00,2025-05-26 11:00:00+00:00,65.325,82.49898334490368,61.32973394729271,103.66823274251465,104.9
WARD_A,2025-05-26 05:00:00+00:00,2025-05-26 11:00:00+00:00,134.056,131.63410614644545,110.46485674883448,152.80335554405642,152.51
WARD_B,2025-05-26 05:00:00+00:00,2025-05-26 11:00:00+00:00,136.081,129.73675801732426,108.5675086197133,150.90600741493523,162.862
ICU,2025-05-26 06:00:00+00:00,2025-05-26 12:00:00+00:00,73.039,81.72077722667963,60.55152782906866,102.8900266242906,201.679
OPD,2025-05-26 06:00:00+00:00,2025-05-26 12:00:00+00:00,75.447,82.20629210646804,61.03704270885707,103.37554150407901,89.119
WARD_B,2025-05-26 06:00:00+00:00,2025-05-26 12:00:00+00:00,129.586,129.5816876876014,108.41243828999043,150.75093708521237,145.892
ICU,2025-05-26 07:00:00+00:00,2025-05-26 13:00:00+00:00,80.291,69.05990833243216,47.89065893482119,90.22915773004313,200.849
OPD,2025-05-26 07:00:00+00:00,2025-05-26 13:00:00+00:00,94.629,82.28544914643912,61.11619974882815,103.45469854405009,76.017
WARD_A,2025-05-26 07:00:00+00:00,2025-05-26 13:00:00+00:00,120.222,138.39003128739714,117.22078188978617,159.5592806850081,133.857
WARD_B,2025-05-26 07:00:00+00:00,2025-05-26 13:00:00+00:00,117.686,131.51240258638637,110.3431531887754,152.68165198399734,147.878
ICU,2025-05-26 08:00:00+00:00,2025-05-26 14:00:00+00:00,143.218,154.1752106986432,133.00596130103224,175.34446009625418,286.896
OPD,2025-05-26 08:00:00+00:00,2025-05-26 14:00:00+00:00,151.775,164.58435331673434,143.41510391912337,185.7536027143453,167.068
WARD_A,2025-05-26 08:00:00+00:00,2025-05-26 14:00:00+00:00,207.643,219.24282052430308,198.07357112669212,240.41206992191405,222.781
WARD_B,2025-05-26 08:00:00+00:00,2025-05-26 14:00:00+00:00,218.657,207.02189115883715,185.85264176122618,228.19114055644812,243.995
ICU,2025-05-26 09:00:00+00:00,2025-05-26 15:00:00+00:00,53.568,72.21570315259137,51.046453754980405,93.38495255020234,225.44
OPD,2025-05-26 09:00:00+00:00,2025-05-26 15:00:00+00:00,89.919,87.62226705742334,66.45301765981237,108.79151645503431,79.721
WARD_A,2025-05-26 09:00:00+00:00,2025-05-26 15:00:00+00:00,113.866,137.50160680180926,116.33235740419829,158.67085619942023,139.992
WARD_B,2025-05-26 09:00:00+00:00,2025-05-26 15:00:00+00:00,119.884,129.35909656523853,108.18984716762756,150.5283459628495,152.448
ICU,2025-05-26 10:00:00+00:00,2025-05-26 16:00:00+00:00,68.239,72.53846098732575,51.36921158971478,93.70771038493672,217.919
OPD,2025-05-26 10:00:00+00:00,2025-05-26 16:00:00+00:00,68.455,79.9765735460039,58.80732414839294,101.14582294361487,95.566
WARD_A,2025-05-26 10:00:00+00:00,2025-05-26 16:00:00+00:00,148.538,138.6994784128731,117.53022901526214,159.86872781048407,137.752
WARD_B,2025-05-26 10:00:00+00:00,2025-05-26 16:00:00+00:00,120.414,126.94296197829279,105.77371258068182,148.11221137590374,146.668
ICU,2025-05-26 11:00:00+00:00,2025-05-26 17:00:00+00:00,58.756,70.05140420714825,48.88215480953728,91.22065360475922,201.226
OPD,2025-05-26 11:00:00+00:00,2025-05-26 17:00:00+00:00,80.865,73.20233909006261,52.03308969245164,94.37158848767358,87.346
WARD_A,2025-05-26 11:00:00+00:00,2025-05-26 17:00:00+00:00,119.394,136.80595338577638,115.63670398816541,157.97520278338735,140.599
WARD_B,2025-05-26 11:00:00+00:00,2025-05-26 17:00:00+00:00,125.943,128.87044776504646,107.7011983674355,150.03969716265743,145.369
ICU,2025-05-26 12:00:00+00:00,2025-05-26 18:00:00+00:00,52.828,55.08129384987937,33.912044452268404,76.25054324749034,199.751
OPD,2025-05-26 12:00:00+00:00,2025-05-26 18:00:00+00:00,15.335,27.2873369678616,6.118087570250633,48.45658636547256,23.319
WARD_A,2025-05-26 12:00:00+00:00,2025-05-26 18:00:00+00:00,134.737,131.42959246421873,110.26034306660776,152.5988418618297,141.59
WARD_B,2025-05-26 12:00:00+00:00,2025-05-26 18:00:00+00:00,122.077,124.95468556227242,103.78543616466145,146.12393495988337,158.092
ICU,2025-05-26 13:00:00+00:00,2025-05-26 19:00:00+00:00,69.449,56.927464661280695,35.758215263669726,78.09671405889166,219.745
OPD,2025-05-26 13:00:00+00:00,2025-05-26 19:00:00+00:00,26.864,21.25229851817907,0.08304912056810565,42.421547915790036,25.915
WARD_A,2025-05-26 13:00:00+00:00,2025-05-26 19:00:00+00:00,121.602,132.96012361947993,111.79087422186896,154.1293730170909,129.751
WARD_B,2025-05-26 13:00:00+00:00,2025-05-26 19:00:00+00:00,125.947,124.37007121051745,103.20082181290648,145.5393206081284,144.163
ICU,2025-05-26 14:00:00+00:00,2025-05-26 20:00:00+00:00,149.304,133.9584476657767,112.78919826816573,155.12769706338767,291.764
OPD,2025-05-26 14:00:00+00:00,2025-05-26 20:00:00+00:00,105.616,104.6957325644931,83.52648316688213,125.86498196210407,98.434
WARD_A,2025-05-26 14:00:00+00:00,2025-05-26 20:00:00+00:00,200.049,199.2609612838904,178.09171188627943,220.43021068150136,230.866
WARD_B,2025-05-26 14:00:00+00:00,2025-05-26 20:00:00+00:00,203.348,218.18741593995458,197.0181665423436,239.35666533756554,222.145
ICU,2025-05-26 15:00:00+00:00,2025-05-26 21:00:00+00:00,65.37,58.92926612633388,37.76001672872292,80.09851552394484,209.051
OPD,2025-05-26 15:00:00+00:00,2025-05-26 21:00:00+00:00,18.961,24.02357842935245,2.854329031741486,45.192827826963416,19.474
WARD_A,2025-05-26 15:00:00+00:00,2025-05-26 21:00:00+00:00,129.037,125.63148286881736,104.46223347120639,146.80073226642833,141.848
WARD_B,2025-05-26 15:00:00+00:00,2025-05-26 21:00:00+00:00,130.682,124.11092619948174,102.94167680187077,145.2801755970927,151.894
ICU,2025-05-26 16:00:00+00:00,2025-05-26 22:00:00+00:00,63.93,58.33235280286117,37.16310340525021,79.50160220047213,73.912
OPD,2025-05-26 16:00:00+00:00,2025-05-26 22:00:00+00:00,21.673,24.02357842935245,2.854329031741486,45.192827826963416,29.278
WARD_A,2025-05-26 16:00:00+00:00,2025-05-26 22:00:00+00:00,132.929,131.68061445263996,110.51136505502899,152.84986385025093,134.095
WARD_B,2025-05-26 16:00:00+00:00,2025-05-26 22:00:00+00:00,113.116,123.83420380051594,102.66495440290497,145.0034531981269,149.704
ICU,2025-05-26 17:00:00+00:00,2025-05-26 23:00:00+00:00,53.99,58.41101379103362,37.241764393422656,79.58026318864458,50.916
OPD,2025-05-26 17:00:00+00:00,2025-05-26 23:00:00+00:00,27.885,23.752918162159013,2.5836687645480474,44.922167559769974,31.451
WARD_A,2025-05-26 17:00:00+00:00,2025-05-26 23:00:00+00:00,137.677,126.09707902445871,104.92782962684774,147.26632842206968,140.267
WARD_B,2025-05-26 17:00:00+00:00,2025-05-26 23:00:00+00:00,114.781,122.21592431082098,101.04667491321001,143.38517370843195,143.34
ICU,2025-05-26 18:00:00+00:00,2025-05-27 00:00:00+00:00,54.96,59.85441504009258,38.68516564248162,81.02366443770354,48.093
OPD,2025-05-26 18:00:00+00:00,2025-05-27 00:00:00+00:00,43.051,21.68181694846273,0.5125675508517631,42.851066346073694,27.35
WARD_A,2025-05-26 18:00:00+00:00,2025-05-27 00:00:00+00:00,134.17,131.0976892838617,109.92843988625074,152.26693868147268,265.298
WARD_B,2025-05-26 18:00:00+00:00,2025-05-27 00:00:00+00:00,135.282,123.02103386902641,101.85178447141544,144.19028326663738,168.04
ICU,2025-05-26 19:00:00+00:00,2025-05-27 01:00:00+00:00,58.752,60.01626975416723,38.84702035655627,81.1855191517782,52.743
OPD,2025-05-26 19:00:00+00:00,2025-05-27 01:00:00+00:00,0.0,21.83049824000638,0.6612488423954161,42.99974763761735,27.443
WARD_A,2025-05-26 19:00:00+00:00,2025-05-27 01:00:00+00:00,127.877,127.25036304807811,106.08111365046715,148.41961244568907,249.059
WARD_B,2025-05-26 19:00:00+00:00,2025-05-27 01:00:00+00:00,136.99,123.02103386902641,101.85178447141544,144.19028326663738,162.853
ICU,2025-05-26 20:00:00+00:00,2025-05-27 02:00:00+00:00,63.788,67.45752410489384,46.288274707282866,88.6267735025048,54.577
OPD,2025-05-26 20:00:00+00:00,2025-05-27 02:00:00+00:00,21.379,25.108003081160977,3.9387536835500114,46.27725247877194,20.271
WARD_A,2025-05-26 20:00:00+00:00,2025-05-27 02:00:00+00:00,122.56,131.43551756861825,110.26626817100728,152.60476696622922,268.01
WARD_B,2025-05-26 20:00:00+00:00,2025-05-27 02:00:00+00:00,134.855,126.95695134896259,105.78770195135162,148.12620074657355,138.987
ICU,2025-05-26 21:00:00+00:00,2025-05-27 03:00:00+00:00,49.422,60.26468473325758,39.09543533564661,81.43393413086855,44.232
OPD,2025-05-26 21:00:00+00:00,2025-05-27 03:00:00+00:00,19.167,20.15081980794451,0.0,41.32006920555548,20.106
WARD_A,2025-05-26 21:00:00+00:00,2025-05-27 03:00:00+00:00,139.108,126.82825614056337,105.6590067429524,147.99750553817432,261.472
WARD_B,2025-05-26 21:00:00+00:00,2025-05-27 03:00:00+00:00,133.429,123.5826828027395,102.41343340512853,144.75193220035047,138.815
ICU,2025-05-26 22:00:00+00:00,2025-05-27 04:00:00+00:00,55.978,62.17504477971732,41.005795382106356,83.34429417732828,57.604
OPD,2025-05-26 22:00:00+00:00,2025-05-27 04:00:00+00:00,31.993,27.12629439715724,5.957044999546273,48.29554379476821,23.309
WARD_A,2025-05-26 22:00:00+00:00,2025-05-27 04:00:00+00:00,128.924,129.65482388134592,108.48557448373495,150.8240732789569,256.43
WARD_B,2025-05-26 22:00:00+00:00,2025-05-27 04:00:00+00:00,128.924,121.96893007041997,100.799680672809,143.13817946803093,142.735
ICU,2025-05-26 23:00:00+00:00,2025-05-27 05:00:00+00:00,57.608,63.757089847329794,42.587840449718826,84.92633924494076,62.836
OPD,2025-05-26 23:00:00+00:00,2025-05-27 05:00:00+00:00,20.747,25.600263765580944,4.431014367969979,46.76951316319191,15.445
WARD_A,2025-05-26 23:00:00+00:00,2025-05-27 05:00:00+00:00,121.166,128.34981079078642,107.18056139317545,149.5190601883974,269.004
WARD_B,2025-05-26 23:00:00+00:00,2025-05-27 05:00:00+00:00,128.528,121.8093130418765,100.64006364426554,142.97856243948746,147.699
ICU,2025-05-27 00:00:00+00:00,2025-05-27 06:00:00+00:00,159.166,142.29505505215673,121.12580565454576,163.4643044497677,140.013
OPD,2025-05-27 00:00:00+00:00,2025-05-27 06:00:00+00:00,102.967,113.7723348750385,92.60308547742753,134.94158427264946,105.203
WARD_A,2025-05-27 00:00:00+00:00,2025-05-27 06:00:00+00:00,198.195,211.14376934319526,189.9745199455843,232.31301874080623,357.546
WARD_B,2025-05-27 00:00:00+00:00,2025-05-27 06:00:00+00:00,222.191,208.11670206379645,186.94745266618548,229.28595146140742,242.991
ICU,2025-05-27 01:00:00+00:00,2025-05-27 07:00:00+00:00,67.795,61.96025687982903,40.79100748221806,83.12950627744,58.48
OPD,2025-05-27 01:00:00+00:00,2025-05-27 07:00:00+00:00,19.572,31.541827243818343,10.372577846207378,52.71107664142931,22.614
WARD_A,2025-05-27 01:00:00+00:00,2025-05-27 07:00:00+00:00,132.248,131.17648693614453,110.00723753853356,152.3457363337555,264.839
WARD_B,2025-05-27 01:00:00+00:00,2025-05-27 07:00:00+00:00,110.838,124.9095061313879,103.74025673377693,146.07875552899887,135.481
ICU,2025-05-27 02:00:00+00:00,2025-05-27 08:00:00+00:00,69.273,69.068944912756,47.89969551514503,90.23819431036696,58.565
OPD,2025-05-27 02:00:00+00:00,2025-05-27 08:00:00+00:00,90.753,76.20643524913707,55.037185851526104,97.37568464674804,96.429
WARD_A,2025-05-27 02:00:00+00:00,2025-05-27 08:00:00+00:00,136.393,132.58194777342584,111.41269837581487,153.7511971710368,263.055
WARD_B,2025-05-27 02:00:00+00:00,2025-05-27 08:00:00+00:00,115.565,128.2003766730746,107.03112727546363,149.36962607068557,149.91
ICU,2025-05-27 03:00:00+00:00,2025-05-27 09:00:00+00:00,65.121,68.79117602606283,47.62192662845186,89.9604254236738,50.571
OPD,2025-05-27 03:00:00+00:00,2025-05-27 09:00:00+00:00,52.543,78.45199590993776,57.282746512326796,99.62124530754873,87.838
WARD_A,2025-05-27 03:00:00+00:00,2025-05-27 09:00:00+00:00,140.079,135.14878757702715,113.97953817941618,156.31803697463812,241.386
WARD_B,2025-05-27 03:00:00+00:00,2025-05-27 09:00:00+00:00,128.363,128.27107218313364,107.10182278552267,149.4403215807446,155.401
ICU,2025-05-27 04:00:00+00:00,2025-05-27 10:00:00+00:00,68.408,69.8729502162772,48.703700818666235,91.04219961388817,63.609
OPD,2025-05-27 04:00:00+00:00,2025-05-27 10:00:00+00:00,76.446,81.06935585279194,59.900106455180975,102.23860525040291,124.942
WARD_A,2025-05-27 04:00:00+00:00,2025-05-27 10:00:00+00:00,138.099,131.89869222039857,110.7294428227876,153.06794161800954,283.809
WARD_B,2025-05-27 04:00:00+00:00,2025-05-27 10:00:00+00:00,121.776,129.26739787532068,108.09814847770971,150.43664727293165,139.769
ICU,2025-05-27 05:00:00+00:00,2025-05-27 11:00:00+00:00,75.293,69.96374009082133,48.79449069321036,91.1329894884323,65.968
OPD,2025-05-27 05:00:00+00:00,2025-05-27 11:00:00+00:00,85.085,82.66181260037932,61.49256320276835,103.83106199799029,70.303
WARD_A,2025-05-27 05:00:00+00:00,2025-05-27 11:00:00+00:00,136.96,133.19286212739487,112.0236127297839,154.36211152500584,282.934
WARD_B,2025-05-27 05:00:00+00:00,2025-05-27 11:00:00+00:00,123.946,131.52925821881155,110.36000882120058,152.69850761642252,176.021
ICU,2025-05-27 06:00:00+00:00,2025-05-27 12:00:00+00:00,62.582,81.031048844999,59.86179944738804,102.20029824260997,50.823
OPD,2025-05-27 06:00:00+00:00,2025-05-27 12:00:00+00:00,92.487,82.73585752193597,61.566608124325,103.90510691954694,100.853
WARD_A,2025-05-27 06:00:00+00:00,2025-05-27 12:00:00+00:00,131.684,129.22286225785675,108.05361286024578,150.39211165546772,268.277
WARD_B,2025-05-27 06:00:00+00:00,2025-05-27 12:00:00+00:00,128.302,131.77168645815232,110.60243706054135,152.94093585576329,154.838
ICU,2025-05-27 07:00:00+00:00,2025-05-27 13:00:00+00:00,65.902,69.16050211669406,47.99125271908309,90.32975151430503,75.105
OPD,2025-05-27 07:00:00+00:00,2025-05-27 13:00:00+00:00,94.263,82.60896823033964,61.43971883272867,103.77821762795061,76.344
WARD_A,2025-05-27 07:00:00+00:00,2025-05-27 13:00:00+00:00,116.204,134.19108770753027,113.0218383099193,155.36033710514124,255.52
WARD_B,2025-05-27 07:00:00+00:00,2025-05-27 13:00:00+00:00,111.099,129.40032017281996,108.23107077520899,150.56956957043093,145.425
ICU,2025-05-27 08:00:00+00:00,2025-05-27 14:00:00+00:00,139.182,141.96430092320645,120.79505152559548,163.13355032081742,138.914
OPD,2025-05-27 08:00:00+00:00,2025-05-27 14:00:00+00:00,164.761,166.22108902081942,145.05183962320845,187.3903384184304,169.976
WARD_A,2025-05-27 08:00:00+00:00,2025-05-27 14:00:00+00:00,222.432,209.66994755401802,188.50069815640705,230.839196951629,245.977
WARD_B,2025-05-27 08:00:00+00:00,2025-05-27 14:00:00+00:00,227.891,206.1287612960588,184.95951189844783,227.29801069366977,252.524
ICU,2025-05-27 09:00:00+00:00,2025-05-27 15:00:00+00:00,59.017,72.68386345556095,51.514614057949984,93.85311285317192,59.494
OPD,2025-05-27 09:00:00+00:00,2025-05-27 15:00:00+00:00,95.611,83.66841673629558,62.499167338684614,104.83766613390655,84.774
WARD_A,2025-05-27 09:00:00+00:00,2025-05-27 15:00:00+00:00,151.486,132.9148681347601,111.74561873714913,154.08411753237107,139.517
WARD_B,2025-05-27 09:00:00+00:00,2025-05-27 15:00:00+00:00,111.723,129.01342897282413,107.84417957521316,150.1826783704351,168.273
ICU,2025-05-27 10:00:00+00:00,2025-05-27 16:00:00+00:00,82.789,73.00662129029533,51.83737189268436,94.1758706879063,67.716
OPD,2025-05-27 10:00:00+00:00,2025-05-27 16:00:00+00:00,98.792,79.77111137191237,58.6018619743014,100.94036076952334,73.707
WARD_A,2025-05-27 10:00:00+00:00,2025-05-27 16:00:00+00:00,135.86,130.5326592468069,109.36340984919593,151.70190864441787,135.486
WARD_B,2025-05-27 10:00:00+00:00,2025-05-27 16:00:00+00:00,127.792,128.6015976363781,107.43234823876713,149.77084703398907,160.473
ICU,2025-05-27 11:00:00+00:00,2025-05-27 17:00:00+00:00,64.285,70.31691497556939,49.14766557795842,91.48616437318036,65.778
OPD,2025-05-27 11:00:00+00:00,2025-05-27 17:00:00+00:00,66.36,76.41055325277294,55.24130385516197,97.57980265038391,76.88
WARD_A,2025-05-27 11:00:00+00:00,2025-05-27 17:00:00+00:00,140.47,131.80107238164328,110.63182298403231,152.97032177925425,155.425
WARD_B,2025-05-27 11:00:00+00:00,2025-05-27 17:00:00+00:00,108.563,128.29894146962224,107.12969207201127,149.4681908672332,140.822
ICU,2025-05-27 12:00:00+00:00,2025-05-27 18:00:00+00:00,52.615,53.968351003219325,32.79910160560836,75.1376004008303,65.021
OPD,2025-05-27 12:00:00+00:00,2025-05-27 18:00:00+00:00,29.237,27.476535151829403,6.307285754218437,48.645784549440364,28.448
WARD_A,2025-05-27 12:00:00+00:00,2025-05-27 18:00:00+00:00,112.564,129.6736037794411,108.50435438183013,150.84285317705206,125.928
WARD_B,2025-05-27 12:00:00+00:00,2025-05-27 18:00:00+00:00,108.032,125.02893495669548,103.85968555908451,146.19818435430645,134.658
ICU,2025-05-27 13:00:00+00:00,2025-05-27 19:00:00+00:00,44.93,56.95163980297199,35.78239040536103,78.12088920058295,60.988
OPD,2025-05-27 13:00:00+00:00,2025-05-27 19:00:00+00:00,22.161,21.328742588752444,0.15949319114147897,42.49799198636341,12.819
WARD_A,2025-05-27 13:00:00+00:00,2025-05-27 19:00:00+00:00,121.473,125.47216236907815,104.30291297146718,146.64141176668912,145.294
WARD_B,2025-05-27 13:00:00+00:00,2025-05-27 19:00:00+00:00,125.473,122.92929714873533,101.76004775112436,144.09854654634628,158.086
ICU,2025-05-27 14:00:00+00:00,2025-05-27 20:00:00+00:00,153.513,128.59011522977698,107.42086583216602,149.75936462738795,139.642
OPD,2025-05-27 14:00:00+00:00,2025-05-27 20:00:00+00:00,100.149,108.52648237707156,87.35723297946059,129.6957317746825,100.38
WARD_A,2025-05-27 14:00:00+00:00,2025-05-27 20:00:00+00:00,203.569,223.4614242322165,202.29217483460553,244.63067362982747,250.048
WARD_B,2025-05-27 14:00:00+00:00,2025-05-27 20:00:00+00:00,202.838,232.63913949437165,211.46989009676068,253.80838889198262,238.53
ICU,2025-05-27 15:00:00+00:00,2025-05-27 21:00:00+00:00,61.654,58.610505171569756,37.44125577395879,79.77975456918072,59.668
OPD,2025-05-27 15:00:00+00:00,2025-05-27 21:00:00+00:00,13.396,23.909683023538996,2.7404336259280306,45.07893242114996,19.923
WARD_A,2025-05-27 15:00:00+00:00,2025-05-27 21:00:00+00:00,118.9,131.62859017824178,110.45934078063081,152.79783957585275,141.561
WARD_B,2025-05-27 15:00:00+00:00,2025-05-27 21:00:00+00:00,118.956,122.46885571072971,101.29960631311874,143.63810510834068,146.86
ICU,2025-05-27 16:00:00+00:00,2025-05-27 22:00:00+00:00,50.324,60.2133463772793,39.04409697966834,81.38259577489026,56.267
OPD,2025-05-27 16:00:00+00:00,2025-05-27 22:00:00+00:00,24.479,23.784715888570318,2.615466490959353,44.95396528618129,34.654
WARD_A,2025-05-27 16:00:00+00:00,2025-05-27 22:00:00+00:00,109.27,128.62359248351677,107.4543430859058,149.79284188112774,155.068
WARD_B,2025-05-27 16:00:00+00:00,2025-05-27 22:00:00+00:00,126.701,124.43709865003115,103.26784925242018,145.60634804764211,162.751
ICU,2025-05-27 17:00:00+00:00,2025-05-27 23:00:00+00:00,36.214,56.17688082510197,35.007631427491006,77.34613022271293,60.194
OPD,2025-05-27 17:00:00+00:00,2025-05-27 23:00:00+00:00,11.712,23.639022756345557,2.4697733587345923,44.80827215395652,4.167
WARD_A,2025-05-27 17:00:00+00:00,2025-05-27 23:00:00+00:00,109.527,127.00400645996933,105.83475706235836,148.1732558575803,147.751
WARD_B,2025-05-27 17:00:00+00:00,2025-05-27 23:00:00+00:00,113.003,120.69636485481472,99.52711545720375,141.86561425242567,155.878
ICU,2025-05-27 18:00:00+00:00,2025-05-28 00:00:00+00:00,48.793,59.12790949196327,37.95866009435231,80.29715888957423,59.348
OPD,2025-05-27 18:00:00+00:00,2025-05-28 00:00:00+00:00,25.102,21.83049824000638,0.6612488423954161,42.99974763761735,26.54
WARD_A,2025-05-27 18:00:00+00:00,2025-05-28 00:00:00+00:00,115.072,125.89311877206396,104.72386937445299,147.06236816967493,143.806
WARD_B,2025-05-27 18:00:00+00:00,2025-05-28 00:00:00+00:00,121.526,121.90281904169821,100.73356964408724,143.07206843930916,165.321
ICU,2025-05-27 19:00:00+00:00,2025-05-28 01:00:00+00:00,57.396,59.25304341950753,38.083794021896566,80.42229281711849,57.061
OPD,2025-05-27 19:00:00+00:00,2025-05-28 01:00:00+00:00,45.73,20.445135122042398,0.0,41.61438451965336,24.62
WARD_A,2025-05-27 19:00:00+00:00,2025-05-28 01:00:00+00:00,114.054,129.245221868911,108.07597247130002,150.41447126652196,145.667
WARD_B,2025-05-27 19:00:00+00:00,2025-05-28 01:00:00+00:00,152.66,123.02103386902641,101.85178447141544,144.19028326663738,290.945
ICU,2025-05-27 20:00:00+00:00,2025-05-28 02:00:00+00:00,51.887,69.7412198998804,48.57197050226944,90.91046929749137,56.022
OPD,2025-05-27 20:00:00+00:00,2025-05-28 02:00:00+00:00,12.241,25.036511936238206,3.867262538627241,46.20576133384917,26.248
WARD_A,2025-05-27 20:00:00+00:00,2025-05-28 02:00:00+00:00,99.244,129.7948163250047,108.62556692739372,150.96406572261566,154.758
WARD_B,2025-05-27 20:00:00+00:00,2025-05-28 02:00:00+00:00,120.936,126.95695134896259,105.78770195135162,148.12620074657355,285.741
ICU,2025-05-27 21:00:00+00:00,2025-05-28 03:00:00+00:00,66.635,60.67844483614299,39.50919543853202,81.84769423375396,41.682
OPD,2025-05-27 21:00:00+00:00,2025-05-28 03:00:00+00:00,35.583,19.983861873729985,0.0,41.15311127134095,4.657
WARD_A,2025-05-27 21:00:00+00:00,2025-05-28 03:00:00+00:00,109.412,125.9712671830531,104.80201778544213,147.14051658066407,131.935
WARD_B,2025-05-27 21:00:00+00:00,2025-05-28 03:00:00+00:00,109.32,122.99272644915096,101.82347705154,144.16197584676192,281.681
ICU,2025-05-27 22:00:00+00:00,2025-05-28 04:00:00+00:00,56.899,61.74148502873321,40.57223563112224,82.91073442634418,65.441
OPD,2025-05-27 22:00:00+00:00,2025-05-28 04:00:00+00:00,31.847,26.73827309037421,5.5690236927632455,47.907522487985176,15.66
WARD_A,2025-05-27 22:00:00+00:00,2025-05-28 04:00:00+00:00,127.16,124.04692961788982,102.87768022027885,145.21617901550078,156.196
WARD_B,2025-05-27 22:00:00+00:00,2025-05-28 04:00:00+00:00,131.572,124.34445875447211,103.17520935686115,145.51370815208307,278.214
ICU,2025-05-27 23:00:00+00:00,2025-05-28 05:00:00+00:00,56.599,63.167273421655594,41.998024024044625,84.33652281926656,58.88
OPD,2025-05-27 23:00:00+00:00,2025-05-28 05:00:00+00:00,17.318,25.664258427308244,4.495009029697279,46.83350782491921,17.687
WARD_A,2025-05-27 23:00:00+00:00,2025-05-28 05:00:00+00:00,126.51,123.68297533705304,102.51372593944207,144.852224734664,155.279
WARD_B,2025-05-27 23:00:00+00:00,2025-05-28 05:00:00+00:00,114.078,121.92044168667606,100.75119228906509,143.089691084287,278.144
ICU,2025-05-28 00:00:00+00:00,2025-05-28 06:00:00+00:00,162.788,149.31200202847762,128.14275263086665,170.4812514260886,127.647
OPD,2025-05-28 00:00:00+00:00,2025-05-28 06:00:00+00:00,104.317,107.12287067544007,85.9536212778291,128.29212007305102,94.506
WARD_A,2025-05-28 00:00:00+00:00,2025-05-28 06:00:00+00:00,206.895,205.27517706104777,184.1059276634368,226.44442645865874,248.309
WARD_B,2025-05-28 00:00:00+00:00,2025-05-28 06:00:00+00:00,213.52,208.13533659024168,186.9660871926307,229.30458598785265,356.036
ICU,2025-05-28 01:00:00+00:00,2025-05-28 07:00:00+00:00,57.44,68.99327800883184,47.82402861122087,90.1625274064428,67.445
OPD,2025-05-28 01:00:00+00:00,2025-05-28 07:00:00+00:00,17.935,34.07812275856382,12.908873360952857,55.24737215617479,37.093
WARD_A,2025-05-28 01:00:00+00:00,2025-05-28 07:00:00+00:00,130.005,122.69524193759425,101.52599253998328,143.8644913352052,139.611
WARD_B,2025-05-28 01:00:00+00:00,2025-05-28 07:00:00+00:00,112.987,129.935126950307,108.76587755269603,151.10437634791796,283.275
ICU,2025-05-28 02:00:00+00:00,2025-05-28 08:00:00+00:00,62.876,66.90624870408118,45.73699930647021,88.07549810169215,60.676
OPD,2025-05-28 02:00:00+00:00,2025-05-28 08:00:00+00:00,99.731,79.04991580282288,57.88066640521191,100.21916520043385,72.293
WARD_A,2025-05-28 02:00:00+00:00,2025-05-28 08:00:00+00:00,118.769,126.62103296546796,105.45178356785699,147.79028236307892,159.08
WARD_B,2025-05-28 02:00:00+00:00,2025-05-28 08:00:00+00:00,127.568,127.90958513619051,106.74033573857955,149.07883453380148,286.723
ICU,2025-05-28 03:00:00+00:00,2025-05-28 09:00:00+00:00,58.057,72.14417557636241,50.974926178751446,93.31342497397338,56.305
OPD,2025-05-28 03:00:00+00:00,2025-05-28 09:00:00+00:00,57.458,78.80764494962898,57.63839555201801,99.97689434723995,84.656
WARD_A,2025-05-28 03:00:00+00:00,2025-05-28 09:00:00+00:00,123.637,127.17447722893846,106.00522783132749,148.34372662654943,143.713
WARD_B,2025-05-28 03:00:00+00:00,2025-05-28 09:00:00+00:00,136.048,126.62367058694981,105.45442118933885,147.79291998456077,284.469
ICU,2025-05-28 04:00:00+00:00,2025-05-28 10:00:00+00:00,71.652,67.3782406451063,46.208991247495334,88.54749004271727,57.897
OPD,2025-05-28 04:00:00+00:00,2025-05-28 10:00:00+00:00,58.91,81.21170209634776,60.042452698736795,102.38095149395873,90.486
WARD_A,2025-05-28 04:00:00+00:00,2025-05-28 10:00:00+00:00,127.352,128.70030681808095,107.53105742046998,149.86955621569192,148.778
WARD_B,2025-05-28 04:00:00+00:00,2025-05-28 10:00:00+00:00,128.938,129.40974411887652,108.24049472126555,150.5789935164875,280.641
ICU,2025-05-28 05:00:00+00:00,2025-05-28 11:00:00+00:00,67.961,69.10916241907644,47.93991302146547,90.27841181668741,65.794
OPD,2025-05-28 05:00:00+00:00,2025-05-28 11:00:00+00:00,76.349,82.77294124517887,61.6036918475679,103.94219064278984,64.169
WARD_A,2025-05-28 05:00:00+00:00,2025-05-28 11:00:00+00:00,114.757,130.98897937110317,109.8197299734922,152.15822876871414,148.174
WARD_B,2025-05-28 05:00:00+00:00,2025-05-28 11:00:00+00:00,125.944,129.4405937189865,108.27134432137552,150.60984311659746,156.068
ICU,2025-05-28 06:00:00+00:00,2025-05-28 12:00:00+00:00,50.972,80.73308564193644,59.56383624432547,101.90233503954741,58.848
OPD,2025-05-28 06:00:00+00:00,2025-05-28 12:00:00+00:00,93.632,82.73585752193597,61.566608124325,103.90510691954694,76.584
WARD_A,2025-05-28 06:00:00+00:00,2025-05-28 12:00:00+00:00,108.87,129.29487183998296,108.12562244237199,150.46412123759393,155.225
WARD_B,2025-05-28 06:00:00+00:00,2025-05-28 12:00:00+00:00,116.265,131.1895393825192,110.02028998490823,152.35878878013017,160.182
ICU,2025-05-28 07:00:00+00:00,2025-05-28 13:00:00+00:00,65.711,67.5265192234931,46.35726982588213,88.69576862110407,59.722
OPD,2025-05-28 07:00:00+00:00,2025-05-28 13:00:00+00:00,81.174,83.11046932710701,61.94121992949604,104.27971872471798,78.288
WARD_A,2025-05-28 07:00:00+00:00,2025-05-28 13:00:00+00:00,126.391,131.58665198080942,110.41740258319845,152.7559013784204,175.519
WARD_B,2025-05-28 07:00:00+00:00,2025-05-28 13:00:00+00:00,144.793,129.47181131774275,108.30256192013178,150.64106071535372,133.748
ICU,2025-05-28 08:00:00+00:00,2025-05-28 14:00:00+00:00,138.661,151.31575421793852,130.14650482032755,172.4850036155495,164.505
OPD,2025-05-28 08:00:00+00:00,2025-05-28 14:00:00+00:00,159.165,165.94436662185356,144.7751172242426,187.11361601946453,145.265
WARD_A,2025-05-28 08:00:00+00:00,2025-05-28 14:00:00+00:00,205.608,207.0961405532602,185.92689115564923,228.26538995087117,245.652
WARD_B,2025-05-28 08:00:00+00:00,2025-05-28 14:00:00+00:00,205.103,208.25632057772182,187.08707118011085,229.4255699753328,245.995
ICU,2025-05-28 09:00:00+00:00,2025-05-28 15:00:00+00:00,59.239,66.79213891345775,45.62288951584678,87.96138831106872,68.869
OPD,2025-05-28 09:00:00+00:00,2025-05-28 15:00:00+00:00,61.892,84.01521616109915,62.84596676348818,105.18446555871012,92.517
WARD_A,2025-05-28 09:00:00+00:00,2025-05-28 15:00:00+00:00,123.098,128.21766087053555,107.04841147292458,149.38691026814652,149.233
WARD_B,2025-05-28 09:00:00+00:00,2025-05-28 15:00:00+00:00,141.875,131.3741002274335,110.20485082982253,152.54334962504447,162.592
ICU,2025-05-28 10:00:00+00:00,2025-05-28 16:00:00+00:00,78.613,70.32792432975808,49.15867493214711,91.49717372736905,85.088
OPD,2025-05-28 10:00:00+00:00,2025-05-28 16:00:00+00:00,93.053,80.25743722609673,59.08818782848576,101.4266866237077,58.513
WARD_A,2025-05-28 10:00:00+00:00,2025-05-28 16:00:00+00:00,143.055,128.5851244430939,107.41587504548292,149.75437384070486,155.593
WARD_B,2025-05-28 10:00:00+00:00,2025-05-28 16:00:00+00:00,130.451,130.57278268280874,109.40353328519777,151.7420320804197,155.969
ICU,2025-05-28 11:00:00+00:00,2025-05-28 17:00:00+00:00,73.74,70.4074449783336,49.23819558072263,91.57669437594457,67.706
OPD,2025-05-28 11:00:00+00:00,2025-05-28 17:00:00+00:00,63.602,75.07084616856311,53.90159677095214,96.24009556617408,54.987
WARD_A,2025-05-28 11:00:00+00:00,2025-05-28 17:00:00+00:00,122.623,127.6975986075823,106.52834920997132,148.86684800519325,141.752
WARD_B,2025-05-28 11:00:00+00:00,2025-05-28 17:00:00+00:00,138.028,130.43400979161513,109.26476039400416,151.6032591892261,129.036
ICU,2025-05-28 12:00:00+00:00,2025-05-28 18:00:00+00:00,58.162,53.63481369575305,32.465564298142084,74.80406309336402,63.434
OPD,2025-05-28 12:00:00+00:00,2025-05-28 18:00:00+00:00,16.239,27.476535151829403,6.307285754218437,48.645784549440364,21.099
WARD_A,2025-05-28 12:00:00+00:00,2025-05-28 18:00:00+00:00,95.753,122.48524632795547,101.3159969303445,143.65449572556642,149.043
WARD_B,2025-05-28 12:00:00+00:00,2025-05-28 18:00:00+00:00,126.994,122.07352420115076,100.90427480353979,143.24277359876172,149.617
ICU,2025-05-28 13:00:00+00:00,2025-05-28 19:00:00+00:00,66.456,55.56334680749401,34.394097409883045,76.73259620510497,56.354
OPD,2025-05-28 13:00:00+00:00,2025-05-28 19:00:00+00:00,18.757,21.328742588752444,0.15949319114147897,42.49799198636341,12.355
WARD_A,2025-05-28 13:00:00+00:00,2025-05-28 19:00:00+00:00,122.793,124.44432060494051,103.27507120732955,145.61357000255148,145.609
WARD_B,2025-05-28 13:00:00+00:00,2025-05-28 19:00:00+00:00,133.757,125.47702252247115,104.30777312486018,146.6462719200821,145.568
ICU,2025-05-28 14:00:00+00:00,2025-05-28 20:00:00+00:00,145.308,128.83395751688863,107.66470811927766,150.0032069144996,144.756
OPD,2025-05-28 14:00:00+00:00,2025-05-28 20:00:00+00:00,121.699,112.96418899398142,91.79493959637045,134.1334383915924,88.092
WARD_A,2025-05-28 14:00:00+00:00,2025-05-28 20:00:00+00:00,215.115,206.2478853255774,185.07863592796645,227.41713472318838,222.146
WARD_B,2025-05-28 14:00:00+00:00,2025-05-28 20:00:00+00:00,205.747,201.96565075904948,180.7964013614385,223.13490015666045,226.69
ICU,2025-05-28 15:00:00+00:00,2025-05-28 21:00:00+00:00,45.696,58.275494167053395,37.106244769442426,79.44474356466436,60.447
OPD,2025-05-28 15:00:00+00:00,2025-05-28 21:00:00+00:00,13.982,23.909683023538996,2.7404336259280306,45.07893242114996,22.533
WARD_A,2025-05-28 15:00:00+00:00,2025-05-28 21:00:00+00:00,131.485,124.35022937668492,103.18097997907395,145.5194787742959,149.784
WARD_B,2025-05-28 15:00:00+00:00,2025-05-28 21:00:00+00:00,127.091,127.92161554478767,106.7523661471767,149.09086494239864,144.683
ICU,2025-05-28 16:00:00+00:00,2025-05-28 22:00:00+00:00,74.412,58.23288933242435,37.06363993481338,79.40213873003532,61.461
OPD,2025-05-28 16:00:00+00:00,2025-05-28 22:00:00+00:00,31.608,23.784715888570318,2.615466490959353,44.95396528618129,41.686
WARD_A,2025-05-28 16:00:00+00:00,2025-05-28 22:00:00+00:00,121.86,127.38406529575897,106.214815898148,148.55331469336994,133.694
WARD_B,2025-05-28 16:00:00+00:00,2025-05-28 22:00:00+00:00,105.313,124.65016481252462,103.48091541491365,145.8194142101356,152.88
ICU,2025-05-28 17:00:00+00:00,2025-05-28 23:00:00+00:00,55.249,58.087196200199585,36.91794680258862,79.25644559781055,60.704
OPD,2025-05-28 17:00:00+00:00,2025-05-28 23:00:00+00:00,17.017,23.943872140440167,2.7746227428292016,45.11312153805113,27.477
WARD_A,2025-05-28 17:00:00+00:00,2025-05-28 23:00:00+00:00,139.901,122.38455775286099,101.21530835525002,143.55380715047195,160.929
WARD_B,2025-05-28 17:00:00+00:00,2025-05-28 23:00:00+00:00,126.26,124.418315297506,103.24906589989503,145.58756469511695,131.475
ICU,2025-05-28 18:00:00+00:00,2025-05-29 00:00:00+00:00,38.452,58.5187989832796,37.34954958566864,79.68804838089056,63.911
OPD,2025-05-28 18:00:00+00:00,2025-05-29 00:00:00+00:00,24.993,21.68181694846273,0.5125675508517631,42.851066346073694,12.278
WARD_A,2025-05-28 18:00:00+00:00,2025-05-29 00:00:00+00:00,119.603,121.30471398585132,100.13546458824035,142.4739633834623,136.507
WARD_B,2025-05-28 18:00:00+00:00,2025-05-29 00:00:00+00:00,128.84,124.4758885327026,103.30663913509163,145.64513793031355,141.407
ICU,2025-05-28 19:00:00+00:00,2025-05-29 01:00:00+00:00,43.703,58.723672316365,37.55442291875403,79.89292171397597,63.624
OPD,2025-05-28 19:00:00+00:00,2025-05-29 01:00:00+00:00,17.609,21.83049824000638,0.6612488423954161,42.99974763761735,154.383
WARD_A,2025-05-28 19:00:00+00:00,2025-05-29 01:00:00+00:00,107.6,123.02103386902641,101.85178447141544,144.19028326663738,146.973
WARD_B,2025-05-28 19:00:00+00:00,2025-05-29 01:00:00+00:00,130.402,124.87561170016758,103.70636230255661,146.04486109777855,134.152
ICU,2025-05-28 20:00:00+00:00,2025-05-29 02:00:00+00:00,65.521,63.75877679798531,42.58952740037435,84.92802619559627,63.277
OPD,2025-05-28 20:00:00+00:00,2025-05-29 02:00:00+00:00,29.009,28.618711451554343,7.449462053943378,49.78796084916531,158.083
WARD_A,2025-05-28 20:00:00+00:00,2025-05-29 02:00:00+00:00,111.913,127.2017597355788,106.03251033796784,148.37100913318977,149.991
WARD_B,2025-05-28 20:00:00+00:00,2025-05-29 02:00:00+00:00,112.785,128.04076546536734,106.87151606775637,149.2100148629783,150.557
ICU,2025-05-28 21:00:00+00:00,2025-05-29 03:00:00+00:00,46.133,58.889724995115714,37.720475597504745,80.05897439272668,55.554
OPD,2025-05-28 21:00:00+00:00,2025-05-29 03:00:00+00:00,11.283,21.754185900136704,0.5849365025257391,42.92343529774767,159.949
WARD_A,2025-05-28 21:00:00+00:00,2025-05-29 03:00:00+00:00,111.094,123.5826828027395,102.41343340512853,144.75193220035047,140.476
WARD_B,2025-05-28 21:00:00+00:00,2025-05-29 03:00:00+00:00,127.926,124.44758111282715,103.27833171521618,145.61683051043812,130.255
ICU,2025-05-28 22:00:00+00:00,2025-05-29 04:00:00+00:00,67.294,64.7964962600523,43.627246862441325,85.96574565766326,55.748
OPD,2025-05-28 22:00:00+00:00,2025-05-29 04:00:00+00:00,15.226,36.82115699004488,15.651907592433911,57.99040638765584,152.281
WARD_A,2025-05-28 22:00:00+00:00,2025-05-29 04:00:00+00:00,140.884,124.82685503048205,103.65760563287108,145.99610442809302,145.403
WARD_B,2025-05-28 22:00:00+00:00,2025-05-29 04:00:00+00:00,123.005,123.37996886420648,102.2107194665955,144.54921826181743,164.046
ICU,2025-05-28 23:00:00+00:00,2025-05-29 05:00:00+00:00,59.448,64.77320635379304,43.603956956182074,85.94245575140401,67.458
OPD,2025-05-28 23:00:00+00:00,2025-05-29 05:00:00+00:00,16.758,25.8981660614944,4.728916663883435,47.06741545910536,169.412
WARD_A,2025-05-28 23:00:00+00:00,2025-05-29 05:00:00+00:00,128.748,125.30958257863719,104.14033318102622,146.47883197624816,146.168
WARD_B,2025-05-28 23:00:00+00:00,2025-05-29 05:00:00+00:00,131.874,126.52759326813288,105.3583438705219,147.69684266574384,142.287
ICU,2025-05-29 00:00:00+00:00,2025-05-29 06:00:00+00:00,147.211,142.00000305981584,120.83075366220487,163.1692524574268,143.681
OPD,2025-05-29 00:00:00+00:00,2025-05-29 06:00:00+00:00,109.259,107.18372461672244,86.01447521911147,128.3529740143334,239.465
WARD_A,2025-05-29 00:00:00+00:00,2025-05-29 06:00:00+00:00,214.454,207.89081619534997,186.721566797739,229.06006559296094,224.32
WARD_B,2025-05-29 00:00:00+00:00,2025-05-29 06:00:00+00:00,206.279,207.49402778927768,186.3247783916667,228.66327718688865,230.1
ICU,2025-05-29 01:00:00+00:00,2025-05-29 07:00:00+00:00,56.746,64.04632860928677,42.877079211675806,85.21557800689774,66.031
OPD,2025-05-29 01:00:00+00:00,2025-05-29 07:00:00+00:00,22.105,40.537199032025235,19.36794963441427,61.7064484296362,160.501
WARD_A,2025-05-29 01:00:00+00:00,2025-05-29 07:00:00+00:00,120.296,122.8367836631546,101.66753426554364,144.00603306076556,163.346
WARD_B,2025-05-29 01:00:00+00:00,2025-05-29 07:00:00+00:00,124.53,130.0887962911922,108.91954689358124,151.25804568880318,127.482
ICU,2025-05-29 02:00:00+00:00,2025-05-29 08:00:00+00:00,63.187,66.7544432942231,45.585193896612125,87.92369269183406,66.948
OPD,2025-05-29 02:00:00+00:00,2025-05-29 08:00:00+00:00,55.503,76.0621406111041,54.89289121349313,97.23139000871507,223.227
WARD_A,2025-05-29 02:00:00+00:00,2025-05-29 08:00:00+00:00,138.474,126.51065052702289,105.34140112941192,147.67989992463384,168.266
WARD_B,2025-05-29 02:00:00+00:00,2025-05-29 08:00:00+00:00,143.841,126.62103296546796,105.45178356785699,147.79028236307892,157.649
ICU,2025-05-29 03:00:00+00:00,2025-05-29 09:00:00+00:00,63.833,65.62660350031048,44.45735410269951,86.79585289792145,77.101
OPD,2025-05-29 03:00:00+00:00,2025-05-29 09:00:00+00:00,81.026,80.91481646072963,59.745567063118656,102.0840658583406,218.091
WARD_A,2025-05-29 03:00:00+00:00,2025-05-29 09:00:00+00:00,125.25,126.62367058694981,105.45442118933885,147.79291998456077,152.13
WARD_B,2025-05-29 03:00:00+00:00,2025-05-29 09:00:00+00:00,124.743,130.28090823577614,109.11165883816517,151.4501576333871,148.765
ICU,2025-05-29 04:00:00+00:00,2025-05-29 10:00:00+00:00,58.692,67.58413185147258,46.41488245386161,88.75338124908355,50.195
OPD,2025-05-29 04:00:00+00:00,2025-05-29 10:00:00+00:00,83.134,81.48942971029338,60.32018031268241,102.65867910790435,241.715
WARD_A,2025-05-29 04:00:00+00:00,2025-05-29 10:00:00+00:00,133.28,130.70027394638814,109.53102454877717,151.8695233439991,158.903
WARD_B,2025-05-29 04:00:00+00:00,2025-05-29 10:00:00+00:00,141.648,128.6021767280371,107.43292733042614,149.77142612564808,152.357
ICU,2025-05-29 05:00:00+00:00,2025-05-29 11:00:00+00:00,52.576,66.6951159357067,45.52586653809573,87.86436533331766,63.724
OPD,2025-05-29 05:00:00+00:00,2025-05-29 11:00:00+00:00,84.561,83.74190705772578,62.572657660114814,104.91115645533675,70.3
WARD_A,2025-05-29 05:00:00+00:00,2025-05-29 11:00:00+00:00,137.75,131.62692552697595,110.45767612936498,152.79617492458692,154.703
WARD_B,2025-05-29 05:00:00+00:00,2025-05-29 11:00:00+00:00,128.472,131.71187800853392,110.54262861092295,152.88112740614488,156.104
ICU,2025-05-29 06:00:00+00:00,2025-05-29 12:00:00+00:00,62.068,74.31523566481734,53.14598626720637,95.4844850624283,65.661
OPD,2025-05-29 06:00:00+00:00,2025-05-29 12:00:00+00:00,80.526,80.66086623720348,59.49161683959251,101.83011563481445,75.204
WARD_A,2025-05-29 06:00:00+00:00,2025-05-29 12:00:00+00:00,127.585,128.8809085063628,107.71165910875183,150.05015790397377,144.781
WARD_B,2025-05-29 06:00:00+00:00,2025-05-29 12:00:00+00:00,135.524,130.07265745295803,108.90340805534706,151.241906850569,141.151
ICU,2025-05-29 07:00:00+00:00,2025-05-29 13:00:00+00:00,39.664,66.72633353446297,45.557084136852,87.89558293207394,71.326
OPD,2025-05-29 07:00:00+00:00,2025-05-29 13:00:00+00:00,81.802,81.78249844825703,60.61324905064606,102.951747845868,94.7
WARD_A,2025-05-29 07:00:00+00:00,2025-05-29 13:00:00+00:00,114.516,128.8894886599549,107.72023926234394,150.05873805756588,166.432
WARD_B,2025-05-29 07:00:00+00:00,2025-05-29 13:00:00+00:00,119.528,133.3429131066369,112.17366370902593,154.51216250424787,142.894
ICU,2025-05-29 08:00:00+00:00,2025-05-29 14:00:00+00:00,149.152,152.11593990696866,130.9466905093577,173.28518930457963,147.428
OPD,2025-05-29 08:00:00+00:00,2025-05-29 14:00:00+00:00,177.385,165.45717514098936,144.2879257433784,186.62642453860033,167.044
WARD_A,2025-05-29 08:00:00+00:00,2025-05-29 14:00:00+00:00,211.531,206.88538247087243,185.71613307326146,228.0546318684834,234.168
WARD_B,2025-05-29 08:00:00+00:00,2025-05-29 14:00:00+00:00,231.474,209.3830750613576,188.21382566374663,230.55232445896857,229.11
ICU,2025-05-29 09:00:00+00:00,2025-05-29 15:00:00+00:00,58.276,70.1727625201939,49.00351312258293,91.34201191780487,64.473
OPD,2025-05-29 09:00:00+00:00,2025-05-29 15:00:00+00:00,64.586,83.56667861529877,62.3974292176878,104.73592801290974,69.615
WARD_A,2025-05-29 09:00:00+00:00,2025-05-29 15:00:00+00:00,151.232,128.64384345565966,107.4745940580487,149.81309285327063,133.867
WARD_B,2025-05-29 09:00:00+00:00,2025-05-29 15:00:00+00:00,139.948,128.28009321007545,107.11084381246448,149.44934260768642,150.816
ICU,2025-05-29 10:00:00+00:00,2025-05-29 16:00:00+00:00,62.914,71.04574771844857,49.8764983208376,92.21499711605954,61.501
OPD,2025-05-29 10:00:00+00:00,2025-05-29 16:00:00+00:00,93.698,79.79365632370396,58.62440692609299,100.96290572131493,67.467
WARD_A,2025-05-29 10:00:00+00:00,2025-05-29 16:00:00+00:00,120.57,129.31969004253446,108.15044064492349,150.48893944014543,157.202
WARD_B,2025-05-29 10:00:00+00:00,2025-05-29 16:00:00+00:00,127.636,131.57929360781995,110.41004421020898,152.74854300543092,138.414
ICU,2025-05-29 11:00:00+00:00,2025-05-29 17:00:00+00:00,55.365,69.02615441143487,47.856905013823905,90.19540380904584,72.693
OPD,2025-05-29 11:00:00+00:00,2025-05-29 17:00:00+00:00,76.584,76.41055325277294,55.24130385516197,97.57980265038391,87.094
WARD_A,2025-05-29 11:00:00+00:00,2025-05-29 17:00:00+00:00,134.364,128.88247364335993,107.71322424574896,150.0517230409709,143.327
WARD_B,2025-05-29 11:00:00+00:00,2025-05-29 17:00:00+00:00,130.401,129.79905799706145,108.62980859945048,150.96830739467242,145.73
ICU,2025-05-29 12:00:00+00:00,2025-05-29 18:00:00+00:00,47.494,49.15816513077047,27.988915733159505,70.32741452838144,61.55
OPD,2025-05-29 12:00:00+00:00,2025-05-29 18:00:00+00:00,25.283,27.476535151829403,6.307285754218437,48.645784549440364,4.745
WARD_A,2025-05-29 12:00:00+00:00,2025-05-29 18:00:00+00:00,111.819,124.70883565832588,103.53958626071491,145.87808505593685,146.005
WARD_B,2025-05-29 12:00:00+00:00,2025-05-29 18:00:00+00:00,125.85,128.6124736509403,107.44322425332933,149.78172304855127,137.853
ICU,2025-05-29 13:00:00+00:00,2025-05-29 19:00:00+00:00,50.154,50.92197364183217,29.752724244221202,72.09122303944314,57.963
OPD,2025-05-29 13:00:00+00:00,2025-05-29 19:00:00+00:00,29.119,21.328742588752444,0.15949319114147897,42.49799198636341,13.7
WARD_A,2025-05-29 13:00:00+00:00,2025-05-29 19:00:00+00:00,111.861,122.86707363262578,101.6978242350148,144.03632303023673,153.339
WARD_B,2025-05-29 13:00:00+00:00,2025-05-29 19:00:00+00:00,136.426,126.22203156682278,105.05278216921181,147.39128096443375,148.621
ICU,2025-05-29 14:00:00+00:00,2025-05-29 20:00:00+00:00,146.889,133.1018292711887,111.93257987357774,154.27107866879967,147.392
OPD,2025-05-29 14:00:00+00:00,2025-05-29 20:00:00+00:00,104.469,111.57185136661329,90.40260196900232,132.74110076422426,116.265
WARD_A,2025-05-29 14:00:00+00:00,2025-05-29 20:00:00+00:00,202.846,200.12963719728637,178.9603877996754,221.29888659489734,245.884
WARD_B,2025-05-29 14:00:00+00:00,2025-05-29 20:00:00+00:00,223.58,213.46513526056336,192.2958858629524,234.63438465817433,232.351
ICU,2025-05-29 15:00:00+00:00,2025-05-29 21:00:00+00:00,46.658,55.63110114830343,34.46185175069246,76.8003505459144,75.126
OPD,2025-05-29 15:00:00+00:00,2025-05-29 21:00:00+00:00,31.707,24.87705300217785,3.707803604566884,46.046302399788814,18.258
WARD_A,2025-05-29 15:00:00+00:00,2025-05-29 21:00:00+00:00,117.462,129.24878609920327,108.0795367015923,150.41803549681424,151.747
WARD_B,2025-05-29 15:00:00+00:00,2025-05-29 21:00:00+00:00,131.887,126.47666784686015,105.30741844924918,147.64591724447112,131.497
ICU,2025-05-29 16:00:00+00:00,2025-05-29 22:00:00+00:00,79.184,55.71346344864306,34.5442140510321,76.88271284625402,60.885
OPD,2025-05-29 16:00:00+00:00,2025-05-29 22:00:00+00:00,8.113,23.784715888570318,2.615466490959353,44.95396528618129,35.0
WARD_A,2025-05-29 16:00:00+00:00,2025-05-29 22:00:00+00:00,112.975,123.78348605997033,102.61423666235936,144.9527354575813,147.0
WARD_B,2025-05-29 16:00:00+00:00,2025-05-29 22:00:00+00:00,137.107,126.07694467939517,104.9076952817842,147.24619407700612,117.961
OPD,2025-05-29 17:00:00+00:00,2025-05-29 23:00:00+00:00,27.186,23.639022756345557,2.4697733587345923,44.80827215395652,17.405
WARD_A,2025-05-29 17:00:00+00:00,2025-05-29 23:00:00+00:00,140.76,123.96241318503635,102.79316378742539,145.13166258264732,144.891
WARD_B,2025-05-29 17:00:00+00:00,2025-05-29 23:00:00+00:00,122.882,124.89108253477936,103.72183313716839,146.0603319323903,146.1
ICU,2025-05-29 18:00:00+00:00,2025-05-30 00:00:00+00:00,46.072,56.9562722038156,35.78702280620463,78.12552160142657,63.1
OPD,2025-05-29 18:00:00+00:00,2025-05-30 00:00:00+00:00,13.157,20.907395000027638,0.0,42.0766443976386,28.98
WARD_A,2025-05-29 18:00:00+00:00,2025-05-30 00:00:00+00:00,122.821,122.20606564127031,101.03681624365935,143.37531503888127,153.084
WARD_B,2025-05-29 18:00:00+00:00,2025-05-30 00:00:00+00:00,118.854,124.7612921623846,103.59204276477364,145.93054155999556,153.781
ICU,2025-05-29 19:00:00+00:00,2025-05-30 01:00:00+00:00,57.305,54.61918467138316,33.4499352737722,75.78843406899412,71.466
OPD,2025-05-29 19:00:00+00:00,2025-05-30 01:00:00+00:00,4.123,20.907395000027638,0.0,42.0766443976386,20.787
WARD_A,2025-05-29 19:00:00+00:00,2025-05-30 01:00:00+00:00,121.646,122.20636832346082,101.03711892584985,143.3756177210718,158.341
WARD_B,2025-05-29 19:00:00+00:00,2025-05-30 01:00:00+00:00,123.864,128.25855691763147,107.0893075200205,149.42780631524244,127.115
ICU,2025-05-29 20:00:00+00:00,2025-05-30 02:00:00+00:00,48.892,62.325273892584924,41.15602449497396,83.49452329019589,61.519
OPD,2025-05-29 20:00:00+00:00,2025-05-30 02:00:00+00:00,11.521,24.184899841182233,3.0156504435712677,45.3541492387932,18.445
WARD_A,2025-05-29 20:00:00+00:00,2025-05-30 02:00:00+00:00,111.261,126.78064121399095,105.61139181637998,147.94989061160192,158.344
WARD_B,2025-05-29 20:00:00+00:00,2025-05-30 02:00:00+00:00,131.488,131.6445392150278,110.47528981741684,152.81378861263877,143.163
ICU,2025-05-29 21:00:00+00:00,2025-05-30 03:00:00+00:00,51.625,54.78841665325976,33.61916725564879,75.95766605087073,58.069
OPD,2025-05-29 21:00:00+00:00,2025-05-30 03:00:00+00:00,7.166,19.654401891837765,0.0,40.82365128944873,33.542
WARD_A,2025-05-29 21:00:00+00:00,2025-05-30 03:00:00+00:00,138.534,115.1493974396436,93.98014804203262,136.31864683725456,139.269
WARD_B,2025-05-29 21:00:00+00:00,2025-05-30 03:00:00+00:00,118.842,127.50054437845817,106.3312949808472,148.66979377606913,130.958
ICU,2025-05-29 22:00:00+00:00,2025-05-30 04:00:00+00:00,62.288,58.60799351842455,37.43874412081358,79.77724291603552,52.319
OPD,2025-05-29 22:00:00+00:00,2025-05-30 04:00:00+00:00,33.299,27.224718831473943,6.055469433862978,48.393968229084905,39.588
WARD_A,2025-05-29 22:00:00+00:00,2025-05-30 04:00:00+00:00,114.922,122.12569425665369,100.95644485904272,143.29494365426464,146.412
WARD_B,2025-05-29 22:00:00+00:00,2025-05-30 04:00:00+00:00,146.168,131.557793734335,110.38854433672404,152.72704313194598,140.757
OPD,2025-05-29 23:00:00+00:00,2025-05-30 05:00:00+00:00,15.669,29.07580838332882,7.906558985717854,50.24505778093979,18.555
WARD_A,2025-05-29 23:00:00+00:00,2025-05-30 05:00:00+00:00,122.527,127.85392384035235,106.68467444274138,149.0231732379633,142.162
WARD_B,2025-05-29 23:00:00+00:00,2025-05-30 05:00:00+00:00,127.152,127.76408689576523,106.59483749815426,148.9333362933762,142.763
ICU,2025-05-30 00:00:00+00:00,2025-05-30 06:00:00+00:00,147.929,136.58875277201292,115.41950337440196,157.7580021696239,144.355
OPD,2025-05-30 00:00:00+00:00,2025-05-30 06:00:00+00:00,110.475,105.60273872132336,84.4334893237124,126.77198811893433,98.043
WARD_A,2025-05-30 00:00:00+00:00,2025-05-30 06:00:00+00:00,209.915,207.71450606037834,186.54525666276737,228.8837554579893,239.39
WARD_B,2025-05-30 00:00:00+00:00,2025-05-30 06:00:00+00:00,208.602,209.70774105911988,188.5384916615089,230.87699045673085,211.144
ICU,2025-05-30 01:00:00+00:00,2025-05-30 07:00:00+00:00,64.414,58.625693953903756,37.456444556292794,79.79494335151472,72.336
OPD,2025-05-30 01:00:00+00:00,2025-05-30 07:00:00+00:00,17.201,31.138931519001755,9.96968212139079,52.30818091661272,21.597
WARD_A,2025-05-30 01:00:00+00:00,2025-05-30 07:00:00+00:00,116.625,123.65228288732355,102.48303348971258,144.8215322849345,140.449
WARD_B,2025-05-30 01:00:00+00:00,2025-05-30 07:00:00+00:00,144.918,129.8700180285441,108.70076863093314,151.03926742615508,120.611
ICU,2025-05-30 02:00:00+00:00,2025-05-30 08:00:00+00:00,63.093,68.38158447318182,47.21233507557085,89.55083387079279,66.23
OPD,2025-05-30 02:00:00+00:00,2025-05-30 08:00:00+00:00,90.192,73.75974054712991,52.59049114951894,94.92898994474088,77.115
WARD_A,2025-05-30 02:00:00+00:00,2025-05-30 08:00:00+00:00,133.705,125.81635900761488,104.64710961000391,146.98560840522583,175.626
WARD_B,2025-05-30 02:00:00+00:00,2025-05-30 08:00:00+00:00,130.939,132.7928529550494,111.62360355743843,153.96210235266037,126.961
ICU,2025-05-30 03:00:00+00:00,2025-05-30 09:00:00+00:00,52.961,67.25861789260097,46.08936849499,88.42786729021194,60.38
OPD,2025-05-30 03:00:00+00:00,2025-05-30 09:00:00+00:00,55.081,77.09450973954483,55.925260341933864,98.2637591371558,84.216
WARD_A,2025-05-30 03:00:00+00:00,2025-05-30 09:00:00+00:00,140.681,129.28147351070467,108.1122241130937,150.45072290831564,154.163
WARD_B,2025-05-30 03:00:00+00:00,2025-05-30 09:00:00+00:00,140.785,139.55824544583575,118.38899604822478,160.72749484344672,144.749
ICU,2025-05-30 04:00:00+00:00,2025-05-30 10:00:00+00:00,67.169,65.92884210359419,44.75959270598322,87.09809150120516,73.049
OPD,2025-05-30 04:00:00+00:00,2025-05-30 10:00:00+00:00,66.613,78.25495739812348,57.08570800051251,99.42420679573445,82.916
WARD_A,2025-05-30 04:00:00+00:00,2025-05-30 10:00:00+00:00,118.508,126.8889256900697,105.71967629245873,148.05817508768067,158.595
WARD_B,2025-05-30 04:00:00+00:00,2025-05-30 10:00:00+00:00,130.799,134.04956246627248,112.88031306866151,155.21881186388345,149.449
ICU,2025-05-30 05:00:00+00:00,2025-05-30 11:00:00+00:00,42.887,67.70326207290353,46.53401267529256,88.8725114705145,75.186
OPD,2025-05-30 05:00:00+00:00,2025-05-30 11:00:00+00:00,105.461,80.00010598449128,58.830856586880316,101.16935538210225,82.386
WARD_A,2025-05-30 05:00:00+00:00,2025-05-30 11:00:00+00:00,102.381,130.32703931932295,109.15778992171198,151.49628871693392,158.762
WARD_B,2025-05-30 05:00:00+00:00,2025-05-30 11:00:00+00:00,149.888,133.48805994495868,112.31881054734771,154.65730934256965,142.337
ICU,2025-05-30 06:00:00+00:00,2025-05-30 12:00:00+00:00,50.376,73.84858560999243,52.67933621238146,95.0178350076034,69.448
OPD,2025-05-30 06:00:00+00:00,2025-05-30 12:00:00+00:00,82.59,78.01238263378274,56.84313323617177,99.1816320313937,110.777
WARD_A,2025-05-30 06:00:00+00:00,2025-05-30 12:00:00+00:00,148.701,128.79001305956353,107.62076366195257,149.9592624571745,133.078
WARD_B,2025-05-30 06:00:00+00:00,2025-05-30 12:00:00+00:00,128.968,133.21981654199197,112.050567144381,154.38906593960294,153.552
ICU,2025-05-30 07:00:00+00:00,2025-05-30 13:00:00+00:00,59.234,66.08940127856391,44.92015188095294,87.25865067617488,81.669
OPD,2025-05-30 07:00:00+00:00,2025-05-30 13:00:00+00:00,102.947,80.15176927501624,58.98251987740527,101.3210186726272,99.872
WARD_A,2025-05-30 07:00:00+00:00,2025-05-30 13:00:00+00:00,119.929,127.61014924350872,106.44089984589775,148.77939864111968,155.217
WARD_B,2025-05-30 07:00:00+00:00,2025-05-30 13:00:00+00:00,159.244,135.86630779566207,114.6970583980511,157.03555719327304,145.157
ICU,2025-05-30 08:00:00+00:00,2025-05-30 14:00:00+00:00,145.323,150.98197380585626,129.8127244082453,172.15122320346723,143.158
OPD,2025-05-30 08:00:00+00:00,2025-05-30 14:00:00+00:00,158.896,161.6513725013115,140.48212310370053,182.82062189892247,163.015
WARD_A,2025-05-30 08:00:00+00:00,2025-05-30 14:00:00+00:00,193.584,206.7918132591494,185.62256386153842,227.96106265676036,225.849
WARD_B,2025-05-30 08:00:00+00:00,2025-05-30 14:00:00+00:00,214.478,214.13801578177225,192.96876638416128,235.30726517938322,213.759
ICU,2025-05-30 09:00:00+00:00,2025-05-30 15:00:00+00:00,52.371,70.17927309575232,49.01002369814135,91.34852249336329,72.671
OPD,2025-05-30 09:00:00+00:00,2025-05-30 15:00:00+00:00,52.022,81.46332984991571,60.29408045230474,102.63257924752668,96.197
WARD_A,2025-05-30 09:00:00+00:00,2025-05-30 15:00:00+00:00,131.725,130.67878200772037,109.5095326101094,151.84803140533134,175.689
WARD_B,2025-05-30 09:00:00+00:00,2025-05-30 15:00:00+00:00,146.983,133.51818494114917,112.3489355435382,154.68743433876014,134.308
ICU,2025-05-30 10:00:00+00:00,2025-05-30 16:00:00+00:00,48.959,70.41679720565614,49.24754780804517,91.5860466032671,74.894
OPD,2025-05-30 10:00:00+00:00,2025-05-30 16:00:00+00:00,87.984,78.21409580037702,57.044846402766055,99.38334519798799,68.623
WARD_A,2025-05-30 10:00:00+00:00,2025-05-30 16:00:00+00:00,160.574,128.153630329557,106.98438093194602,149.32287972716796,147.937
WARD_B,2025-05-30 10:00:00+00:00,2025-05-30 16:00:00+00:00,155.082,132.86100123635376,111.69175183874279,154.03025063396473,154.111
ICU,2025-05-30 11:00:00+00:00,2025-05-30 17:00:00+00:00,54.22,68.81532669006567,47.646077292454706,89.98457608767664,81.922
OPD,2025-05-30 11:00:00+00:00,2025-05-30 17:00:00+00:00,92.541,77.595467679893,56.426218282282036,98.76471707750397,79.34
WARD_A,2025-05-30 11:00:00+00:00,2025-05-30 17:00:00+00:00,130.641,127.0067297849485,105.83748038733754,148.17597918255947,155.055
WARD_B,2025-05-30 11:00:00+00:00,2025-05-30 17:00:00+00:00,147.413,133.58270974805598,112.413460350445,154.75195914566694,148.383
ICU,2025-05-30 12:00:00+00:00,2025-05-30 18:00:00+00:00,47.015,48.990765368609644,27.82151597099868,70.16001476622061,71.414
OPD,2025-05-30 12:00:00+00:00,2025-05-30 18:00:00+00:00,8.636,27.6279825828382,6.458733185227235,48.79723198044917,26.716
WARD_A,2025-05-30 12:00:00+00:00,2025-05-30 18:00:00+00:00,137.548,125.54031467324086,104.37106527562989,146.70956407085183,146.395
WARD_B,2025-05-30 12:00:00+00:00,2025-05-30 18:00:00+00:00,128.42,130.96674012339722,109.79749072578625,152.13598952100818,130.298
ICU,2025-05-30 13:00:00+00:00,2025-05-30 19:00:00+00:00,63.21,48.80548849143045,27.636239093819487,69.97473788904142,74.553
OPD,2025-05-30 13:00:00+00:00,2025-05-30 19:00:00+00:00,5.399,21.480190019761245,0.3109406221502802,42.64943941737221,23.605
WARD_B,2025-05-30 13:00:00+00:00,2025-05-30 19:00:00+00:00,125.199,131.50268809165914,110.33343869404817,152.6719374892701,142.742
ICU,2025-05-30 14:00:00+00:00,2025-05-30 20:00:00+00:00,149.58,127.82422764616251,106.65497824855154,148.99347704377348,152.968
OPD,2025-05-30 14:00:00+00:00,2025-05-30 20:00:00+00:00,117.615,113.11563642499021,91.94638702737925,134.28488582260118,110.723
WARD_A,2025-05-30 14:00:00+00:00,2025-05-30 20:00:00+00:00,207.896,180.7247057840273,159.55545638641632,201.89395518163826,215.714
WARD_B,2025-05-30 14:00:00+00:00,2025-05-30 20:00:00+00:00,218.276,197.21665342957073,176.04740403195976,218.3859028271817,216.563
ICU,2025-05-30 15:00:00+00:00,2025-05-30 21:00:00+00:00,47.537,54.904068283989375,33.734818886378406,76.07331768160034,51.452
OPD,2025-05-30 15:00:00+00:00,2025-05-30 21:00:00+00:00,25.871,24.449714656654272,3.280465259043307,45.618964054265234,19.889
WARD_A,2025-05-30 15:00:00+00:00,2025-05-30 21:00:00+00:00,116.839,124.9401857302734,103.77093633266243,146.10943512788435,139.959
WARD_B,2025-05-30 15:00:00+00:00,2025-05-30 21:00:00+00:00,147.143,132.10627769876785,110.93702830115689,153.27552709637882,144.358
ICU,2025-05-30 16:00:00+00:00,2025-05-30 22:00:00+00:00,56.978,54.904068283989375,33.734818886378406,76.07331768160034,63.083
OPD,2025-05-30 16:00:00+00:00,2025-05-30 22:00:00+00:00,25.983,23.716462242352197,2.5472128447412317,44.88571163996316,24.268
WARD_A,2025-05-30 16:00:00+00:00,2025-05-30 22:00:00+00:00,129.166,127.40571795018587,106.2364685525749,148.57496734779684,135.228
WARD_B,2025-05-30 16:00:00+00:00,2025-05-30 22:00:00+00:00,132.446,132.2835594448075,111.11431004719654,153.45280884241848,147.491
ICU,2025-05-30 17:00:00+00:00,2025-05-30 23:00:00+00:00,73.762,54.10521958796351,32.93597019035255,75.27446898557447,75.374
OPD,2025-05-30 17:00:00+00:00,2025-05-30 23:00:00+00:00,34.395,22.917613546326336,1.7483641487153712,44.086862943937305,16.076
WARD_A,2025-05-30 17:00:00+00:00,2025-05-30 23:00:00+00:00,122.878,122.90632878971435,101.73707939210338,144.0755781873253,152.698
WARD_B,2025-05-30 17:00:00+00:00,2025-05-30 23:00:00+00:00,143.343,129.764936240268,108.59568684265705,150.93418563787898,140.571
ICU,2025-05-30 18:00:00+00:00,2025-05-31 00:00:00+00:00,53.126,54.43684632003431,33.26759692242335,75.60609571764527,64.563
OPD,2025-05-30 18:00:00+00:00,2025-05-31 00:00:00+00:00,28.646,22.128833450380323,0.9595840527693582,43.29808284799129,8.443
WARD_A,2025-05-30 18:00:00+00:00,2025-05-31 00:00:00+00:00,104.124,123.42461252675665,102.25536312914568,144.59386192436762,139.195
WARD_B,2025-05-30 18:00:00+00:00,2025-05-31 00:00:00+00:00,134.93,133.5229524055999,112.35370300798894,154.69220180321088,132.091
ICU,2025-05-30 19:00:00+00:00,2025-05-31 01:00:00+00:00,55.544,54.519208620373945,33.349959222762976,75.68845801798491,62.891
OPD,2025-05-30 19:00:00+00:00,2025-05-31 01:00:00+00:00,32.645,22.128833450380323,0.9595840527693582,43.29808284799129,16.482
WARD_B,2025-05-30 19:00:00+00:00,2025-05-31 01:00:00+00:00,134.974,131.81117108364845,110.64192168603748,152.98042048125942,130.36
ICU,2025-05-30 20:00:00+00:00,2025-05-31 02:00:00+00:00,61.082,63.80897566749795,42.63972626988698,84.97822506510892,77.77
OPD,2025-05-30 20:00:00+00:00,2025-05-31 02:00:00+00:00,12.931,24.113408696259462,2.944159298648497,45.282658093870424,22.139
WARD_A,2025-05-30 20:00:00+00:00,2025-05-31 02:00:00+00:00,121.766,127.66773076453762,106.49848136692665,148.8369801621486,138.415
WARD_B,2025-05-30 20:00:00+00:00,2025-05-31 02:00:00+00:00,131.785,135.57505774278494,114.40580834517397,156.7443071403959,145.419
ICU,2025-05-30 21:00:00+00:00,2025-05-31 03:00:00+00:00,49.706,57.30784253704105,36.138593139430085,78.47709193465201,66.354
OPD,2025-05-30 21:00:00+00:00,2025-05-31 03:00:00+00:00,21.976,20.82661388439431,0.0,41.995863282005274,26.467
WARD_A,2025-05-30 21:00:00+00:00,2025-05-31 03:00:00+00:00,130.43,122.17806090358538,101.0088115059744,143.34731030119633,156.4
WARD_B,2025-05-30 21:00:00+00:00,2025-05-31 03:00:00+00:00,142.87,132.97206013639314,111.80281073878217,154.1413095340041,109.287
ICU,2025-05-30 22:00:00+00:00,2025-05-31 04:00:00+00:00,64.367,59.85615673392945,38.686907336318484,81.02540613154042,71.745
OPD,2025-05-30 22:00:00+00:00,2025-05-31 04:00:00+00:00,43.026,26.780785873275548,5.6115364756645825,47.95003527088652,31.939
WARD_A,2025-05-30 22:00:00+00:00,2025-05-31 04:00:00+00:00,118.688,126.94402250352255,105.77477310591158,148.11327190113352,131.018
WARD_B,2025-05-30 22:00:00+00:00,2025-05-31 04:00:00+00:00,148.607,134.0443035819927,112.87505418438172,155.21355297960366,131.575
ICU,2025-05-30 23:00:00+00:00,2025-05-31 05:00:00+00:00,47.142,59.63934681626661,38.47009741865564,80.80859621387758,66.396
OPD,2025-05-30 23:00:00+00:00,2025-05-31 05:00:00+00:00,27.115,24.152589023510394,2.983339625899429,45.321838421121356,34.558
WARD_A,2025-05-30 23:00:00+00:00,2025-05-31 05:00:00+00:00,136.756,124.33599580274594,103.16674640513497,145.5052452003569,147.714
WARD_B,2025-05-30 23:00:00+00:00,2025-05-31 05:00:00+00:00,149.208,133.81870572169993,112.64945632408896,154.9879551193109,129.06
ICU,2025-05-31 00:00:00+00:00,2025-05-31 06:00:00+00:00,135.403,136.7731281047297,115.60387870711872,157.94237750234066,152.729
OPD,2025-05-31 00:00:00+00:00,2025-05-31 06:00:00+00:00,82.705,106.2606213767437,85.09137197913273,127.42987077435467,94.953
WARD_A,2025-05-31 00:00:00+00:00,2025-05-31 06:00:00+00:00,195.056,204.39442613795455,183.22517674034358,225.56367553556552,236.389
WARD_B,2025-05-31 00:00:00+00:00,2025-05-31 06:00:00+00:00,221.907,216.3236705489548,195.15442115134383,237.49291994656576,219.471
ICU,2025-05-31 01:00:00+00:00,2025-05-31 07:00:00+00:00,60.521,58.2856258071717,37.11637640956073,79.45487520478267,63.701
OPD,2025-05-31 01:00:00+00:00,2025-05-31 07:00:00+00:00,23.698,31.099088390412206,9.92983899280124,52.268337788023175,13.767
WARD_A,2025-05-31 01:00:00+00:00,2025-05-31 07:00:00+00:00,127.092,125.6116174605833,104.44236806297233,146.78086685819426,135.684
WARD_B,2025-05-31 01:00:00+00:00,2025-05-31 07:00:00+00:00,140.187,137.82135137567883,116.65210197806786,158.9906007732898,128.236
ICU,2025-05-31 02:00:00+00:00,2025-05-31 08:00:00+00:00,57.704,63.00833318676987,41.839083789158906,84.17758258438083,86.297
OPD,2025-05-31 02:00:00+00:00,2025-05-31 08:00:00+00:00,69.686,73.79255145804898,52.62330206043801,94.96180085565994,93.231
WARD_A,2025-05-31 02:00:00+00:00,2025-05-31 08:00:00+00:00,135.626,128.18853355669467,107.0192841590837,149.35778295430563,135.64
WARD_B,2025-05-31 02:00:00+00:00,2025-05-31 08:00:00+00:00,149.189,138.29786571846958,117.12861632085861,159.46711511608055,144.785
ICU,2025-05-31 03:00:00+00:00,2025-05-31 09:00:00+00:00,62.167,63.98843401897368,42.81918462136271,85.15768341658465,80.04
OPD,2025-05-31 03:00:00+00:00,2025-05-31 09:00:00+00:00,57.092,76.60472676823915,55.43547737062818,97.77397616585012,92.02
WARD_A,2025-05-31 03:00:00+00:00,2025-05-31 09:00:00+00:00,138.114,128.58422521805645,107.41497582044548,149.75347461566741,139.123
WARD_B,2025-05-31 03:00:00+00:00,2025-05-31 09:00:00+00:00,146.778,141.20061968140024,120.03137028378927,162.3698690790112,134.762
ICU,2025-05-31 04:00:00+00:00,2025-05-31 10:00:00+00:00,38.925,65.85746031293091,44.68821091531994,87.02670971054188,59.791
OPD,2025-05-31 04:00:00+00:00,2025-05-31 10:00:00+00:00,106.382,77.001679413825,55.83243001621403,98.17092881143597,53.815
WARD_A,2025-05-31 04:00:00+00:00,2025-05-31 10:00:00+00:00,122.793,128.97384886051907,107.8045994629081,150.14309825813004,147.633
WARD_B,2025-05-31 04:00:00+00:00,2025-05-31 10:00:00+00:00,146.032,141.4915482353706,120.32229883775963,162.66079763298157,142.856
ICU,2025-05-31 05:00:00+00:00,2025-05-31 11:00:00+00:00,54.073,67.69918474590871,46.52993534829774,88.86843414351968,78.544
OPD,2025-05-31 05:00:00+00:00,2025-05-31 11:00:00+00:00,70.625,80.36492040042369,59.195671002812716,101.53416979803465,87.617
WARD_A,2025-05-31 05:00:00+00:00,2025-05-31 11:00:00+00:00,113.956,134.09605109832327,112.9268017007123,155.26530049593424,155.002
WARD_B,2025-05-31 05:00:00+00:00,2025-05-31 11:00:00+00:00,147.551,144.42049730381507,123.2512479062041,165.58974670142604,139.153
ICU,2025-05-31 06:00:00+00:00,2025-05-31 12:00:00+00:00,73.412,69.47264101614358,48.303391618532615,90.64189041375455,85.668
OPD,2025-05-31 06:00:00+00:00,2025-05-31 12:00:00+00:00,64.25,77.98116503502646,56.811915637415495,99.15041443263743,89.818
WARD_A,2025-05-31 06:00:00+00:00,2025-05-31 12:00:00+00:00,137.282,128.5417561121216,107.37250671451062,149.71100550973256,121.557
WARD_B,2025-05-31 06:00:00+00:00,2025-05-31 12:00:00+00:00,147.072,144.7321436425557,123.56289424494474,165.90139304016668,122.587
ICU,2025-05-31 07:00:00+00:00,2025-05-31 13:00:00+00:00,55.43,65.58724507225146,44.417995674640494,86.75649446986243,67.348
OPD,2025-05-31 07:00:00+00:00,2025-05-31 13:00:00+00:00,83.528,79.74304446295618,58.57379506534521,100.91229386056715,95.116
WARD_A,2025-05-31 07:00:00+00:00,2025-05-31 13:00:00+00:00,150.311,130.85734817152297,109.688098773912,152.02659756913394,162.654
WARD_B,2025-05-31 07:00:00+00:00,2025-05-31 13:00:00+00:00,174.398,147.14330077331212,125.97405137570115,168.3125501709231,144.213
ICU,2025-05-31 08:00:00+00:00,2025-05-31 14:00:00+00:00,147.105,150.28163322979884,129.11238383218787,171.4508826274098,142.729
OPD,2025-05-31 08:00:00+00:00,2025-05-31 14:00:00+00:00,161.777,162.69398838394432,141.52473898633335,183.86323778155528,135.293
WARD_A,2025-05-31 08:00:00+00:00,2025-05-31 14:00:00+00:00,213.329,207.56382511810827,186.3945757204973,228.73307451571924,249.236
WARD_B,2025-05-31 08:00:00+00:00,2025-05-31 14:00:00+00:00,229.245,227.72095750717378,206.5517081095628,248.89020690478475,210.534
ICU,2025-05-31 09:00:00+00:00,2025-05-31 15:00:00+00:00,58.844,70.26163539609196,49.09238599848099,91.43088479370293,58.831
OPD,2025-05-31 09:00:00+00:00,2025-05-31 15:00:00+00:00,102.144,81.46332984991571,60.29408045230474,102.63257924752668,80.295
WARD_A,2025-05-31 09:00:00+00:00,2025-05-31 15:00:00+00:00,117.702,129.67893148644433,108.50968208883336,150.8481808840553,152.445
WARD_B,2025-05-31 09:00:00+00:00,2025-05-31 15:00:00+00:00,142.932,146.0624823804086,124.89323298279763,167.23173177801957,136.039
ICU,2025-05-31 10:00:00+00:00,2025-05-31 16:00:00+00:00,57.602,66.22281193366761,45.053562536056646,87.39206133127858,59.183
OPD,2025-05-31 10:00:00+00:00,2025-05-31 16:00:00+00:00,79.549,80.5137440976647,59.34449470005373,101.68299349527567,90.972
WARD_A,2025-05-31 10:00:00+00:00,2025-05-31 16:00:00+00:00,115.366,128.50802842465507,107.3387790270441,149.67727782226603,161.752
WARD_B,2025-05-31 10:00:00+00:00,2025-05-31 16:00:00+00:00,131.683,144.38186940619542,123.21262000858445,165.5511188038064,136.061
ICU,2025-05-31 11:00:00+00:00,2025-05-31 17:00:00+00:00,77.362,69.9085166207059,48.73926722309493,91.07776601831686,74.735
OPD,2025-05-31 11:00:00+00:00,2025-05-31 17:00:00+00:00,56.645,75.04971982345525,53.88047042584428,96.21896922106622,81.15
WARD_A,2025-05-31 11:00:00+00:00,2025-05-31 17:00:00+00:00,143.949,127.63767738431386,106.46842798670289,148.80692678192483,155.607
WARD_B,2025-05-31 11:00:00+00:00,2025-05-31 17:00:00+00:00,136.299,144.90208607456677,123.7328366769558,166.07133547217774,126.222
ICU,2025-05-31 12:00:00+00:00,2025-05-31 18:00:00+00:00,53.781,53.63213853427149,32.46288913666052,74.80138793188246,59.73
OPD,2025-05-31 12:00:00+00:00,2025-05-31 18:00:00+00:00,24.517,31.84173816505549,10.672488767444523,53.01098756266646,21.696
WARD_A,2025-05-31 12:00:00+00:00,2025-05-31 18:00:00+00:00,124.433,129.05781315635974,107.88856375874877,150.2270625539707,152.228
WARD_B,2025-05-31 12:00:00+00:00,2025-05-31 18:00:00+00:00,155.241,143.57258722341484,122.40333782580387,164.7418366210258,99.18
ICU,2025-05-31 13:00:00+00:00,2025-05-31 19:00:00+00:00,54.339,50.83693618001097,29.667686782400008,72.00618557762193,71.633
OPD,2025-05-31 13:00:00+00:00,2025-05-31 19:00:00+00:00,38.103,21.29629703468091,0.12704763706994626,42.46554643229187,34.982
WARD_A,2025-05-31 13:00:00+00:00,2025-05-31 19:00:00+00:00,109.151,129.49079567048548,108.32154627287451,150.66004506809645,139.453
ICU,2025-05-31 14:00:00+00:00,2025-05-31 20:00:00+00:00,137.511,130.8844229344645,109.71517353685354,152.05367233207548,146.185
OPD,2025-05-31 14:00:00+00:00,2025-05-31 20:00:00+00:00,114.331,109.89123104781945,88.72198165020848,131.06048044543041,107.122
WARD_A,2025-05-31 14:00:00+00:00,2025-05-31 20:00:00+00:00,209.024,188.02405694091703,166.85480754330607,209.193306338528,229.945
WARD_B,2025-05-31 14:00:00+00:00,2025-05-31 20:00:00+00:00,221.456,211.8330625578292,190.66381316021824,233.00231195544018,211.779
ICU,2025-05-31 15:00:00+00:00,2025-05-31 21:00:00+00:00,57.144,54.904068283989375,33.734818886378406,76.07331768160034,75.789
OPD,2025-05-31 15:00:00+00:00,2025-05-31 21:00:00+00:00,19.541,23.716462242352197,2.5472128447412317,44.88571163996316,12.828
WARD_A,2025-05-31 15:00:00+00:00,2025-05-31 21:00:00+00:00,129.15,125.82502162326882,104.65577222565786,146.99427102087978,133.338
WARD_B,2025-05-31 15:00:00+00:00,2025-05-31 21:00:00+00:00,126.506,140.863102388127,119.69385299051604,162.03235178573797,133.293
ICU,2025-05-31 16:00:00+00:00,2025-05-31 22:00:00+00:00,62.636,54.7791011490207,33.609851751409735,75.94835054663166,54.358
OPD,2025-05-31 16:00:00+00:00,2025-05-31 22:00:00+00:00,13.326,23.59149510738352,2.422245709772554,44.760744504994484,12.84
WARD_A,2025-05-31 16:00:00+00:00,2025-05-31 22:00:00+00:00,118.259,123.94307202430188,102.77382262669092,145.11232142191284,116.824
WARD_B,2025-05-31 16:00:00+00:00,2025-05-31 22:00:00+00:00,147.46,141.32022655542653,120.15097715781556,162.4894759530375,125.807
ICU,2025-05-31 17:00:00+00:00,2025-05-31 23:00:00+00:00,44.72,56.70700777208443,35.53775837447347,77.87625716969539,58.273
OPD,2025-05-31 17:00:00+00:00,2025-05-31 23:00:00+00:00,7.872,23.834019147871185,2.66476975026022,45.00326854548215,17.588
WARD_A,2025-05-31 17:00:00+00:00,2025-05-31 23:00:00+00:00,134.742,126.29586536265103,105.12661596504006,147.465114760262,131.203
WARD_B,2025-05-31 17:00:00+00:00,2025-05-31 23:00:00+00:00,153.921,140.83267951609216,119.66343011848119,162.00192891370313,129.23
ICU,2025-05-31 18:00:00+00:00,2025-06-01 00:00:00+00:00,61.144,57.152996769673734,35.983747372062766,78.3222461672847,71.134
OPD,2025-05-31 18:00:00+00:00,2025-06-01 00:00:00+00:00,8.867,20.907395000027638,0.0,42.0766443976386,12.8
WARD_A,2025-05-31 18:00:00+00:00,2025-06-01 00:00:00+00:00,138.982,126.2307564892627,105.06150709165173,147.40000588687366,137.558
WARD_B,2025-05-31 18:00:00+00:00,2025-06-01 00:00:00+00:00,139.401,142.02041021410653,120.85116081649556,163.1896596117175,140.075
ICU,2025-05-31 19:00:00+00:00,2025-06-01 01:00:00+00:00,52.445,57.3361499569165,36.16690055930553,78.50539935452747,67.585
OPD,2025-05-31 19:00:00+00:00,2025-06-01 01:00:00+00:00,8.403,22.87787939939142,1.708630001780456,44.04712879700239,35.91
ICU,2025-05-31 20:00:00+00:00,2025-06-01 02:00:00+00:00,60.932,62.12049079031467,40.95124139270371,83.28974018792563,72.549
OPD,2025-05-31 20:00:00+00:00,2025-06-01 02:00:00+00:00,8.984,24.113408696259462,2.944159298648497,45.282658093870424,33.88
WARD_A,2025-05-31 20:00:00+00:00,2025-06-01 02:00:00+00:00,130.572,126.78064121399095,105.61139181637998,147.94989061160192,148.517
WARD_B,2025-05-31 20:00:00+00:00,2025-06-01 02:00:00+00:00,143.658,142.1400680562494,120.97081865863842,163.30931745386036,141.129
ICU,2025-05-31 21:00:00+00:00,2025-06-01 03:00:00+00:00,75.635,57.30784253704105,36.138593139430085,78.47709193465201,59.093
OPD,2025-05-31 21:00:00+00:00,2025-06-01 03:00:00+00:00,25.369,20.225441452203846,0.0,41.39469084981481,17.507
WARD_A,2025-05-31 21:00:00+00:00,2025-06-01 03:00:00+00:00,144.152,124.96447028386939,103.79522088625842,146.13371968148036,135.642
WARD_B,2025-05-31 21:00:00+00:00,2025-06-01 03:00:00+00:00,136.687,141.16953391213144,120.00028451452047,162.3387833097424,150.732
ICU,2025-05-31 22:00:00+00:00,2025-06-01 04:00:00+00:00,50.107,58.60799351842455,37.43874412081358,79.77724291603552,71.347
OPD,2025-05-31 22:00:00+00:00,2025-06-01 04:00:00+00:00,29.948,27.131492166344575,5.96224276873361,48.30074156395554,25.379
WARD_A,2025-05-31 22:00:00+00:00,2025-06-01 04:00:00+00:00,135.988,127.44170334352805,106.27245394591708,148.61095274113902,130.734
WARD_B,2025-05-31 22:00:00+00:00,2025-06-01 04:00:00+00:00,144.403,145.04599283157748,123.87674343396651,166.21524222918845,135.14
OPD,2025-05-31 23:00:00+00:00,2025-06-01 05:00:00+00:00,18.036,21.833380918654917,0.6641315210439522,43.00263031626588,19.381
WARD_A,2025-05-31 23:00:00+00:00,2025-06-01 05:00:00+00:00,151.718,125.98337444367618,104.81412504606521,147.15262384128715,134.017
WARD_B,2025-05-31 23:00:00+00:00,2025-06-01 05:00:00+00:00,134.141,144.618243690776,123.44899429316504,165.78749308838698,147.038
ICU,2025-06-01 00:00:00+00:00,2025-06-01 06:00:00+00:00,138.45,135.61025893357387,114.4410095359629,156.77950833118484,155.371
OPD,2025-06-01 00:00:00+00:00,2025-06-01 06:00:00+00:00,107.593,96.67431096637182,75.50506156876085,117.84356036398279,105.13
WARD_B,2025-06-01 00:00:00+00:00,2025-06-01 06:00:00+00:00,237.464,229.0926002288691,207.92335083125812,250.26184962648006,226.694
ICU,2025-06-01 01:00:00+00:00,2025-06-01 07:00:00+00:00,61.617,53.18427095715437,32.0150215595434,74.35352035476534,52.671
OPD,2025-06-01 01:00:00+00:00,2025-06-01 07:00:00+00:00,27.836,20.66398431874746,0.0,41.83323371635842,16.636
WARD_A,2025-06-01 01:00:00+00:00,2025-06-01 07:00:00+00:00,128.188,126.78329573753736,105.61404633992639,147.9525451351483,143.709
WARD_B,2025-06-01 01:00:00+00:00,2025-06-01 07:00:00+00:00,168.024,143.89084425485254,122.72159485724157,165.0600936524635,128.698
ICU,2025-06-01 02:00:00+00:00,2025-06-01 08:00:00+00:00,63.473,58.742144200329626,37.572894802718665,79.91139359794059,64.673
OPD,2025-06-01 02:00:00+00:00,2025-06-01 08:00:00+00:00,26.609,27.567116240917432,6.397866843306467,48.7363656385284,26.551
WARD_A,2025-06-01 02:00:00+00:00,2025-06-01 08:00:00+00:00,125.119,126.60230132359057,105.4330519259796,147.77155072120152,129.997
WARD_B,2025-06-01 02:00:00+00:00,2025-06-01 08:00:00+00:00,148.181,144.71205793124776,123.54280853363679,165.88130732885872,113.802
ICU,2025-06-01 03:00:00+00:00,2025-06-01 09:00:00+00:00,52.193,59.28119949620143,38.11195009859047,80.45044889381239,77.033
OPD,2025-06-01 03:00:00+00:00,2025-06-01 09:00:00+00:00,25.543,30.134770574392498,8.965521176781532,51.30401997200346,20.575
WARD_A,2025-06-01 03:00:00+00:00,2025-06-01 09:00:00+00:00,129.416,127.65321975479131,106.48397035718034,148.82246915240228,144.396
WARD_B,2025-06-01 03:00:00+00:00,2025-06-01 09:00:00+00:00,145.626,145.2599063872451,124.09065698963414,166.42915578485608,139.932
ICU,2025-06-01 04:00:00+00:00,2025-06-01 10:00:00+00:00,47.559,56.52297799782552,35.35372860021455,77.69222739543649,70.498
OPD,2025-06-01 04:00:00+00:00,2025-06-01 10:00:00+00:00,30.375,29.748276804990716,8.579027407379751,50.91752620260168,18.862
WARD_A,2025-06-01 04:00:00+00:00,2025-06-01 10:00:00+00:00,131.024,129.9363795164424,108.76713011883143,151.10562891405337,119.016
WARD_B,2025-06-01 04:00:00+00:00,2025-06-01 10:00:00+00:00,136.095,145.8569325055214,124.68768310791043,167.02618190313237,122.706
OPD,2025-06-01 05:00:00+00:00,2025-06-01 11:00:00+00:00,26.78,29.75696958848069,8.587720190869724,50.926218986091655,18.673
WARD_A,2025-06-01 05:00:00+00:00,2025-06-01 11:00:00+00:00,128.56,131.65006302903808,110.48081363142711,152.81931242664905,139.028
WARD_B,2025-06-01 05:00:00+00:00,2025-06-01 11:00:00+00:00,150.589,141.4580933482352,120.28884395062423,162.62734274584616,118.869
ICU,2025-06-01 06:00:00+00:00,2025-06-01 12:00:00+00:00,43.26,62.113556646172476,40.944307248561515,83.28280604378344,59.822
OPD,2025-06-01 06:00:00+00:00,2025-06-01 12:00:00+00:00,14.965,42.58608453364473,21.416835136033765,63.75533393125569,30.533
WARD_B,2025-06-01 06:00:00+00:00,2025-06-01 12:00:00+00:00,132.523,154.14626286615785,132.9770134685469,175.31551226376882,141.593
ICU,2025-06-01 07:00:00+00:00,2025-06-01 13:00:00+00:00,53.172,57.57465256974779,36.40540317213683,78.74390196735875,69.135
OPD,2025-06-01 07:00:00+00:00,2025-06-01 13:00:00+00:00,24.289,29.574652988772396,8.40540359116143,50.74390238638336,15.05
WARD_A,2025-06-01 07:00:00+00:00,2025-06-01 13:00:00+00:00,138.259,130.85818518902454,109.68893579141357,152.0274345866355,156.841
WARD_B,2025-06-01 07:00:00+00:00,2025-06-01 13:00:00+00:00,131.835,151.7602586533933,130.59100925578232,172.92950805100426,121.451
ICU,2025-06-01 08:00:00+00:00,2025-06-01 14:00:00+00:00,140.567,132.1218221828694,110.95257278525844,153.29107158048038,153.906
OPD,2025-06-01 08:00:00+00:00,2025-06-01 14:00:00+00:00,121.9,101.07859251094843,79.90934311333746,122.2478419085594,102.16
WARD_A,2025-06-01 08:00:00+00:00,2025-06-01 14:00:00+00:00,227.316,212.12863130382462,190.95938190621365,233.2978807014356,207.854
WARD_B,2025-06-01 08:00:00+00:00,2025-06-01 14:00:00+00:00,216.744,232.48678056943177,211.3175311718208,253.65602996704274,198.669
ICU,2025-06-01 09:00:00+00:00,2025-06-01 15:00:00+00:00,70.721,60.73964705407615,39.57039765646519,81.90889645168711,63.307
OPD,2025-06-01 09:00:00+00:00,2025-06-01 15:00:00+00:00,20.151,32.57723501629569,11.407985618684723,53.74648441390666,16.614
WARD_A,2025-06-01 09:00:00+00:00,2025-06-01 15:00:00+00:00,143.379,133.505089740124,112.33584034251302,154.67433913773496,139.461
WARD_B,2025-06-01 09:00:00+00:00,2025-06-01 15:00:00+00:00,148.225,146.75059340457722,125.58134400696625,167.91984280218819,121.877
ICU,2025-06-01 10:00:00+00:00,2025-06-01 16:00:00+00:00,38.359,60.52078716689717,39.35153776928621,81.69003656450813,45.787
OPD,2025-06-01 10:00:00+00:00,2025-06-01 16:00:00+00:00,27.71,31.955789194477568,10.786539796866602,53.12503859208853,27.821
WARD_A,2025-06-01 10:00:00+00:00,2025-06-01 16:00:00+00:00,139.958,130.70621035639164,109.53696095878067,151.8754597540026,138.238
WARD_B,2025-06-01 10:00:00+00:00,2025-06-01 16:00:00+00:00,131.942,145.52170903713167,124.3524596395207,166.69095843474264,114.452
ICU,2025-06-01 11:00:00+00:00,2025-06-01 17:00:00+00:00,54.583,63.20755194941663,42.03830255180567,84.3768013470276,72.984
OPD,2025-06-01 11:00:00+00:00,2025-06-01 17:00:00+00:00,37.432,31.89098301535189,10.721733617740924,53.060232412962854,35.062
WARD_A,2025-06-01 11:00:00+00:00,2025-06-01 17:00:00+00:00,119.487,131.88215146598455,110.71290206837358,153.05140086359552,138.656
WARD_B,2025-06-01 11:00:00+00:00,2025-06-01 17:00:00+00:00,150.665,145.5803645291422,124.41111513153123,166.74961392675317,119.852
ICU,2025-06-01 12:00:00+00:00,2025-06-01 18:00:00+00:00,55.293,50.2906635199329,29.121414122321934,71.45991291754386,76.71
OPD,2025-06-01 12:00:00+00:00,2025-06-01 18:00:00+00:00,17.87,24.73528746963539,3.5660380720244262,45.90453686724636,16.45
WARD_A,2025-06-01 12:00:00+00:00,2025-06-01 18:00:00+00:00,129.755,131.62820375853846,110.45895436092749,152.79745315614943,149.887
WARD_B,2025-06-01 12:00:00+00:00,2025-06-01 18:00:00+00:00,140.3,142.286116449908,121.11686705229704,163.45536584751898,121.891
ICU,2025-06-01 13:00:00+00:00,2025-06-01 19:00:00+00:00,55.983,55.39594704533318,34.22669764772222,76.56519644294414,62.41
OPD,2025-06-01 13:00:00+00:00,2025-06-01 19:00:00+00:00,11.543,24.709248242352537,3.5399988447415716,45.8784976399635,33.568
WARD_A,2025-06-01 13:00:00+00:00,2025-06-01 19:00:00+00:00,129.585,131.50268809165914,110.33343869404817,152.6719374892701,134.762
WARD_B,2025-06-01 13:00:00+00:00,2025-06-01 19:00:00+00:00,159.888,142.71052408030764,121.54127468269667,163.8797734779186,120.051
ICU,2025-06-01 14:00:00+00:00,2025-06-01 20:00:00+00:00,139.374,124.32462397030345,103.15537457269248,145.4938733679144,147.929
OPD,2025-06-01 14:00:00+00:00,2025-06-01 20:00:00+00:00,106.78,88.42607551674048,67.25682611912951,109.59532491435145,116.252
WARD_A,2025-06-01 14:00:00+00:00,2025-06-01 20:00:00+00:00,229.701,203.26848955236997,182.099240154759,224.43773894998094,210.524
WARD_B,2025-06-01 14:00:00+00:00,2025-06-01 20:00:00+00:00,256.663,196.44173033708535,175.27248093947438,217.61097973469631,216.719
ICU,2025-06-01 15:00:00+00:00,2025-06-01 21:00:00+00:00,62.483,54.86146344936033,33.69221405174936,76.0307128469713,65.124
OPD,2025-06-01 15:00:00+00:00,2025-06-01 21:00:00+00:00,17.608,21.051522380544736,0.0,42.2207717781557,13.946
WARD_A,2025-06-01 15:00:00+00:00,2025-06-01 21:00:00+00:00,129.411,131.75553165527108,110.58628225766012,152.92478105288205,144.545
WARD_B,2025-06-01 15:00:00+00:00,2025-06-01 21:00:00+00:00,135.23,142.3350791643223,121.16582976671134,163.50432856193328,130.716
ICU,2025-06-01 16:00:00+00:00,2025-06-01 22:00:00+00:00,64.734,54.7791011490207,33.609851751409735,75.94835054663166,77.384
OPD,2025-06-01 16:00:00+00:00,2025-06-01 22:00:00+00:00,22.494,20.979728553431457,0.0,42.148977951042426,23.749
WARD_A,2025-06-01 16:00:00+00:00,2025-06-01 22:00:00+00:00,129.309,131.34294854121094,110.17369914359998,152.5121979388219,129.631
WARD_B,2025-06-01 16:00:00+00:00,2025-06-01 22:00:00+00:00,161.592,142.1484221593508,120.97917276173982,163.31767155696176,115.303
ICU,2025-06-01 17:00:00+00:00,2025-06-01 23:00:00+00:00,55.595,54.10521958796351,32.93597019035255,75.27446898557447,63.104
OPD,2025-06-01 17:00:00+00:00,2025-06-01 23:00:00+00:00,12.192,22.518589241183204,1.3493398435722384,43.68783863879417,13.097
WARD_A,2025-06-01 17:00:00+00:00,2025-06-01 23:00:00+00:00,130.664,126.2584046642447,105.08915526663372,147.42765406185566,138.806
WARD_B,2025-06-01 17:00:00+00:00,2025-06-01 23:00:00+00:00,165.039,141.68878348203572,120.51953408442475,162.8580328796467,124.419
ICU,2025-06-01 18:00:00+00:00,2025-06-02 00:00:00+00:00,65.713,65.0102451078052,43.840995710194235,86.17949450541617,61.871
OPD,2025-06-01 18:00:00+00:00,2025-06-02 00:00:00+00:00,12.71,21.75939351807178,0.5901441204608133,42.928642915682744,19.209
WARD_A,2025-06-01 18:00:00+00:00,2025-06-02 00:00:00+00:00,133.917,127.60023389317837,106.4309844955674,148.76948329078934,143.447
WARD_B,2025-06-01 18:00:00+00:00,2025-06-02 00:00:00+00:00,157.967,143.77111174878465,122.60186235117368,164.94036114639562,139.141
ICU,2025-06-01 19:00:00+00:00,2025-06-02 01:00:00+00:00,64.881,61.77498747380374,40.60573807619278,82.9442368714147,68.752
OPD,2025-06-01 19:00:00+00:00,2025-06-02 01:00:00+00:00,20.649,23.008874404689617,1.8396250070786522,44.17812380230058,10.477
WARD_A,2025-06-01 19:00:00+00:00,2025-06-02 01:00:00+00:00,131.014,131.49095262284163,110.32170322523066,152.6602020204526,124.274
ICU,2025-06-01 20:00:00+00:00,2025-06-02 02:00:00+00:00,67.64,69.24137423189367,48.072124834282704,90.41062362950464,63.311
OPD,2025-06-01 20:00:00+00:00,2025-06-02 02:00:00+00:00,18.198,24.87339887247493,3.7041494748639643,46.04264827008589,18.516
WARD_A,2025-06-01 20:00:00+00:00,2025-06-02 02:00:00+00:00,135.689,134.69962799727077,113.5303785996598,155.86887739488174,126.449
WARD_B,2025-06-01 20:00:00+00:00,2025-06-02 02:00:00+00:00,148.077,156.6291616722687,135.45991227465774,177.79841106987968,132.362
ICU,2025-06-01 21:00:00+00:00,2025-06-02 03:00:00+00:00,56.155,63.063517532433956,41.894268134822994,84.23276693004492,58.802
OPD,2025-06-01 21:00:00+00:00,2025-06-02 03:00:00+00:00,34.83,24.201668036972976,3.0324186393620103,45.370917434583944,19.786
WARD_A,2025-06-01 21:00:00+00:00,2025-06-02 03:00:00+00:00,154.382,131.04350072145948,109.87425132384851,152.21275011907045,121.756
WARD_B,2025-06-01 21:00:00+00:00,2025-06-02 03:00:00+00:00,149.173,144.76138033573815,123.59213093812718,165.93062973334912,131.868
ICU,2025-06-01 22:00:00+00:00,2025-06-02 04:00:00+00:00,64.114,60.32577899358186,39.156529595970895,81.49502839119282,44.673
OPD,2025-06-01 22:00:00+00:00,2025-06-02 04:00:00+00:00,16.348,26.00641226747077,4.837162869859803,47.17566166508173,14.232
WARD_A,2025-06-01 22:00:00+00:00,2025-06-02 04:00:00+00:00,139.527,137.84618564077547,116.6769362431645,159.01543503838644,136.035
WARD_B,2025-06-01 22:00:00+00:00,2025-06-02 04:00:00+00:00,157.71,147.85965363946534,126.69040424185437,169.0289030370763,112.147
ICU,2025-06-01 23:00:00+00:00,2025-06-02 05:00:00+00:00,52.654,70.17922869765556,49.00997930004459,91.34847809526653,69.883
OPD,2025-06-01 23:00:00+00:00,2025-06-02 05:00:00+00:00,18.847,26.111239929029704,4.941990531418739,47.28048932664067,25.239
WARD_A,2025-06-01 23:00:00+00:00,2025-06-02 05:00:00+00:00,142.361,133.77112478450445,112.60187538689348,154.94037418211542,112.175
WARD_B,2025-06-01 23:00:00+00:00,2025-06-02 05:00:00+00:00,165.262,155.19967182166408,134.0304224240531,176.36892121927505,111.674
ICU,2025-06-02 00:00:00+00:00,2025-06-02 06:00:00+00:00,136.843,142.7501549882022,121.58090559059124,163.91940438581318,153.172
OPD,2025-06-02 00:00:00+00:00,2025-06-02 06:00:00+00:00,110.879,106.67702536700713,85.50777596939616,127.8462747646181,116.059
WARD_A,2025-06-02 00:00:00+00:00,2025-06-02 06:00:00+00:00,209.109,215.91615141832236,194.7469020207114,237.08540081593333,222.79
WARD_B,2025-06-02 00:00:00+00:00,2025-06-02 06:00:00+00:00,247.245,226.51021759705932,205.34096819944835,247.6794669946703,205.565
ICU,2025-06-02 01:00:00+00:00,2025-06-02 07:00:00+00:00,73.939,69.64300979191448,48.47376039430351,90.81225918952545,71.563
OPD,2025-06-02 01:00:00+00:00,2025-06-02 07:00:00+00:00,43.399,31.996708551543087,10.827459153932121,53.16595794915405,26.114
WARD_A,2025-06-02 01:00:00+00:00,2025-06-02 07:00:00+00:00,135.5,136.19041456760988,115.02116516999891,157.35966396522085,132.668
WARD_B,2025-06-02 01:00:00+00:00,2025-06-02 07:00:00+00:00,156.85,149.62547365708826,128.4562242594773,170.79472305469923,130.378
ICU,2025-06-02 02:00:00+00:00,2025-06-02 08:00:00+00:00,57.413,80.26185231228207,59.092602914671104,101.43110170989304,73.508
OPD,2025-06-02 02:00:00+00:00,2025-06-02 08:00:00+00:00,67.768,77.00903200335611,55.83978260574514,98.17828140096708,99.17
WARD_A,2025-06-02 02:00:00+00:00,2025-06-02 08:00:00+00:00,129.985,139.3694521070049,118.20020270939392,160.53870150461586,137.374
WARD_B,2025-06-02 02:00:00+00:00,2025-06-02 08:00:00+00:00,135.593,151.63538307017149,130.46613367256052,172.80463246778245,123.637
ICU,2025-06-02 03:00:00+00:00,2025-06-02 09:00:00+00:00,60.711,81.43744862525696,60.268199227645994,102.60669802286793,65.476
OPD,2025-06-02 03:00:00+00:00,2025-06-02 09:00:00+00:00,87.376,78.61231097736449,57.44306157975352,99.78156037497546,104.315
WARD_A,2025-06-02 03:00:00+00:00,2025-06-02 09:00:00+00:00,142.284,143.45570244845166,122.28645305084069,164.62495184606263,135.923
WARD_B,2025-06-02 03:00:00+00:00,2025-06-02 09:00:00+00:00,155.917,151.58060026418607,130.4113508665751,172.74984966179704,134.171
ICU,2025-06-02 04:00:00+00:00,2025-06-02 10:00:00+00:00,43.616,76.88900647692832,55.71975707931735,98.05825587453928,74.565
OPD,2025-06-02 04:00:00+00:00,2025-06-02 10:00:00+00:00,71.144,80.66147915119008,59.49222975357911,101.83072854880105,83.446
WARD_A,2025-06-02 04:00:00+00:00,2025-06-02 10:00:00+00:00,127.853,139.9646032775378,118.79535387992684,161.13385267514877,141.238
WARD_B,2025-06-02 04:00:00+00:00,2025-06-02 10:00:00+00:00,150.942,151.36424680237906,130.1949974047681,172.53349619999003,103.25
OPD,2025-06-02 05:00:00+00:00,2025-06-02 11:00:00+00:00,74.066,82.35663710134786,61.18738770373689,103.52588649895883,65.325
WARD_A,2025-06-02 05:00:00+00:00,2025-06-02 11:00:00+00:00,135.045,141.23046707746792,120.06121767985695,162.3997164750789,134.056
WARD_B,2025-06-02 05:00:00+00:00,2025-06-02 11:00:00+00:00,164.763,159.44257500727903,138.27332560966806,180.61182440489,136.081
ICU,2025-06-02 06:00:00+00:00,2025-06-02 12:00:00+00:00,56.246,72.42943464170025,51.260185244089286,93.59868403931122,73.039
OPD,2025-06-02 06:00:00+00:00,2025-06-02 12:00:00+00:00,70.64,82.44036288356489,61.27111348595392,103.60961228117586,75.447
WARD_A,2025-06-02 06:00:00+00:00,2025-06-02 12:00:00+00:00,146.744,135.8996286312971,114.73037923368614,157.06887802890807,129.288
WARD_B,2025-06-02 06:00:00+00:00,2025-06-02 12:00:00+00:00,155.735,156.62372776722907,135.4544783696181,177.79297716484004,129.586
ICU,2025-06-02 07:00:00+00:00,2025-06-02 13:00:00+00:00,61.138,74.80779179031934,53.63854239270837,95.97704118793031,80.291
OPD,2025-06-02 07:00:00+00:00,2025-06-02 13:00:00+00:00,67.075,80.98888458954448,59.819635191933514,102.15813398715545,94.629
WARD_A,2025-06-02 07:00:00+00:00,2025-06-02 13:00:00+00:00,149.702,140.96494800704863,119.79569860943766,162.1341974046596,120.222
WARD_B,2025-06-02 07:00:00+00:00,2025-06-02 13:00:00+00:00,164.062,153.7910631002344,132.62181370262343,174.96031249784536,117.686
ICU,2025-06-02 08:00:00+00:00,2025-06-02 14:00:00+00:00,148.899,157.46554075235755,136.2962913547466,178.63479014996852,143.218
OPD,2025-06-02 08:00:00+00:00,2025-06-02 14:00:00+00:00,183.319,162.06992092666962,140.90067152905866,183.2391703242806,151.775
WARD_A,2025-06-02 08:00:00+00:00,2025-06-02 14:00:00+00:00,223.365,219.47764457793056,198.3083951803196,240.64689397554153,207.643
WARD_B,2025-06-02 08:00:00+00:00,2025-06-02 14:00:00+00:00,246.858,238.2650236907074,217.09577429309644,259.4342730883184,218.657
ICU,2025-06-02 09:00:00+00:00,2025-06-02 15:00:00+00:00,73.528,75.1876920573012,54.01844265969024,96.35694145491217,53.568
OPD,2025-06-02 09:00:00+00:00,2025-06-02 15:00:00+00:00,88.917,83.33210632587898,62.16285692826801,104.50135572348995,89.919
WARD_A,2025-06-02 09:00:00+00:00,2025-06-02 15:00:00+00:00,144.257,139.2268399903365,118.05759059272552,160.39608938794746,113.866
WARD_B,2025-06-02 09:00:00+00:00,2025-06-02 15:00:00+00:00,166.432,150.07518744584775,128.90593804823678,171.24443684345871,119.884
ICU,2025-06-02 10:00:00+00:00,2025-06-02 16:00:00+00:00,60.746,68.17061609202104,47.001366694410066,89.339865489632,68.239
OPD,2025-06-02 10:00:00+00:00,2025-06-02 16:00:00+00:00,93.151,80.25329594496971,59.08404654735874,101.42254534258068,68.455
WARD_A,2025-06-02 10:00:00+00:00,2025-06-02 16:00:00+00:00,158.664,136.2383947181325,115.06914532052153,157.40764411574347,148.538
WARD_B,2025-06-02 10:00:00+00:00,2025-06-02 16:00:00+00:00,173.536,149.75893551067773,128.58968611306676,170.9281849082887,120.414
ICU,2025-06-02 11:00:00+00:00,2025-06-02 17:00:00+00:00,55.183,69.6808420982815,48.51159270067053,90.85009149589247,58.756
OPD,2025-06-02 11:00:00+00:00,2025-06-02 17:00:00+00:00,101.018,76.13371019491946,54.96446079730849,97.30295959253043,80.865
WARD_A,2025-06-02 11:00:00+00:00,2025-06-02 17:00:00+00:00,136.907,137.57141432497832,116.40216492736735,158.7406637225893,119.394
WARD_B,2025-06-02 11:00:00+00:00,2025-06-02 17:00:00+00:00,136.889,148.02920497992935,126.85995558231838,169.19845437754032,125.943
ICU,2025-06-02 12:00:00+00:00,2025-06-02 18:00:00+00:00,65.168,49.190185569109765,28.0209361714988,70.35943496672073,52.828
OPD,2025-06-02 12:00:00+00:00,2025-06-02 18:00:00+00:00,17.328,27.19969209397593,6.030442696364965,48.368941491586895,15.335
WARD_A,2025-06-02 12:00:00+00:00,2025-06-02 18:00:00+00:00,138.562,135.18512032430183,114.01587092669087,156.3543697219128,134.737
WARD_B,2025-06-02 12:00:00+00:00,2025-06-02 18:00:00+00:00,136.986,146.84906512436712,125.67981572675615,168.01831452197808,122.077
ICU,2025-06-02 13:00:00+00:00,2025-06-02 19:00:00+00:00,70.142,55.76369969605038,34.59445029843941,76.93294909366135,69.449
OPD,2025-06-02 13:00:00+00:00,2025-06-02 19:00:00+00:00,14.685,21.05189953089897,0.0,42.22114892850993,26.864
WARD_A,2025-06-02 13:00:00+00:00,2025-06-02 19:00:00+00:00,135.882,134.18021400321715,113.01096460560618,155.3494634008281,121.602
WARD_B,2025-06-02 13:00:00+00:00,2025-06-02 19:00:00+00:00,141.675,163.0848581921623,141.91560879455133,184.25410758977327,125.947
ICU,2025-06-02 14:00:00+00:00,2025-06-02 20:00:00+00:00,151.547,129.4933293586436,108.32407996103262,150.66257875625456,149.304
OPD,2025-06-02 14:00:00+00:00,2025-06-02 20:00:00+00:00,113.065,107.10296124841274,85.93371185080177,128.2722106460237,105.616
WARD_A,2025-06-02 14:00:00+00:00,2025-06-02 20:00:00+00:00,209.715,211.3604601479968,190.19121075038584,232.52970954560777,200.049
WARD_B,2025-06-02 14:00:00+00:00,2025-06-02 20:00:00+00:00,230.86,224.86684879633663,203.69759939872566,246.0360981939476,203.348
ICU,2025-06-02 15:00:00+00:00,2025-06-02 21:00:00+00:00,43.329,59.04324448305401,37.87399508544304,80.21249388066498,65.37
OPD,2025-06-02 15:00:00+00:00,2025-06-02 21:00:00+00:00,30.051,23.91082431595802,2.7415749183470552,45.080073713568986,18.961
WARD_A,2025-06-02 15:00:00+00:00,2025-06-02 21:00:00+00:00,143.78,135.65029040071417,114.4810410031032,156.81953979832514,129.037
WARD_B,2025-06-02 15:00:00+00:00,2025-06-02 21:00:00+00:00,156.946,158.27395924180965,137.10470984419868,179.44320863942062,130.682
ICU,2025-06-02 16:00:00+00:00,2025-06-02 22:00:00+00:00,68.315,61.29367752422518,40.12442812661422,82.46292692183614,63.93
OPD,2025-06-02 16:00:00+00:00,2025-06-02 22:00:00+00:00,29.479,23.898611294383773,2.729361896772808,45.06786069199474,21.673
WARD_A,2025-06-02 16:00:00+00:00,2025-06-02 22:00:00+00:00,161.124,134.77457218667854,113.60532278906757,155.9438215842895,132.929
WARD_B,2025-06-02 16:00:00+00:00,2025-06-02 22:00:00+00:00,147.988,160.13031797806894,138.96106858045798,181.2995673756799,113.116
ICU,2025-06-02 17:00:00+00:00,2025-06-02 23:00:00+00:00,71.33,61.209647799302225,40.04039840169126,82.37889719691319,53.99
OPD,2025-06-02 17:00:00+00:00,2025-06-02 23:00:00+00:00,11.441,24.95175647269998,3.782507075089015,46.121005870310945,27.885
WARD_A,2025-06-02 17:00:00+00:00,2025-06-02 23:00:00+00:00,158.308,137.96974034778094,116.80049095016997,159.1389897453919,137.677
WARD_B,2025-06-02 17:00:00+00:00,2025-06-02 23:00:00+00:00,154.13,155.90556691365737,134.7363175160464,177.07481631126834,114.781
ICU,2025-06-02 18:00:00+00:00,2025-06-03 00:00:00+00:00,49.832,58.877883682585036,37.70863428497407,80.047133080196,54.96
OPD,2025-06-02 18:00:00+00:00,2025-06-03 00:00:00+00:00,15.244,21.83049824000638,0.6612488423954161,42.99974763761735,43.051
WARD_A,2025-06-02 18:00:00+00:00,2025-06-03 00:00:00+00:00,152.096,138.38985517125184,117.22060577364087,159.5591045688628,134.17
WARD_B,2025-06-02 18:00:00+00:00,2025-06-03 00:00:00+00:00,144.186,156.49753313192292,135.32828373431195,177.6667825295339,135.282
ICU,2025-06-02 19:00:00+00:00,2025-06-03 01:00:00+00:00,62.862,58.86314135640639,37.69389195879542,80.03239075401736,58.752
OPD,2025-06-02 19:00:00+00:00,2025-06-03 01:00:00+00:00,38.518,21.663540305791855,0.49429090818088994,42.832789703402824,0.0
WARD_A,2025-06-02 19:00:00+00:00,2025-06-03 01:00:00+00:00,129.419,136.88173217307943,115.71248277546846,158.0509815706904,127.877
WARD_B,2025-06-02 19:00:00+00:00,2025-06-03 01:00:00+00:00,167.604,156.78730616421913,135.61805676660816,177.9565555618301,136.99
ICU,2025-06-02 20:00:00+00:00,2025-06-03 02:00:00+00:00,58.302,71.94751420189964,50.77826480428867,93.1167635995106,63.788
OPD,2025-06-02 20:00:00+00:00,2025-06-03 02:00:00+00:00,27.838,26.665805850646777,5.4965564530358115,47.835055248257746,21.379
WARD_A,2025-06-02 20:00:00+00:00,2025-06-03 02:00:00+00:00,162.46,140.58233512188337,119.4130857242724,161.75158451949434,122.56
WARD_B,2025-06-02 20:00:00+00:00,2025-06-03 02:00:00+00:00,140.225,152.73673868013438,131.5674892825234,173.90598807774535,134.855
ICU,2025-06-02 21:00:00+00:00,2025-06-03 03:00:00+00:00,53.883,58.889724995115714,37.720475597504745,80.05897439272668,49.422
OPD,2025-06-02 21:00:00+00:00,2025-06-03 03:00:00+00:00,30.796,21.14854469218259,0.0,42.31779408979355,19.167
WARD_A,2025-06-02 21:00:00+00:00,2025-06-03 03:00:00+00:00,142.233,139.60955468642666,118.4403052888157,160.77880408403763,139.108
WARD_B,2025-06-02 21:00:00+00:00,2025-06-03 03:00:00+00:00,152.896,160.49514440294328,139.3258950053323,181.66439380055425,133.429
ICU,2025-06-02 22:00:00+00:00,2025-06-03 04:00:00+00:00,64.249,59.844769595769655,38.675520198158694,81.01401899338062,55.978
OPD,2025-06-02 22:00:00+00:00,2025-06-03 04:00:00+00:00,20.938,27.339445522564677,6.170196124953712,48.50869492017564,31.993
WARD_A,2025-06-02 22:00:00+00:00,2025-06-03 04:00:00+00:00,157.586,152.82505017906976,131.6558007814588,173.99429957668073,128.924
WARD_B,2025-06-02 22:00:00+00:00,2025-06-03 04:00:00+00:00,136.035,169.17140718066025,148.00215778304928,190.34065657827122,128.924
ICU,2025-06-02 23:00:00+00:00,2025-06-03 05:00:00+00:00,57.746,59.78368791573133,38.614438518120366,80.95293731334229,57.608
OPD,2025-06-02 23:00:00+00:00,2025-06-03 05:00:00+00:00,28.954,25.00323505144296,3.833985653831995,46.172484449053925,20.747
WARD_A,2025-06-02 23:00:00+00:00,2025-06-03 05:00:00+00:00,150.252,155.61877200401213,134.44952260640116,176.7880214016231,121.166
WARD_B,2025-06-02 23:00:00+00:00,2025-06-03 05:00:00+00:00,128.168,172.50341162391803,151.33416222630706,193.672661021529,128.528
ICU,2025-06-03 00:00:00+00:00,2025-06-03 06:00:00+00:00,153.061,143.47091894783924,122.30166955022827,164.6401683454502,159.166
OPD,2025-06-03 00:00:00+00:00,2025-06-03 06:00:00+00:00,103.802,122.25492919149673,101.08567979388576,143.4241785891077,102.967
WARD_A,2025-06-03 00:00:00+00:00,2025-06-03 06:00:00+00:00,242.915,236.62506337133277,215.4558139737218,257.7943127689437,198.195
WARD_B,2025-06-03 00:00:00+00:00,2025-06-03 06:00:00+00:00,247.594,241.40683159989422,220.23758220228325,262.5760809975052,222.191
ICU,2025-06-03 01:00:00+00:00,2025-06-03 07:00:00+00:00,67.648,58.10570976498427,36.9364603673733,79.27495916259524,67.795
OPD,2025-06-03 01:00:00+00:00,2025-06-03 07:00:00+00:00,27.122,35.14733055400663,13.978081156395664,56.3165799516176,19.572
WARD_A,2025-06-03 01:00:00+00:00,2025-06-03 07:00:00+00:00,137.342,174.74270085872885,153.57345146111788,195.91195025633982,132.248
WARD_B,2025-06-03 01:00:00+00:00,2025-06-03 07:00:00+00:00,149.809,170.7911046310662,149.62185523345522,191.96035402867716,110.838
ICU,2025-06-03 02:00:00+00:00,2025-06-03 08:00:00+00:00,51.745,66.443413082209,45.27416368459804,87.61266247981997,69.273
OPD,2025-06-03 02:00:00+00:00,2025-06-03 08:00:00+00:00,71.157,74.2527522363752,53.08350283876423,95.42200163398617,90.753
WARD_A,2025-06-03 02:00:00+00:00,2025-06-03 08:00:00+00:00,169.913,176.31432446631027,155.1450750686993,197.48357386392124,136.393
WARD_B,2025-06-03 02:00:00+00:00,2025-06-03 08:00:00+00:00,162.985,177.16243788664912,155.99318848903815,198.33168728426008,115.565
ICU,2025-06-03 03:00:00+00:00,2025-06-03 09:00:00+00:00,63.411,67.00876963480313,45.83952023719216,88.1780190324141,65.121
OPD,2025-06-03 03:00:00+00:00,2025-06-03 09:00:00+00:00,86.191,78.45199590993776,57.282746512326796,99.62124530754873,52.543
WARD_A,2025-06-03 03:00:00+00:00,2025-06-03 09:00:00+00:00,134.661,160.22059564574027,139.0513462481293,181.38984504335124,140.079
WARD_B,2025-06-03 03:00:00+00:00,2025-06-03 09:00:00+00:00,168.189,168.04432865385448,146.8750792562435,189.21357805146545,128.363
ICU,2025-06-03 04:00:00+00:00,2025-06-03 10:00:00+00:00,66.849,69.66800139512605,48.498751997515086,90.83725079273702,68.408
OPD,2025-06-03 04:00:00+00:00,2025-06-03 10:00:00+00:00,94.626,80.2940945076782,59.12484511006723,101.46334390528916,76.446
WARD_A,2025-06-03 04:00:00+00:00,2025-06-03 10:00:00+00:00,144.812,162.84790451805156,141.6786551204406,184.01715391566253,138.099
WARD_B,2025-06-03 04:00:00+00:00,2025-06-03 10:00:00+00:00,161.948,176.9774025606477,155.80815316303674,198.14665195825867,121.776
ICU,2025-06-03 05:00:00+00:00,2025-06-03 11:00:00+00:00,71.578,70.0071544043534,48.83790500674243,91.17640380196437,75.293
OPD,2025-06-03 05:00:00+00:00,2025-06-03 11:00:00+00:00,49.313,81.90024606277008,60.73099666515911,103.06949546038105,85.085
WARD_A,2025-06-03 05:00:00+00:00,2025-06-03 11:00:00+00:00,144.157,160.92926810217662,139.76001870456565,182.0985174997876,136.96
WARD_B,2025-06-03 05:00:00+00:00,2025-06-03 11:00:00+00:00,171.082,157.90367063725944,136.73442123964847,179.0729200348704,123.946
ICU,2025-06-03 06:00:00+00:00,2025-06-03 12:00:00+00:00,44.48,79.90904654531283,58.739797147701864,101.0782959429238,62.582
OPD,2025-06-03 06:00:00+00:00,2025-06-03 12:00:00+00:00,92.34,81.83194474077091,60.66269534315994,103.00119413838188,92.487
WARD_A,2025-06-03 06:00:00+00:00,2025-06-03 12:00:00+00:00,131.036,159.23906920198334,138.06981980437237,180.4083185995943,131.684
WARD_B,2025-06-03 06:00:00+00:00,2025-06-03 12:00:00+00:00,146.052,161.9677020793554,140.79845268174444,183.13695147696637,128.302
ICU,2025-06-03 07:00:00+00:00,2025-06-03 13:00:00+00:00,51.813,66.71837880193361,45.54912940432264,87.88762819954458,65.902
OPD,2025-06-03 07:00:00+00:00,2025-06-03 13:00:00+00:00,91.239,82.80415884393514,61.63490944632417,103.97340824154611,94.263
WARD_A,2025-06-03 07:00:00+00:00,2025-06-03 13:00:00+00:00,151.754,153.69257690049238,132.52332750288141,174.86182629810335,116.204
WARD_B,2025-06-03 07:00:00+00:00,2025-06-03 13:00:00+00:00,154.616,158.44985818922038,137.2806087916094,179.61910758683135,111.099
ICU,2025-06-03 08:00:00+00:00,2025-06-03 14:00:00+00:00,134.077,149.95244541726913,128.78319601965816,171.1216948148801,139.182
OPD,2025-06-03 08:00:00+00:00,2025-06-03 14:00:00+00:00,199.466,163.1970560718345,142.02780667422354,184.36630546944548,164.761
WARD_A,2025-06-03 08:00:00+00:00,2025-06-03 14:00:00+00:00,221.657,234.02948037690393,212.86023097929296,255.1987297745149,222.432
WARD_B,2025-06-03 08:00:00+00:00,2025-06-03 14:00:00+00:00,242.959,253.49051429896898,232.321264901358,274.65976369657994,227.891
ICU,2025-06-03 09:00:00+00:00,2025-06-03 15:00:00+00:00,53.045,72.2423489720475,51.073099574436526,93.41159836965846,59.017
OPD,2025-06-03 09:00:00+00:00,2025-06-03 15:00:00+00:00,113.936,84.09757846143879,62.92832906382782,105.26682785904976,95.611
WARD_A,2025-06-03 09:00:00+00:00,2025-06-03 15:00:00+00:00,148.958,149.1669813332609,127.99773193564994,170.33623073087188,151.486
WARD_B,2025-06-03 09:00:00+00:00,2025-06-03 15:00:00+00:00,171.855,167.1987893813496,146.02953998373863,188.36803877896057,111.723
ICU,2025-06-03 10:00:00+00:00,2025-06-03 16:00:00+00:00,74.186,73.68274183139252,52.51349243378155,94.85199122900349,82.789
OPD,2025-06-03 10:00:00+00:00,2025-06-03 16:00:00+00:00,66.372,78.70167289960635,57.53242350199538,99.87092229721732,98.792
WARD_A,2025-06-03 10:00:00+00:00,2025-06-03 16:00:00+00:00,142.935,150.40789886014113,129.23864946253016,171.5771482577521,135.86
WARD_B,2025-06-03 10:00:00+00:00,2025-06-03 16:00:00+00:00,153.361,158.62351389923168,137.4542645016207,179.79276329684265,127.792
ICU,2025-06-03 11:00:00+00:00,2025-06-03 17:00:00+00:00,57.445,70.23315494778892,49.06390555017795,91.40240434539989,64.285
OPD,2025-06-03 11:00:00+00:00,2025-06-03 17:00:00+00:00,67.862,74.73652693178629,53.56727753417532,95.90577632939726,66.36
WARD_A,2025-06-03 11:00:00+00:00,2025-06-03 17:00:00+00:00,147.715,147.50895989138235,126.33971049377138,168.67820928899332,140.47
WARD_B,2025-06-03 11:00:00+00:00,2025-06-03 17:00:00+00:00,140.929,152.54734602965272,131.37809663204175,173.71659542726368,108.563
ICU,2025-06-03 12:00:00+00:00,2025-06-03 18:00:00+00:00,40.13,53.63481369575305,32.465564298142084,74.80406309336402,52.615
OPD,2025-06-03 12:00:00+00:00,2025-06-03 18:00:00+00:00,30.972,33.08443841298389,11.915189015372928,54.253687810594855,29.237
WARD_A,2025-06-03 12:00:00+00:00,2025-06-03 18:00:00+00:00,137.869,141.0676198540088,119.89837045639783,162.23686925161977,112.564
WARD_B,2025-06-03 12:00:00+00:00,2025-06-03 18:00:00+00:00,149.221,151.23377455010382,130.06452515249285,172.4030239477148,108.032
ICU,2025-06-03 13:00:00+00:00,2025-06-03 19:00:00+00:00,55.232,50.92197364183217,29.752724244221202,72.09122303944314,44.93
OPD,2025-06-03 13:00:00+00:00,2025-06-03 19:00:00+00:00,10.525,26.936645849906913,5.767396452295948,48.10589524751788,22.161
WARD_A,2025-06-03 13:00:00+00:00,2025-06-03 19:00:00+00:00,149.579,144.03222197833023,122.86297258071926,165.2014713759412,121.473
WARD_B,2025-06-03 13:00:00+00:00,2025-06-03 19:00:00+00:00,142.316,158.1388555086748,136.96960611106383,179.30810490628576,125.473
ICU,2025-06-03 14:00:00+00:00,2025-06-03 20:00:00+00:00,160.087,111.66636185887715,90.49711246126618,132.8356112564881,153.513
OPD,2025-06-03 14:00:00+00:00,2025-06-03 20:00:00+00:00,101.269,188.40303237345645,167.2337829758455,209.57228177106742,100.149
WARD_A,2025-06-03 14:00:00+00:00,2025-06-03 20:00:00+00:00,217.81,212.42453393301125,191.25528453540028,233.59378333062222,203.569
WARD_B,2025-06-03 14:00:00+00:00,2025-06-03 20:00:00+00:00,239.299,233.02541747831455,211.85616808070358,254.19466687592552,202.838
ICU,2025-06-03 15:00:00+00:00,2025-06-03 21:00:00+00:00,42.046,58.275494167053395,37.106244769442426,79.44474356466436,61.654
OPD,2025-06-03 15:00:00+00:00,2025-06-03 21:00:00+00:00,9.958,26.74524536481887,5.575995967207906,47.91449476242984,13.396
WARD_A,2025-06-03 15:00:00+00:00,2025-06-03 21:00:00+00:00,150.477,144.8991159938387,123.72986659622774,166.06836539144967,118.9
WARD_B,2025-06-03 15:00:00+00:00,2025-06-03 21:00:00+00:00,144.207,167.3517720425216,146.18252264491062,188.52102144013256,118.956
ICU,2025-06-03 16:00:00+00:00,2025-06-03 22:00:00+00:00,60.763,58.35785646739303,37.188607069782066,79.52710586500399,50.324
OPD,2025-06-03 16:00:00+00:00,2025-06-03 22:00:00+00:00,26.808,26.74524536481887,5.575995967207906,47.91449476242984,24.479
WARD_A,2025-06-03 16:00:00+00:00,2025-06-03 22:00:00+00:00,145.217,142.8323833665516,121.66313396894063,164.00163276416257,109.27
WARD_B,2025-06-03 16:00:00+00:00,2025-06-03 22:00:00+00:00,137.613,159.62112539561508,138.4518759980041,180.79037479322605,126.701
ICU,2025-06-03 17:00:00+00:00,2025-06-03 23:00:00+00:00,73.642,55.485408016078665,34.316158618467696,76.65465741368963,36.214
OPD,2025-06-03 17:00:00+00:00,2025-06-03 23:00:00+00:00,16.49,26.779434481720042,5.610185084109077,47.94868387933101,11.712
WARD_A,2025-06-03 17:00:00+00:00,2025-06-03 23:00:00+00:00,154.628,141.95796583807174,120.78871644046077,163.1272152356827,109.527
WARD_B,2025-06-03 17:00:00+00:00,2025-06-03 23:00:00+00:00,146.882,158.91570924645865,137.74645984884768,180.08495864406962,113.003
ICU,2025-06-03 18:00:00+00:00,2025-06-04 00:00:00+00:00,60.705,58.5187989832796,37.34954958566864,79.68804838089056,48.793
OPD,2025-06-03 18:00:00+00:00,2025-06-04 00:00:00+00:00,31.945,24.429617812948692,3.2603684153377266,45.59886721055966,25.102
WARD_A,2025-06-03 18:00:00+00:00,2025-06-04 00:00:00+00:00,138.685,144.47063003603125,123.30138063842028,165.63987943364222,115.072
WARD_B,2025-06-03 18:00:00+00:00,2025-06-04 00:00:00+00:00,142.917,159.74009118225874,138.57084178464777,180.9093405798697,121.526
ICU,2025-06-03 19:00:00+00:00,2025-06-04 01:00:00+00:00,76.524,58.91803241499117,37.748783017380205,80.08728181260213,57.396
OPD,2025-06-03 19:00:00+00:00,2025-06-04 01:00:00+00:00,23.22,31.365766827586047,10.196517429975081,52.53501622519701,45.73
WARD_A,2025-06-03 19:00:00+00:00,2025-06-04 01:00:00+00:00,140.773,147.38175896756883,126.21250956995786,168.5510083651798,114.054
WARD_B,2025-06-03 19:00:00+00:00,2025-06-04 01:00:00+00:00,149.092,166.11003936560044,144.94078996798947,187.2792887632114,152.66
ICU,2025-06-03 20:00:00+00:00,2025-06-04 02:00:00+00:00,58.122,73.22591942951621,52.05667003190524,94.39516882712718,51.887
OPD,2025-06-03 20:00:00+00:00,2025-06-04 02:00:00+00:00,25.141,32.141750148486835,10.97250075087587,53.310999546097804,12.241
WARD_A,2025-06-03 20:00:00+00:00,2025-06-04 02:00:00+00:00,145.417,148.34850677508368,127.17925737747271,169.51775617269465,99.244
WARD_B,2025-06-03 20:00:00+00:00,2025-06-04 02:00:00+00:00,161.83,169.91908140660766,148.7498320089967,191.08833080421863,120.936
ICU,2025-06-03 21:00:00+00:00,2025-06-04 03:00:00+00:00,70.368,61.00342365810057,39.834174260489604,82.17267305571154,66.635
OPD,2025-06-03 21:00:00+00:00,2025-06-04 03:00:00+00:00,25.961,28.201997537509374,7.032748139898409,49.37124693512034,35.583
WARD_A,2025-06-03 21:00:00+00:00,2025-06-04 03:00:00+00:00,139.078,149.64284038174875,128.4735909841378,170.81208977935972,109.412
WARD_B,2025-06-03 21:00:00+00:00,2025-06-04 03:00:00+00:00,159.494,175.64123032709338,154.4719809294824,196.81047972470435,109.32
ICU,2025-06-03 22:00:00+00:00,2025-06-04 04:00:00+00:00,73.079,59.844769595769655,38.675520198158694,81.01401899338062,56.899
OPD,2025-06-03 22:00:00+00:00,2025-06-04 04:00:00+00:00,34.012,27.339445522564677,6.170196124953712,48.50869492017564,31.847
WARD_A,2025-06-03 22:00:00+00:00,2025-06-04 04:00:00+00:00,153.835,153.04843555321892,131.87918615560795,174.2176849508299,127.16
WARD_B,2025-06-03 22:00:00+00:00,2025-06-04 04:00:00+00:00,140.165,184.4451256013463,163.27587620373532,205.61437499895726,131.572
ICU,2025-06-03 23:00:00+00:00,2025-06-04 05:00:00+00:00,56.24,54.02048926802388,32.85123987041291,75.18973866563485,56.599
OPD,2025-06-03 23:00:00+00:00,2025-06-04 05:00:00+00:00,27.191,25.651952330622134,4.4827029330111685,46.8212017282331,17.318
WARD_A,2025-06-03 23:00:00+00:00,2025-06-04 05:00:00+00:00,155.873,157.5092045589511,136.33995516134013,178.67845395656207,126.51
WARD_B,2025-06-03 23:00:00+00:00,2025-06-04 05:00:00+00:00,143.711,175.71958288272035,154.55033348510938,196.88883228033131,114.078
ICU,2025-06-04 00:00:00+00:00,2025-06-04 06:00:00+00:00,134.202,144.097287019034,122.92803762142304,165.26653641664498,162.788
OPD,2025-06-04 00:00:00+00:00,2025-06-04 06:00:00+00:00,116.112,114.6773395648464,93.50809016723544,135.84658896245736,104.317
WARD_A,2025-06-04 00:00:00+00:00,2025-06-04 06:00:00+00:00,241.198,234.78057103893659,213.61132164132562,255.94982043654755,206.895
WARD_B,2025-06-04 00:00:00+00:00,2025-06-04 06:00:00+00:00,248.851,254.17114058036003,233.00189118274906,275.340389977971,213.52
ICU,2025-06-04 01:00:00+00:00,2025-06-04 07:00:00+00:00,50.786,62.691533053150316,41.522283655539354,83.86078245076128,57.44
OPD,2025-06-04 01:00:00+00:00,2025-06-04 07:00:00+00:00,17.085,39.7786891767443,18.609439779133336,60.94793857435526,17.935
WARD_A,2025-06-04 01:00:00+00:00,2025-06-04 07:00:00+00:00,139.004,159.62228327571793,138.45303387810696,180.7915326733289,130.005
WARD_B,2025-06-04 01:00:00+00:00,2025-06-04 07:00:00+00:00,137.757,163.15898166075533,141.98973226314436,184.3282310583663,112.987
ICU,2025-06-04 02:00:00+00:00,2025-06-04 08:00:00+00:00,45.047,68.19365149332214,47.02440209571117,89.3629008909331,62.876
OPD,2025-06-04 02:00:00+00:00,2025-06-04 08:00:00+00:00,98.885,76.22540766988702,55.05615827227605,97.39465706749799,99.731
WARD_A,2025-06-04 02:00:00+00:00,2025-06-04 08:00:00+00:00,146.018,168.7282722767355,147.55902287912454,189.89752167434648,118.769
WARD_B,2025-06-04 02:00:00+00:00,2025-06-04 08:00:00+00:00,142.366,185.89431782027032,164.72506842265935,207.06356721788129,127.568
ICU,2025-06-04 03:00:00+00:00,2025-06-04 09:00:00+00:00,70.853,65.65145967870019,44.48221028108922,86.82070907631116,58.057
OPD,2025-06-04 03:00:00+00:00,2025-06-04 09:00:00+00:00,59.903,78.58224065815187,57.412991260540906,99.75149005576284,57.458
WARD_A,2025-06-04 03:00:00+00:00,2025-06-04 09:00:00+00:00,151.582,165.6075456242219,144.43829622661093,186.77679502183287,123.637
WARD_B,2025-06-04 03:00:00+00:00,2025-06-04 09:00:00+00:00,142.607,193.79297227684475,172.62372287923378,214.96222167445572,136.048
ICU,2025-06-04 04:00:00+00:00,2025-06-04 10:00:00+00:00,74.694,68.84150055477187,47.6722511571609,90.01074995238284,71.652
OPD,2025-06-04 04:00:00+00:00,2025-06-04 10:00:00+00:00,81.178,80.40522315247775,59.23597375486678,101.57447255008871,58.91
WARD_A,2025-06-04 04:00:00+00:00,2025-06-04 10:00:00+00:00,155.857,160.05421679481972,138.88496739720875,181.2234661924307,127.352
WARD_B,2025-06-04 04:00:00+00:00,2025-06-04 10:00:00+00:00,145.371,178.98659732617588,157.8173479285649,200.15584672378685,128.938
ICU,2025-06-04 05:00:00+00:00,2025-06-04 11:00:00+00:00,71.534,69.10916241907644,47.93991302146547,90.27841181668741,67.961
OPD,2025-06-04 05:00:00+00:00,2025-06-04 11:00:00+00:00,83.712,82.01137470756963,60.84212530995866,103.1806241051806,76.349
WARD_A,2025-06-04 05:00:00+00:00,2025-06-04 11:00:00+00:00,155.394,154.8891064210748,133.71985702346385,176.05835581868578,114.757
WARD_B,2025-06-04 05:00:00+00:00,2025-06-04 11:00:00+00:00,119.492,176.14144130527043,154.97219190765946,197.3106907028814,125.944
ICU,2025-06-04 06:00:00+00:00,2025-06-04 12:00:00+00:00,65.118,67.38391177803841,46.21466238042744,88.55316117564938,50.972
OPD,2025-06-04 06:00:00+00:00,2025-06-04 12:00:00+00:00,91.061,81.94307338557046,60.77382398795949,103.11232278318143,93.632
WARD_A,2025-06-04 06:00:00+00:00,2025-06-04 12:00:00+00:00,156.375,162.61994015010137,141.4506907524904,183.78918954771234,108.87
WARD_B,2025-06-04 06:00:00+00:00,2025-06-04 12:00:00+00:00,137.221,205.58921839436084,184.41996899674987,226.7584677919718,116.265
ICU,2025-06-04 07:00:00+00:00,2025-06-04 13:00:00+00:00,76.961,69.59860603715862,48.42935663954765,90.76785543476959,65.711
OPD,2025-06-04 07:00:00+00:00,2025-06-04 13:00:00+00:00,64.654,82.0425923063259,60.87334290871493,103.21184170393687,81.174
WARD_A,2025-06-04 07:00:00+00:00,2025-06-04 13:00:00+00:00,165.405,154.43596342554557,133.2667140279346,175.60521282315653,126.391
WARD_B,2025-06-04 07:00:00+00:00,2025-06-04 13:00:00+00:00,155.741,171.819123583247,150.64987418563604,192.98837298085797,144.793
ICU,2025-06-04 08:00:00+00:00,2025-06-04 14:00:00+00:00,158.482,151.02851877427634,129.85926937666537,172.1977681718873,138.661
OPD,2025-06-04 08:00:00+00:00,2025-06-04 14:00:00+00:00,205.849,164.78967842961157,143.6204290320006,185.95892782722254,159.165
WARD_A,2025-06-04 08:00:00+00:00,2025-06-04 14:00:00+00:00,216.919,234.76695452648076,213.5977051288698,255.93620392409173,205.608
WARD_B,2025-06-04 08:00:00+00:00,2025-06-04 14:00:00+00:00,229.221,236.67017798555378,215.5009285879428,257.8394273831647,205.103
ICU,2025-06-04 09:00:00+00:00,2025-06-04 15:00:00+00:00,61.663,72.96049731272979,51.79124791511882,94.12974671034075,59.239
OPD,2025-06-04 09:00:00+00:00,2025-06-04 15:00:00+00:00,59.955,83.17344348976528,62.00419409215431,104.34269288737624,61.892
WARD_A,2025-06-04 09:00:00+00:00,2025-06-04 15:00:00+00:00,163.692,150.44814736264536,129.2788979650344,171.61739676025633,123.098
WARD_B,2025-06-04 09:00:00+00:00,2025-06-04 15:00:00+00:00,167.861,151.39494851890777,130.2256991212968,172.56419791651874,141.875
ICU,2025-06-04 10:00:00+00:00,2025-06-04 16:00:00+00:00,67.278,72.39751078161167,51.2282613840007,93.56676017922264,78.613
OPD,2025-06-04 10:00:00+00:00,2025-06-04 16:00:00+00:00,104.668,80.06307712747056,58.893827729859595,101.23232652508153,93.053
WARD_A,2025-06-04 10:00:00+00:00,2025-06-04 16:00:00+00:00,164.787,150.11020922195797,128.940959824347,171.27945861956894,143.055
WARD_B,2025-06-04 10:00:00+00:00,2025-06-04 16:00:00+00:00,155.396,151.43027188209456,130.2610224844836,172.59952127970553,130.451
ICU,2025-06-04 11:00:00+00:00,2025-06-04 17:00:00+00:00,84.98,70.4074449783336,49.23819558072263,91.57669437594457,73.74
OPD,2025-06-04 11:00:00+00:00,2025-06-04 17:00:00+00:00,97.24,72.9318685141146,51.76261911650363,94.10111791172557,63.602
WARD_A,2025-06-04 11:00:00+00:00,2025-06-04 17:00:00+00:00,165.84,146.5248267487872,125.35557735117624,167.69407614639817,122.623
WARD_B,2025-06-04 11:00:00+00:00,2025-06-04 17:00:00+00:00,149.478,147.35090398270444,126.18165458509347,168.5201533803154,138.028
ICU,2025-06-04 12:00:00+00:00,2025-06-04 18:00:00+00:00,68.377,54.938054012224505,33.76880461461354,76.10730340983547,58.162
OPD,2025-06-04 12:00:00+00:00,2025-06-04 18:00:00+00:00,31.633,30.31209749310929,9.142848095498326,51.48134689072026,16.239
WARD_A,2025-06-04 12:00:00+00:00,2025-06-04 18:00:00+00:00,154.264,146.11723752412084,124.94798812650987,167.2864869217318,95.753
WARD_B,2025-06-04 12:00:00+00:00,2025-06-04 18:00:00+00:00,151.953,136.64153581398145,115.47228641637048,157.81078521159242,126.994
ICU,2025-06-04 13:00:00+00:00,2025-06-04 19:00:00+00:00,53.381,56.78422482362583,35.614975426014865,77.95347422123679,66.456
OPD,2025-06-04 13:00:00+00:00,2025-06-04 19:00:00+00:00,4.213,23.98619532655877,2.8169459289478063,45.15544472416974,18.757
WARD_A,2025-06-04 13:00:00+00:00,2025-06-04 19:00:00+00:00,156.95,145.89855716121357,124.7293077636026,167.06780655882454,122.793
WARD_B,2025-06-04 13:00:00+00:00,2025-06-04 19:00:00+00:00,151.072,145.30953527758876,124.1402858799778,166.47878467519973,133.757
ICU,2025-06-04 14:00:00+00:00,2025-06-04 20:00:00+00:00,145.744,134.0363182346056,112.86706883699463,155.20556763221657,145.308
OPD,2025-06-04 14:00:00+00:00,2025-06-04 20:00:00+00:00,98.284,193.02161834909856,171.8523689514876,214.19086774670953,121.699
WARD_A,2025-06-04 14:00:00+00:00,2025-06-04 20:00:00+00:00,224.861,199.73457784095623,178.56532844334527,220.9038272385672,215.115
WARD_B,2025-06-04 14:00:00+00:00,2025-06-04 20:00:00+00:00,225.764,219.06394188676987,197.8946924891589,240.23319128438084,205.747
ICU,2025-06-04 15:00:00+00:00,2025-06-04 21:00:00+00:00,62.507,60.33831351224798,39.16906411463701,81.50756290985895,45.696
OPD,2025-06-04 15:00:00+00:00,2025-06-04 21:00:00+00:00,27.322,24.935203875589764,3.7659544779787986,46.10445327320073,13.982
WARD_A,2025-06-04 15:00:00+00:00,2025-06-04 21:00:00+00:00,154.568,145.73413037004335,124.56488097243238,166.90337976765431,131.485
WARD_B,2025-06-04 15:00:00+00:00,2025-06-04 21:00:00+00:00,162.126,146.09006646907,124.92081707145903,167.25931586668096,127.091
ICU,2025-06-04 16:00:00+00:00,2025-06-04 22:00:00+00:00,57.731,60.2133463772793,39.04409697966834,81.38259577489026,74.412
OPD,2025-06-04 16:00:00+00:00,2025-06-04 22:00:00+00:00,26.733,23.784715888570318,2.615466490959353,44.95396528618129,31.608
WARD_A,2025-06-04 16:00:00+00:00,2025-06-04 22:00:00+00:00,155.132,147.54917815045025,126.37992875283928,168.71842754806121,121.86
WARD_B,2025-06-04 16:00:00+00:00,2025-06-04 22:00:00+00:00,134.913,145.89261748111474,124.72336808350377,167.0618668787257,105.313
ICU,2025-06-04 17:00:00+00:00,2025-06-04 23:00:00+00:00,61.624,60.06765324505454,38.898403847443575,81.2369026426655,55.249
OPD,2025-06-04 17:00:00+00:00,2025-06-04 23:00:00+00:00,26.903,26.779434481720042,5.610185084109077,47.94868387933101,17.017
WARD_A,2025-06-04 17:00:00+00:00,2025-06-04 23:00:00+00:00,165.056,146.38640959597205,125.21716019836109,167.55565899358302,139.901
WARD_B,2025-06-04 17:00:00+00:00,2025-06-04 23:00:00+00:00,152.698,144.8198023441882,123.65055294657722,165.98905174179916,126.26
ICU,2025-06-04 18:00:00+00:00,2025-06-05 00:00:00+00:00,61.009,61.24281549756867,40.0735660999577,82.41206489517964,38.452
OPD,2025-06-04 18:00:00+00:00,2025-06-05 00:00:00+00:00,11.518,24.35812666802592,3.188877270414956,45.527376065636886,24.993
WARD_A,2025-06-04 18:00:00+00:00,2025-06-05 00:00:00+00:00,145.679,145.49854506361467,124.3292956660037,166.66779446122564,119.603
WARD_B,2025-06-04 18:00:00+00:00,2025-06-05 00:00:00+00:00,123.291,145.49854506361467,124.3292956660037,166.66779446122564,128.84
ICU,2025-06-04 19:00:00+00:00,2025-06-05 01:00:00+00:00,73.253,59.52714292367484,38.357893526063876,80.6963923212858,43.703
OPD,2025-06-04 19:00:00+00:00,2025-06-05 01:00:00+00:00,0.0,28.42339718317596,7.254147785564996,49.592646580786926,17.609
WARD_A,2025-06-04 19:00:00+00:00,2025-06-05 01:00:00+00:00,165.176,145.49854506361467,124.3292956660037,166.66779446122564,107.6
WARD_B,2025-06-04 19:00:00+00:00,2025-06-05 01:00:00+00:00,150.061,145.0218442847254,123.85259488711444,166.19109368233637,130.402
ICU,2025-06-04 20:00:00+00:00,2025-06-05 02:00:00+00:00,69.728,65.6645944972352,44.49534509962423,86.83384389484617,65.521
OPD,2025-06-04 20:00:00+00:00,2025-06-05 02:00:00+00:00,32.927,27.70681997191277,6.537570574301803,48.876069369523734,29.009
WARD_A,2025-06-04 20:00:00+00:00,2025-06-05 02:00:00+00:00,132.98,144.19288018734585,123.02363078973488,165.36212958495682,111.913
WARD_B,2025-06-04 20:00:00+00:00,2025-06-05 02:00:00+00:00,156.055,145.0694857380814,123.90023634047043,166.23873513569237,112.785
ICU,2025-06-04 21:00:00+00:00,2025-06-05 03:00:00+00:00,53.224,60.34644835123754,39.17719895362657,81.51569774884851,46.133
OPD,2025-06-04 21:00:00+00:00,2025-06-05 03:00:00+00:00,22.108,25.53524746619049,4.365998068579525,46.70449686380145,11.283
WARD_A,2025-06-04 21:00:00+00:00,2025-06-05 03:00:00+00:00,144.202,146.91960938093501,125.75035998332405,168.08885877854598,111.094
WARD_B,2025-06-04 21:00:00+00:00,2025-06-05 03:00:00+00:00,135.592,145.4634438153172,124.29419441770622,166.63269321292816,127.926
ICU,2025-06-04 22:00:00+00:00,2025-06-05 04:00:00+00:00,68.052,61.833181373153984,40.66393197554302,83.00243077076495,67.294
OPD,2025-06-04 22:00:00+00:00,2025-06-05 04:00:00+00:00,26.814,30.07977393069907,8.910524533088104,51.24902332831003,15.226
WARD_A,2025-06-04 22:00:00+00:00,2025-06-05 04:00:00+00:00,149.099,154.1311591586731,132.96190976106215,175.30040855628408,140.884
WARD_B,2025-06-04 22:00:00+00:00,2025-06-05 04:00:00+00:00,128.493,147.35966322287675,126.19041382526578,168.52891262048772,123.005
ICU,2025-06-04 23:00:00+00:00,2025-06-05 05:00:00+00:00,63.469,60.9688538057,39.79960440808904,82.13810320331096,59.448
OPD,2025-06-04 23:00:00+00:00,2025-06-05 05:00:00+00:00,14.943,30.491931081782926,9.322681684171961,51.66118047939389,16.758
WARD_A,2025-06-04 23:00:00+00:00,2025-06-05 05:00:00+00:00,153.495,162.34014772178634,141.17089832417537,183.5093971193973,128.748
WARD_B,2025-06-04 23:00:00+00:00,2025-06-05 05:00:00+00:00,152.245,147.23697871524766,126.06772931763669,168.40622811285863,131.874
ICU,2025-06-05 00:00:00+00:00,2025-06-05 06:00:00+00:00,144.257,135.3283867441498,114.15913734653884,156.49763614176078,147.211
OPD,2025-06-05 00:00:00+00:00,2025-06-05 06:00:00+00:00,106.719,120.03954180988478,98.87029241227381,141.20879120749575,109.259
WARD_A,2025-06-05 00:00:00+00:00,2025-06-05 06:00:00+00:00,240.756,238.61188648623113,217.44263708862016,259.78113588384207,214.454
WARD_B,2025-06-05 00:00:00+00:00,2025-06-05 06:00:00+00:00,236.588,224.73668938273377,203.5674399851228,245.90593878034474,206.279
ICU,2025-06-05 01:00:00+00:00,2025-06-05 07:00:00+00:00,60.829,61.98674288532362,40.81749348771265,83.15599228293459,56.746
OPD,2025-06-05 01:00:00+00:00,2025-06-05 07:00:00+00:00,9.105,32.06203475898048,10.892785361369516,53.23128415659144,22.105
WARD_A,2025-06-05 01:00:00+00:00,2025-06-05 07:00:00+00:00,142.393,158.18113319319403,137.01188379558306,179.350382590805,120.296
WARD_B,2025-06-05 01:00:00+00:00,2025-06-05 07:00:00+00:00,120.214,146.15112938638697,124.981879988776,167.32037878399794,124.53
ICU,2025-06-05 02:00:00+00:00,2025-06-05 08:00:00+00:00,49.018,67.69545610201585,46.526206704404885,88.86470549962682,63.187
OPD,2025-06-05 02:00:00+00:00,2025-06-05 08:00:00+00:00,69.644,74.38459555394208,53.21534615633111,95.55384495155305,55.503
WARD_A,2025-06-05 02:00:00+00:00,2025-06-05 08:00:00+00:00,136.193,159.98862717885885,138.81937778124788,181.15787657646982,138.474
WARD_B,2025-06-05 02:00:00+00:00,2025-06-05 08:00:00+00:00,161.346,149.7801841179024,128.61093472029143,170.94943351551336,143.841
ICU,2025-06-05 03:00:00+00:00,2025-06-05 09:00:00+00:00,46.521,66.86830367285407,45.6990542752431,88.03755307046504,63.833
OPD,2025-06-05 03:00:00+00:00,2025-06-05 09:00:00+00:00,98.884,78.80764494962898,57.63839555201801,99.97689434723995,81.026
WARD_A,2025-06-05 03:00:00+00:00,2025-06-05 09:00:00+00:00,159.358,161.286268637884,140.11701924027304,182.45551803549498,125.25
WARD_B,2025-06-05 03:00:00+00:00,2025-06-05 09:00:00+00:00,130.326,149.04425746307064,127.87500806545967,170.2135068606816,124.743
ICU,2025-06-05 04:00:00+00:00,2025-06-05 10:00:00+00:00,67.713,69.36653824273228,48.19728884512131,90.53578764034324,58.692
OPD,2025-06-05 04:00:00+00:00,2025-06-05 10:00:00+00:00,74.905,81.42500489248316,60.25575549487219,102.59425429009413,83.134
WARD_A,2025-06-05 04:00:00+00:00,2025-06-05 10:00:00+00:00,146.735,154.07726635568966,132.9080169580787,175.24651575330063,133.28
WARD_B,2025-06-05 04:00:00+00:00,2025-06-05 10:00:00+00:00,146.904,146.97053645521038,125.80128705759941,168.13978585282135,141.648
ICU,2025-06-05 05:00:00+00:00,2025-06-05 11:00:00+00:00,69.077,70.78639497055785,49.61714557294688,91.95564436816882,52.576
OPD,2025-06-05 05:00:00+00:00,2025-06-05 11:00:00+00:00,109.441,82.65249555341019,61.48324615579922,103.82174495102116,84.561
WARD_A,2025-06-05 05:00:00+00:00,2025-06-05 11:00:00+00:00,151.085,152.1440330555031,130.97478365789212,173.31328245311406,137.75
WARD_B,2025-06-05 05:00:00+00:00,2025-06-05 11:00:00+00:00,139.471,148.61967606796554,127.45042667035457,169.7889254655765,128.472
ICU,2025-06-05 06:00:00+00:00,2025-06-05 12:00:00+00:00,50.286,75.70340044514337,54.534151047532404,96.87264984275434,62.068
OPD,2025-06-05 06:00:00+00:00,2025-06-05 12:00:00+00:00,86.036,80.66477220270164,59.49552280509067,101.83402160031261,80.526
WARD_A,2025-06-05 06:00:00+00:00,2025-06-05 12:00:00+00:00,161.907,159.49680307740616,138.3275536797952,180.66605247501712,127.585
WARD_B,2025-06-05 06:00:00+00:00,2025-06-05 12:00:00+00:00,146.704,157.29257406837502,136.12332467076405,178.461823465986,135.524
ICU,2025-06-05 07:00:00+00:00,2025-06-05 13:00:00+00:00,56.824,68.86407111265568,47.69482171504471,90.03332051026665,39.664
OPD,2025-06-05 07:00:00+00:00,2025-06-05 13:00:00+00:00,52.021,82.68366048473011,61.51441108711914,103.85290988234108,81.802
WARD_A,2025-06-05 07:00:00+00:00,2025-06-05 13:00:00+00:00,143.908,153.46524975940943,132.29600036179846,174.6344991570204,114.516
WARD_B,2025-06-05 07:00:00+00:00,2025-06-05 13:00:00+00:00,137.233,144.96436439139535,123.79511499378438,166.13361378900632,119.528
ICU,2025-06-05 08:00:00+00:00,2025-06-05 14:00:00+00:00,160.997,154.56100870127312,133.39175930366216,175.7302580988841,149.152
OPD,2025-06-05 08:00:00+00:00,2025-06-05 14:00:00+00:00,144.213,165.75069626949247,144.5814468718815,186.91994566710343,177.385
WARD_A,2025-06-05 08:00:00+00:00,2025-06-05 14:00:00+00:00,239.684,234.99519221039958,213.8259428127886,256.1644416080105,211.531
WARD_B,2025-06-05 08:00:00+00:00,2025-06-05 14:00:00+00:00,241.872,233.33694727532787,212.1676978777169,254.50619667293884,231.474
ICU,2025-06-05 09:00:00+00:00,2025-06-05 15:00:00+00:00,68.763,72.60150115522131,51.432251757610345,93.77075055283228,58.276
OPD,2025-06-05 09:00:00+00:00,2025-06-05 15:00:00+00:00,96.684,85.65822015346066,64.48897075584969,106.82746955107163,64.586
WARD_A,2025-06-05 09:00:00+00:00,2025-06-05 15:00:00+00:00,136.714,154.6486394081135,133.47939001050253,175.81788880572446,151.232
WARD_B,2025-06-05 09:00:00+00:00,2025-06-05 15:00:00+00:00,133.312,146.46248884048447,125.2932394428735,167.63173823809544,139.948
ICU,2025-06-05 10:00:00+00:00,2025-06-05 16:00:00+00:00,72.274,73.18895964164419,52.01971024403322,94.35820903925516,62.914
OPD,2025-06-05 10:00:00+00:00,2025-06-05 16:00:00+00:00,97.588,80.06307712747056,58.893827729859595,101.23232652508153,93.698
WARD_A,2025-06-05 10:00:00+00:00,2025-06-05 16:00:00+00:00,144.888,156.22365553724725,135.05440613963628,177.39290493485822,120.57
WARD_B,2025-06-05 10:00:00+00:00,2025-06-05 16:00:00+00:00,124.443,145.71725392000522,124.54800452239425,166.8865033176162,127.636
ICU,2025-06-05 11:00:00+00:00,2025-06-05 17:00:00+00:00,71.825,68.19860595109165,47.02935655348068,89.36785534870262,55.365
OPD,2025-06-05 11:00:00+00:00,2025-06-05 17:00:00+00:00,86.852,77.44402024888421,56.274770851273246,98.61326964649518,76.584
WARD_A,2025-06-05 11:00:00+00:00,2025-06-05 17:00:00+00:00,163.37,153.1549611679729,131.98571177036195,174.32421056558388,134.364
WARD_B,2025-06-05 11:00:00+00:00,2025-06-05 17:00:00+00:00,165.522,145.12444846002174,123.95519906241077,166.2936978576327,130.401
ICU,2025-06-05 12:00:00+00:00,2025-06-05 18:00:00+00:00,58.349,55.106866719011514,33.93761732140055,76.27611611662248,47.494
OPD,2025-06-05 12:00:00+00:00,2025-06-05 18:00:00+00:00,12.7,27.476535151829403,6.307285754218437,48.645784549440364,25.283
WARD_A,2025-06-05 12:00:00+00:00,2025-06-05 18:00:00+00:00,155.226,153.40798043824458,132.2387310406336,174.57722983585555,111.819
WARD_B,2025-06-05 12:00:00+00:00,2025-06-05 18:00:00+00:00,144.761,144.51338741094966,123.34413801333869,165.68263680856063,125.85
ICU,2025-06-05 13:00:00+00:00,2025-06-05 19:00:00+00:00,71.912,56.86927750263236,35.70002810502139,78.03852690024333,50.154
OPD,2025-06-05 13:00:00+00:00,2025-06-05 19:00:00+00:00,17.647,25.30474509770429,4.135495700093326,46.47399449531525,29.119
WARD_A,2025-06-05 13:00:00+00:00,2025-06-05 19:00:00+00:00,149.256,146.68525515931933,125.51600576170836,167.8545045569303,111.861
WARD_B,2025-06-05 13:00:00+00:00,2025-06-05 19:00:00+00:00,140.233,143.3376069602883,122.16835756267733,164.50685635789927,136.426
ICU,2025-06-05 14:00:00+00:00,2025-06-05 20:00:00+00:00,150.786,141.71349333567105,120.54424393806008,162.88274273328202,146.889
OPD,2025-06-05 14:00:00+00:00,2025-06-05 20:00:00+00:00,107.353,105.53277898611029,84.36352958849932,126.70202838372126,104.469
WARD_A,2025-06-05 14:00:00+00:00,2025-06-05 20:00:00+00:00,227.854,232.55122867335916,211.3819792757482,253.72047807097013,202.846
WARD_B,2025-06-05 14:00:00+00:00,2025-06-05 20:00:00+00:00,235.042,222.46356129258982,201.29431189497885,243.63281069020078,223.58
ICU,2025-06-05 15:00:00+00:00,2025-06-05 21:00:00+00:00,60.16,60.2133463772793,39.04409697966834,81.38259577489026,46.658
OPD,2025-06-05 15:00:00+00:00,2025-06-05 21:00:00+00:00,7.027,24.076681644128502,2.907432246517537,45.24593104173947,31.707
WARD_A,2025-06-05 15:00:00+00:00,2025-06-05 21:00:00+00:00,154.881,145.33925596676167,124.1700065691507,166.50850536437264,117.462
WARD_B,2025-06-05 15:00:00+00:00,2025-06-05 21:00:00+00:00,155.16,140.1968366450346,119.02758724742364,161.36608604264558,131.887
ICU,2025-06-05 16:00:00+00:00,2025-06-05 22:00:00+00:00,66.171,60.2133463772793,39.04409697966834,81.38259577489026,79.184
OPD,2025-06-05 16:00:00+00:00,2025-06-05 22:00:00+00:00,12.281,23.785018570760826,2.615769173149861,44.954267968371795,8.113
WARD_A,2025-06-05 16:00:00+00:00,2025-06-05 22:00:00+00:00,140.705,144.41900961542095,123.24976021780998,165.58825901303192,112.975
WARD_B,2025-06-05 16:00:00+00:00,2025-06-05 22:00:00+00:00,130.09,141.2734188196658,120.10416942205484,162.44266821727678,137.107
ICU,2025-06-05 17:00:00+00:00,2025-06-05 23:00:00+00:00,69.74,59.793553740887226,38.624304343276265,80.96280313849819,52.093
OPD,2025-06-05 17:00:00+00:00,2025-06-05 23:00:00+00:00,17.589,23.821361107694404,2.652111710083439,44.99061050530537,27.186
WARD_A,2025-06-05 17:00:00+00:00,2025-06-05 23:00:00+00:00,149.436,144.41009213173018,123.24084273411921,165.57934152934115,140.76
WARD_B,2025-06-05 17:00:00+00:00,2025-06-05 23:00:00+00:00,146.068,144.24527166696154,123.07602226935057,165.4145210645725,122.882
ICU,2025-06-05 18:00:00+00:00,2025-06-06 00:00:00+00:00,57.404,59.8993626530311,38.730113255420136,81.06861205064206,46.072
OPD,2025-06-05 18:00:00+00:00,2025-06-06 00:00:00+00:00,25.879,22.128833450380323,0.9595840527693582,43.29808284799129,13.157
WARD_A,2025-06-05 18:00:00+00:00,2025-06-06 00:00:00+00:00,140.511,144.62575032187326,123.45650092426229,165.79499971948422,122.821
WARD_B,2025-06-05 18:00:00+00:00,2025-06-06 00:00:00+00:00,135.36,142.20356340134936,121.03431400373839,163.37281279896033,118.854
ICU,2025-06-05 19:00:00+00:00,2025-06-06 01:00:00+00:00,69.803,60.42459143027152,39.25534203266055,81.59384082788249,57.305
OPD,2025-06-05 19:00:00+00:00,2025-06-06 01:00:00+00:00,21.656,20.907395000027638,0.0,42.0766443976386,4.123
WARD_A,2025-06-05 19:00:00+00:00,2025-06-06 01:00:00+00:00,143.228,144.62575032187326,123.45650092426229,165.79499971948422,121.646
WARD_B,2025-06-05 19:00:00+00:00,2025-06-06 01:00:00+00:00,137.619,141.49432154704652,120.32507214943556,162.6635709446575,123.864
ICU,2025-06-05 20:00:00+00:00,2025-06-06 02:00:00+00:00,67.921,70.62891869934872,49.45966930173775,91.79816809695969,48.892
OPD,2025-06-05 20:00:00+00:00,2025-06-06 02:00:00+00:00,27.483,23.521245386419334,2.351995988808369,44.6904947840303,11.521
WARD_A,2025-06-05 20:00:00+00:00,2025-06-06 02:00:00+00:00,149.677,145.39777579013153,124.22852639252056,166.5670251877425,111.261
WARD_B,2025-06-05 20:00:00+00:00,2025-06-06 02:00:00+00:00,124.4,148.0075673024307,126.83831790481972,169.17681670004166,131.488
ICU,2025-06-05 21:00:00+00:00,2025-06-06 03:00:00+00:00,61.118,60.32830792456572,39.15905852695475,81.49755732217669,51.625
OPD,2025-06-05 21:00:00+00:00,2025-06-06 03:00:00+00:00,14.899,20.42550221553683,0.0,41.59475161314779,7.166
WARD_A,2025-06-05 21:00:00+00:00,2025-06-06 03:00:00+00:00,142.152,144.59064907357578,123.4213996759648,165.75989847118674,138.534
WARD_B,2025-06-05 21:00:00+00:00,2025-06-06 03:00:00+00:00,137.873,142.15619890311092,120.98694950549995,163.3254483007219,118.842
ICU,2025-06-05 22:00:00+00:00,2025-06-06 04:00:00+00:00,77.95,61.359403646536116,40.190154248925154,82.52865304414708,62.288
OPD,2025-06-05 22:00:00+00:00,2025-06-06 04:00:00+00:00,32.213,31.90497743838051,10.735728040769544,53.074226835991475,33.299
WARD_A,2025-06-05 22:00:00+00:00,2025-06-06 04:00:00+00:00,150.931,145.29042523551124,124.12117583790027,166.4596746331222,114.922
WARD_B,2025-06-05 22:00:00+00:00,2025-06-06 04:00:00+00:00,139.114,143.8238576831004,122.65460828548945,164.99310708071138,146.168
ICU,2025-06-05 23:00:00+00:00,2025-06-06 05:00:00+00:00,55.345,60.45913836115546,39.2898889635445,81.62838775876642,62.906
OPD,2025-06-05 23:00:00+00:00,2025-06-06 05:00:00+00:00,27.407,24.730542426623977,3.5612930290130116,45.89979182423494,15.669
WARD_A,2025-06-05 23:00:00+00:00,2025-06-06 05:00:00+00:00,149.405,144.73179139393028,123.56254199631931,165.90104079154125,122.527
WARD_B,2025-06-05 23:00:00+00:00,2025-06-06 05:00:00+00:00,134.965,145.29004198764588,124.12079259003491,166.45929138525685,127.152
ICU,2025-06-06 00:00:00+00:00,2025-06-06 06:00:00+00:00,149.319,143.7915793235364,122.62232992592544,164.96082872114738,147.929
OPD,2025-06-06 00:00:00+00:00,2025-06-06 06:00:00+00:00,104.104,106.50499010090742,85.33574070329645,127.67423949851839,110.475
WARD_A,2025-06-06 00:00:00+00:00,2025-06-06 06:00:00+00:00,211.454,232.65804751932447,211.4887981217135,253.82729691693544,209.915
WARD_B,2025-06-06 00:00:00+00:00,2025-06-06 06:00:00+00:00,212.032,221.70106655006484,200.53181715245387,242.8703159476758,208.602
ICU,2025-06-06 01:00:00+00:00,2025-06-06 07:00:00+00:00,60.242,62.07794434238113,40.90869494477016,83.2471937399921,64.414
OPD,2025-06-06 01:00:00+00:00,2025-06-06 07:00:00+00:00,18.041,31.49143983824804,10.322190440637076,52.66068923585901,17.201
WARD_A,2025-06-06 01:00:00+00:00,2025-06-06 07:00:00+00:00,158.137,145.93274398624655,124.76349458863558,167.10199338385752,116.625
WARD_B,2025-06-06 01:00:00+00:00,2025-06-06 07:00:00+00:00,132.79,144.93621373800346,123.76696434039249,166.10546313561443,144.918
ICU,2025-06-06 02:00:00+00:00,2025-06-06 08:00:00+00:00,66.465,67.57210805002357,46.402858652412604,88.74135744763454,63.093
OPD,2025-06-06 02:00:00+00:00,2025-06-06 08:00:00+00:00,95.488,73.57454848382078,52.40529908620981,94.74379788143175,90.192
WARD_A,2025-06-06 02:00:00+00:00,2025-06-06 08:00:00+00:00,168.809,146.32621525068075,125.15696585306978,167.49546464829172,133.705
WARD_B,2025-06-06 02:00:00+00:00,2025-06-06 08:00:00+00:00,135.262,143.46134127156114,122.29209187395017,164.6305906691721,130.939
ICU,2025-06-06 03:00:00+00:00,2025-06-06 09:00:00+00:00,85.359,67.67139879219017,46.502149394579206,88.84064818980114,52.961
OPD,2025-06-06 03:00:00+00:00,2025-06-06 09:00:00+00:00,72.077,75.79044096477767,54.621191567166704,96.95969036238864,55.081
WARD_A,2025-06-06 03:00:00+00:00,2025-06-06 09:00:00+00:00,135.631,147.47570235359785,126.30645295598688,168.64495175120882,140.681
WARD_B,2025-06-06 03:00:00+00:00,2025-06-06 09:00:00+00:00,132.159,145.3037821915444,124.13453279393343,166.47303158915537,140.785
ICU,2025-06-06 04:00:00+00:00,2025-06-06 10:00:00+00:00,65.136,69.7608931300126,48.591643732401636,90.93014252762357,67.169
OPD,2025-06-06 04:00:00+00:00,2025-06-06 10:00:00+00:00,80.281,78.51440012116808,57.34515072355711,99.68364951877905,66.613
WARD_A,2025-06-06 04:00:00+00:00,2025-06-06 10:00:00+00:00,136.393,149.1641979247177,127.99494852710674,170.33344732232868,118.508
WARD_B,2025-06-06 04:00:00+00:00,2025-06-06 10:00:00+00:00,148.205,146.80184696346257,125.6325975658516,167.97109636107353,130.799
ICU,2025-06-06 05:00:00+00:00,2025-06-06 11:00:00+00:00,87.544,68.62658273381847,47.4573333362075,89.79583213142944,42.887
OPD,2025-06-06 05:00:00+00:00,2025-06-06 11:00:00+00:00,83.729,79.95657866142074,58.78732926380977,101.1258280590317,105.461
WARD_A,2025-06-06 05:00:00+00:00,2025-06-06 11:00:00+00:00,138.559,149.20442464622354,128.03517524861257,170.3736740438345,102.381
WARD_B,2025-06-06 05:00:00+00:00,2025-06-06 11:00:00+00:00,134.491,146.48913688327693,125.31988748566596,167.6583862808879,149.888
ICU,2025-06-06 06:00:00+00:00,2025-06-06 12:00:00+00:00,65.598,81.45460549761646,60.28535610000549,102.62385489522742,50.376
OPD,2025-06-06 06:00:00+00:00,2025-06-06 12:00:00+00:00,83.747,77.98116503502646,56.811915637415495,99.15041443263743,82.59
WARD_A,2025-06-06 06:00:00+00:00,2025-06-06 12:00:00+00:00,146.389,147.0323741209058,125.86312472329485,168.20162351851678,148.701
WARD_B,2025-06-06 06:00:00+00:00,2025-06-06 12:00:00+00:00,146.094,144.8117477652449,123.64249836763392,165.98099716285586,128.968
ICU,2025-06-06 07:00:00+00:00,2025-06-06 13:00:00+00:00,73.585,68.62658273381847,47.4573333362075,89.79583213142944,59.234
OPD,2025-06-06 07:00:00+00:00,2025-06-06 13:00:00+00:00,83.775,80.15176927501624,58.98251987740527,101.3210186726272,102.947
WARD_A,2025-06-06 07:00:00+00:00,2025-06-06 13:00:00+00:00,140.392,149.20442464622354,128.03517524861257,170.3736740438345,119.929
WARD_B,2025-06-06 07:00:00+00:00,2025-06-06 13:00:00+00:00,140.763,144.08799028335397,122.918740885743,165.25723968096494,159.244
ICU,2025-06-06 08:00:00+00:00,2025-06-06 14:00:00+00:00,150.721,154.52539908928628,133.3561496916753,175.69464848689725,145.323
OPD,2025-06-06 08:00:00+00:00,2025-06-06 14:00:00+00:00,168.57,161.04556602608827,139.8763166284773,182.21481542369924,158.896
WARD_A,2025-06-06 08:00:00+00:00,2025-06-06 14:00:00+00:00,222.621,236.04110696211933,214.87185756450836,257.21035635973027,193.584
WARD_B,2025-06-06 08:00:00+00:00,2025-06-06 14:00:00+00:00,235.718,223.56710250636132,202.39785310875035,244.7363519039723,214.478
ICU,2025-06-06 09:00:00+00:00,2025-06-06 15:00:00+00:00,73.369,73.52693224182185,52.357682844210885,94.69618163943282,52.371
OPD,2025-06-06 09:00:00+00:00,2025-06-06 15:00:00+00:00,83.647,82.08150213958878,60.91225274197781,103.25075153719975,52.022
WARD_A,2025-06-06 09:00:00+00:00,2025-06-06 15:00:00+00:00,151.68,147.35636415977993,126.18711476216896,168.5256135573909,131.725
WARD_B,2025-06-06 09:00:00+00:00,2025-06-06 15:00:00+00:00,133.054,143.33490947308402,122.16566007547306,164.504158870695,146.983
ICU,2025-06-06 10:00:00+00:00,2025-06-06 16:00:00+00:00,54.761,74.82016826731248,53.65091886970151,95.98941766492345,48.959
OPD,2025-06-06 10:00:00+00:00,2025-06-06 16:00:00+00:00,63.292,78.14057001734359,56.97132061973262,99.30981941495456,87.984
WARD_A,2025-06-06 10:00:00+00:00,2025-06-06 16:00:00+00:00,166.179,147.32441110474733,126.15516170713636,168.4936605023583,160.574
WARD_B,2025-06-06 10:00:00+00:00,2025-06-06 16:00:00+00:00,137.588,145.27426444774107,124.1050150501301,166.44351384535204,155.082
ICU,2025-06-06 11:00:00+00:00,2025-06-06 17:00:00+00:00,74.64,66.89967768453256,45.730428286921594,88.06892708214353,54.22
OPD,2025-06-06 11:00:00+00:00,2025-06-06 17:00:00+00:00,102.522,75.30167675989243,54.13242736228146,96.4709261575034,92.541
WARD_A,2025-06-06 11:00:00+00:00,2025-06-06 17:00:00+00:00,146.615,147.1183290940936,125.94907969648264,168.28757849170458,130.641
WARD_B,2025-06-06 11:00:00+00:00,2025-06-06 17:00:00+00:00,133.496,142.90440063565725,121.73515123804629,164.07365003326822,147.413
ICU,2025-06-06 12:00:00+00:00,2025-06-06 18:00:00+00:00,58.869,55.189229019351146,34.01997962174018,76.35847841696211,47.015
OPD,2025-06-06 12:00:00+00:00,2025-06-06 18:00:00+00:00,36.944,27.6279825828382,6.458733185227235,48.79723198044917,8.636
WARD_A,2025-06-06 12:00:00+00:00,2025-06-06 18:00:00+00:00,136.589,144.36614169260392,123.19689229499295,165.5353910902149,137.548
WARD_B,2025-06-06 12:00:00+00:00,2025-06-06 18:00:00+00:00,139.346,143.08882839334538,121.91957899573441,164.25807779095635,128.42
ICU,2025-06-06 13:00:00+00:00,2025-06-06 19:00:00+00:00,46.949,57.03539983075247,35.8661504331415,78.20464922836344,63.21
OPD,2025-06-06 13:00:00+00:00,2025-06-06 19:00:00+00:00,21.519,21.480190019761245,0.3109406221502802,42.64943941737221,5.399
WARD_B,2025-06-06 13:00:00+00:00,2025-06-06 19:00:00+00:00,140.964,142.4094813041098,121.24023190649882,163.57873070172076,125.199
ICU,2025-06-06 14:00:00+00:00,2025-06-06 20:00:00+00:00,139.424,143.85279095598545,122.68354155837449,165.02204035359642,149.58
OPD,2025-06-06 14:00:00+00:00,2025-06-06 20:00:00+00:00,106.571,108.12214798841468,86.95289859080371,129.29139738602564,117.615
WARD_A,2025-06-06 14:00:00+00:00,2025-06-06 20:00:00+00:00,231.432,222.353748924563,201.18449952695204,243.52299832217398,207.896
WARD_B,2025-06-06 14:00:00+00:00,2025-06-06 20:00:00+00:00,208.131,218.03423237817205,196.86498298056108,239.20348177578302,218.276
ICU,2025-06-06 15:00:00+00:00,2025-06-06 21:00:00+00:00,74.963,61.2872021339744,40.117952736363435,82.45645153158536,47.537
OPD,2025-06-06 15:00:00+00:00,2025-06-06 21:00:00+00:00,20.782,23.883460862941703,2.714211465330738,45.05271026055267,25.871
WARD_A,2025-06-06 15:00:00+00:00,2025-06-06 21:00:00+00:00,113.535,143.92223020844278,122.75298081083182,165.09147960605375,116.839
WARD_B,2025-06-06 15:00:00+00:00,2025-06-06 21:00:00+00:00,130.393,138.42656315280283,117.25731375519186,159.5958125504138,147.143
ICU,2025-06-06 16:00:00+00:00,2025-06-06 22:00:00+00:00,75.704,60.01301216461318,38.84376276700222,81.18226156222414,56.978
OPD,2025-06-06 16:00:00+00:00,2025-06-06 22:00:00+00:00,23.874,24.407109822025234,3.2378604244142686,45.5763592196362,25.983
WARD_A,2025-06-06 16:00:00+00:00,2025-06-06 22:00:00+00:00,160.719,143.7346837340219,122.56543433641093,164.90393313163287,129.166
WARD_B,2025-06-06 16:00:00+00:00,2025-06-06 22:00:00+00:00,136.968,141.15071836721847,119.9814689696075,162.31996776482944,132.446
ICU,2025-06-06 17:00:00+00:00,2025-06-06 23:00:00+00:00,49.642,59.727473159609104,38.558223761998136,80.89672255722007,73.762
OPD,2025-06-06 17:00:00+00:00,2025-06-06 23:00:00+00:00,15.681,22.917613546326336,1.7483641487153712,44.086862943937305,34.395
WARD_A,2025-06-06 17:00:00+00:00,2025-06-06 23:00:00+00:00,135.768,143.69838728849948,122.5291378908885,164.86763668611044,122.878
WARD_B,2025-06-06 17:00:00+00:00,2025-06-06 23:00:00+00:00,139.508,134.0715337745827,112.90228437697172,155.24078317219366,143.343
ICU,2025-06-06 18:00:00+00:00,2025-06-07 00:00:00+00:00,72.21,60.17346215719841,39.004212759587446,81.34271155480937,53.126
OPD,2025-06-06 18:00:00+00:00,2025-06-07 00:00:00+00:00,29.608,20.907395000027638,0.0,42.0766443976386,28.646
WARD_A,2025-06-06 18:00:00+00:00,2025-06-07 00:00:00+00:00,147.565,141.66814838887726,120.49889899126629,162.83739778648822,104.124
WARD_B,2025-06-06 18:00:00+00:00,2025-06-07 00:00:00+00:00,117.99,137.18474537310743,116.01549597549646,158.3539947707184,134.93
ICU,2025-06-06 19:00:00+00:00,2025-06-07 01:00:00+00:00,47.545,60.17346215719841,39.004212759587446,81.34271155480937,55.544
OPD,2025-06-06 19:00:00+00:00,2025-06-07 01:00:00+00:00,23.971,20.907395000027638,0.0,42.0766443976386,32.645
WARD_B,2025-06-06 19:00:00+00:00,2025-06-07 01:00:00+00:00,142.429,136.5580713339812,115.38882193637022,157.72732073159216,134.974
ICU,2025-06-06 20:00:00+00:00,2025-06-07 02:00:00+00:00,65.482,65.53053776490164,44.36128836729067,86.6997871625126,61.082
OPD,2025-06-06 20:00:00+00:00,2025-06-07 02:00:00+00:00,40.253,24.184899841182233,3.0156504435712677,45.3541492387932,12.931
WARD_A,2025-06-06 20:00:00+00:00,2025-06-07 02:00:00+00:00,156.811,144.38842813494256,123.21917873733159,165.55767753255353,121.766
WARD_B,2025-06-06 20:00:00+00:00,2025-06-07 02:00:00+00:00,138.734,136.0286906590272,114.85944126141624,157.19794005663817,131.785
ICU,2025-06-06 21:00:00+00:00,2025-06-07 03:00:00+00:00,62.938,60.41067022490535,39.24142082729439,81.57991962251631,49.706
OPD,2025-06-06 21:00:00+00:00,2025-06-07 03:00:00+00:00,21.488,18.321169799601265,0.0,39.49041919721223,21.976
WARD_A,2025-06-06 21:00:00+00:00,2025-06-07 03:00:00+00:00,153.496,138.96516349892207,117.7959141013111,160.13441289653304,130.43
WARD_B,2025-06-06 21:00:00+00:00,2025-06-07 03:00:00+00:00,126.133,130.68035475831132,109.51110536070036,151.8496041559223,142.87
ICU,2025-06-06 22:00:00+00:00,2025-06-07 04:00:00+00:00,72.826,61.295384584743864,40.1261351871329,82.46463398235483,64.367
OPD,2025-06-06 22:00:00+00:00,2025-06-07 04:00:00+00:00,28.473,25.815169850395467,4.645920452784502,46.98441924800643,43.026
WARD_A,2025-06-06 22:00:00+00:00,2025-06-07 04:00:00+00:00,140.901,144.62673598614444,123.45748658853347,165.7959853837554,118.688
WARD_B,2025-06-06 22:00:00+00:00,2025-06-07 04:00:00+00:00,131.156,135.0996463614805,113.93039696386953,156.26889575909146,148.607
ICU,2025-06-06 23:00:00+00:00,2025-06-07 05:00:00+00:00,67.837,60.660428932665226,39.49117953505426,81.8296783302762,47.142
OPD,2025-06-06 23:00:00+00:00,2025-06-07 05:00:00+00:00,18.502,24.45362681583587,3.2843774182249064,45.62287621344684,27.115
WARD_A,2025-06-06 23:00:00+00:00,2025-06-07 05:00:00+00:00,126.41,144.4561580373346,123.28690863972363,165.62540743494557,136.756
WARD_B,2025-06-06 23:00:00+00:00,2025-06-07 05:00:00+00:00,113.776,134.35899525846088,113.18974586084991,155.52824465607185,149.208
ICU,2025-06-07 00:00:00+00:00,2025-06-07 06:00:00+00:00,153.937,142.5481358025884,121.37888640497744,163.71738520019937,135.403
OPD,2025-06-07 00:00:00+00:00,2025-06-07 06:00:00+00:00,109.352,105.95524704056966,84.78599764295869,127.12449643818063,82.705
WARD_A,2025-06-07 00:00:00+00:00,2025-06-07 06:00:00+00:00,228.394,225.74275879102908,204.5735093934181,246.91200818864004,195.056
WARD_B,2025-06-07 00:00:00+00:00,2025-06-07 06:00:00+00:00,213.23,212.77635905393757,191.6071096563266,233.94560845154854,221.907
ICU,2025-06-07 01:00:00+00:00,2025-06-07 07:00:00+00:00,61.038,66.45982077542573,45.29057137781476,87.6290701730367,60.521
OPD,2025-06-07 01:00:00+00:00,2025-06-07 07:00:00+00:00,26.669,31.371308770335226,10.20205937272426,52.54055816794619,23.698
WARD_A,2025-06-07 01:00:00+00:00,2025-06-07 07:00:00+00:00,168.854,144.5155980470083,123.34634864939733,165.68484744461927,127.092
WARD_B,2025-06-07 01:00:00+00:00,2025-06-07 07:00:00+00:00,111.364,137.32890518755045,116.15965578993948,158.49815458516142,140.187
ICU,2025-06-07 02:00:00+00:00,2025-06-07 08:00:00+00:00,71.869,71.54103819957534,50.37178880196437,92.71028759718631,57.704
OPD,2025-06-07 02:00:00+00:00,2025-06-07 08:00:00+00:00,81.679,70.3252681227341,49.15601872512313,91.49451752034507,69.686
WARD_A,2025-06-07 02:00:00+00:00,2025-06-07 08:00:00+00:00,164.956,146.16429548566646,124.99504608805549,167.33354488327743,135.626
WARD_B,2025-06-07 02:00:00+00:00,2025-06-07 08:00:00+00:00,142.631,137.57833400582493,116.40908460821396,158.7475834034359,149.189
ICU,2025-06-07 03:00:00+00:00,2025-06-07 09:00:00+00:00,53.906,81.78051961047979,60.61127021286882,102.94976900809075,62.167
OPD,2025-06-07 03:00:00+00:00,2025-06-07 09:00:00+00:00,76.438,74.82666206376493,53.65741266615396,95.9959114613759,57.092
WARD_A,2025-06-07 03:00:00+00:00,2025-06-07 09:00:00+00:00,140.855,146.71370681951583,125.54445742190487,167.8829562171268,138.114
WARD_B,2025-06-07 03:00:00+00:00,2025-06-07 09:00:00+00:00,146.207,136.03798352664916,114.86873412903819,157.20723292426013,146.778
ICU,2025-06-07 04:00:00+00:00,2025-06-07 10:00:00+00:00,60.156,72.55911426879379,51.38986487118282,93.72836366640476,38.925
OPD,2025-06-07 04:00:00+00:00,2025-06-07 10:00:00+00:00,81.142,77.3406749232391,56.17142552562814,98.50992432085008,106.382
WARD_A,2025-06-07 04:00:00+00:00,2025-06-07 10:00:00+00:00,153.208,146.91849915754605,125.74924975993508,168.08774855515702,122.793
WARD_B,2025-06-07 04:00:00+00:00,2025-06-07 10:00:00+00:00,135.255,135.4081890980703,114.23893970045933,156.57743849568126,146.032
ICU,2025-06-07 05:00:00+00:00,2025-06-07 11:00:00+00:00,78.088,70.2847944013194,49.115545003708434,91.45404379893037,54.073
OPD,2025-06-07 05:00:00+00:00,2025-06-07 11:00:00+00:00,89.728,79.35898513865072,58.189735741039755,100.52823453626169,70.625
WARD_A,2025-06-07 05:00:00+00:00,2025-06-07 11:00:00+00:00,141.46,144.80095340423026,123.63170400661929,165.97020280184122,113.956
WARD_B,2025-06-07 05:00:00+00:00,2025-06-07 11:00:00+00:00,132.792,133.3907078517341,112.22145845412314,154.55995724934508,147.551
ICU,2025-06-07 06:00:00+00:00,2025-06-07 12:00:00+00:00,81.138,82.05379774394204,60.88454834633107,103.22304714155301,73.412
OPD,2025-06-07 06:00:00+00:00,2025-06-07 12:00:00+00:00,80.648,77.2508160961735,56.081566698562526,98.42006549378446,64.25
WARD_A,2025-06-07 06:00:00+00:00,2025-06-07 12:00:00+00:00,147.914,147.01151882740942,125.84226942979845,168.1807682250204,137.282
WARD_B,2025-06-07 06:00:00+00:00,2025-06-07 12:00:00+00:00,131.447,135.4043896619159,114.23514026430493,156.57363905952687,147.072
ICU,2025-06-07 07:00:00+00:00,2025-06-07 13:00:00+00:00,71.735,68.59944246205701,47.430193064446044,89.76869185966798,55.43
OPD,2025-06-07 07:00:00+00:00,2025-06-07 13:00:00+00:00,81.307,80.44987662935345,59.280627231742486,101.61912602696442,83.528
WARD_A,2025-06-07 07:00:00+00:00,2025-06-07 13:00:00+00:00,141.88,150.30914413681114,129.13989473920017,171.4783935344221,150.311
WARD_B,2025-06-07 07:00:00+00:00,2025-06-07 13:00:00+00:00,112.021,131.1346435868874,109.96539418927642,152.30389298449836,174.398
ICU,2025-06-07 08:00:00+00:00,2025-06-07 14:00:00+00:00,173.697,156.01396128975207,134.8447118921411,177.18321068736304,147.105
OPD,2025-06-07 08:00:00+00:00,2025-06-07 14:00:00+00:00,144.03,162.89476843668845,141.72551903907748,184.06401783429942,161.777
WARD_A,2025-06-07 08:00:00+00:00,2025-06-07 14:00:00+00:00,242.094,229.19871233125295,208.02946293364198,250.36796172886392,213.329
WARD_B,2025-06-07 08:00:00+00:00,2025-06-07 14:00:00+00:00,238.245,216.87577373763207,195.7065243400211,238.04502313524304,229.245
ICU,2025-06-07 09:00:00+00:00,2025-06-07 15:00:00+00:00,72.599,72.48352924289482,51.31427984528385,93.65277864050579,58.844
OPD,2025-06-07 09:00:00+00:00,2025-06-07 15:00:00+00:00,63.128,81.23972946825491,60.07048007064394,102.40897886586588,102.144
WARD_A,2025-06-07 09:00:00+00:00,2025-06-07 15:00:00+00:00,153.253,145.5823492368882,124.41309983927724,166.75159863449917,117.702
WARD_B,2025-06-07 09:00:00+00:00,2025-06-07 15:00:00+00:00,126.995,137.17604431508377,116.0067949174728,158.34529371269474,142.932
ICU,2025-06-07 10:00:00+00:00,2025-06-07 16:00:00+00:00,71.661,71.26202726263566,50.092777865024686,92.43127666024662,57.602
OPD,2025-06-07 10:00:00+00:00,2025-06-07 16:00:00+00:00,73.201,77.00683159045153,55.83758219284056,98.1760809880625,79.549
WARD_A,2025-06-07 10:00:00+00:00,2025-06-07 16:00:00+00:00,144.096,146.13680613774648,124.9675567401355,167.30605553535744,115.366
WARD_B,2025-06-07 10:00:00+00:00,2025-06-07 16:00:00+00:00,134.885,135.47015171611122,114.30090231850025,156.6394011137222,131.683
ICU,2025-06-07 11:00:00+00:00,2025-06-07 17:00:00+00:00,51.667,70.90575564778102,49.73650625017005,92.07500504539199,77.362
OPD,2025-06-07 11:00:00+00:00,2025-06-07 17:00:00+00:00,78.656,73.22797677492852,52.05872737731755,94.39722617253949,56.645
WARD_A,2025-06-07 11:00:00+00:00,2025-06-07 17:00:00+00:00,134.534,146.18874567804514,125.01949628043417,167.3579950756561,143.949
WARD_B,2025-06-07 11:00:00+00:00,2025-06-07 17:00:00+00:00,130.458,135.0160380532152,113.84678865560423,156.18528745082617,136.299
ICU,2025-06-07 12:00:00+00:00,2025-06-07 18:00:00+00:00,77.523,55.189229019351146,34.01997962174018,76.35847841696211,53.781
OPD,2025-06-07 12:00:00+00:00,2025-06-07 18:00:00+00:00,27.014,30.227060031288097,9.057810633677132,51.39630942889906,24.517
WARD_A,2025-06-07 12:00:00+00:00,2025-06-07 18:00:00+00:00,131.199,144.4944968499004,123.32524745228943,165.66374624751137,124.433
WARD_B,2025-06-07 12:00:00+00:00,2025-06-07 18:00:00+00:00,114.968,128.75631482364184,107.58706542603088,149.9255642212528,155.241
ICU,2025-06-07 13:00:00+00:00,2025-06-07 19:00:00+00:00,70.056,57.10386468236681,35.93461528475585,78.27311407997777,54.339
OPD,2025-06-07 13:00:00+00:00,2025-06-07 19:00:00+00:00,25.744,23.62693566287777,2.457686265266805,44.79618506048874,38.103
WARD_A,2025-06-07 13:00:00+00:00,2025-06-07 19:00:00+00:00,124.547,141.93888465303905,120.76963525542808,163.10813405065002,109.151
ICU,2025-06-07 14:00:00+00:00,2025-06-07 20:00:00+00:00,151.516,124.9802464892223,103.81099709161133,146.14949588683325,137.511
OPD,2025-06-07 14:00:00+00:00,2025-06-07 20:00:00+00:00,98.987,104.37176913966513,83.20251974205416,125.5410185372761,114.331
WARD_A,2025-06-07 14:00:00+00:00,2025-06-07 20:00:00+00:00,237.58,222.02415554971986,200.8549061521089,243.19340494733083,209.024
WARD_B,2025-06-07 14:00:00+00:00,2025-06-07 20:00:00+00:00,205.152,213.77588761240523,192.60663821479426,234.9451370100162,221.456
ICU,2025-06-07 15:00:00+00:00,2025-06-07 21:00:00+00:00,55.487,61.412169268943074,40.242919871332106,82.58141866655404,57.144
OPD,2025-06-07 15:00:00+00:00,2025-06-07 21:00:00+00:00,28.868,24.53207695699391,3.3628275593829464,45.70132635460487,19.541
WARD_A,2025-06-07 15:00:00+00:00,2025-06-07 21:00:00+00:00,152.197,144.415625786532,123.24637638892102,165.58487518414296,129.15
WARD_B,2025-06-07 15:00:00+00:00,2025-06-07 21:00:00+00:00,133.536,128.50576999109552,107.33652059348455,149.6750193887065,126.506
ICU,2025-06-07 16:00:00+00:00,2025-06-07 22:00:00+00:00,80.857,60.09537446495281,38.92612506734184,81.26462386256378,62.636
OPD,2025-06-07 16:00:00+00:00,2025-06-07 22:00:00+00:00,23.694,23.59149510738352,2.422245709772554,44.760744504994484,13.326
WARD_A,2025-06-07 16:00:00+00:00,2025-06-07 22:00:00+00:00,126.204,144.46448549339405,123.29523609578308,165.63373489100502,118.259
WARD_B,2025-06-07 16:00:00+00:00,2025-06-07 22:00:00+00:00,118.948,129.0117120305648,107.84246263295384,150.18096142817578,147.46
ICU,2025-06-07 17:00:00+00:00,2025-06-07 23:00:00+00:00,81.688,59.64511085926947,38.47586146165851,80.81436025688043,44.72
OPD,2025-06-07 17:00:00+00:00,2025-06-07 23:00:00+00:00,19.868,23.342376569833966,2.1731271722230012,44.51162596744493,7.872
WARD_A,2025-06-07 17:00:00+00:00,2025-06-07 23:00:00+00:00,156.267,140.12343766178932,118.95418826417836,161.2926870594003,134.742
WARD_B,2025-06-07 17:00:00+00:00,2025-06-07 23:00:00+00:00,128.969,128.71290844857634,107.54365905096537,149.8821578461873,153.921
ICU,2025-06-07 18:00:00+00:00,2025-06-08 00:00:00+00:00,66.843,60.05909989167991,38.88985049406894,81.22834928929088,61.144
OPD,2025-06-07 18:00:00+00:00,2025-06-08 00:00:00+00:00,18.614,20.951977588243857,0.0,42.12122698585482,8.867
WARD_A,2025-06-07 18:00:00+00:00,2025-06-08 00:00:00+00:00,126.778,140.97764924319145,119.80839984558048,162.14689864080242,138.982
WARD_B,2025-06-07 18:00:00+00:00,2025-06-08 00:00:00+00:00,134.889,126.8150388694999,105.64578947188893,147.98428826711086,139.401
ICU,2025-06-07 19:00:00+00:00,2025-06-08 01:00:00+00:00,70.502,60.438977644780806,39.26972824716984,81.60822704239177,52.445
OPD,2025-06-07 19:00:00+00:00,2025-06-08 01:00:00+00:00,26.676,22.49256092004328,1.3233115224323164,43.66181031765424,8.403
WARD_A,2025-06-07 19:00:00+00:00,2025-06-08 01:00:00+00:00,141.846,140.5384990676198,119.36924967000883,161.70774846523076,137.103
ICU,2025-06-07 20:00:00+00:00,2025-06-08 02:00:00+00:00,63.285,69.48328691526726,48.31403751765629,90.65253631287823,60.932
OPD,2025-06-07 20:00:00+00:00,2025-06-08 02:00:00+00:00,13.46,24.184899841182233,3.0156504435712677,45.3541492387932,8.984
WARD_A,2025-06-07 20:00:00+00:00,2025-06-08 02:00:00+00:00,143.251,150.88844769730287,129.7191982996919,172.05769709491383,130.572
WARD_B,2025-06-07 20:00:00+00:00,2025-06-08 02:00:00+00:00,126.499,129.41105336496756,108.24180396735659,150.58030276257853,143.658
ICU,2025-06-07 21:00:00+00:00,2025-06-08 03:00:00+00:00,53.252,60.32830792456572,39.15905852695475,81.49755732217669,75.635
OPD,2025-06-07 21:00:00+00:00,2025-06-08 03:00:00+00:00,12.815,18.840078334239863,0.0,40.00932773185083,25.369
WARD_A,2025-06-07 21:00:00+00:00,2025-06-08 03:00:00+00:00,134.918,144.4880232794945,123.31877388188354,165.65727267710548,144.152
WARD_B,2025-06-07 21:00:00+00:00,2025-06-08 03:00:00+00:00,137.332,128.22393854812347,107.0546891505125,149.39318794573444,136.687
ICU,2025-06-07 22:00:00+00:00,2025-06-08 04:00:00+00:00,72.066,61.62845890594924,40.459209508338276,82.7977083035602,50.107
OPD,2025-06-07 22:00:00+00:00,2025-06-08 04:00:00+00:00,30.731,27.695063873498853,6.525814475887888,48.86431327110982,29.948
WARD_A,2025-06-07 22:00:00+00:00,2025-06-08 04:00:00+00:00,141.72,142.61210702856923,121.44285763095826,163.7813564261802,135.988
WARD_B,2025-06-07 22:00:00+00:00,2025-06-08 04:00:00+00:00,123.759,127.63025361624481,106.46100421863385,148.79950301385577,144.403
OPD,2025-06-07 23:00:00+00:00,2025-06-08 05:00:00+00:00,24.258,22.017320700709995,0.8480713030990294,43.186570098320956,18.036
WARD_A,2025-06-07 23:00:00+00:00,2025-06-08 05:00:00+00:00,151.821,146.92005139378492,125.75080199617395,168.08930079139589,151.718
WARD_B,2025-06-07 23:00:00+00:00,2025-06-08 05:00:00+00:00,126.683,128.5716326939871,107.40238329637614,149.74088209159808,134.141
ICU,2025-06-08 00:00:00+00:00,2025-06-08 06:00:00+00:00,156.582,141.83632805482827,120.6670786572173,163.00557745243924,138.45
OPD,2025-06-08 00:00:00+00:00,2025-06-08 06:00:00+00:00,110.886,97.07140187383433,75.90215247622336,118.2406512714453,107.593
WARD_A,2025-06-08 00:00:00+00:00,2025-06-08 06:00:00+00:00,238.213,222.97703690816945,201.80778751055848,244.14628630578042,221.313
WARD_B,2025-06-08 00:00:00+00:00,2025-06-08 06:00:00+00:00,212.911,209.73926496883314,188.57001557122217,230.9085143664441,237.464
ICU,2025-06-08 01:00:00+00:00,2025-06-08 07:00:00+00:00,74.083,60.06193527433895,38.89268587672798,81.23118467194992,61.617
OPD,2025-06-08 01:00:00+00:00,2025-06-08 07:00:00+00:00,20.013,21.42572668901448,0.25647729140351316,42.594976086625444,27.836
WARD_A,2025-06-08 01:00:00+00:00,2025-06-08 07:00:00+00:00,148.446,144.5155980470083,123.34634864939733,165.68484744461927,128.188
WARD_B,2025-06-08 01:00:00+00:00,2025-06-08 07:00:00+00:00,126.736,124.14774150787551,102.97849211026454,145.31699090548648,168.024
ICU,2025-06-08 02:00:00+00:00,2025-06-08 08:00:00+00:00,65.282,62.69946837035209,41.530218972741125,83.86871776796306,63.473
OPD,2025-06-08 02:00:00+00:00,2025-06-08 08:00:00+00:00,26.397,27.45926647179151,6.290017074180543,48.62851586940248,26.609
WARD_A,2025-06-08 02:00:00+00:00,2025-06-08 08:00:00+00:00,134.975,145.51613557158439,124.34688617397342,166.68538496919535,125.119
WARD_B,2025-06-08 02:00:00+00:00,2025-06-08 08:00:00+00:00,127.572,124.58257649092639,103.41332709331542,145.75182588853735,148.181
ICU,2025-06-08 03:00:00+00:00,2025-06-08 09:00:00+00:00,67.134,62.13980292191877,40.9705535243078,83.30905231952974,52.193
OPD,2025-06-08 03:00:00+00:00,2025-06-08 09:00:00+00:00,16.388,28.751206222928463,7.581956825317498,49.92045562053943,25.543
WARD_A,2025-06-08 03:00:00+00:00,2025-06-08 09:00:00+00:00,136.29,145.43373322907584,124.26448383146487,166.6029826266868,129.416
WARD_B,2025-06-08 03:00:00+00:00,2025-06-08 09:00:00+00:00,117.899,130.19412114399958,109.02487174638861,151.36337054161055,145.626
ICU,2025-06-08 04:00:00+00:00,2025-06-08 10:00:00+00:00,71.314,60.971747266150615,39.802497868539646,82.14099666376158,47.559
OPD,2025-06-08 04:00:00+00:00,2025-06-08 10:00:00+00:00,25.614,30.070190699017704,8.90094130140674,51.23944009662867,30.375
WARD_A,2025-06-08 04:00:00+00:00,2025-06-08 10:00:00+00:00,136.656,145.26858965654458,124.09934025893361,166.43783905415555,131.024
WARD_B,2025-06-08 04:00:00+00:00,2025-06-08 10:00:00+00:00,126.854,126.29780455303519,105.12855515542422,147.46705395064615,136.095
OPD,2025-06-08 05:00:00+00:00,2025-06-08 11:00:00+00:00,13.309,29.80155217669691,8.632302779085943,50.97080157430787,26.78
WARD_A,2025-06-08 05:00:00+00:00,2025-06-08 11:00:00+00:00,152.91,145.35164053369218,124.18239113608121,166.52088993130315,128.56
WARD_B,2025-06-08 05:00:00+00:00,2025-06-08 11:00:00+00:00,129.944,128.98648713986577,107.8172377422548,150.15573653747674,150.589
ICU,2025-06-08 06:00:00+00:00,2025-06-08 12:00:00+00:00,62.464,77.6048130561842,56.43556365857323,98.77406245379517,43.26
OPD,2025-06-08 06:00:00+00:00,2025-06-08 12:00:00+00:00,30.291,43.76539140734306,22.596142009732095,64.93464080495403,14.965
WARD_A,2025-06-08 06:00:00+00:00,2025-06-08 12:00:00+00:00,121.308,149.64090959795402,128.47166020034305,170.810158995565,137.299
WARD_B,2025-06-08 06:00:00+00:00,2025-06-08 12:00:00+00:00,108.685,130.1211309667153,108.95188156910433,151.29038036432627,132.523
ICU,2025-06-08 07:00:00+00:00,2025-06-08 13:00:00+00:00,48.984,60.88156667074036,39.7123172731294,82.05081606835132,53.172
OPD,2025-06-08 07:00:00+00:00,2025-06-08 13:00:00+00:00,29.575,31.789757683186256,10.62050828557529,52.95900708079722,24.289
WARD_A,2025-06-08 07:00:00+00:00,2025-06-08 13:00:00+00:00,127.168,143.17879253919895,122.00954314158798,164.34804193680992,138.259
WARD_B,2025-06-08 07:00:00+00:00,2025-06-08 13:00:00+00:00,122.19,127.79661156235541,106.62736216474444,148.96586095996636,131.835
ICU,2025-06-08 08:00:00+00:00,2025-06-08 14:00:00+00:00,158.371,137.2482802546346,116.07903085702364,158.41752965224558,140.567
OPD,2025-06-08 08:00:00+00:00,2025-06-08 14:00:00+00:00,104.527,101.43776329181951,80.26851389420854,122.60701268943048,121.9
WARD_A,2025-06-08 08:00:00+00:00,2025-06-08 14:00:00+00:00,205.932,224.28437036815671,203.11512097054575,245.45361976576768,227.316
WARD_B,2025-06-08 08:00:00+00:00,2025-06-08 14:00:00+00:00,194.248,210.38497366613004,189.21572426851907,231.554223063741,216.744
ICU,2025-06-08 09:00:00+00:00,2025-06-08 15:00:00+00:00,68.632,64.6883541343286,43.51910473671764,85.85760353193957,70.721
OPD,2025-06-08 09:00:00+00:00,2025-06-08 15:00:00+00:00,18.244,31.61150209943146,10.442252701820493,52.780751497042424,20.151
WARD_A,2025-06-08 09:00:00+00:00,2025-06-08 15:00:00+00:00,149.999,145.85964717781906,124.69039778020809,167.02889657543002,143.379
WARD_B,2025-06-08 09:00:00+00:00,2025-06-08 15:00:00+00:00,117.517,126.17865978273352,105.00941038512255,147.3479091803445,148.225
ICU,2025-06-08 10:00:00+00:00,2025-06-08 16:00:00+00:00,87.745,65.40138812075467,44.232138723143706,86.57063751836564,38.359
OPD,2025-06-08 10:00:00+00:00,2025-06-08 16:00:00+00:00,26.666,31.876406034157036,10.70715663654607,53.045655431768,27.71
WARD_A,2025-06-08 10:00:00+00:00,2025-06-08 16:00:00+00:00,150.465,145.28295276490226,124.1137033672913,166.45220216251323,139.958
WARD_B,2025-06-08 10:00:00+00:00,2025-06-08 16:00:00+00:00,98.102,126.50629057334294,105.33704117573197,147.6755399709539,131.942
ICU,2025-06-08 11:00:00+00:00,2025-06-08 17:00:00+00:00,60.333,59.90557312511536,38.7363237275044,81.07482252272632,54.583
OPD,2025-06-08 11:00:00+00:00,2025-06-08 17:00:00+00:00,14.175,30.28430247408949,9.115053076478524,51.453551871700455,37.432
WARD_A,2025-06-08 11:00:00+00:00,2025-06-08 17:00:00+00:00,133.638,145.51814101303262,124.34889161542165,166.6873904106436,119.487
WARD_B,2025-06-08 11:00:00+00:00,2025-06-08 17:00:00+00:00,119.216,129.6897620119908,108.52051261437984,150.85901140960178,150.665
ICU,2025-06-08 12:00:00+00:00,2025-06-08 18:00:00+00:00,63.516,56.4891271706744,35.31987777306344,77.65837656828536,55.293
OPD,2025-06-08 12:00:00+00:00,2025-06-08 18:00:00+00:00,16.898,25.657661923200003,4.4884125255890375,46.826911320810964,17.87
WARD_A,2025-06-08 12:00:00+00:00,2025-06-08 18:00:00+00:00,145.886,141.4766581670817,120.30740876947073,162.64590756469266,129.755
WARD_B,2025-06-08 12:00:00+00:00,2025-06-08 18:00:00+00:00,104.586,123.70182814348215,102.53257874587118,144.87107754109311,140.3
ICU,2025-06-08 13:00:00+00:00,2025-06-08 19:00:00+00:00,66.004,57.083725898136734,35.914476500525765,78.2529752957477,55.983
OPD,2025-06-08 13:00:00+00:00,2025-06-08 19:00:00+00:00,31.253,24.706221949044107,3.5369725514331414,45.875471346655075,11.543
WARD_A,2025-06-08 13:00:00+00:00,2025-06-08 19:00:00+00:00,135.547,142.0956368846021,120.92638748699113,163.26488628221307,129.585
WARD_B,2025-06-08 13:00:00+00:00,2025-06-08 19:00:00+00:00,116.084,126.08293829193967,104.9136888943287,147.25218768955062,159.888
ICU,2025-06-08 14:00:00+00:00,2025-06-08 20:00:00+00:00,151.306,143.72782382101678,122.55857442340582,164.89707321862775,139.374
OPD,2025-06-08 14:00:00+00:00,2025-06-08 20:00:00+00:00,104.855,74.48242119220497,53.313171794594,95.65167058981594,106.78
WARD_A,2025-06-08 14:00:00+00:00,2025-06-08 20:00:00+00:00,219.832,203.2754886799408,182.10623928232982,224.44473807755176,229.701
WARD_B,2025-06-08 14:00:00+00:00,2025-06-08 20:00:00+00:00,195.923,172.47036909819215,151.30111970058118,193.63961849580312,256.663
ICU,2025-06-08 15:00:00+00:00,2025-06-08 21:00:00+00:00,53.365,60.39720260117711,39.227953203566145,81.56645199878808,62.483
OPD,2025-06-08 15:00:00+00:00,2025-06-08 21:00:00+00:00,24.061,21.051219698354227,0.0,42.22046909596519,17.608
WARD_A,2025-06-08 15:00:00+00:00,2025-06-08 21:00:00+00:00,144.681,141.6165109646074,120.44726156699642,162.78576036221835,129.411
WARD_B,2025-06-08 15:00:00+00:00,2025-06-08 21:00:00+00:00,105.516,122.5422851195962,101.37303572198523,143.71153451720716,135.23
ICU,2025-06-08 16:00:00+00:00,2025-06-08 22:00:00+00:00,62.782,60.387340220511,39.21809082290004,81.55658961812196,64.734
OPD,2025-06-08 16:00:00+00:00,2025-06-08 22:00:00+00:00,11.369,21.051219698354227,0.0,42.22046909596519,22.494
WARD_A,2025-06-08 16:00:00+00:00,2025-06-08 22:00:00+00:00,152.99,141.62583731001948,120.45658791240851,162.79508670763045,129.309
WARD_B,2025-06-08 16:00:00+00:00,2025-06-08 22:00:00+00:00,124.667,123.06543688212734,101.89618748451637,144.2346862797383,161.592
ICU,2025-06-08 17:00:00+00:00,2025-06-08 23:00:00+00:00,70.021,59.90981151095795,38.74056211334698,81.07906090856892,55.595
OPD,2025-06-08 17:00:00+00:00,2025-06-08 23:00:00+00:00,26.12,23.05149278222278,1.8822433846118152,44.22074217983375,12.192
WARD_A,2025-06-08 17:00:00+00:00,2025-06-08 23:00:00+00:00,140.289,139.1512852725916,117.98203587498062,160.32053467020256,130.664
WARD_B,2025-06-08 17:00:00+00:00,2025-06-08 23:00:00+00:00,128.792,122.51309700198397,101.343847604373,143.68234639959493,165.039
ICU,2025-06-08 18:00:00+00:00,2025-06-09 00:00:00+00:00,58.438,58.95234609900736,37.78309670139639,80.12159549661833,65.713
OPD,2025-06-08 18:00:00+00:00,2025-06-09 00:00:00+00:00,34.255,21.525322740974936,0.35607334336397045,42.6945721385859,12.71
WARD_A,2025-06-08 18:00:00+00:00,2025-06-09 00:00:00+00:00,136.234,143.51562982471143,122.34638042710046,164.6848792223224,133.917
WARD_B,2025-06-08 18:00:00+00:00,2025-06-09 00:00:00+00:00,138.419,121.23046459142826,100.06121519381729,142.3997139890392,157.967
ICU,2025-06-08 19:00:00+00:00,2025-06-09 01:00:00+00:00,69.722,59.22906849797316,38.05981910036219,80.39831789558413,64.881
OPD,2025-06-08 19:00:00+00:00,2025-06-09 01:00:00+00:00,24.163,21.525322740974936,0.35607334336397045,42.6945721385859,20.649
WARD_A,2025-06-08 19:00:00+00:00,2025-06-09 01:00:00+00:00,128.723,143.5916030580376,122.42235366042664,164.76085245564857,131.014
WARD_B,2025-06-08 19:00:00+00:00,2025-06-09 01:00:00+00:00,126.563,121.23046459142826,100.06121519381729,142.3997139890392,148.171
ICU,2025-06-08 20:00:00+00:00,2025-06-09 02:00:00+00:00,64.174,69.88942200253793,48.72017260492696,91.0586714001489,67.64
OPD,2025-06-08 20:00:00+00:00,2025-06-09 02:00:00+00:00,32.04,26.43089895977022,5.261649562159256,47.60014835738119,18.198
WARD_A,2025-06-08 20:00:00+00:00,2025-06-09 02:00:00+00:00,143.783,145.4460127511427,124.27676335353172,166.61526214875366,135.689
WARD_B,2025-06-08 20:00:00+00:00,2025-06-09 02:00:00+00:00,128.685,127.08091997251171,105.91167057490074,148.25016937012268,148.077
ICU,2025-06-08 21:00:00+00:00,2025-06-09 03:00:00+00:00,68.915,60.80526548950964,39.63601609189867,81.9745148871206,56.155
OPD,2025-06-08 21:00:00+00:00,2025-06-09 03:00:00+00:00,16.616,19.45800607518716,0.0,40.627255472798126,34.83
WARD_A,2025-06-08 21:00:00+00:00,2025-06-09 03:00:00+00:00,122.621,145.9339557056728,124.76470630806182,167.10320510328376,154.382
WARD_B,2025-06-08 21:00:00+00:00,2025-06-09 03:00:00+00:00,117.961,121.8002622273997,100.63101282978873,142.96951162501065,149.173
ICU,2025-06-08 22:00:00+00:00,2025-06-09 04:00:00+00:00,72.609,61.76031009016359,40.59106069255263,82.92955948777455,64.114
OPD,2025-06-08 22:00:00+00:00,2025-06-09 04:00:00+00:00,39.576,28.390800107663555,7.22155071005259,49.56004950527452,16.348
WARD_A,2025-06-08 22:00:00+00:00,2025-06-09 04:00:00+00:00,128.817,152.74780721112438,131.5785578135134,173.91705660873535,139.527
WARD_B,2025-06-08 22:00:00+00:00,2025-06-09 04:00:00+00:00,118.408,123.82142625900674,102.65217686139577,144.9906756566177,157.71
ICU,2025-06-08 23:00:00+00:00,2025-06-09 05:00:00+00:00,63.881,61.77615277984674,40.60690338223577,82.94540217745771,52.654
OPD,2025-06-08 23:00:00+00:00,2025-06-09 05:00:00+00:00,21.373,25.60046260272354,4.431213205112574,46.76971200033451,18.847
WARD_A,2025-06-08 23:00:00+00:00,2025-06-09 05:00:00+00:00,135.508,151.4435102058161,130.27426080820513,172.61275960342707,142.361
WARD_B,2025-06-08 23:00:00+00:00,2025-06-09 05:00:00+00:00,136.184,124.75077388332919,103.58152448571822,145.92002328094014,165.262
ICU,2025-06-09 00:00:00+00:00,2025-06-09 06:00:00+00:00,136.785,144.64461867300085,123.47536927538988,165.81386807061182,136.843
OPD,2025-06-09 00:00:00+00:00,2025-06-09 06:00:00+00:00,99.336,107.0119408677831,85.84269147017213,128.18119026539406,110.879
WARD_A,2025-06-09 00:00:00+00:00,2025-06-09 06:00:00+00:00,223.922,227.618694306932,206.44944490932104,248.78794370454298,209.109
WARD_B,2025-06-09 00:00:00+00:00,2025-06-09 06:00:00+00:00,209.59,208.2869730642651,187.11772366665414,229.45622246187608,247.245
ICU,2025-06-09 01:00:00+00:00,2025-06-09 07:00:00+00:00,63.569,62.25560875424308,41.086359356632116,83.42485815185404,73.939
OPD,2025-06-09 01:00:00+00:00,2025-06-09 07:00:00+00:00,8.853,31.996708551543087,10.827459153932121,53.16595794915405,43.399
WARD_A,2025-06-09 01:00:00+00:00,2025-06-09 07:00:00+00:00,107.766,147.99387810447936,126.8246287068684,169.16312750209033,135.5
WARD_B,2025-06-09 01:00:00+00:00,2025-06-09 07:00:00+00:00,134.489,123.905224433001,102.73597503539003,145.07447383061196,156.85
ICU,2025-06-09 02:00:00+00:00,2025-06-09 08:00:00+00:00,54.696,68.19214298944101,47.02289359183004,89.36139238705198,57.413
OPD,2025-06-09 02:00:00+00:00,2025-06-09 08:00:00+00:00,102.481,76.13533052720246,54.96608112959149,97.30457992481342,67.768
WARD_A,2025-06-09 02:00:00+00:00,2025-06-09 08:00:00+00:00,130.625,147.25001481316363,126.08076541555266,168.4192642107746,129.985
WARD_B,2025-06-09 02:00:00+00:00,2025-06-09 08:00:00+00:00,94.322,127.93947027368004,106.77022087606908,149.108719671291,135.593
ICU,2025-06-09 03:00:00+00:00,2025-06-09 09:00:00+00:00,51.594,68.81375883262977,47.644509435018804,89.98300823024074,60.711
OPD,2025-06-09 03:00:00+00:00,2025-06-09 09:00:00+00:00,101.311,77.51715077378523,56.34790137617426,98.6864001713962,87.376
WARD_A,2025-06-09 03:00:00+00:00,2025-06-09 09:00:00+00:00,125.431,144.5499177359893,123.38066833837834,165.71916713360028,142.284
WARD_B,2025-06-09 03:00:00+00:00,2025-06-09 09:00:00+00:00,122.792,128.75872926321895,107.58947986560798,149.92797866082992,155.917
ICU,2025-06-09 04:00:00+00:00,2025-06-09 10:00:00+00:00,72.547,69.89553302284415,48.72628362523318,91.06478242045512,43.616
OPD,2025-06-09 04:00:00+00:00,2025-06-09 10:00:00+00:00,75.49,79.73005081840591,58.560801420794945,100.89930021601688,71.144
WARD_A,2025-06-09 04:00:00+00:00,2025-06-09 10:00:00+00:00,128.222,142.81973542890282,121.65048603129185,163.98898482651379,127.853
WARD_B,2025-06-09 04:00:00+00:00,2025-06-09 10:00:00+00:00,100.522,128.35436634927456,107.18511695166359,149.52361574688553,150.942
ICU,2025-06-09 05:00:00+00:00,2025-06-09 11:00:00+00:00,62.692,69.94369877989534,48.774449382284374,91.11294817750631,62.033
OPD,2025-06-09 05:00:00+00:00,2025-06-09 11:00:00+00:00,66.304,82.5907078784447,61.421458480833735,103.75995727605567,74.066
WARD_A,2025-06-09 05:00:00+00:00,2025-06-09 11:00:00+00:00,139.234,145.58368360647646,124.41443420886549,166.75293300408742,135.045
WARD_B,2025-06-09 05:00:00+00:00,2025-06-09 11:00:00+00:00,103.945,130.80719638803518,109.63794699042421,151.97644578564615,164.763
ICU,2025-06-09 06:00:00+00:00,2025-06-09 12:00:00+00:00,79.066,71.35250476745834,50.18325536984737,92.52175416506931,56.246
OPD,2025-06-09 06:00:00+00:00,2025-06-09 12:00:00+00:00,82.667,82.29801664000907,61.1287672423981,103.46726603762004,70.64
WARD_A,2025-06-09 06:00:00+00:00,2025-06-09 12:00:00+00:00,142.503,143.58527875770818,122.41602936009721,164.75452815531915,146.744
WARD_B,2025-06-09 06:00:00+00:00,2025-06-09 12:00:00+00:00,112.039,129.82984382434464,108.66059442673367,150.9990932219556,155.735
ICU,2025-06-09 07:00:00+00:00,2025-06-09 13:00:00+00:00,54.286,68.0593962979033,46.890146900292336,89.22864569551427,61.138
OPD,2025-06-09 07:00:00+00:00,2025-06-09 13:00:00+00:00,90.579,85.15828130379923,63.98903190618826,106.3275307014102,67.075
WARD_A,2025-06-09 07:00:00+00:00,2025-06-09 13:00:00+00:00,145.162,133.98058316405047,112.8113337664395,155.14983256166144,149.702
WARD_B,2025-06-09 07:00:00+00:00,2025-06-09 13:00:00+00:00,140.282,132.0385618719852,110.86931247437423,153.20781126959616,164.062
ICU,2025-06-09 08:00:00+00:00,2025-06-09 14:00:00+00:00,149.108,151.35900708655788,130.1897576889469,172.52825648416885,148.899
OPD,2025-06-09 08:00:00+00:00,2025-06-09 14:00:00+00:00,156.062,165.21223785875782,144.04298846114685,186.38148725636879,183.319
WARD_A,2025-06-09 08:00:00+00:00,2025-06-09 14:00:00+00:00,214.552,222.05865228880953,200.88940289119856,243.2279016864205,223.365
WARD_B,2025-06-09 08:00:00+00:00,2025-06-09 14:00:00+00:00,204.052,207.1777004879297,186.00845109031874,228.34694988554068,246.858
ICU,2025-06-09 09:00:00+00:00,2025-06-09 15:00:00+00:00,75.125,71.74249604159591,50.573246643984945,92.91174543920688,73.528
OPD,2025-06-09 09:00:00+00:00,2025-06-09 15:00:00+00:00,102.477,86.77343118431882,65.60418178670785,107.94268058192979,88.917
WARD_A,2025-06-09 09:00:00+00:00,2025-06-09 15:00:00+00:00,143.051,136.11019847683428,114.94094907922332,157.27944787444525,144.257
WARD_B,2025-06-09 09:00:00+00:00,2025-06-09 15:00:00+00:00,140.11,127.85144572055435,106.68219632294338,149.02069511816532,166.432
ICU,2025-06-09 10:00:00+00:00,2025-06-09 16:00:00+00:00,59.003,72.86223522020855,51.69298582259758,94.03148461781952,60.746
OPD,2025-06-09 10:00:00+00:00,2025-06-09 16:00:00+00:00,104.893,79.9765735460039,58.80732414839294,101.14582294361487,93.151
WARD_A,2025-06-09 10:00:00+00:00,2025-06-09 16:00:00+00:00,120.106,137.5196999448137,116.35045054720274,158.68894934242468,158.664
WARD_B,2025-06-09 10:00:00+00:00,2025-06-09 16:00:00+00:00,114.437,127.23492773385098,106.06567833624001,148.40417713146195,173.536
ICU,2025-06-09 11:00:00+00:00,2025-06-09 17:00:00+00:00,72.69,66.11311155538172,44.94386215777075,87.28236095299269,55.183
OPD,2025-06-09 11:00:00+00:00,2025-06-09 17:00:00+00:00,72.664,74.54204617427244,53.372796776661474,95.71129557188341,101.018
WARD_A,2025-06-09 11:00:00+00:00,2025-06-09 17:00:00+00:00,130.722,135.2499384812764,114.08068908366542,156.41918787888736,136.907
WARD_B,2025-06-09 11:00:00+00:00,2025-06-09 17:00:00+00:00,131.145,126.994703906635,105.82545450902403,148.16395330424595,136.889
ICU,2025-06-09 12:00:00+00:00,2025-06-09 18:00:00+00:00,76.182,56.050683829692396,34.881434432081434,77.21993322730336,65.168
OPD,2025-06-09 12:00:00+00:00,2025-06-09 18:00:00+00:00,14.88,27.19969209397593,6.030442696364965,48.368941491586895,17.328
WARD_A,2025-06-09 12:00:00+00:00,2025-06-09 18:00:00+00:00,152.226,131.61624946919025,110.44700007157928,152.78549886680122,138.562
WARD_B,2025-06-09 12:00:00+00:00,2025-06-09 18:00:00+00:00,133.251,122.4109969335324,101.24174753592143,143.58024633114337,136.986
ICU,2025-06-09 13:00:00+00:00,2025-06-09 19:00:00+00:00,43.901,57.814492340754086,36.64524294314312,78.98374173836505,70.142
OPD,2025-06-09 13:00:00+00:00,2025-06-09 19:00:00+00:00,37.397,21.05189953089897,0.0,42.22114892850993,14.685
WARD_A,2025-06-09 13:00:00+00:00,2025-06-09 19:00:00+00:00,107.952,133.81247267263257,112.6432232750216,154.98172207024353,135.882
WARD_B,2025-06-09 13:00:00+00:00,2025-06-09 19:00:00+00:00,129.145,125.07805041647421,103.90880101886324,146.24729981408518,141.675
ICU,2025-06-09 14:00:00+00:00,2025-06-09 20:00:00+00:00,148.281,132.17848319151025,111.00923379389928,153.34773258912122,151.547
OPD,2025-06-09 14:00:00+00:00,2025-06-09 20:00:00+00:00,107.804,104.37036644224432,83.20111704463335,125.53961583985529,113.065
WARD_A,2025-06-09 14:00:00+00:00,2025-06-09 20:00:00+00:00,226.567,189.06865630359633,167.89940690598536,210.2379057012073,209.715
WARD_B,2025-06-09 14:00:00+00:00,2025-06-09 20:00:00+00:00,197.49,192.76990937621053,171.60065997859957,213.9391587738215,230.86
ICU,2025-06-09 15:00:00+00:00,2025-06-09 21:00:00+00:00,68.103,61.14952568481671,39.98027628720574,82.31877508242768,43.329
OPD,2025-06-09 15:00:00+00:00,2025-06-09 21:00:00+00:00,20.613,25.02201775261332,3.852768355002354,46.191267150224284,30.051
WARD_A,2025-06-09 15:00:00+00:00,2025-06-09 21:00:00+00:00,117.094,134.30461785623822,113.13536845862725,155.4738672538492,143.78
WARD_B,2025-06-09 15:00:00+00:00,2025-06-09 21:00:00+00:00,127.633,124.61081715907592,103.44156776146495,145.78006655668688,156.946
ICU,2025-06-09 16:00:00+00:00,2025-06-09 22:00:00+00:00,58.294,60.9421962495084,39.77294685189743,82.11144564711937,68.315
OPD,2025-06-09 16:00:00+00:00,2025-06-09 22:00:00+00:00,16.727,24.98469549153031,3.815446093919345,46.15394488914127,29.479
WARD_A,2025-06-09 16:00:00+00:00,2025-06-09 22:00:00+00:00,122.54,131.2975700661926,110.12832066858164,152.46681946380357,161.124
WARD_B,2025-06-09 16:00:00+00:00,2025-06-09 22:00:00+00:00,126.459,122.26933649914747,101.1000871015365,143.43858589675844,147.988
ICU,2025-06-09 17:00:00+00:00,2025-06-09 23:00:00+00:00,72.194,61.183714801717876,40.014465404106915,82.35296419932884,71.33
OPD,2025-06-09 17:00:00+00:00,2025-06-09 23:00:00+00:00,31.532,32.35727349140521,11.188024093794244,53.52652288901618,11.441
WARD_A,2025-06-09 17:00:00+00:00,2025-06-09 23:00:00+00:00,123.981,132.8989147932833,111.72966539567233,154.06816419089427,158.308
WARD_B,2025-06-09 17:00:00+00:00,2025-06-09 23:00:00+00:00,148.118,123.20511409612108,102.03586469851011,144.37436349373203,154.13
ICU,2025-06-09 18:00:00+00:00,2025-06-10 00:00:00+00:00,66.174,61.58025808424971,40.41100868663874,82.74950748186068,49.832
OPD,2025-06-09 18:00:00+00:00,2025-06-10 00:00:00+00:00,20.29,27.053277441279622,5.884028043668657,48.22252683889059,15.244
WARD_A,2025-06-09 18:00:00+00:00,2025-06-10 00:00:00+00:00,137.48,133.90403103880882,112.73478164119786,155.0732804364198,152.096
WARD_B,2025-06-09 18:00:00+00:00,2025-06-10 00:00:00+00:00,132.689,123.61099022261494,102.44174082500398,144.7802396202259,144.186
ICU,2025-06-09 19:00:00+00:00,2025-06-10 01:00:00+00:00,79.855,60.126549247738794,38.957299850127825,81.29579864534976,62.862
OPD,2025-06-09 19:00:00+00:00,2025-06-10 01:00:00+00:00,20.581,29.17244313218705,8.003193734576083,50.34169252979801,38.518
WARD_A,2025-06-09 19:00:00+00:00,2025-06-10 01:00:00+00:00,123.265,128.7627363691808,107.59348697156983,149.93198576679177,129.419
WARD_B,2025-06-09 19:00:00+00:00,2025-06-10 01:00:00+00:00,117.449,123.61099022261494,102.44174082500398,144.7802396202259,167.604
ICU,2025-06-09 20:00:00+00:00,2025-06-10 02:00:00+00:00,63.46,65.66622965277676,44.496980255165795,86.83547905038773,58.302
OPD,2025-06-09 20:00:00+00:00,2025-06-10 02:00:00+00:00,17.937,30.47946357397786,9.310214176366895,51.64871297158882,27.838
WARD_A,2025-06-09 20:00:00+00:00,2025-06-10 02:00:00+00:00,136.466,137.45366832793272,116.28441893032175,158.6229177255437,162.46
WARD_B,2025-06-09 20:00:00+00:00,2025-06-10 02:00:00+00:00,146.366,125.43506043374514,104.26581103613417,146.6043098313561,140.225
ICU,2025-06-09 21:00:00+00:00,2025-06-10 03:00:00+00:00,78.22,59.49088077127002,38.32163137365906,80.66013016888098,53.883
OPD,2025-06-09 21:00:00+00:00,2025-06-10 03:00:00+00:00,22.377,25.784800123651436,4.615550726040471,46.954049521262405,30.796
WARD_A,2025-06-09 21:00:00+00:00,2025-06-10 03:00:00+00:00,127.49,128.73442894930534,107.56517955169437,149.9036783469163,142.233
WARD_B,2025-06-09 21:00:00+00:00,2025-06-10 03:00:00+00:00,144.73,123.36961664024601,102.20036724263504,144.53886603785696,152.896
ICU,2025-06-09 22:00:00+00:00,2025-06-10 04:00:00+00:00,68.1,62.75591378399499,41.58666438638403,83.92516318160595,64.249
OPD,2025-06-09 22:00:00+00:00,2025-06-10 04:00:00+00:00,24.823,32.28611444367509,11.116865046064124,53.45536384128606,20.938
WARD_A,2025-06-09 22:00:00+00:00,2025-06-10 04:00:00+00:00,135.626,133.42050553936892,112.25125614175795,154.5897549369799,157.586
WARD_B,2025-06-09 22:00:00+00:00,2025-06-10 04:00:00+00:00,115.756,123.93084767872172,102.76159828111075,145.10009707633267,136.035
ICU,2025-06-09 23:00:00+00:00,2025-06-10 05:00:00+00:00,52.458,62.519045997342786,41.34979659973182,83.68829539495376,57.746
OPD,2025-06-09 23:00:00+00:00,2025-06-10 05:00:00+00:00,31.918,31.607560836858372,10.438311439247407,52.77681023446934,28.954
WARD_A,2025-06-09 23:00:00+00:00,2025-06-10 05:00:00+00:00,116.964,135.23310118118556,114.06385178357459,156.40235057879653,150.252
WARD_B,2025-06-09 23:00:00+00:00,2025-06-10 05:00:00+00:00,130.036,125.01168028272374,103.84243088511278,146.1809296803347,128.168
ICU,2025-06-10 00:00:00+00:00,2025-06-10 06:00:00+00:00,141.052,147.20638394467187,126.0371345470609,168.37563334228284,153.061
OPD,2025-06-10 00:00:00+00:00,2025-06-10 06:00:00+00:00,97.621,117.67673708701454,96.50748768940358,138.8459864846255,103.802
WARD_A,2025-06-10 00:00:00+00:00,2025-06-10 06:00:00+00:00,214.512,227.53713357745977,206.3678841798488,248.70638297507074,242.915
WARD_B,2025-06-10 00:00:00+00:00,2025-06-10 06:00:00+00:00,202.85,207.200310057059,186.03106065944803,228.36955945466997,247.594
ICU,2025-06-10 01:00:00+00:00,2025-06-10 07:00:00+00:00,66.947,64.78993427531147,43.6206848777005,85.95918367292244,67.648
OPD,2025-06-10 01:00:00+00:00,2025-06-10 07:00:00+00:00,18.695,45.3901655096201,24.22091611200913,66.55941490723106,27.122
WARD_A,2025-06-10 01:00:00+00:00,2025-06-10 07:00:00+00:00,109.002,127.73875897959475,106.56950958198378,148.9080083772057,137.342
WARD_B,2025-06-10 01:00:00+00:00,2025-06-10 07:00:00+00:00,103.711,121.17719279968287,100.0079434020719,142.34644219729384,149.809
ICU,2025-06-10 02:00:00+00:00,2025-06-10 08:00:00+00:00,76.79,67.22376260161532,46.05451320400435,88.39301199922629,51.745
OPD,2025-06-10 02:00:00+00:00,2025-06-10 08:00:00+00:00,78.733,74.08669325802863,52.91744386041766,95.2559426556396,71.157
WARD_A,2025-06-10 02:00:00+00:00,2025-06-10 08:00:00+00:00,130.955,133.78958283933554,112.62033344172457,154.9588322369465,169.913
WARD_B,2025-06-10 02:00:00+00:00,2025-06-10 08:00:00+00:00,132.166,128.2003766730746,107.03112727546363,149.36962607068557,162.985
ICU,2025-06-10 03:00:00+00:00,2025-06-10 09:00:00+00:00,56.315,68.48936117876109,47.32011178115012,89.65861057637206,63.411
OPD,2025-06-10 03:00:00+00:00,2025-06-10 09:00:00+00:00,97.87,77.35200803620772,56.18275863859675,98.52125743381869,86.191
WARD_A,2025-06-10 03:00:00+00:00,2025-06-10 09:00:00+00:00,145.851,130.76429002413747,109.5950406265265,151.93353942174843,134.661
WARD_B,2025-06-10 03:00:00+00:00,2025-06-10 09:00:00+00:00,117.771,129.00689135552602,107.83764195791505,150.176140753137,168.189
ICU,2025-06-10 04:00:00+00:00,2025-06-10 10:00:00+00:00,73.234,70.44915725098734,49.27990785337637,91.61840664859831,66.849
OPD,2025-06-10 04:00:00+00:00,2025-06-10 10:00:00+00:00,89.579,81.31387624768361,60.14462685007264,102.48312564529458,94.626
WARD_A,2025-06-10 04:00:00+00:00,2025-06-10 10:00:00+00:00,143.464,134.95298998090632,113.78374058329536,156.1222393785173,144.812
WARD_B,2025-06-10 04:00:00+00:00,2025-06-10 10:00:00+00:00,133.445,127.19862757513346,106.02937817752249,148.36787697274443,161.948
ICU,2025-06-10 05:00:00+00:00,2025-06-10 11:00:00+00:00,60.968,73.39447455046904,52.22522515285807,94.56372394808001,71.578
OPD,2025-06-10 05:00:00+00:00,2025-06-10 11:00:00+00:00,89.456,81.93305697368915,60.76380757607818,103.10230637130012,49.313
WARD_A,2025-06-10 05:00:00+00:00,2025-06-10 11:00:00+00:00,142.404,137.8736671481626,116.70441775055164,159.04291654577358,144.157
WARD_B,2025-06-10 05:00:00+00:00,2025-06-10 11:00:00+00:00,132.785,136.6636729761677,115.49442357855673,157.83292237377867,171.082
ICU,2025-06-10 06:00:00+00:00,2025-06-10 12:00:00+00:00,74.996,78.30221666033961,57.13296726272864,99.47146605795058,44.48
OPD,2025-06-10 06:00:00+00:00,2025-06-10 12:00:00+00:00,94.651,81.56128982349138,60.39204042588041,102.73053922110235,92.34
WARD_A,2025-06-10 06:00:00+00:00,2025-06-10 12:00:00+00:00,124.449,138.59322166695404,117.42397226934307,159.762471064565,131.036
WARD_B,2025-06-10 06:00:00+00:00,2025-06-10 12:00:00+00:00,120.793,130.82834012561807,109.6590907280071,151.99758952322904,146.052
ICU,2025-06-10 07:00:00+00:00,2025-06-10 13:00:00+00:00,69.574,68.43314334873085,47.26389395111988,89.60239274634182,51.813
OPD,2025-06-10 07:00:00+00:00,2025-06-10 13:00:00+00:00,68.819,81.82905810786134,60.659808710250374,102.99830750547231,91.239
WARD_A,2025-06-10 07:00:00+00:00,2025-06-10 13:00:00+00:00,124.544,124.53560375224161,103.36635435463064,145.70485314985257,151.754
WARD_B,2025-06-10 07:00:00+00:00,2025-06-10 13:00:00+00:00,119.796,129.40032017281996,108.23107077520899,150.56956957043093,154.616
ICU,2025-06-10 08:00:00+00:00,2025-06-10 14:00:00+00:00,147.956,150.4030828729969,129.23383347538592,171.57233227060786,134.077
OPD,2025-06-10 08:00:00+00:00,2025-06-10 14:00:00+00:00,164.579,167.13289935297394,145.96364995536297,188.3021487505849,199.466
WARD_A,2025-06-10 08:00:00+00:00,2025-06-10 14:00:00+00:00,213.631,211.9382558631771,190.76900646556612,233.10750526078806,221.657
WARD_B,2025-06-10 08:00:00+00:00,2025-06-10 14:00:00+00:00,202.448,206.11769465794862,184.94844526033765,227.2869440555596,242.959
ICU,2025-06-10 09:00:00+00:00,2025-06-10 15:00:00+00:00,65.616,69.60258864312735,48.43333924551638,90.77183804073832,53.045
OPD,2025-06-10 09:00:00+00:00,2025-06-10 15:00:00+00:00,114.963,83.39820277449256,62.22895337688159,104.56745217210353,113.936
WARD_A,2025-06-10 09:00:00+00:00,2025-06-10 15:00:00+00:00,131.18,134.35905401408655,113.18980461647558,155.52830341169752,148.958
WARD_B,2025-06-10 09:00:00+00:00,2025-06-10 15:00:00+00:00,107.43,129.90546873016277,108.7362193325518,151.07471812777374,171.855
ICU,2025-06-10 10:00:00+00:00,2025-06-10 16:00:00+00:00,85.343,71.67172611839491,50.502476720783946,92.84097551600588,74.186
OPD,2025-06-10 10:00:00+00:00,2025-06-10 16:00:00+00:00,90.451,78.9293387005785,57.76008930296753,100.09858809818947,66.372
WARD_A,2025-06-10 10:00:00+00:00,2025-06-10 16:00:00+00:00,131.365,132.44745880654864,111.27820940893767,153.6167082041596,142.935
WARD_B,2025-06-10 10:00:00+00:00,2025-06-10 16:00:00+00:00,119.694,129.594704977312,108.42545557970104,150.76395437492297,153.361
ICU,2025-06-10 11:00:00+00:00,2025-06-10 17:00:00+00:00,51.422,77.14890285839888,55.979653460787915,98.31815225600985,57.445
OPD,2025-06-10 11:00:00+00:00,2025-06-10 17:00:00+00:00,79.892,71.31786696448388,50.148617566872915,92.48711636209485,67.862
WARD_A,2025-06-10 11:00:00+00:00,2025-06-10 17:00:00+00:00,130.031,135.0761687128318,113.90691931522082,156.24541811044276,147.715
WARD_B,2025-06-10 11:00:00+00:00,2025-06-10 17:00:00+00:00,132.743,130.29814316089374,109.12889376328278,151.4673925585047,140.929
ICU,2025-06-10 12:00:00+00:00,2025-06-10 18:00:00+00:00,63.801,58.65256850125054,37.48331910363957,79.82181789886151,40.13
OPD,2025-06-10 12:00:00+00:00,2025-06-10 18:00:00+00:00,22.6,33.08443841298389,11.915189015372928,54.253687810594855,30.972
WARD_A,2025-06-10 12:00:00+00:00,2025-06-10 18:00:00+00:00,116.543,130.44353544320523,109.27428604559427,151.6127848408162,137.869
WARD_B,2025-06-10 12:00:00+00:00,2025-06-10 18:00:00+00:00,111.301,126.39151980572899,105.22227040811802,147.56076920333996,149.221
ICU,2025-06-10 13:00:00+00:00,2025-06-10 19:00:00+00:00,54.165,61.71961732878371,40.550367931172744,82.88886672639468,55.232
OPD,2025-06-10 13:00:00+00:00,2025-06-10 19:00:00+00:00,21.49,29.6383293366853,8.469079939074334,50.807578734296264,10.525
WARD_A,2025-06-10 13:00:00+00:00,2025-06-10 19:00:00+00:00,123.25,129.76418835396964,108.59493895635867,150.9334377515806,149.579
WARD_B,2025-06-10 13:00:00+00:00,2025-06-10 19:00:00+00:00,123.18,125.58450859363114,104.41525919602017,146.7537579912421,142.316
ICU,2025-06-10 14:00:00+00:00,2025-06-10 20:00:00+00:00,138.638,132.1128014104278,110.94355201281684,153.28205080803878,160.087
WARD_A,2025-06-10 14:00:00+00:00,2025-06-10 20:00:00+00:00,213.968,196.05906955050327,174.8898201528923,217.22831894811424,217.81
WARD_B,2025-06-10 14:00:00+00:00,2025-06-10 20:00:00+00:00,202.1,190.70606821740094,169.53681881978997,211.8753176150119,239.299
ICU,2025-06-10 15:00:00+00:00,2025-06-10 21:00:00+00:00,45.186,63.475974701366766,42.3067253037558,84.64522409897774,42.046
OPD,2025-06-10 15:00:00+00:00,2025-06-10 21:00:00+00:00,31.69,29.392921831915285,8.22367243430432,50.56217122952625,9.958
WARD_A,2025-06-10 15:00:00+00:00,2025-06-10 21:00:00+00:00,103.402,129.0097426043809,107.84049320676993,150.17899200199187,150.477
ICU,2025-06-10 16:00:00+00:00,2025-06-10 22:00:00+00:00,68.629,63.475974701366766,42.3067253037558,84.64522409897774,60.763
OPD,2025-06-10 16:00:00+00:00,2025-06-10 22:00:00+00:00,18.293,29.392921831915285,8.22367243430432,50.56217122952625,26.808
WARD_A,2025-06-10 16:00:00+00:00,2025-06-10 22:00:00+00:00,111.394,129.36038967730306,108.19114027969209,150.52963907491403,145.217
WARD_B,2025-06-10 16:00:00+00:00,2025-06-10 22:00:00+00:00,123.01,125.13817293151727,103.9689235339063,146.30742232912823,137.613
ICU,2025-06-10 17:00:00+00:00,2025-06-10 23:00:00+00:00,54.129,63.24791926880236,42.078669871191394,84.41716866641333,73.642
OPD,2025-06-10 17:00:00+00:00,2025-06-10 23:00:00+00:00,29.566,29.246926017500016,8.07767661988905,50.416175415110985,16.49
WARD_A,2025-06-10 17:00:00+00:00,2025-06-10 23:00:00+00:00,146.179,127.68473897122792,106.51548957361695,148.85398836883888,154.628
WARD_B,2025-06-10 17:00:00+00:00,2025-06-10 23:00:00+00:00,98.698,124.05247857903066,102.8832291814197,145.22172797664163,146.882
ICU,2025-06-10 18:00:00+00:00,2025-06-11 00:00:00+00:00,68.94,64.1209690515275,42.95171965391653,85.29021844913846,60.705
OPD,2025-06-10 18:00:00+00:00,2025-06-11 00:00:00+00:00,29.265,27.201958732823275,6.03270933521231,48.37120813043424,31.945
WARD_A,2025-06-10 18:00:00+00:00,2025-06-11 00:00:00+00:00,127.446,124.17966989918878,103.01042050157781,145.34891929679975,138.685
WARD_B,2025-06-10 18:00:00+00:00,2025-06-11 00:00:00+00:00,115.413,121.30471398585132,100.13546458824035,142.4739633834623,142.917
ICU,2025-06-10 19:00:00+00:00,2025-06-11 01:00:00+00:00,52.249,65.53246432010489,44.363214922493924,86.70171371771586,76.524
OPD,2025-06-10 19:00:00+00:00,2025-06-11 01:00:00+00:00,23.249,27.201958732823275,6.03270933521231,48.37120813043424,23.22
WARD_A,2025-06-10 19:00:00+00:00,2025-06-11 01:00:00+00:00,125.334,125.45421360061795,104.28496420300698,146.62346299822892,140.773
WARD_B,2025-06-10 19:00:00+00:00,2025-06-11 01:00:00+00:00,120.879,123.02103386902641,101.85178447141544,144.19028326663738,149.092
ICU,2025-06-10 20:00:00+00:00,2025-06-11 02:00:00+00:00,64.424,71.38768205425546,50.218432656644495,92.55693145186643,58.122
WARD_A,2025-06-10 20:00:00+00:00,2025-06-11 02:00:00+00:00,129.82,130.28799975914114,109.11875036153018,151.4572491567521,145.417
WARD_B,2025-06-10 20:00:00+00:00,2025-06-11 02:00:00+00:00,138.364,128.98190966624685,107.81266026863588,150.15115906385782,161.83
ICU,2025-06-10 21:00:00+00:00,2025-06-11 03:00:00+00:00,59.791,59.498835503799384,38.329586106188415,80.66808490141035,70.368
OPD,2025-06-10 21:00:00+00:00,2025-06-11 03:00:00+00:00,20.438,19.807764162434825,0.0,40.97701356004579,25.961
WARD_A,2025-06-10 21:00:00+00:00,2025-06-11 03:00:00+00:00,124.973,123.85825563689984,102.68900623928887,145.0275050345108,139.078
ICU,2025-06-10 22:00:00+00:00,2025-06-11 04:00:00+00:00,48.165,61.88630429348342,40.71705489587245,83.05555369109439,73.079
OPD,2025-06-10 22:00:00+00:00,2025-06-11 04:00:00+00:00,15.477,35.45476868084056,14.285519283229593,56.62401807845153,34.012
WARD_A,2025-06-10 22:00:00+00:00,2025-06-11 04:00:00+00:00,104.42,123.5484222935299,102.37917289591893,144.71767169114085,153.835
WARD_B,2025-06-10 22:00:00+00:00,2025-06-11 04:00:00+00:00,114.171,123.95675330628858,102.7875039086776,145.12600270389953,140.165
ICU,2025-06-10 23:00:00+00:00,2025-06-11 05:00:00+00:00,60.429,61.015529396956275,39.84627999934531,82.18477879456724,56.24
OPD,2025-06-10 23:00:00+00:00,2025-06-11 05:00:00+00:00,27.82,23.88121240383284,2.7119630062218754,45.0504618014438,27.191
WARD_A,2025-06-10 23:00:00+00:00,2025-06-11 05:00:00+00:00,116.522,126.1835154970633,105.01426609945233,147.35276489467427,155.873
WARD_B,2025-06-10 23:00:00+00:00,2025-06-11 05:00:00+00:00,119.961,121.4705533932798,100.30130399566883,142.63980279089077,143.711
ICU,2025-06-11 00:00:00+00:00,2025-06-11 06:00:00+00:00,148.899,140.97528443584616,119.8060350382352,162.14453383345713,134.202
OPD,2025-06-11 00:00:00+00:00,2025-06-11 06:00:00+00:00,109.466,107.20026417457535,86.03101477696438,128.36951357218632,116.112
WARD_A,2025-06-11 00:00:00+00:00,2025-06-11 06:00:00+00:00,209.988,213.3476096574626,192.17836025985164,234.51685905507358,241.198
WARD_B,2025-06-11 00:00:00+00:00,2025-06-11 06:00:00+00:00,215.924,204.84806757873696,183.678818181126,226.01731697634793,248.851
ICU,2025-06-11 01:00:00+00:00,2025-06-11 07:00:00+00:00,72.52,61.09043185442514,39.92118245681418,82.2596812520361,50.786
OPD,2025-06-11 01:00:00+00:00,2025-06-11 07:00:00+00:00,24.331,33.0271830514846,11.857933653873634,54.19643244909557,17.085
WARD_A,2025-06-11 01:00:00+00:00,2025-06-11 07:00:00+00:00,109.976,131.6138957297563,110.44464633214534,152.78314512736728,139.004
WARD_B,2025-06-11 01:00:00+00:00,2025-06-11 07:00:00+00:00,110.667,126.17228519755538,105.00303579994441,147.34153459516634,137.757
ICU,2025-06-11 02:00:00+00:00,2025-06-11 08:00:00+00:00,60.924,67.70062134658045,46.53137194896948,88.86987074419142,45.047
OPD,2025-06-11 02:00:00+00:00,2025-06-11 08:00:00+00:00,77.037,89.48055698684712,68.31130758923615,110.64980638445809,98.885
WARD_A,2025-06-11 02:00:00+00:00,2025-06-11 08:00:00+00:00,125.345,133.49086980799711,112.32162041038615,154.66011920560808,146.018
WARD_B,2025-06-11 02:00:00+00:00,2025-06-11 08:00:00+00:00,133.005,127.67435314703751,106.50510374942654,148.84360254464846,142.366
ICU,2025-06-11 03:00:00+00:00,2025-06-11 09:00:00+00:00,57.464,66.93979481777684,45.770545420165874,88.10904421538781,70.853
OPD,2025-06-11 03:00:00+00:00,2025-06-11 09:00:00+00:00,77.108,79.54621932026593,58.376969922654965,100.7154687178769,59.903
WARD_A,2025-06-11 03:00:00+00:00,2025-06-11 09:00:00+00:00,104.565,132.73147819480855,111.56222879719758,153.9007275924195,151.582
WARD_B,2025-06-11 03:00:00+00:00,2025-06-11 09:00:00+00:00,125.435,127.15428306856782,105.98503367095685,148.3235324661788,142.607
ICU,2025-06-11 04:00:00+00:00,2025-06-11 10:00:00+00:00,71.376,69.01687026664739,47.84762086903642,90.18611966425836,74.694
OPD,2025-06-11 04:00:00+00:00,2025-06-11 10:00:00+00:00,82.384,80.33328423532464,59.16403483771367,101.50253363293561,81.178
WARD_A,2025-06-11 04:00:00+00:00,2025-06-11 10:00:00+00:00,112.472,129.82263946351458,108.65339006590361,150.99188886112555,155.857
WARD_B,2025-06-11 04:00:00+00:00,2025-06-11 10:00:00+00:00,144.939,126.61038053298678,105.44113113537581,147.77962993059774,145.371
ICU,2025-06-11 05:00:00+00:00,2025-06-11 11:00:00+00:00,67.799,68.53992812178589,47.37067872417492,89.70917751939686,71.534
OPD,2025-06-11 05:00:00+00:00,2025-06-11 11:00:00+00:00,57.913,82.77294124517887,61.6036918475679,103.94219064278984,83.712
WARD_A,2025-06-11 05:00:00+00:00,2025-06-11 11:00:00+00:00,125.222,131.38304561826018,110.21379622064921,152.55229501587115,155.394
WARD_B,2025-06-11 05:00:00+00:00,2025-06-11 11:00:00+00:00,142.875,128.53007732125462,107.36082792364365,149.6993267188656,119.492
ICU,2025-06-11 06:00:00+00:00,2025-06-11 12:00:00+00:00,61.56,75.69872407530197,54.529474677691,96.86797347291294,65.118
OPD,2025-06-11 06:00:00+00:00,2025-06-11 12:00:00+00:00,83.314,82.43398500590017,61.2647356082892,103.60323440351114,91.061
WARD_A,2025-06-11 06:00:00+00:00,2025-06-11 12:00:00+00:00,115.725,139.29266798794163,118.12341859033066,160.4619173855526,156.375
WARD_B,2025-06-11 06:00:00+00:00,2025-06-11 12:00:00+00:00,132.315,135.84781191649006,114.67856251887909,157.01706131410103,137.221
ICU,2025-06-11 07:00:00+00:00,2025-06-11 13:00:00+00:00,51.618,70.7431453122774,49.57389591466644,91.91239470988837,76.961
OPD,2025-06-11 07:00:00+00:00,2025-06-11 13:00:00+00:00,54.064,92.43202804600772,71.26277864839675,113.60127744361868,64.654
WARD_A,2025-06-11 07:00:00+00:00,2025-06-11 13:00:00+00:00,133.442,131.6848737544845,110.51562435687353,152.85412315209547,165.405
WARD_B,2025-06-11 07:00:00+00:00,2025-06-11 13:00:00+00:00,112.284,127.4270480397801,106.25779864216913,148.59629743739106,155.741
ICU,2025-06-11 08:00:00+00:00,2025-06-11 14:00:00+00:00,141.466,156.83259466223444,135.66334526462347,178.0018440598454,158.482
OPD,2025-06-11 08:00:00+00:00,2025-06-11 14:00:00+00:00,173.365,177.26180111816575,156.09255172055478,198.43105051577672,205.849
WARD_A,2025-06-11 08:00:00+00:00,2025-06-11 14:00:00+00:00,232.651,208.4635676197413,187.29431822213033,229.63281701735227,216.919
WARD_B,2025-06-11 08:00:00+00:00,2025-06-11 14:00:00+00:00,226.265,201.02328937354034,179.85403997592937,222.1925387711513,229.221
ICU,2025-06-11 09:00:00+00:00,2025-06-11 15:00:00+00:00,58.193,71.62668904275455,50.45743964514358,92.79593844036552,61.663
OPD,2025-06-11 09:00:00+00:00,2025-06-11 15:00:00+00:00,71.727,84.142161049655,62.97291165204403,105.31141044726597,59.955
WARD_A,2025-06-11 09:00:00+00:00,2025-06-11 15:00:00+00:00,113.701,129.31047698700146,108.1412275893905,150.47972638461243,163.692
WARD_B,2025-06-11 09:00:00+00:00,2025-06-11 15:00:00+00:00,124.064,127.51742434822147,106.3481749506105,148.68667374583242,167.861
ICU,2025-06-11 10:00:00+00:00,2025-06-11 16:00:00+00:00,69.482,72.30986849814761,51.14061910053664,93.47911789575858,67.278
OPD,2025-06-11 10:00:00+00:00,2025-06-11 16:00:00+00:00,80.667,80.38438211465258,59.21513271704161,101.55363151226355,104.668
WARD_A,2025-06-11 10:00:00+00:00,2025-06-11 16:00:00+00:00,147.657,129.20579882818,108.03654943056904,150.37504822579098,164.787
WARD_B,2025-06-11 10:00:00+00:00,2025-06-11 16:00:00+00:00,136.216,130.35970155525308,109.19045215764211,151.52895095286405,155.396
ICU,2025-06-11 11:00:00+00:00,2025-06-11 17:00:00+00:00,50.561,68.93422668122983,47.76497728361886,90.1034760788408,84.98
OPD,2025-06-11 11:00:00+00:00,2025-06-11 17:00:00+00:00,68.822,75.03306645643968,53.863817058828715,96.20231585405065,97.24
WARD_A,2025-06-11 11:00:00+00:00,2025-06-11 17:00:00+00:00,135.536,132.39092912165597,111.221679724045,153.56017851926694,165.84
WARD_B,2025-06-11 11:00:00+00:00,2025-06-11 17:00:00+00:00,130.439,132.278439404448,111.10919000683703,153.44768880205896,149.478
ICU,2025-06-11 12:00:00+00:00,2025-06-11 18:00:00+00:00,66.583,53.717175996092685,32.54792659848172,74.88642539370365,68.377
OPD,2025-06-11 12:00:00+00:00,2025-06-11 18:00:00+00:00,20.836,27.495696382269514,6.326446984658549,48.66494577988048,31.633
WARD_A,2025-06-11 12:00:00+00:00,2025-06-11 18:00:00+00:00,116.918,125.46356713613807,104.2943177385271,146.63281653374904,154.264
WARD_B,2025-06-11 12:00:00+00:00,2025-06-11 18:00:00+00:00,103.389,126.84699446209531,105.67774506448434,148.01624385970626,151.953
ICU,2025-06-11 13:00:00+00:00,2025-06-11 19:00:00+00:00,58.201,55.480984507154375,34.311735109543406,76.65023390476534,53.381
OPD,2025-06-11 13:00:00+00:00,2025-06-11 19:00:00+00:00,20.136,24.16686561563542,2.9976162180244543,45.336115013246385,4.213
WARD_A,2025-06-11 13:00:00+00:00,2025-06-11 19:00:00+00:00,116.616,131.61423409391222,110.44498469630125,152.78348349152319,156.95
WARD_B,2025-06-11 13:00:00+00:00,2025-06-11 19:00:00+00:00,122.717,123.75891370544147,102.5896643078305,144.92816310305244,151.072
ICU,2025-06-11 14:00:00+00:00,2025-06-11 20:00:00+00:00,154.133,126.76216076527339,105.59291136766242,147.93141016288436,145.744
OPD,2025-06-11 14:00:00+00:00,2025-06-11 20:00:00+00:00,102.052,109.78436620502687,88.6151168074159,130.95361560263783,98.284
WARD_A,2025-06-11 14:00:00+00:00,2025-06-11 20:00:00+00:00,223.537,210.60777987422327,189.4385304766123,231.77702927183424,224.861
WARD_B,2025-06-11 14:00:00+00:00,2025-06-11 20:00:00+00:00,212.928,210.71400625554875,189.54475685793778,231.88325565315972,225.764
ICU,2025-06-11 15:00:00+00:00,2025-06-11 21:00:00+00:00,37.114,58.15052703208472,36.981277634473756,79.31977642969568,62.507
OPD,2025-06-11 15:00:00+00:00,2025-06-11 21:00:00+00:00,33.504,24.12156691453523,2.952317516924264,45.29081631214619,27.322
WARD_A,2025-06-11 15:00:00+00:00,2025-06-11 21:00:00+00:00,106.154,124.84209143793267,103.6728420403217,146.01134083554362,154.568
WARD_B,2025-06-11 15:00:00+00:00,2025-06-11 21:00:00+00:00,117.335,124.46828970168238,103.29904030407141,145.63753909929335,162.126
ICU,2025-06-11 16:00:00+00:00,2025-06-11 22:00:00+00:00,40.135,58.23288933242435,37.06363993481338,79.40213873003532,57.731
OPD,2025-06-11 16:00:00+00:00,2025-06-11 22:00:00+00:00,14.187,23.829298476786537,2.6600490791755718,44.9985478743975,26.733
WARD_A,2025-06-11 16:00:00+00:00,2025-06-11 22:00:00+00:00,105.938,129.2469727793844,108.07772338177344,150.41622217699538,155.132
WARD_B,2025-06-11 16:00:00+00:00,2025-06-11 22:00:00+00:00,139.757,125.53686881580055,104.36761941818958,146.70611821341151,134.913
ICU,2025-06-11 17:00:00+00:00,2025-06-11 23:00:00+00:00,69.141,55.485408016078665,34.316158618467696,76.65465741368963,61.624
OPD,2025-06-11 17:00:00+00:00,2025-06-11 23:00:00+00:00,35.836,23.872682869641924,2.7034334720309587,45.04193226725289,26.903
WARD_A,2025-06-11 17:00:00+00:00,2025-06-11 23:00:00+00:00,138.358,127.29459967434343,106.12535027673246,148.4638490719544,165.056
WARD_B,2025-06-11 17:00:00+00:00,2025-06-11 23:00:00+00:00,125.635,123.28821130157883,102.11896190396786,144.4574606991898,152.698
ICU,2025-06-11 18:00:00+00:00,2025-06-12 00:00:00+00:00,50.744,58.723672316365,37.55442291875403,79.89292171397597,61.009
OPD,2025-06-11 18:00:00+00:00,2025-06-12 00:00:00+00:00,19.907,21.78743595433693,0.6181865567259663,42.9566853519479,11.518
WARD_A,2025-06-11 18:00:00+00:00,2025-06-12 00:00:00+00:00,113.296,121.30471398585132,100.13546458824035,142.4739633834623,145.679
WARD_B,2025-06-11 18:00:00+00:00,2025-06-12 00:00:00+00:00,115.608,121.71279522859757,100.5435458309866,142.88204462620854,123.291
ICU,2025-06-11 19:00:00+00:00,2025-06-12 01:00:00+00:00,49.369,58.91803241499117,37.748783017380205,80.08728181260213,73.253
OPD,2025-06-11 19:00:00+00:00,2025-06-12 01:00:00+00:00,33.964,21.8750808282226,0.7058314306116351,43.04433022583356,0.0
WARD_A,2025-06-11 19:00:00+00:00,2025-06-12 01:00:00+00:00,128.666,121.30471398585132,100.13546458824035,142.4739633834623,165.176
WARD_B,2025-06-11 19:00:00+00:00,2025-06-12 01:00:00+00:00,124.576,123.42911511177266,102.25986571416169,144.59836450938363,150.061
ICU,2025-06-11 20:00:00+00:00,2025-06-12 02:00:00+00:00,54.878,70.60761959010075,49.438370192489785,91.77686898771172,69.728
WARD_A,2025-06-11 20:00:00+00:00,2025-06-12 02:00:00+00:00,115.601,131.56604258922923,110.39679319161826,152.7352919868402,132.98
WARD_B,2025-06-11 20:00:00+00:00,2025-06-12 02:00:00+00:00,122.744,128.15873190784362,106.98948251023265,149.32798130545459,156.055
ICU,2025-06-11 21:00:00+00:00,2025-06-12 03:00:00+00:00,58.439,56.91924059575193,35.74999119814096,78.0884899933629,53.224
OPD,2025-06-11 21:00:00+00:00,2025-06-12 03:00:00+00:00,28.597,19.502389826260785,0.0,40.67163922387175,22.108
WARD_A,2025-06-11 21:00:00+00:00,2025-06-12 03:00:00+00:00,105.441,121.27640656597588,100.1071571683649,142.44565596358683,144.202
ICU,2025-06-11 22:00:00+00:00,2025-06-12 04:00:00+00:00,57.536,61.078928429496024,39.90967903188506,82.24817782710699,68.052
OPD,2025-06-11 22:00:00+00:00,2025-06-12 04:00:00+00:00,12.978,36.441602277893935,15.27235288028297,57.610851675504904,26.814
WARD_A,2025-06-11 22:00:00+00:00,2025-06-12 04:00:00+00:00,133.619,122.21678137439264,101.04753197678167,143.3860307720036,149.099
WARD_B,2025-06-11 22:00:00+00:00,2025-06-12 04:00:00+00:00,124.214,126.69601243173406,105.52676303412309,147.86526182934503,128.493
ICU,2025-06-11 23:00:00+00:00,2025-06-12 05:00:00+00:00,57.944,59.23291715573672,38.06366775812576,80.40216655334768,63.469
OPD,2025-06-11 23:00:00+00:00,2025-06-12 05:00:00+00:00,8.407,25.85510377582495,4.685854378213985,47.02435317343591,14.943
WARD_A,2025-06-11 23:00:00+00:00,2025-06-12 05:00:00+00:00,109.056,125.30958257863719,104.14033318102622,146.47883197624816,153.495
WARD_B,2025-06-11 23:00:00+00:00,2025-06-12 05:00:00+00:00,129.07,125.5179959713152,104.34874657370423,146.68724536892617,152.245
ICU,2025-06-12 00:00:00+00:00,2025-06-12 06:00:00+00:00,141.86,140.08120609998514,118.91195670237417,161.2504554975961,144.257
OPD,2025-06-12 00:00:00+00:00,2025-06-12 06:00:00+00:00,117.726,107.38518272594465,86.21593332833368,128.5544321235556,106.719
WARD_A,2025-06-12 00:00:00+00:00,2025-06-12 06:00:00+00:00,216.757,204.8152566678179,183.64600727020692,225.98450606542886,240.756
WARD_B,2025-06-12 00:00:00+00:00,2025-06-12 06:00:00+00:00,212.62,208.53498099561045,187.36573159799948,229.70423039322142,236.588
ICU,2025-06-12 01:00:00+00:00,2025-06-12 07:00:00+00:00,61.041,61.5287592455644,40.35950984795343,82.69800864317537,60.829
OPD,2025-06-12 01:00:00+00:00,2025-06-12 07:00:00+00:00,34.201,33.246442896625645,12.07719349901468,54.41569229423661,9.105
WARD_A,2025-06-12 01:00:00+00:00,2025-06-12 07:00:00+00:00,117.249,126.83713072808528,105.66788133047432,148.00638012569624,142.393
WARD_B,2025-06-12 01:00:00+00:00,2025-06-12 07:00:00+00:00,120.128,130.9687133406655,109.79946394305452,152.13796273827646,120.214
ICU,2025-06-12 02:00:00+00:00,2025-06-12 08:00:00+00:00,74.987,67.06209760132475,45.89284820371378,88.23134699893572,49.018
OPD,2025-06-12 02:00:00+00:00,2025-06-12 08:00:00+00:00,83.454,76.11090383293528,54.94165443532431,97.28015323054625,69.644
WARD_A,2025-06-12 02:00:00+00:00,2025-06-12 08:00:00+00:00,129.423,126.4986179743838,105.32936857677284,147.66786737199476,136.193
WARD_B,2025-06-12 02:00:00+00:00,2025-06-12 08:00:00+00:00,131.549,127.19293342664109,106.02368402903012,148.36218282425205,161.346
ICU,2025-06-12 03:00:00+00:00,2025-06-12 09:00:00+00:00,54.087,67.66453581856982,46.49528642095885,88.83378521618079,46.521
OPD,2025-06-12 03:00:00+00:00,2025-06-12 09:00:00+00:00,83.825,78.67242643990991,57.503177042298944,99.84167583752088,98.884
WARD_A,2025-06-12 03:00:00+00:00,2025-06-12 09:00:00+00:00,118.493,126.53151436290021,105.36226496528924,147.70076376051117,159.358
WARD_B,2025-06-12 03:00:00+00:00,2025-06-12 09:00:00+00:00,134.407,130.18149071740066,109.0122413197897,151.35074011501163,130.326
ICU,2025-06-12 04:00:00+00:00,2025-06-12 10:00:00+00:00,65.951,68.14258259964551,46.97333320203454,89.31183199725648,67.713
OPD,2025-06-12 04:00:00+00:00,2025-06-12 10:00:00+00:00,71.684,81.87803468977914,60.70878529216817,103.04728408739011,74.905
WARD_A,2025-06-12 04:00:00+00:00,2025-06-12 10:00:00+00:00,138.672,130.0757748127685,108.90652541515752,151.24502421037946,146.735
WARD_B,2025-06-12 04:00:00+00:00,2025-06-12 10:00:00+00:00,154.024,129.74331398875043,108.57406459113946,150.9125633863614,146.904
ICU,2025-06-12 05:00:00+00:00,2025-06-12 11:00:00+00:00,70.222,68.75371333309286,47.58446393548189,89.92296273070383,69.077
OPD,2025-06-12 05:00:00+00:00,2025-06-12 11:00:00+00:00,71.91,81.47197307930946,60.302723681698495,102.64122247692043,109.441
WARD_A,2025-06-12 05:00:00+00:00,2025-06-12 11:00:00+00:00,114.666,129.4405937189865,108.27134432137552,150.60984311659746,151.085
WARD_B,2025-06-12 05:00:00+00:00,2025-06-12 11:00:00+00:00,135.879,131.71187800853392,110.54262861092295,152.88112740614488,139.471
ICU,2025-06-12 06:00:00+00:00,2025-06-12 12:00:00+00:00,61.121,74.14298258670732,52.97373318909635,95.31223198431829,50.286
OPD,2025-06-12 06:00:00+00:00,2025-06-12 12:00:00+00:00,67.427,79.07381980578985,57.904570408178884,100.24306920340082,86.036
WARD_A,2025-06-12 06:00:00+00:00,2025-06-12 12:00:00+00:00,138.776,130.85405408224528,109.68480468463432,152.02330347985625,161.907
WARD_B,2025-06-12 06:00:00+00:00,2025-06-12 12:00:00+00:00,117.507,139.21320882156692,118.04395942395595,160.3824582191779,146.704
ICU,2025-06-12 07:00:00+00:00,2025-06-12 13:00:00+00:00,51.777,67.95760497105755,46.78835557344658,89.12685436866852,56.824
OPD,2025-06-12 07:00:00+00:00,2025-06-12 13:00:00+00:00,93.498,82.0710753545988,60.901825956987835,103.24032475220977,52.021
WARD_A,2025-06-12 07:00:00+00:00,2025-06-12 13:00:00+00:00,126.205,129.3691025740637,108.19985317645273,150.53835197167467,143.908
WARD_B,2025-06-12 07:00:00+00:00,2025-06-12 13:00:00+00:00,125.98,132.59388639451976,111.42463699690879,153.76313579213073,137.233
ICU,2025-06-12 08:00:00+00:00,2025-06-12 14:00:00+00:00,138.463,153.6755365271838,132.50628712957283,174.84478592479476,160.997
OPD,2025-06-12 08:00:00+00:00,2025-06-12 14:00:00+00:00,192.294,160.6726838369105,139.50343443929953,181.84193323452146,144.213
WARD_A,2025-06-12 08:00:00+00:00,2025-06-12 14:00:00+00:00,202.359,207.4998977414301,186.33064834381912,228.66914713904106,239.684
WARD_B,2025-06-12 08:00:00+00:00,2025-06-12 14:00:00+00:00,217.087,208.8673248079112,187.69807541030022,230.03657420552216,241.872
ICU,2025-06-12 09:00:00+00:00,2025-06-12 15:00:00+00:00,67.106,68.09809680729265,46.92884740968168,89.26734620490362,68.763
OPD,2025-06-12 09:00:00+00:00,2025-06-12 15:00:00+00:00,58.452,79.49201594611989,58.32276654850892,100.66126534373086,96.684
WARD_A,2025-06-12 09:00:00+00:00,2025-06-12 15:00:00+00:00,141.314,128.21766087053555,107.04841147292458,149.38691026814652,136.714
WARD_B,2025-06-12 09:00:00+00:00,2025-06-12 15:00:00+00:00,138.488,136.78728140902868,115.61803201141771,157.95653080663965,133.312
ICU,2025-06-12 10:00:00+00:00,2025-06-12 16:00:00+00:00,56.605,71.76867438946297,50.599424991852004,92.93792378707394,72.274
OPD,2025-06-12 10:00:00+00:00,2025-06-12 16:00:00+00:00,76.395,77.52670015169392,56.35745075408295,98.69594954930488,97.588
WARD_A,2025-06-12 10:00:00+00:00,2025-06-12 16:00:00+00:00,126.181,129.79831280306416,108.6290634054532,150.96756220067513,144.888
WARD_B,2025-06-12 10:00:00+00:00,2025-06-12 16:00:00+00:00,137.315,136.69399343932665,115.52474404171568,157.86324283693762,124.443
ICU,2025-06-12 11:00:00+00:00,2025-06-12 17:00:00+00:00,52.187,70.06573996844276,48.89649057083179,91.23498936605372,71.825
OPD,2025-06-12 11:00:00+00:00,2025-06-12 17:00:00+00:00,59.35,76.01018197032403,54.84093257271306,97.179431367935,86.852
WARD_A,2025-06-12 11:00:00+00:00,2025-06-12 17:00:00+00:00,133.216,127.06895330105806,105.89970390344709,148.23820269866903,163.37
WARD_B,2025-06-12 11:00:00+00:00,2025-06-12 17:00:00+00:00,138.111,134.39586596392135,113.22661656631038,155.56511536153232,165.522
ICU,2025-06-12 12:00:00+00:00,2025-06-12 18:00:00+00:00,47.668,49.15816513077047,27.988915733159505,70.32741452838144,58.349
OPD,2025-06-12 12:00:00+00:00,2025-06-12 18:00:00+00:00,15.293,29.58900678816983,8.419757390558864,50.758256185780795,12.7
WARD_A,2025-06-12 12:00:00+00:00,2025-06-12 18:00:00+00:00,152.162,125.15336844555743,103.98411904794646,146.3226178431684,155.226
WARD_B,2025-06-12 12:00:00+00:00,2025-06-12 18:00:00+00:00,136.469,125.64969153590347,104.4804421382925,146.81894093351443,144.761
ICU,2025-06-12 13:00:00+00:00,2025-06-12 19:00:00+00:00,31.138,55.480984507154375,34.311735109543406,76.65023390476534,71.912
OPD,2025-06-12 13:00:00+00:00,2025-06-12 19:00:00+00:00,25.625,24.40831572682159,3.239066329210626,45.57756512443255,17.647
WARD_A,2025-06-12 13:00:00+00:00,2025-06-12 19:00:00+00:00,125.08,124.50654412105007,103.3372947234391,145.67579351866104,149.256
WARD_B,2025-06-12 13:00:00+00:00,2025-06-12 19:00:00+00:00,151.1,126.22203156682278,105.05278216921181,147.39128096443375,140.233
ICU,2025-06-12 14:00:00+00:00,2025-06-12 20:00:00+00:00,136.207,120.69648390573082,99.52723450811985,141.86573330334178,150.786
OPD,2025-06-12 14:00:00+00:00,2025-06-12 20:00:00+00:00,107.215,201.1228272457225,179.95357784811154,222.29207664333347,107.353
WARD_A,2025-06-12 14:00:00+00:00,2025-06-12 20:00:00+00:00,188.231,196.8620737488318,175.69282435122082,218.03132314644276,227.854
WARD_B,2025-06-12 14:00:00+00:00,2025-06-12 20:00:00+00:00,211.622,192.90662613565271,171.73737673804175,214.07587553326368,235.042
ICU,2025-06-12 15:00:00+00:00,2025-06-12 21:00:00+00:00,57.518,59.60423586859563,38.43498647098467,80.77348526620659,60.16
OPD,2025-06-12 15:00:00+00:00,2025-06-12 21:00:00+00:00,23.408,27.24174648792054,6.072497090309575,48.410995885531506,7.027
WARD_A,2025-06-12 15:00:00+00:00,2025-06-12 21:00:00+00:00,113.395,126.24149366203086,105.0722442644199,147.41074305964182,154.881
WARD_B,2025-06-12 15:00:00+00:00,2025-06-12 21:00:00+00:00,140.986,127.64346105723101,106.47421165962004,148.81271045484198,155.16
ICU,2025-06-12 16:00:00+00:00,2025-06-12 22:00:00+00:00,47.737,58.15052703208472,36.981277634473756,79.31977642969568,66.171
OPD,2025-06-12 16:00:00+00:00,2025-06-12 22:00:00+00:00,11.342,26.865048037945517,5.6957986403345515,48.03429743555648,12.281
WARD_A,2025-06-12 16:00:00+00:00,2025-06-12 22:00:00+00:00,112.166,124.06020845893613,102.89095906132516,145.2294578565471,140.705
WARD_B,2025-06-12 16:00:00+00:00,2025-06-12 22:00:00+00:00,127.997,127.87256976801343,106.70332037040247,149.0418191656244,130.09
ICU,2025-06-12 17:00:00+00:00,2025-06-12 23:00:00+00:00,67.523,58.00483389985995,36.83558450224899,79.17408329747091,69.74
OPD,2025-06-12 17:00:00+00:00,2025-06-12 23:00:00+00:00,31.569,26.636992605381117,5.467743207770152,47.80624200299208,17.589
WARD_A,2025-06-12 17:00:00+00:00,2025-06-12 23:00:00+00:00,122.938,122.69779170748372,101.52854230987275,143.86704110509467,149.436
WARD_B,2025-06-12 17:00:00+00:00,2025-06-12 23:00:00+00:00,132.206,127.10908542341186,105.93983602580089,148.2783348210228,146.068
ICU,2025-06-12 18:00:00+00:00,2025-06-13 00:00:00+00:00,48.126,56.8225743026117,35.65332490500073,77.99182370022267,57.404
OPD,2025-06-12 18:00:00+00:00,2025-06-13 00:00:00+00:00,15.719,28.48274279223534,7.313493394624373,49.651992189846304,25.879
WARD_A,2025-06-12 18:00:00+00:00,2025-06-13 00:00:00+00:00,114.315,125.8284128349969,104.65916343738593,146.99766223260787,140.511
WARD_B,2025-06-12 18:00:00+00:00,2025-06-13 00:00:00+00:00,128.63,126.75677626264076,105.58752686502979,147.92602566025172,135.36
ICU,2025-06-12 19:00:00+00:00,2025-06-13 01:00:00+00:00,63.8,52.33266401946664,31.163414621855676,73.5019134170776,69.803
OPD,2025-06-12 19:00:00+00:00,2025-06-13 01:00:00+00:00,29.674,25.77872712928873,4.609477731677764,46.947976526899694,21.656
WARD_A,2025-06-12 19:00:00+00:00,2025-06-13 01:00:00+00:00,134.889,122.33114807974998,101.16189868213901,143.50039747736093,143.228
WARD_B,2025-06-12 19:00:00+00:00,2025-06-13 01:00:00+00:00,138.276,130.63777828476006,109.46852888714909,151.80702768237103,137.619
ICU,2025-06-12 20:00:00+00:00,2025-06-13 02:00:00+00:00,59.849,62.41924272544464,41.24999332783368,83.5884921230556,67.921
OPD,2025-06-12 20:00:00+00:00,2025-06-13 02:00:00+00:00,20.969,26.503861854411202,5.334612456800237,47.67311125202217,27.483
WARD_A,2025-06-12 20:00:00+00:00,2025-06-13 02:00:00+00:00,137.82,120.48635784491607,99.3171084473051,141.65560724252703,149.677
WARD_B,2025-06-12 20:00:00+00:00,2025-06-13 02:00:00+00:00,133.834,131.30130562041631,110.13205622280535,152.47055501802728,124.4
ICU,2025-06-12 21:00:00+00:00,2025-06-13 03:00:00+00:00,71.611,56.74765042444793,35.57840102683697,77.9168998220589,61.118
OPD,2025-06-12 21:00:00+00:00,2025-06-13 03:00:00+00:00,29.359,25.06555598270867,3.8963065850977046,46.234805380319635,14.899
WARD_A,2025-06-12 21:00:00+00:00,2025-06-13 03:00:00+00:00,121.894,120.62679432286595,99.45754492525498,141.79604372047692,142.152
WARD_B,2025-06-12 21:00:00+00:00,2025-06-13 03:00:00+00:00,129.328,128.00029406211368,106.83104466450271,149.16954345972465,137.873
ICU,2025-06-12 22:00:00+00:00,2025-06-13 04:00:00+00:00,58.519,58.255443010692304,37.086193613081335,79.42469240830327,77.95
OPD,2025-06-12 22:00:00+00:00,2025-06-13 04:00:00+00:00,36.45,41.68843050466003,20.519181107049068,62.857679902271,32.213
WARD_A,2025-06-12 22:00:00+00:00,2025-06-13 04:00:00+00:00,117.435,119.64970211121476,98.4804527136038,140.81895150882573,150.931
WARD_B,2025-06-12 22:00:00+00:00,2025-06-13 04:00:00+00:00,116.826,130.2528761738646,109.08362677625362,151.42212557147556,139.114
ICU,2025-06-12 23:00:00+00:00,2025-06-13 05:00:00+00:00,44.93,57.073439981565,35.90419058395403,78.24268937917597,55.345
OPD,2025-06-12 23:00:00+00:00,2025-06-13 05:00:00+00:00,20.757,25.236632473536176,4.0673830759252105,46.405881871147145,27.407
WARD_A,2025-06-12 23:00:00+00:00,2025-06-13 05:00:00+00:00,120.186,123.28005606973112,102.11080667212015,144.44930546734207,149.405
WARD_B,2025-06-12 23:00:00+00:00,2025-06-13 05:00:00+00:00,123.241,130.7907403307163,109.62149093310532,151.95998972832726,134.965
ICU,2025-06-13 00:00:00+00:00,2025-06-13 06:00:00+00:00,149.935,139.53985470043762,118.37060530282665,160.70910409804858,149.319
OPD,2025-06-13 00:00:00+00:00,2025-06-13 06:00:00+00:00,122.441,107.03536352387215,85.86611412626118,128.20461292148312,104.104
WARD_A,2025-06-13 00:00:00+00:00,2025-06-13 06:00:00+00:00,218.23,204.67175744376533,183.50250804615436,225.8410068413763,211.454
WARD_B,2025-06-13 00:00:00+00:00,2025-06-13 06:00:00+00:00,215.244,208.98895702898506,187.8197076313741,230.15820642659602,212.032
ICU,2025-06-13 01:00:00+00:00,2025-06-13 07:00:00+00:00,70.081,58.66258219181766,37.493332794206694,79.83183158942863,60.242
OPD,2025-06-13 01:00:00+00:00,2025-06-13 07:00:00+00:00,27.347,33.66165209257017,12.492402694959207,54.830901490181134,18.041
WARD_A,2025-06-13 01:00:00+00:00,2025-06-13 07:00:00+00:00,103.532,124.96071545608002,103.79146605846906,146.12996485369098,158.137
WARD_B,2025-06-13 01:00:00+00:00,2025-06-13 07:00:00+00:00,137.311,130.32209933218715,109.15284993457618,151.49134872979812,132.79
ICU,2025-06-13 02:00:00+00:00,2025-06-13 08:00:00+00:00,40.022,64.48348696274297,43.314237565132004,85.65273636035394,66.465
OPD,2025-06-13 02:00:00+00:00,2025-06-13 08:00:00+00:00,59.204,70.93586928687458,49.76661988926361,92.10511868448555,95.488
WARD_A,2025-06-13 02:00:00+00:00,2025-06-13 08:00:00+00:00,116.572,128.22981260996684,107.06056321235587,149.3990620075778,168.809
WARD_B,2025-06-13 02:00:00+00:00,2025-06-13 08:00:00+00:00,141.862,132.44060968029243,111.27136028268146,153.6098590779034,135.262
ICU,2025-06-13 03:00:00+00:00,2025-06-13 09:00:00+00:00,61.813,64.65723598225695,43.48798658464598,85.82648537986792,85.359
OPD,2025-06-13 03:00:00+00:00,2025-06-13 09:00:00+00:00,77.594,72.45289060558333,51.283641207972366,93.6221400031943,72.077
WARD_A,2025-06-13 03:00:00+00:00,2025-06-13 09:00:00+00:00,128.387,127.71015953146147,106.5409101338505,148.87940892907244,135.631
WARD_B,2025-06-13 03:00:00+00:00,2025-06-13 09:00:00+00:00,144.758,131.82005070050084,110.65080130288987,152.9893000981118,132.159
ICU,2025-06-13 04:00:00+00:00,2025-06-13 10:00:00+00:00,75.883,66.24077631641381,45.071526918802846,87.41002571402478,65.136
OPD,2025-06-13 04:00:00+00:00,2025-06-13 10:00:00+00:00,87.9,73.96956617796154,52.80031678035057,95.13881557557251,80.281
WARD_A,2025-06-13 04:00:00+00:00,2025-06-13 10:00:00+00:00,132.038,127.13344608496136,105.9641966873504,148.30269548257232,136.393
WARD_B,2025-06-13 04:00:00+00:00,2025-06-13 10:00:00+00:00,157.557,129.28587310352054,108.11662370590957,150.4551225011315,148.205
ICU,2025-06-13 05:00:00+00:00,2025-06-13 11:00:00+00:00,64.597,66.05410635281282,44.884856955201855,87.22335575042379,87.544
OPD,2025-06-13 05:00:00+00:00,2025-06-13 11:00:00+00:00,75.017,71.56836659310947,50.399117195498505,92.73761599072044,83.729
WARD_A,2025-06-13 05:00:00+00:00,2025-06-13 11:00:00+00:00,130.541,130.2958217205667,109.12657232295572,151.46507111817766,138.559
WARD_B,2025-06-13 05:00:00+00:00,2025-06-13 11:00:00+00:00,146.353,133.10467289139737,111.9354234937864,154.27392228900834,134.491
ICU,2025-06-13 06:00:00+00:00,2025-06-13 12:00:00+00:00,39.624,79.49566610039183,58.32641670278086,100.6649154980028,65.598
OPD,2025-06-13 06:00:00+00:00,2025-06-13 12:00:00+00:00,82.188,73.54533317100922,52.37608377339825,94.71458256862019,83.747
WARD_A,2025-06-13 06:00:00+00:00,2025-06-13 12:00:00+00:00,114.876,133.63305112123774,112.46380172362677,154.8023005188487,146.389
WARD_B,2025-06-13 06:00:00+00:00,2025-06-13 12:00:00+00:00,138.587,133.49368663536242,112.32443723775145,154.6629360329734,146.094
ICU,2025-06-13 07:00:00+00:00,2025-06-13 13:00:00+00:00,61.832,66.08940127856391,44.92015188095294,87.25865067617488,73.585
OPD,2025-06-13 07:00:00+00:00,2025-06-13 13:00:00+00:00,85.18,71.59958419186574,50.430334794254776,92.76883358947671,83.775
WARD_A,2025-06-13 07:00:00+00:00,2025-06-13 13:00:00+00:00,114.539,129.29550118277112,108.12625178516015,150.4647505803821,140.392
WARD_B,2025-06-13 07:00:00+00:00,2025-06-13 13:00:00+00:00,138.286,137.2708132641113,116.10156386650033,158.44006266172227,140.763
ICU,2025-06-13 08:00:00+00:00,2025-06-13 14:00:00+00:00,139.351,138.48948847262687,117.3202390750159,159.65873787023784,150.721
OPD,2025-06-13 08:00:00+00:00,2025-06-13 14:00:00+00:00,164.73,162.64044935930906,141.4711999616981,183.80969875692003,168.57
WARD_A,2025-06-13 08:00:00+00:00,2025-06-13 14:00:00+00:00,216.204,205.6027377778137,184.43348838020273,226.77198717542467,222.621
WARD_B,2025-06-13 08:00:00+00:00,2025-06-13 14:00:00+00:00,212.165,216.88038520329025,195.71113580567928,238.04963460090121,235.718
ICU,2025-06-13 09:00:00+00:00,2025-06-13 15:00:00+00:00,69.138,69.69214907978346,48.52289968217249,90.86139847739443,73.369
OPD,2025-06-13 09:00:00+00:00,2025-06-13 15:00:00+00:00,93.185,83.26899228207407,62.0997428844631,104.43824167968504,83.647
WARD_A,2025-06-13 09:00:00+00:00,2025-06-13 15:00:00+00:00,126.46,129.08695475585762,107.91770535824665,150.2562041534686,151.68
WARD_B,2025-06-13 09:00:00+00:00,2025-06-13 15:00:00+00:00,133.756,136.33124161932975,115.16199222171878,157.5004910169407,133.054
ICU,2025-06-13 10:00:00+00:00,2025-06-13 16:00:00+00:00,60.591,69.99414391767571,48.824894520064746,91.16339331528668,54.761
OPD,2025-06-13 10:00:00+00:00,2025-06-13 16:00:00+00:00,93.004,78.79577946763912,57.62653007002815,99.96502886525009,63.292
WARD_A,2025-06-13 10:00:00+00:00,2025-06-13 16:00:00+00:00,123.567,129.5180865863696,108.34883718875864,150.68733598398057,166.179
WARD_B,2025-06-13 10:00:00+00:00,2025-06-13 16:00:00+00:00,141.469,135.64397855794195,114.47472916033098,156.81322795555292,137.588
ICU,2025-06-13 11:00:00+00:00,2025-06-13 17:00:00+00:00,65.702,71.32040959083139,50.15116019322042,92.48965898844236,74.64
OPD,2025-06-13 11:00:00+00:00,2025-06-13 17:00:00+00:00,77.805,77.74949082626702,56.58024142865605,98.91874022387799,102.522
WARD_A,2025-06-13 11:00:00+00:00,2025-06-13 17:00:00+00:00,128.016,130.37721088188897,109.207961484278,151.54646027949994,146.615
WARD_B,2025-06-13 11:00:00+00:00,2025-06-13 17:00:00+00:00,129.432,136.73364259574453,115.56439319813356,157.9028919933555,133.496
ICU,2025-06-13 12:00:00+00:00,2025-06-13 18:00:00+00:00,49.508,53.54977623393186,32.3805268363209,74.71902563154282,58.869
OPD,2025-06-13 12:00:00+00:00,2025-06-13 18:00:00+00:00,17.979,28.860055313539704,7.690805915928738,50.02930471115067,36.944
WARD_A,2025-06-13 12:00:00+00:00,2025-06-13 18:00:00+00:00,123.531,122.42302281184591,101.25377341423494,143.59227220945687,136.589
WARD_B,2025-06-13 12:00:00+00:00,2025-06-13 18:00:00+00:00,153.019,131.74409109382637,110.5748416962154,152.91334049143734,139.346
ICU,2025-06-13 13:00:00+00:00,2025-06-13 19:00:00+00:00,56.806,50.919298480350605,29.75004908273964,72.08854787796157,46.949
OPD,2025-06-13 13:00:00+00:00,2025-06-13 19:00:00+00:00,11.848,21.437127734091796,0.26787833648083037,42.60637713170276,21.519
WARD_A,2025-06-13 13:00:00+00:00,2025-06-13 19:00:00+00:00,117.959,122.86707363262578,101.6978242350148,144.03632303023673,152.528
WARD_B,2025-06-13 13:00:00+00:00,2025-06-13 19:00:00+00:00,135.237,134.23260630912267,113.0633569115117,155.40185570673364,140.964
ICU,2025-06-13 14:00:00+00:00,2025-06-13 20:00:00+00:00,139.655,121.32686837206218,100.15761897445121,142.49611776967313,139.424
OPD,2025-06-13 14:00:00+00:00,2025-06-13 20:00:00+00:00,100.244,109.97313589711865,88.80388649950768,131.14238529472962,106.571
WARD_A,2025-06-13 14:00:00+00:00,2025-06-13 20:00:00+00:00,225.293,196.01619899201975,174.84694959440878,217.18544838963072,231.432
WARD_B,2025-06-13 14:00:00+00:00,2025-06-13 20:00:00+00:00,214.813,186.74036201289948,165.5711126152885,207.90961141051045,208.131
ICU,2025-06-13 15:00:00+00:00,2025-06-13 21:00:00+00:00,52.48,54.86146344936033,33.69221405174936,76.0307128469713,74.963
OPD,2025-06-13 15:00:00+00:00,2025-06-13 21:00:00+00:00,28.277,23.636077695599738,2.466828297988773,44.80532709321071,20.782
WARD_A,2025-06-13 15:00:00+00:00,2025-06-13 21:00:00+00:00,113.252,124.25860500277129,103.08935560516032,145.42785440038224,113.535
WARD_B,2025-06-13 15:00:00+00:00,2025-06-13 21:00:00+00:00,152.479,132.1737305718186,111.00448117420763,153.34297996942956,130.393
ICU,2025-06-13 16:00:00+00:00,2025-06-13 22:00:00+00:00,56.312,57.563227684490464,36.3939782868795,78.73247708210143,75.704
OPD,2025-06-13 16:00:00+00:00,2025-06-13 22:00:00+00:00,17.877,23.928043451157922,2.758794053546957,45.09729284876889,23.874
WARD_A,2025-06-13 16:00:00+00:00,2025-06-13 22:00:00+00:00,128.456,123.9666392472131,102.79738984960213,145.13588864482406,160.719
WARD_B,2025-06-13 16:00:00+00:00,2025-06-13 22:00:00+00:00,154.333,134.001665710925,112.83241631331404,155.17091510853598,136.968
ICU,2025-06-13 17:00:00+00:00,2025-06-13 23:00:00+00:00,52.042,56.70700777208443,35.53775837447347,77.87625716969539,49.642
OPD,2025-06-13 17:00:00+00:00,2025-06-13 23:00:00+00:00,11.15,23.05770444789966,1.8884550502886945,44.22695384551062,15.681
WARD_A,2025-06-13 17:00:00+00:00,2025-06-13 23:00:00+00:00,135.444,122.88998719307901,101.72073779546804,144.05923659068998,135.768
WARD_B,2025-06-13 17:00:00+00:00,2025-06-13 23:00:00+00:00,135.508,131.92295980956027,110.7537104119493,153.09220920717124,139.508
ICU,2025-06-13 18:00:00+00:00,2025-06-14 00:00:00+00:00,35.762,54.30314841883041,33.13389902121945,75.47239781644137,72.21
OPD,2025-06-13 18:00:00+00:00,2025-06-14 00:00:00+00:00,19.159,23.542709846283856,2.3734604486728905,44.711959243894825,29.608
WARD_A,2025-06-13 18:00:00+00:00,2025-06-14 00:00:00+00:00,112.058,122.7729242614959,101.60367486388493,143.94217365910686,147.565
WARD_B,2025-06-13 18:00:00+00:00,2025-06-14 00:00:00+00:00,134.204,132.4867919019638,111.31754250435284,153.65604129957478,117.99
ICU,2025-06-13 19:00:00+00:00,2025-06-14 01:00:00+00:00,59.544,54.60460064774503,33.43535125013406,75.773850045356,47.545
OPD,2025-06-13 19:00:00+00:00,2025-06-14 01:00:00+00:00,26.559,22.085771164710874,0.9165217670999084,43.25502056232184,23.971
WARD_A,2025-06-13 19:00:00+00:00,2025-06-14 01:00:00+00:00,118.466,122.84472373405477,101.6754743364438,144.01397313166572,134.557
WARD_B,2025-06-13 19:00:00+00:00,2025-06-14 01:00:00+00:00,130.702,132.58778444220846,111.41853504459749,153.75703383981943,142.429
ICU,2025-06-13 20:00:00+00:00,2025-06-14 02:00:00+00:00,61.085,61.5229540690084,40.35370467139744,82.69220346661936,65.482
OPD,2025-06-13 20:00:00+00:00,2025-06-14 02:00:00+00:00,15.941,24.229482429398452,3.0602330317874866,45.398731827009414,40.253
WARD_A,2025-06-13 20:00:00+00:00,2025-06-14 02:00:00+00:00,122.437,129.36477413697332,108.19552473936236,150.5340235345843,156.811
WARD_B,2025-06-13 20:00:00+00:00,2025-06-14 02:00:00+00:00,120.519,133.35824423916452,112.18899484155355,154.5274936367755,138.734
ICU,2025-06-13 21:00:00+00:00,2025-06-14 03:00:00+00:00,58.098,57.30784253704105,36.138593139430085,78.47709193465201,62.938
OPD,2025-06-13 21:00:00+00:00,2025-06-14 03:00:00+00:00,25.887,19.09781204786352,0.0,40.26706144547448,21.488
WARD_A,2025-06-13 21:00:00+00:00,2025-06-14 03:00:00+00:00,133.953,121.64807869845782,100.47882930084685,142.8173280960688,153.496
WARD_B,2025-06-13 21:00:00+00:00,2025-06-14 03:00:00+00:00,131.829,133.59153354876955,112.42228415115858,154.76078294638052,126.133
ICU,2025-06-13 22:00:00+00:00,2025-06-14 04:00:00+00:00,48.36,56.08449030764846,34.9152409100375,77.25373970525942,72.826
OPD,2025-06-13 22:00:00+00:00,2025-06-14 04:00:00+00:00,24.629,26.58084806660008,5.4115986689891145,47.750097464211045,28.473
WARD_A,2025-06-13 22:00:00+00:00,2025-06-14 04:00:00+00:00,127.256,125.14140449252943,103.97215509491846,146.3106538901404,140.901
WARD_B,2025-06-13 22:00:00+00:00,2025-06-14 04:00:00+00:00,152.695,138.70804852335044,117.53879912573947,159.8772979209614,131.156
ICU,2025-06-13 23:00:00+00:00,2025-06-14 05:00:00+00:00,55.924,58.89220408764027,37.72295469002931,80.06145348525123,67.837
OPD,2025-06-13 23:00:00+00:00,2025-06-14 05:00:00+00:00,23.549,27.17701312262745,6.007763725016485,48.34626252023841,18.502
WARD_A,2025-06-13 23:00:00+00:00,2025-06-14 05:00:00+00:00,127.665,126.60929878866149,105.44004939105052,147.77854818627245,126.41
WARD_B,2025-06-13 23:00:00+00:00,2025-06-14 05:00:00+00:00,135.041,138.0786516158886,116.90940221827762,159.24790101349956,113.776
ICU,2025-06-14 00:00:00+00:00,2025-06-14 06:00:00+00:00,145.754,132.04679179983836,110.87754240222739,153.21604119744933,153.937
OPD,2025-06-14 00:00:00+00:00,2025-06-14 06:00:00+00:00,99.744,106.15670514979186,84.98745575218089,127.32595454740283,109.352
WARD_A,2025-06-14 00:00:00+00:00,2025-06-14 06:00:00+00:00,202.173,204.63894653284626,183.4696971352353,225.80819593045723,228.394
WARD_B,2025-06-14 00:00:00+00:00,2025-06-14 06:00:00+00:00,242.424,214.2492784957657,193.08002909815474,235.41852789337668,213.23
ICU,2025-06-14 01:00:00+00:00,2025-06-14 07:00:00+00:00,51.446,55.01709274613036,33.84784334851939,76.18634214374133,61.038
OPD,2025-06-14 01:00:00+00:00,2025-06-14 07:00:00+00:00,12.728,31.328246484665776,10.15899708705481,52.49749588227674,26.669
WARD_A,2025-06-14 01:00:00+00:00,2025-06-14 07:00:00+00:00,119.396,123.73661149715807,102.5673620995471,144.90586089476903,168.854
WARD_B,2025-06-14 01:00:00+00:00,2025-06-14 07:00:00+00:00,136.145,138.0939701405843,116.92472074297334,159.26321953819527,111.364
ICU,2025-06-14 02:00:00+00:00,2025-06-14 08:00:00+00:00,63.577,64.36656794803953,43.19731855042856,85.5358173456505,71.869
OPD,2025-06-14 02:00:00+00:00,2025-06-14 08:00:00+00:00,93.576,74.24653864282878,53.07728924521781,95.41578804043975,81.679
WARD_A,2025-06-14 02:00:00+00:00,2025-06-14 08:00:00+00:00,135.932,126.95419095212951,105.78494155451854,148.12344034974046,164.956
WARD_B,2025-06-14 02:00:00+00:00,2025-06-14 08:00:00+00:00,142.695,132.62479092147112,111.45554152386015,153.7940403190821,142.631
ICU,2025-06-14 03:00:00+00:00,2025-06-14 09:00:00+00:00,47.201,65.37298724789433,44.20373785028336,86.5422366455053,53.906
OPD,2025-06-14 03:00:00+00:00,2025-06-14 09:00:00+00:00,107.375,76.19983796892629,55.03058857131532,97.36908736653726,76.438
WARD_A,2025-06-14 03:00:00+00:00,2025-06-14 09:00:00+00:00,132.069,129.90818194932572,108.73893255171475,151.0774313469367,140.855
WARD_B,2025-06-14 03:00:00+00:00,2025-06-14 09:00:00+00:00,151.375,136.9001993564664,115.73094995885543,158.06944875407737,146.207
ICU,2025-06-14 04:00:00+00:00,2025-06-14 10:00:00+00:00,67.645,66.16928517149104,45.00003577388007,87.33853456910201,60.156
OPD,2025-06-14 04:00:00+00:00,2025-06-14 10:00:00+00:00,82.178,78.5589827093843,57.38973331177333,99.72823210699526,81.142
WARD_A,2025-06-14 04:00:00+00:00,2025-06-14 10:00:00+00:00,135.023,129.91070788793152,108.74145849032055,151.0799572855425,153.208
WARD_B,2025-06-14 04:00:00+00:00,2025-06-14 10:00:00+00:00,143.04,141.878651468675,120.70940207106403,163.04790086628597,135.255
ICU,2025-06-14 05:00:00+00:00,2025-06-14 11:00:00+00:00,59.606,67.66796714715244,46.49871774954147,88.83721654476341,78.088
OPD,2025-06-14 05:00:00+00:00,2025-06-14 11:00:00+00:00,64.889,80.16513426447618,58.99588486686521,101.33438366208715,89.728
WARD_A,2025-06-14 05:00:00+00:00,2025-06-14 11:00:00+00:00,130.61,131.18788588864226,110.01863649103129,152.35713528625323,141.46
WARD_B,2025-06-14 05:00:00+00:00,2025-06-14 11:00:00+00:00,158.341,142.21450430894836,121.0452549113374,163.38375370655933,132.792
ICU,2025-06-14 06:00:00+00:00,2025-06-14 12:00:00+00:00,69.721,75.1053805471277,53.936131149516726,96.27462994473866,81.138
OPD,2025-06-14 06:00:00+00:00,2025-06-14 12:00:00+00:00,75.299,79.03059928949034,57.86134989187937,100.19984868710131,80.648
WARD_A,2025-06-14 06:00:00+00:00,2025-06-14 12:00:00+00:00,139.234,137.00137474651385,115.83212534890288,158.17062414412482,147.914
WARD_B,2025-06-14 06:00:00+00:00,2025-06-14 12:00:00+00:00,141.964,155.88305525902905,134.71380586141808,177.05230465664002,131.447
ICU,2025-06-14 07:00:00+00:00,2025-06-14 13:00:00+00:00,56.649,67.69918474590871,46.52993534829774,88.86843414351968,71.735
OPD,2025-06-14 07:00:00+00:00,2025-06-14 13:00:00+00:00,74.934,81.57416163895176,60.404912241340796,102.74341103656273,81.307
WARD_A,2025-06-14 07:00:00+00:00,2025-06-14 13:00:00+00:00,135.057,131.74383536763193,110.57458597002096,152.9130847652429,141.88
WARD_B,2025-06-14 07:00:00+00:00,2025-06-14 13:00:00+00:00,140.15,147.21842946521943,126.04918006760846,168.3876788628304,112.021
ICU,2025-06-14 08:00:00+00:00,2025-06-14 14:00:00+00:00,140.022,151.57238142154742,130.40313202393645,172.7416308191584,173.697
OPD,2025-06-14 08:00:00+00:00,2025-06-14 14:00:00+00:00,169.782,162.12840939604976,140.9591599984388,183.29765879366073,144.03
WARD_A,2025-06-14 08:00:00+00:00,2025-06-14 14:00:00+00:00,230.273,206.7918132591494,185.62256386153842,227.96106265676036,242.094
WARD_B,2025-06-14 08:00:00+00:00,2025-06-14 14:00:00+00:00,223.925,228.15341181369584,206.98416241608487,249.3226612113068,238.245
ICU,2025-06-14 09:00:00+00:00,2025-06-14 15:00:00+00:00,47.844,69.7566198077719,48.58737041016093,90.92586920538287,72.599
OPD,2025-06-14 09:00:00+00:00,2025-06-14 15:00:00+00:00,69.607,83.8488697446867,62.679620347075726,105.01811914229766,63.128
WARD_A,2025-06-14 09:00:00+00:00,2025-06-14 15:00:00+00:00,139.388,129.19658216006695,108.02733276245598,150.36583155767792,153.253
WARD_B,2025-06-14 09:00:00+00:00,2025-06-14 15:00:00+00:00,155.074,145.76550242413103,124.59625302652006,166.934751821742,126.995
ICU,2025-06-14 10:00:00+00:00,2025-06-14 16:00:00+00:00,61.566,70.599135557005,49.42988615939403,91.76838495461597,71.661
OPD,2025-06-14 10:00:00+00:00,2025-06-14 16:00:00+00:00,82.811,77.8486042617854,56.67935486417443,99.01785365939637,73.201
WARD_A,2025-06-14 10:00:00+00:00,2025-06-14 16:00:00+00:00,149.721,130.24354209317835,109.07429269556738,151.41279149078932,144.096
WARD_B,2025-06-14 10:00:00+00:00,2025-06-14 16:00:00+00:00,158.928,146.08152426879477,124.9122748711838,167.25077366640573,134.885
ICU,2025-06-14 11:00:00+00:00,2025-06-14 17:00:00+00:00,68.543,72.53463694904517,51.365387551434196,93.70388634665613,51.667
OPD,2025-06-14 11:00:00+00:00,2025-06-14 17:00:00+00:00,74.78,74.01177530156001,52.84252590394904,95.18102469917098,78.656
WARD_A,2025-06-14 11:00:00+00:00,2025-06-14 17:00:00+00:00,125.749,129.36642130340093,108.19717190578996,150.5356707010119,134.534
WARD_B,2025-06-14 11:00:00+00:00,2025-06-14 17:00:00+00:00,133.444,145.9596369672627,124.79038756965173,167.12888636487367,130.458
ICU,2025-06-14 12:00:00+00:00,2025-06-14 18:00:00+00:00,42.117,48.867389333030395,27.69813993541943,70.03663873064136,77.523
OPD,2025-06-14 12:00:00+00:00,2025-06-14 18:00:00+00:00,27.216,27.67256517105442,6.503315773443454,48.841814568665384,27.014
WARD_A,2025-06-14 12:00:00+00:00,2025-06-14 18:00:00+00:00,128.103,126.2935564342481,105.12430703663713,147.46280583185907,131.199
WARD_B,2025-06-14 12:00:00+00:00,2025-06-14 18:00:00+00:00,143.715,140.27972988775818,119.11048049014721,161.44897928536915,114.968
ICU,2025-06-14 13:00:00+00:00,2025-06-14 19:00:00+00:00,50.657,55.39594704533318,34.22669764772222,76.56519644294414,70.056
OPD,2025-06-14 13:00:00+00:00,2025-06-14 19:00:00+00:00,16.602,21.524772607977464,0.35552321036649914,42.69402200558843,25.744
WARD_A,2025-06-14 13:00:00+00:00,2025-06-14 19:00:00+00:00,132.524,126.23026428347839,105.06101488586742,147.39951368108936,124.547
WARD_B,2025-06-14 13:00:00+00:00,2025-06-14 19:00:00+00:00,160.662,142.6129531285155,121.44370373090453,163.78220252612647,121.696
ICU,2025-06-14 14:00:00+00:00,2025-06-14 20:00:00+00:00,141.786,122.38760478420944,101.21835538659847,143.5568541818204,151.516
OPD,2025-06-14 14:00:00+00:00,2025-06-14 20:00:00+00:00,111.149,109.93581363603566,88.76656423842469,131.10506303364662,98.987
WARD_A,2025-06-14 14:00:00+00:00,2025-06-14 20:00:00+00:00,209.055,209.8714818354371,188.70223243782613,231.04073123304806,237.58
WARD_B,2025-06-14 14:00:00+00:00,2025-06-14 20:00:00+00:00,207.938,211.8330625578292,190.66381316021824,233.00231195544018,205.152
ICU,2025-06-14 15:00:00+00:00,2025-06-14 21:00:00+00:00,53.377,57.42349416777066,36.2542447701597,78.59274356538162,55.487
OPD,2025-06-14 15:00:00+00:00,2025-06-14 21:00:00+00:00,19.198,24.0530105861266,2.883761188515635,45.222259983737565,28.868
WARD_A,2025-06-14 15:00:00+00:00,2025-06-14 21:00:00+00:00,126.058,128.9097032644555,107.74045386684452,150.07895266206646,152.197
WARD_B,2025-06-14 15:00:00+00:00,2025-06-14 21:00:00+00:00,156.952,142.27689311204816,121.10764371443719,163.44614250965913,133.536
ICU,2025-06-14 16:00:00+00:00,2025-06-14 22:00:00+00:00,57.102,59.48626395626914,38.31701455865817,80.65551335388011,80.857
OPD,2025-06-14 16:00:00+00:00,2025-06-14 22:00:00+00:00,22.041,23.636077695599738,2.466828297988773,44.80532709321071,23.694
WARD_A,2025-06-14 16:00:00+00:00,2025-06-14 22:00:00+00:00,121.179,131.04171777904128,109.87246838143031,152.21096717665225,126.204
WARD_B,2025-06-14 16:00:00+00:00,2025-06-14 22:00:00+00:00,126.013,141.8131898620877,120.64394046447674,162.98243925969868,118.948
ICU,2025-06-14 17:00:00+00:00,2025-06-14 23:00:00+00:00,44.451,56.88934612343328,35.720096725822316,78.05859552104424,81.688
OPD,2025-06-14 17:00:00+00:00,2025-06-14 23:00:00+00:00,24.31,24.157688602285173,2.988439204674208,45.32693799989614,19.868
WARD_A,2025-06-14 17:00:00+00:00,2025-06-14 23:00:00+00:00,137.305,126.57104392208568,105.40179452447471,147.74029331969663,156.267
WARD_B,2025-06-14 17:00:00+00:00,2025-06-14 23:00:00+00:00,143.024,141.5021264770642,120.33287707945323,162.67137587467516,128.969
ICU,2025-06-14 18:00:00+00:00,2025-06-15 00:00:00+00:00,55.7,57.152996769673734,35.983747372062766,78.3222461672847,66.843
OPD,2025-06-14 18:00:00+00:00,2025-06-15 00:00:00+00:00,8.638,20.951977588243857,0.0,42.12122698585482,18.614
WARD_A,2025-06-14 18:00:00+00:00,2025-06-15 00:00:00+00:00,134.353,127.8862926996778,106.71704330206683,149.05554209728876,126.778
WARD_B,2025-06-14 18:00:00+00:00,2025-06-15 00:00:00+00:00,155.049,142.3773902431801,121.20814084556912,163.54663964079106,134.889
ICU,2025-06-14 19:00:00+00:00,2025-06-15 01:00:00+00:00,54.429,54.30314841883041,33.13389902121945,75.47239781644137,70.502
OPD,2025-06-14 19:00:00+00:00,2025-06-15 01:00:00+00:00,18.411,23.48167342862587,2.3124240310149062,44.65092282623684,26.676
WARD_A,2025-06-14 19:00:00+00:00,2025-06-15 01:00:00+00:00,120.848,129.8516726085672,108.68242321095624,151.02092200617818,141.846
WARD_B,2025-06-14 19:00:00+00:00,2025-06-15 01:00:00+00:00,156.336,143.87629344397175,122.70704404636078,165.04554284158272,103.138
ICU,2025-06-14 20:00:00+00:00,2025-06-15 02:00:00+00:00,52.89,61.61518488992679,40.445935492315826,82.78443428753775,63.285
OPD,2025-06-14 20:00:00+00:00,2025-06-15 02:00:00+00:00,19.341,24.570679640883206,3.401430243272241,45.73992903849417,13.46
WARD_A,2025-06-14 20:00:00+00:00,2025-06-15 02:00:00+00:00,123.264,130.06975394723437,108.9005045496234,151.23900334484534,143.251
WARD_B,2025-06-14 20:00:00+00:00,2025-06-15 02:00:00+00:00,165.639,141.7558761150023,120.58662671739134,162.92512551261328,126.499
ICU,2025-06-14 21:00:00+00:00,2025-06-15 03:00:00+00:00,55.422,54.78841665325976,33.61916725564879,75.95766605087073,53.252
OPD,2025-06-14 21:00:00+00:00,2025-06-15 03:00:00+00:00,23.244,19.393610143879943,0.0,40.56285954149091,12.815
WARD_A,2025-06-14 21:00:00+00:00,2025-06-15 03:00:00+00:00,124.117,129.60822075304185,108.43897135543088,150.77747015065282,134.918
WARD_B,2025-06-14 21:00:00+00:00,2025-06-15 03:00:00+00:00,157.165,142.01763841561424,120.84838901800327,163.1868878132252,137.332
ICU,2025-06-14 22:00:00+00:00,2025-06-15 04:00:00+00:00,54.027,58.3348609320166,37.16561153440564,79.50411032962757,72.066
OPD,2025-06-14 22:00:00+00:00,2025-06-15 04:00:00+00:00,10.907,29.33373999553852,8.164490597927553,50.502989393149484,30.731
WARD_A,2025-06-14 22:00:00+00:00,2025-06-15 04:00:00+00:00,122.927,128.13638231903218,106.96713292142121,149.30563171664315,141.72
WARD_B,2025-06-14 22:00:00+00:00,2025-06-15 04:00:00+00:00,160.251,142.34305176915615,121.17380237154518,163.51230116676712,123.759
ICU,2025-06-14 23:00:00+00:00,2025-06-15 05:00:00+00:00,52.852,60.65657245120392,39.48732305359296,81.82582184881488,53.746
OPD,2025-06-14 23:00:00+00:00,2025-06-15 05:00:00+00:00,9.584,27.144792961709747,5.975543564098782,48.31404235932071,24.258
WARD_A,2025-06-14 23:00:00+00:00,2025-06-15 05:00:00+00:00,127.13,129.83682111681773,108.66757171920676,151.0060705144287,151.821
WARD_B,2025-06-14 23:00:00+00:00,2025-06-15 05:00:00+00:00,138.722,148.31278314599123,127.14353374838026,169.4820325436022,126.683
ICU,2025-06-15 00:00:00+00:00,2025-06-15 06:00:00+00:00,130.882,137.07245788933608,115.90320849172511,158.24170728694705,156.582
OPD,2025-06-15 00:00:00+00:00,2025-06-15 06:00:00+00:00,108.233,96.71889355458804,75.54964415697707,117.888142952199,110.886
WARD_A,2025-06-15 00:00:00+00:00,2025-06-15 06:00:00+00:00,218.242,211.01832419482145,189.84907479721048,232.18757359243241,238.213
WARD_B,2025-06-15 00:00:00+00:00,2025-06-15 06:00:00+00:00,229.418,224.58393251594364,203.41468311833268,245.7531819135546,212.911
ICU,2025-06-15 01:00:00+00:00,2025-06-15 07:00:00+00:00,64.296,53.42879135204605,32.25954195443508,74.59804074965702,74.083
OPD,2025-06-15 01:00:00+00:00,2025-06-15 07:00:00+00:00,31.393,21.305595621101663,0.13634622349069758,42.47484501871263,20.013
WARD_A,2025-06-15 01:00:00+00:00,2025-06-15 07:00:00+00:00,123.89,129.93798832763687,108.7687389300259,151.10723772524784,148.446
WARD_B,2025-06-15 01:00:00+00:00,2025-06-15 07:00:00+00:00,146.589,144.05239003623984,122.88314063862887,165.2216394338508,126.736
ICU,2025-06-15 02:00:00+00:00,2025-06-15 08:00:00+00:00,44.387,57.50082845376342,36.33157905615245,78.67007785137439,65.282
OPD,2025-06-15 02:00:00+00:00,2025-06-15 08:00:00+00:00,24.275,28.766957626667015,7.59770822905605,49.93620702427798,26.397
WARD_A,2025-06-15 02:00:00+00:00,2025-06-15 08:00:00+00:00,132.9,127.31462150750548,106.14537210989451,148.48387090511645,134.975
WARD_B,2025-06-15 02:00:00+00:00,2025-06-15 08:00:00+00:00,125.711,148.48787070099166,127.3186213033807,169.65712009860263,127.572
ICU,2025-06-15 03:00:00+00:00,2025-06-15 09:00:00+00:00,57.764,57.54957342896638,36.380324031355414,78.71882282657735,67.134
OPD,2025-06-15 03:00:00+00:00,2025-06-15 09:00:00+00:00,42.486,30.12451919964213,8.955269802031165,51.29376859725309,16.388
WARD_A,2025-06-15 03:00:00+00:00,2025-06-15 09:00:00+00:00,111.329,128.45856700630813,107.28931760869716,149.6278164039191,136.29
WARD_B,2025-06-15 03:00:00+00:00,2025-06-15 09:00:00+00:00,150.875,150.32666846645103,129.15741906884006,171.495917864062,117.899
ICU,2025-06-15 04:00:00+00:00,2025-06-15 10:00:00+00:00,68.706,57.473178900731654,36.303929503120685,78.64242829834262,71.314
OPD,2025-06-15 04:00:00+00:00,2025-06-15 10:00:00+00:00,20.694,28.554398885451782,7.385149487840817,49.723648283062744,25.614
WARD_A,2025-06-15 04:00:00+00:00,2025-06-15 10:00:00+00:00,124.202,128.09908938981593,106.92983999220496,149.2683387874269,136.656
WARD_B,2025-06-15 04:00:00+00:00,2025-06-15 10:00:00+00:00,151.255,148.8701228434678,127.70087344585684,170.03937224107878,126.854
ICU,2025-06-15 05:00:00+00:00,2025-06-15 11:00:00+00:00,67.611,58.38522969374757,37.21598029613661,79.55447909135853,63.297
OPD,2025-06-15 05:00:00+00:00,2025-06-15 11:00:00+00:00,21.247,28.285760363130983,7.116510965520018,49.455009760741945,13.309
WARD_A,2025-06-15 05:00:00+00:00,2025-06-15 11:00:00+00:00,126.734,130.04990499492538,108.88065559731442,151.21915439253635,152.91
WARD_B,2025-06-15 05:00:00+00:00,2025-06-15 11:00:00+00:00,151.825,150.77388093243388,129.60463153482291,171.94313033004485,129.944
ICU,2025-06-15 06:00:00+00:00,2025-06-15 12:00:00+00:00,58.275,58.916457817575825,37.74720841996486,80.08570721518679,62.464
OPD,2025-06-15 06:00:00+00:00,2025-06-15 12:00:00+00:00,15.999,43.51665631546667,22.347406917855704,64.68590571307763,30.291
WARD_A,2025-06-15 06:00:00+00:00,2025-06-15 12:00:00+00:00,123.523,133.73597792842943,112.56672853081847,154.9052273260404,121.308
WARD_B,2025-06-15 06:00:00+00:00,2025-06-15 12:00:00+00:00,145.075,146.26509370270475,125.09584430509378,167.43434310031571,108.685
ICU,2025-06-15 07:00:00+00:00,2025-06-15 13:00:00+00:00,58.498,57.46514999764672,36.29590060003575,78.63439939525769,48.984
OPD,2025-06-15 07:00:00+00:00,2025-06-15 13:00:00+00:00,33.177,29.71390730281124,8.544657905200275,50.883156700422205,29.575
WARD_A,2025-06-15 07:00:00+00:00,2025-06-15 13:00:00+00:00,138.494,133.0506118599402,111.88136246232924,154.21986125755117,127.168
WARD_B,2025-06-15 07:00:00+00:00,2025-06-15 13:00:00+00:00,148.313,147.7441708107185,126.57492141310752,168.91342020832946,122.19
ICU,2025-06-15 08:00:00+00:00,2025-06-15 14:00:00+00:00,140.478,132.47191418905183,111.30266479144086,153.6411635866628,158.371
OPD,2025-06-15 08:00:00+00:00,2025-06-15 14:00:00+00:00,101.236,99.694309582551,78.52506018494003,120.86355898016197,104.527
WARD_A,2025-06-15 08:00:00+00:00,2025-06-15 14:00:00+00:00,218.891,212.73573408773413,191.56648469012316,233.9049834853451,205.932
WARD_B,2025-06-15 08:00:00+00:00,2025-06-15 14:00:00+00:00,241.894,229.3667264160104,208.19747701839944,250.53597581362138,194.248
ICU,2025-06-15 09:00:00+00:00,2025-06-15 15:00:00+00:00,46.989,61.457795394758435,40.288545997147466,82.6270447923694,68.632
OPD,2025-06-15 09:00:00+00:00,2025-06-15 15:00:00+00:00,22.797,35.21656297448676,14.047313576875798,56.38581237209773,18.244
WARD_A,2025-06-15 09:00:00+00:00,2025-06-15 15:00:00+00:00,135.267,126.8748090794297,105.70555968181873,148.04405847704066,149.999
WARD_B,2025-06-15 09:00:00+00:00,2025-06-15 15:00:00+00:00,128.56,147.45983525888005,126.29058586126908,168.62908465649102,117.517
ICU,2025-06-15 10:00:00+00:00,2025-06-15 16:00:00+00:00,54.469,60.91051408232704,39.74126468471607,82.07976347993801,87.745
OPD,2025-06-15 10:00:00+00:00,2025-06-15 16:00:00+00:00,3.42,31.876406034157036,10.70715663654607,53.045655431768,26.666
WARD_A,2025-06-15 10:00:00+00:00,2025-06-15 16:00:00+00:00,145.66,128.92447800083434,107.75522860322337,150.0937273984453,150.465
WARD_B,2025-06-15 10:00:00+00:00,2025-06-15 16:00:00+00:00,165.174,147.19338826311545,126.02413886550448,168.36263766072642,98.102
ICU,2025-06-15 11:00:00+00:00,2025-06-15 17:00:00+00:00,58.799,63.073999499413404,41.904750101802435,84.24324889702437,60.333
OPD,2025-06-15 11:00:00+00:00,2025-06-15 17:00:00+00:00,32.699,31.89098301535189,10.721733617740924,53.060232412962854,14.175
WARD_A,2025-06-15 11:00:00+00:00,2025-06-15 17:00:00+00:00,111.462,131.20242756305285,110.03317816544188,152.37167696066382,133.638
WARD_B,2025-06-15 11:00:00+00:00,2025-06-15 17:00:00+00:00,155.15,147.0521974529067,125.88294805529574,168.22144685051768,119.216
ICU,2025-06-15 12:00:00+00:00,2025-06-15 18:00:00+00:00,57.318,50.2906635199329,29.121414122321934,71.45991291754386,63.516
OPD,2025-06-15 12:00:00+00:00,2025-06-15 18:00:00+00:00,28.304,24.806778614558162,3.637529216947197,45.976028012169124,16.898
WARD_A,2025-06-15 12:00:00+00:00,2025-06-15 18:00:00+00:00,127.723,126.9636021721679,105.79435277455693,148.13285156977886,145.886
WARD_B,2025-06-15 12:00:00+00:00,2025-06-15 18:00:00+00:00,135.963,143.49719965975464,122.32795026214367,164.6664490573656,104.586
ICU,2025-06-15 13:00:00+00:00,2025-06-15 19:00:00+00:00,60.51,55.39594704533318,34.22669764772222,76.56519644294414,66.004
OPD,2025-06-15 13:00:00+00:00,2025-06-15 19:00:00+00:00,20.344,24.709248242352537,3.5399988447415716,45.8784976399635,31.253
WARD_A,2025-06-15 13:00:00+00:00,2025-06-15 19:00:00+00:00,128.107,131.76809595720283,110.59884655959186,152.9373453548138,135.547
WARD_B,2025-06-15 13:00:00+00:00,2025-06-15 19:00:00+00:00,147.601,143.4431751377981,122.27392574018714,164.61242453540908,116.084
ICU,2025-06-15 14:00:00+00:00,2025-06-15 20:00:00+00:00,153.557,119.9029729705344,98.73372357292344,141.07222236814536,151.306
OPD,2025-06-15 14:00:00+00:00,2025-06-15 20:00:00+00:00,105.641,84.57967162935324,63.410422231742274,105.74892102696421,104.855
WARD_A,2025-06-15 14:00:00+00:00,2025-06-15 20:00:00+00:00,214.575,207.5494858457518,186.38023644814083,228.71873524336277,219.832
WARD_B,2025-06-15 14:00:00+00:00,2025-06-15 20:00:00+00:00,253.054,211.85436612107858,190.68511672346762,233.02361551868955,195.923
ICU,2025-06-15 15:00:00+00:00,2025-06-15 21:00:00+00:00,52.932,54.96143950036954,33.79219010275858,76.1306888979805,53.365
OPD,2025-06-15 15:00:00+00:00,2025-06-15 21:00:00+00:00,24.503,21.051219698354227,0.0,42.22046909596519,24.061
WARD_A,2025-06-15 15:00:00+00:00,2025-06-15 21:00:00+00:00,117.955,129.25985507228782,108.09060567467685,150.4291044698988,144.681
WARD_B,2025-06-15 15:00:00+00:00,2025-06-15 21:00:00+00:00,150.113,144.57060907987469,123.40135968226372,165.73985847748565,105.516
ICU,2025-06-15 16:00:00+00:00,2025-06-15 22:00:00+00:00,58.035,57.298527032801985,36.129277635191016,78.46777643041295,62.782
OPD,2025-06-15 16:00:00+00:00,2025-06-15 22:00:00+00:00,38.43,19.732641034110607,0.0,40.90189043172157,11.369
WARD_A,2025-06-15 16:00:00+00:00,2025-06-15 22:00:00+00:00,151.281,127.31296788841803,106.14371849080706,148.482217286029,152.99
WARD_B,2025-06-15 16:00:00+00:00,2025-06-15 22:00:00+00:00,146.99,147.38096950777563,126.21172011016466,168.5502189053866,124.667
ICU,2025-06-15 17:00:00+00:00,2025-06-15 23:00:00+00:00,41.307,54.10521958796351,32.93597019035255,75.27446898557447,70.021
OPD,2025-06-15 17:00:00+00:00,2025-06-15 23:00:00+00:00,18.338,20.285991628457424,0.0,41.45524102606839,26.12
WARD_A,2025-06-15 17:00:00+00:00,2025-06-15 23:00:00+00:00,124.547,123.1934786906591,102.02422929304814,144.36272808827007,140.289
WARD_B,2025-06-15 17:00:00+00:00,2025-06-15 23:00:00+00:00,144.821,144.1202967479717,122.95104735036074,165.28954614558268,128.792
ICU,2025-06-15 18:00:00+00:00,2025-06-16 00:00:00+00:00,69.95,62.33767201100019,41.168422613389225,83.50692140861115,58.438
OPD,2025-06-15 18:00:00+00:00,2025-06-16 00:00:00+00:00,24.823,21.525322740974936,0.35607334336397045,42.6945721385859,34.255
WARD_A,2025-06-15 18:00:00+00:00,2025-06-16 00:00:00+00:00,130.167,125.28421566605515,104.11496626844418,146.4534650636661,136.234
WARD_B,2025-06-15 18:00:00+00:00,2025-06-16 00:00:00+00:00,147.114,145.86858977798084,124.69934038036988,167.0378391755918,138.419
ICU,2025-06-15 19:00:00+00:00,2025-06-16 01:00:00+00:00,53.189,62.306906952001704,41.13765755439074,83.47615634961267,69.722
OPD,2025-06-15 19:00:00+00:00,2025-06-16 01:00:00+00:00,11.841,21.525322740974936,0.35607334336397045,42.6945721385859,24.163
WARD_A,2025-06-15 19:00:00+00:00,2025-06-16 01:00:00+00:00,133.078,127.85125429206172,106.68200489445076,149.0205036896727,128.723
WARD_B,2025-06-15 19:00:00+00:00,2025-06-16 01:00:00+00:00,163.122,145.74460895057766,124.57535955296669,166.91385834818863,126.563
ICU,2025-06-15 20:00:00+00:00,2025-06-16 02:00:00+00:00,59.414,72.5557927384315,51.38654334082054,93.72504213604248,64.174
OPD,2025-06-15 20:00:00+00:00,2025-06-16 02:00:00+00:00,29.879,24.87339887247493,3.7041494748639643,46.04264827008589,32.04
WARD_A,2025-06-15 20:00:00+00:00,2025-06-16 02:00:00+00:00,122.941,131.26817786911352,110.09892847150255,152.43742726672448,143.783
WARD_B,2025-06-15 20:00:00+00:00,2025-06-16 02:00:00+00:00,143.897,158.4022170282619,137.23296763065093,179.57146642587287,128.685
ICU,2025-06-15 21:00:00+00:00,2025-06-16 03:00:00+00:00,53.184,65.85121128160392,44.681961883992955,87.02046067921489,68.915
OPD,2025-06-15 21:00:00+00:00,2025-06-16 03:00:00+00:00,31.749,24.448480508563925,3.27923111095296,45.61772990617489,16.616
WARD_A,2025-06-15 21:00:00+00:00,2025-06-16 03:00:00+00:00,141.176,124.53347250170538,103.3642231040944,145.70272189931634,122.621
WARD_B,2025-06-15 21:00:00+00:00,2025-06-16 03:00:00+00:00,134.104,151.17019289064027,130.0009434930293,172.33944228825123,117.961
ICU,2025-06-15 22:00:00+00:00,2025-06-16 04:00:00+00:00,50.698,74.16044692995034,52.99119753233937,95.32969632756131,72.609
OPD,2025-06-15 22:00:00+00:00,2025-06-16 04:00:00+00:00,15.148,28.77549762165676,7.606248224045796,49.94474701926772,39.576
WARD_A,2025-06-15 22:00:00+00:00,2025-06-16 04:00:00+00:00,122.072,133.1434035030527,111.97415410544173,154.31265290066366,128.817
WARD_B,2025-06-15 22:00:00+00:00,2025-06-16 04:00:00+00:00,147.527,164.65226407441378,143.4830146768028,185.82151347202475,118.408
ICU,2025-06-15 23:00:00+00:00,2025-06-16 05:00:00+00:00,54.604,74.14437359888038,52.97512420126941,95.31362299649135,63.881
OPD,2025-06-15 23:00:00+00:00,2025-06-16 05:00:00+00:00,19.481,31.263498377349517,10.094248979738552,52.43274777496048,21.373
WARD_A,2025-06-15 23:00:00+00:00,2025-06-16 05:00:00+00:00,134.701,134.05047256261292,112.88122316500196,155.2197219602239,135.508
WARD_B,2025-06-15 23:00:00+00:00,2025-06-16 05:00:00+00:00,154.0,190.43084746985414,169.26159807224317,211.6000968674651,136.184
ICU,2025-06-16 00:00:00+00:00,2025-06-16 06:00:00+00:00,129.239,151.5335685251458,130.36431912753483,172.70281792275676,136.785
OPD,2025-06-16 00:00:00+00:00,2025-06-16 06:00:00+00:00,117.421,106.73937744252812,85.57012804491715,127.90862684013909,99.336
WARD_A,2025-06-16 00:00:00+00:00,2025-06-16 06:00:00+00:00,230.495,214.78401909535106,193.6147696977401,235.95326849296202,223.922
WARD_B,2025-06-16 00:00:00+00:00,2025-06-16 06:00:00+00:00,240.182,249.9585953929383,228.78934599532732,271.12784479054926,209.59
ICU,2025-06-16 01:00:00+00:00,2025-06-16 07:00:00+00:00,36.658,72.75742716233914,51.58817776472817,93.92667655995011,63.569
OPD,2025-06-16 01:00:00+00:00,2025-06-16 07:00:00+00:00,23.801,32.47590121355309,11.306651815942121,53.645150611164055,8.853
WARD_A,2025-06-16 01:00:00+00:00,2025-06-16 07:00:00+00:00,136.703,130.80961030100337,109.6403609033924,151.97885969861434,107.766
WARD_B,2025-06-16 01:00:00+00:00,2025-06-16 07:00:00+00:00,148.556,178.92690889069854,157.75765949308757,200.0961582883095,134.489
ICU,2025-06-16 02:00:00+00:00,2025-06-16 08:00:00+00:00,68.078,87.1662962501551,65.99704685254413,108.33554564776607,54.696
OPD,2025-06-16 02:00:00+00:00,2025-06-16 08:00:00+00:00,77.761,75.78495910075668,54.61570970314571,96.95420849836765,102.481
WARD_A,2025-06-16 02:00:00+00:00,2025-06-16 08:00:00+00:00,147.489,132.0583264516263,110.88907705401533,153.22757584923727,130.625
WARD_B,2025-06-16 02:00:00+00:00,2025-06-16 08:00:00+00:00,126.775,164.59978478721732,143.43053538960635,185.76903418482829,94.322
ICU,2025-06-16 03:00:00+00:00,2025-06-16 09:00:00+00:00,61.066,88.71408114178021,67.54483174416924,109.88333053939118,51.594
OPD,2025-06-16 03:00:00+00:00,2025-06-16 09:00:00+00:00,93.309,78.62541158289481,57.456162185283844,99.79466098050578,101.311
WARD_A,2025-06-16 03:00:00+00:00,2025-06-16 09:00:00+00:00,162.024,134.51986945195063,113.35062005433966,155.6891188495616,125.431
WARD_B,2025-06-16 03:00:00+00:00,2025-06-16 09:00:00+00:00,154.223,153.2419165125578,132.07266711494682,174.41116591016876,122.792
ICU,2025-06-16 04:00:00+00:00,2025-06-16 10:00:00+00:00,46.873,89.19447687982198,68.02522748221101,110.36372627743295,72.547
OPD,2025-06-16 04:00:00+00:00,2025-06-16 10:00:00+00:00,64.033,82.1102145967115,60.94096519910053,103.27946399432247,75.49
WARD_A,2025-06-16 04:00:00+00:00,2025-06-16 10:00:00+00:00,146.389,134.88416112888387,113.7149117312729,156.05341052649484,128.222
WARD_B,2025-06-16 04:00:00+00:00,2025-06-16 10:00:00+00:00,179.285,154.07154032215794,132.90229092454697,175.2407897197689,100.522
ICU,2025-06-16 05:00:00+00:00,2025-06-16 11:00:00+00:00,67.415,90.37597326115899,69.20672386354802,111.54522265876996,62.692
OPD,2025-06-16 05:00:00+00:00,2025-06-16 11:00:00+00:00,80.82,82.62351878936377,61.4542693917528,103.79276818697474,66.304
WARD_A,2025-06-16 05:00:00+00:00,2025-06-16 11:00:00+00:00,144.652,142.07252334045404,120.90327394284307,163.241772738065,139.234
WARD_B,2025-06-16 05:00:00+00:00,2025-06-16 11:00:00+00:00,148.684,163.97907576403546,142.8098263664245,185.14832516164643,103.945
ICU,2025-06-16 06:00:00+00:00,2025-06-16 12:00:00+00:00,67.891,90.21457842649066,69.04532902887969,111.38382782410163,79.066
OPD,2025-06-16 06:00:00+00:00,2025-06-16 12:00:00+00:00,90.075,88.69252435771337,67.5232749601024,109.86177375532434,82.667
WARD_A,2025-06-16 06:00:00+00:00,2025-06-16 12:00:00+00:00,136.426,136.17339916782734,115.00414977021637,157.3426485654383,142.503
WARD_B,2025-06-16 06:00:00+00:00,2025-06-16 12:00:00+00:00,149.88,161.8762896454141,140.70704024780312,183.04553904302506,112.039
ICU,2025-06-16 07:00:00+00:00,2025-06-16 13:00:00+00:00,48.856,94.2559725284601,73.08672313084914,115.42522192607107,54.286
OPD,2025-06-16 07:00:00+00:00,2025-06-16 13:00:00+00:00,90.453,82.5907078784447,61.421458480833735,103.75995727605567,90.579
WARD_A,2025-06-16 07:00:00+00:00,2025-06-16 13:00:00+00:00,138.619,139.28978457887644,118.12053518126547,160.4590339764874,145.162
WARD_B,2025-06-16 07:00:00+00:00,2025-06-16 13:00:00+00:00,152.868,152.32165788017022,131.15240848255925,173.4909072777812,140.282
ICU,2025-06-16 08:00:00+00:00,2025-06-16 14:00:00+00:00,159.395,144.60626001415747,123.4370106165465,165.77550941176844,149.108
OPD,2025-06-16 08:00:00+00:00,2025-06-16 14:00:00+00:00,182.932,164.96257053821225,143.79332114060128,186.13181993582322,156.062
WARD_A,2025-06-16 08:00:00+00:00,2025-06-16 14:00:00+00:00,213.963,216.97576697412774,195.80651757651677,238.1450163717387,214.552
WARD_B,2025-06-16 08:00:00+00:00,2025-06-16 14:00:00+00:00,217.287,236.28756075017643,215.11831135256546,257.4568101477874,204.052
ICU,2025-06-16 09:00:00+00:00,2025-06-16 15:00:00+00:00,71.854,74.50337375767961,53.33412436006864,95.67262315529058,75.125
OPD,2025-06-16 09:00:00+00:00,2025-06-16 15:00:00+00:00,68.044,84.32697706552707,63.157727667916106,105.49622646313804,102.477
WARD_A,2025-06-16 09:00:00+00:00,2025-06-16 15:00:00+00:00,148.405,142.97677624554166,121.80752684793069,164.14602564315263,143.051
WARD_B,2025-06-16 09:00:00+00:00,2025-06-16 15:00:00+00:00,160.786,150.02090041803893,128.85165102042797,171.1901498156499,140.11
ICU,2025-06-16 10:00:00+00:00,2025-06-16 16:00:00+00:00,47.293,70.06081634709365,48.89156694948268,91.23006574470462,59.003
OPD,2025-06-16 10:00:00+00:00,2025-06-16 16:00:00+00:00,76.534,80.14366854076037,58.974419143149404,101.31291793837134,104.893
WARD_A,2025-06-16 10:00:00+00:00,2025-06-16 16:00:00+00:00,155.979,137.74948795216142,116.58023855455045,158.91873734977239,120.106
WARD_B,2025-06-16 10:00:00+00:00,2025-06-16 16:00:00+00:00,168.9,151.08128710272433,129.91203770511336,172.2505365003353,114.437
ICU,2025-06-16 11:00:00+00:00,2025-06-16 17:00:00+00:00,65.767,67.47776160620292,46.30851220859195,88.64701100381389,72.69
OPD,2025-06-16 11:00:00+00:00,2025-06-16 17:00:00+00:00,76.383,75.17514883334475,54.00589943573378,96.34439823095572,72.664
WARD_A,2025-06-16 11:00:00+00:00,2025-06-16 17:00:00+00:00,132.602,137.85507276230743,116.68582336469646,159.0243221599184,130.722
WARD_B,2025-06-16 11:00:00+00:00,2025-06-16 17:00:00+00:00,149.503,148.06047337849625,126.89122398088529,169.22972277610722,131.145
ICU,2025-06-16 12:00:00+00:00,2025-06-16 18:00:00+00:00,57.115,53.91752888464906,32.74827948703809,75.08677828226003,76.182
OPD,2025-06-16 12:00:00+00:00,2025-06-16 18:00:00+00:00,5.087,27.19969209397593,6.030442696364965,48.368941491586895,14.88
WARD_A,2025-06-16 12:00:00+00:00,2025-06-16 18:00:00+00:00,142.141,131.67847298529983,110.50922358768887,152.8477223829108,152.226
WARD_B,2025-06-16 12:00:00+00:00,2025-06-16 18:00:00+00:00,153.036,144.1813223932049,123.01207299559394,165.35057179081588,133.251
ICU,2025-06-16 13:00:00+00:00,2025-06-16 19:00:00+00:00,73.844,51.180382088152534,30.01113269054157,72.3496314857635,43.901
OPD,2025-06-16 13:00:00+00:00,2025-06-16 19:00:00+00:00,14.936,21.05189953089897,0.0,42.22114892850993,37.397
WARD_A,2025-06-16 13:00:00+00:00,2025-06-16 19:00:00+00:00,139.052,131.6151808345301,110.44593143691912,152.78443023214106,107.952
WARD_B,2025-06-16 13:00:00+00:00,2025-06-16 19:00:00+00:00,132.091,143.688065395741,122.51881599813004,164.85731479335197,129.145
ICU,2025-06-16 14:00:00+00:00,2025-06-16 20:00:00+00:00,145.956,132.4856196852833,111.31637028767233,153.65486908289427,148.281
OPD,2025-06-16 14:00:00+00:00,2025-06-16 20:00:00+00:00,100.678,107.12365696219558,85.95440756458461,128.29290635980655,107.804
WARD_A,2025-06-16 14:00:00+00:00,2025-06-16 20:00:00+00:00,224.948,184.15349062520974,162.98424122759877,205.3227400228207,226.567
WARD_B,2025-06-16 14:00:00+00:00,2025-06-16 20:00:00+00:00,230.459,191.70935195542464,170.54010255781367,212.8786013530356,197.49
ICU,2025-06-16 15:00:00+00:00,2025-06-16 21:00:00+00:00,55.513,58.623581697367555,37.45433229975659,79.79283109497852,68.103
OPD,2025-06-16 15:00:00+00:00,2025-06-16 21:00:00+00:00,15.299,23.97493470606949,2.805685308458525,45.14418410368046,20.613
WARD_A,2025-06-16 15:00:00+00:00,2025-06-16 21:00:00+00:00,151.229,134.5922338353297,113.42298443771872,155.76148323294066,117.094
WARD_B,2025-06-16 15:00:00+00:00,2025-06-16 21:00:00+00:00,151.425,144.52536172267347,123.3561123250625,165.69461112028443,127.633
ICU,2025-06-16 16:00:00+00:00,2025-06-16 22:00:00+00:00,54.138,58.599274954791916,37.430025557180954,79.76852435240288,58.294
OPD,2025-06-16 16:00:00+00:00,2025-06-16 22:00:00+00:00,19.871,23.698212307103674,2.5289629094927086,44.86746170471464,16.727
WARD_A,2025-06-16 16:00:00+00:00,2025-06-16 22:00:00+00:00,131.841,135.5253232657455,114.35607386813453,156.69457266335647,122.54
WARD_B,2025-06-16 16:00:00+00:00,2025-06-16 22:00:00+00:00,155.674,146.12407941196773,124.95483001435676,167.2933288095787,126.459
ICU,2025-06-16 17:00:00+00:00,2025-06-16 23:00:00+00:00,74.987,58.47788856514279,37.30863916753182,79.64713796275376,72.194
OPD,2025-06-16 17:00:00+00:00,2025-06-16 23:00:00+00:00,21.489,23.857368558973523,2.6881191613625575,45.02661795658449,31.532
WARD_A,2025-06-16 17:00:00+00:00,2025-06-16 23:00:00+00:00,162.536,133.84369521877537,112.6744458211644,155.01294461638633,123.981
WARD_B,2025-06-16 17:00:00+00:00,2025-06-16 23:00:00+00:00,148.431,145.46319781963393,124.29394842202296,166.6324472172449,148.118
ICU,2025-06-16 18:00:00+00:00,2025-06-17 00:00:00+00:00,53.661,56.09375714711527,34.9245077495043,77.26300654472624,66.174
OPD,2025-06-16 18:00:00+00:00,2025-06-17 00:00:00+00:00,13.204,23.008874404689617,1.8396250070786522,44.17812380230058,20.29
WARD_A,2025-06-16 18:00:00+00:00,2025-06-17 00:00:00+00:00,149.818,137.79175011540497,116.622500717794,158.96099951301593,137.48
WARD_B,2025-06-16 18:00:00+00:00,2025-06-17 00:00:00+00:00,139.23,149.77711661595632,128.60786721834535,170.94636601356729,132.689
ICU,2025-06-16 19:00:00+00:00,2025-06-17 01:00:00+00:00,63.489,58.41882293227039,37.24957353465942,79.58807232988136,79.855
OPD,2025-06-16 19:00:00+00:00,2025-06-17 01:00:00+00:00,21.007,21.63875466279328,0.4695052651823133,42.808004060404244,20.581
WARD_A,2025-06-16 19:00:00+00:00,2025-06-17 01:00:00+00:00,152.142,144.13927441906887,122.9700250214579,165.30852381667984,123.265
WARD_B,2025-06-16 19:00:00+00:00,2025-06-17 01:00:00+00:00,141.142,150.90395652533178,129.7347071277208,172.07320592294275,117.449
ICU,2025-06-16 20:00:00+00:00,2025-06-17 02:00:00+00:00,52.293,63.75877679798531,42.58952740037435,84.92802619559627,63.46
OPD,2025-06-16 20:00:00+00:00,2025-06-17 02:00:00+00:00,26.956,24.993449650568756,3.824200252957791,46.16269904817972,17.937
WARD_A,2025-06-16 20:00:00+00:00,2025-06-17 02:00:00+00:00,122.86,140.43886091150364,119.26961151389267,161.6081103091146,136.466
WARD_B,2025-06-16 20:00:00+00:00,2025-06-17 02:00:00+00:00,143.6,145.44694290706386,124.27769350945289,166.61619230467483,146.366
ICU,2025-06-16 21:00:00+00:00,2025-06-17 03:00:00+00:00,72.05,61.84532335798679,40.67607396037583,83.01457275559775,78.22
OPD,2025-06-16 21:00:00+00:00,2025-06-17 03:00:00+00:00,30.059,27.30368438838033,6.134434990769364,48.472933785991295,22.377
WARD_A,2025-06-16 21:00:00+00:00,2025-06-17 03:00:00+00:00,145.455,171.32368006880057,150.1544306711896,192.49292946641154,127.49
WARD_B,2025-06-16 21:00:00+00:00,2025-06-17 03:00:00+00:00,138.329,159.28765071597445,138.11840131836348,180.45690011358542,144.73
ICU,2025-06-16 22:00:00+00:00,2025-06-17 04:00:00+00:00,72.445,63.23036135490955,42.06111195729858,84.39961075252052,68.1
OPD,2025-06-16 22:00:00+00:00,2025-06-17 04:00:00+00:00,25.642,34.85407419669992,13.684824799088954,56.02332359431088,24.823
WARD_A,2025-06-16 22:00:00+00:00,2025-06-17 04:00:00+00:00,136.937,170.45087198033792,149.28162258272695,191.6201213779489,135.626
WARD_B,2025-06-16 22:00:00+00:00,2025-06-17 04:00:00+00:00,149.213,176.24226443348266,155.0730150358717,197.41151383109363,115.756
ICU,2025-06-16 23:00:00+00:00,2025-06-17 05:00:00+00:00,60.919,59.84521342592076,38.67596402830979,81.01446282353173,52.458
OPD,2025-06-16 23:00:00+00:00,2025-06-17 05:00:00+00:00,32.842,25.644846353797163,4.475596956186198,46.81409575140813,31.918
WARD_A,2025-06-16 23:00:00+00:00,2025-06-17 05:00:00+00:00,151.627,171.07355229682912,149.90430289921815,192.2428016944401,116.964
WARD_B,2025-06-16 23:00:00+00:00,2025-06-17 05:00:00+00:00,145.645,169.24957722063533,148.08032782302436,190.4188266182463,130.036
ICU,2025-06-17 00:00:00+00:00,2025-06-17 06:00:00+00:00,142.846,140.48537910086782,119.31612970325685,161.6546284984788,141.052
OPD,2025-06-17 00:00:00+00:00,2025-06-17 06:00:00+00:00,95.049,106.95435667281787,85.7851072752069,128.12360607042882,97.621
WARD_A,2025-06-17 00:00:00+00:00,2025-06-17 06:00:00+00:00,241.377,246.1795479948232,225.01029859721223,267.34879739243416,214.512
WARD_B,2025-06-17 00:00:00+00:00,2025-06-17 06:00:00+00:00,224.907,267.0221180715458,245.8528686739348,288.1913674691567,202.85
ICU,2025-06-17 01:00:00+00:00,2025-06-17 07:00:00+00:00,55.355,60.839348868689335,39.67009947107837,82.0085982663003,66.947
OPD,2025-06-17 01:00:00+00:00,2025-06-17 07:00:00+00:00,0.0,32.346466638790744,11.177217241179779,53.51571603640171,18.695
WARD_A,2025-06-17 01:00:00+00:00,2025-06-17 07:00:00+00:00,137.448,164.61176410990308,143.4425147122921,185.78101350751405,109.002
WARD_B,2025-06-17 01:00:00+00:00,2025-06-17 07:00:00+00:00,156.888,167.54804357330946,146.3787941756985,188.71729297092043,103.711
ICU,2025-06-17 02:00:00+00:00,2025-06-17 08:00:00+00:00,52.282,66.34359002929538,45.174340631684416,87.51283942690635,76.79
OPD,2025-06-17 02:00:00+00:00,2025-06-17 08:00:00+00:00,91.28,76.15886161330369,54.989612215692716,97.32811101091465,78.733
WARD_A,2025-06-17 02:00:00+00:00,2025-06-17 08:00:00+00:00,133.125,165.83729738861516,144.6680479910042,187.00654678622612,130.955
WARD_B,2025-06-17 02:00:00+00:00,2025-06-17 08:00:00+00:00,155.697,173.17477245624426,152.0055230586333,194.34402185385522,132.166
ICU,2025-06-17 03:00:00+00:00,2025-06-17 09:00:00+00:00,59.604,69.55526711851603,48.38601772090506,90.724516516127,56.315
OPD,2025-06-17 03:00:00+00:00,2025-06-17 09:00:00+00:00,99.44,78.77390980396471,57.604660406353744,99.94315920157568,97.87
WARD_A,2025-06-17 03:00:00+00:00,2025-06-17 09:00:00+00:00,130.75,180.96362950451436,159.7943801069034,202.13287890212533,145.851
WARD_B,2025-06-17 03:00:00+00:00,2025-06-17 09:00:00+00:00,163.719,175.2004138927021,154.03116449509113,196.36966329031307,117.771
ICU,2025-06-17 04:00:00+00:00,2025-06-17 10:00:00+00:00,69.843,69.66800139512605,48.498751997515086,90.83725079273702,73.234
OPD,2025-06-17 04:00:00+00:00,2025-06-17 10:00:00+00:00,47.407,82.05245061832056,60.883201220709594,103.22170001593153,89.579
WARD_A,2025-06-17 04:00:00+00:00,2025-06-17 10:00:00+00:00,142.731,150.48021747653928,129.3109680789283,171.64946687415025,143.464
WARD_B,2025-06-17 04:00:00+00:00,2025-06-17 10:00:00+00:00,144.635,164.7610587748065,143.59180937719552,185.93030817241745,133.445
ICU,2025-06-17 05:00:00+00:00,2025-06-17 11:00:00+00:00,62.071,72.50696130268476,51.33771190507379,93.67621070029573,60.968
OPD,2025-06-17 05:00:00+00:00,2025-06-17 11:00:00+00:00,74.979,82.70639518859554,61.53714579098457,103.8756445862065,89.456
WARD_A,2025-06-17 05:00:00+00:00,2025-06-17 11:00:00+00:00,159.552,151.8123470881423,130.64309769053133,172.98159648575327,142.404
WARD_B,2025-06-17 05:00:00+00:00,2025-06-17 11:00:00+00:00,138.923,157.11584020563942,135.94659080802845,178.28508960325038,132.785
ICU,2025-06-17 06:00:00+00:00,2025-06-17 12:00:00+00:00,58.922,77.12218279844238,55.95293340083141,98.29143219605335,74.996
OPD,2025-06-17 06:00:00+00:00,2025-06-17 12:00:00+00:00,68.312,82.63809386659636,61.468844468985395,103.80734326420733,94.651
WARD_A,2025-06-17 06:00:00+00:00,2025-06-17 12:00:00+00:00,139.313,155.5550505379376,134.38580114032663,176.72429993554857,124.449
WARD_B,2025-06-17 06:00:00+00:00,2025-06-17 12:00:00+00:00,162.868,155.8000283123988,134.63077891478784,176.96927771000978,120.793
ICU,2025-06-17 07:00:00+00:00,2025-06-17 13:00:00+00:00,62.95,68.8066667800177,47.637417382406724,89.97591617762866,69.574
OPD,2025-06-17 07:00:00+00:00,2025-06-17 13:00:00+00:00,90.548,82.60424041425956,61.434991016648596,103.77348981187053,68.819
WARD_A,2025-06-17 07:00:00+00:00,2025-06-17 13:00:00+00:00,148.0,151.8123470881423,130.64309769053133,172.98159648575327,124.544
WARD_B,2025-06-17 07:00:00+00:00,2025-06-17 13:00:00+00:00,165.571,156.35095625211878,135.1817068545078,177.52020564972975,119.796
ICU,2025-06-17 08:00:00+00:00,2025-06-17 14:00:00+00:00,144.161,154.1194942177597,132.95024482014873,175.28874361537066,147.956
OPD,2025-06-17 08:00:00+00:00,2025-06-17 14:00:00+00:00,160.997,166.69812591555768,145.5288765179467,187.86737531316865,164.579
WARD_A,2025-06-17 08:00:00+00:00,2025-06-17 14:00:00+00:00,265.508,232.56587679863017,211.3966274010192,253.73512619624114,213.631
WARD_B,2025-06-17 08:00:00+00:00,2025-06-17 14:00:00+00:00,231.129,239.55511071502843,218.38586131741746,260.7243601126394,202.448
ICU,2025-06-17 09:00:00+00:00,2025-06-17 15:00:00+00:00,67.157,66.81091156719381,45.641662169582844,87.98016096480478,65.616
OPD,2025-06-17 09:00:00+00:00,2025-06-17 15:00:00+00:00,105.588,86.08915254485201,64.91990314724104,107.25840194246298,114.963
WARD_A,2025-06-17 09:00:00+00:00,2025-06-17 15:00:00+00:00,149.519,147.7800895595915,126.61084016198052,168.94933895720246,131.18
WARD_B,2025-06-17 09:00:00+00:00,2025-06-17 15:00:00+00:00,138.097,151.34555673480153,130.17630733719056,172.5148061324125,107.43
ICU,2025-06-17 10:00:00+00:00,2025-06-17 16:00:00+00:00,51.28,69.68223297405449,48.51298357644352,90.85148237166545,85.343
OPD,2025-06-17 10:00:00+00:00,2025-06-17 16:00:00+00:00,83.435,80.30201981431294,59.13277041670197,101.47126921192391,90.451
WARD_A,2025-06-17 10:00:00+00:00,2025-06-17 16:00:00+00:00,166.67,152.37216564746618,131.2029162498552,173.54141504507714,131.365
WARD_B,2025-06-17 10:00:00+00:00,2025-06-17 16:00:00+00:00,135.325,151.17983075781873,130.01058136020777,172.3490801554297,119.694
ICU,2025-06-17 11:00:00+00:00,2025-06-17 17:00:00+00:00,71.774,69.19552083152175,48.02627143391078,90.36477022913272,51.422
OPD,2025-06-17 11:00:00+00:00,2025-06-17 17:00:00+00:00,70.906,75.49657447941445,54.32732508180348,96.66582387702542,79.892
WARD_A,2025-06-17 11:00:00+00:00,2025-06-17 17:00:00+00:00,151.294,146.5171529592243,125.34790356161332,167.68640235683526,130.031
WARD_B,2025-06-17 11:00:00+00:00,2025-06-17 17:00:00+00:00,145.213,148.56651078407828,127.3972613864673,169.73576018168924,132.743
ICU,2025-06-17 12:00:00+00:00,2025-06-17 18:00:00+00:00,55.071,54.85569171188487,33.686442314273904,76.02494110949584,63.801
OPD,2025-06-17 12:00:00+00:00,2025-06-17 18:00:00+00:00,15.696,27.52111774004562,6.351868342434656,48.69036713765659,22.6
WARD_A,2025-06-17 12:00:00+00:00,2025-06-17 18:00:00+00:00,149.543,144.09551412909997,122.926264731489,165.26476352671094,116.543
WARD_B,2025-06-17 12:00:00+00:00,2025-06-17 18:00:00+00:00,147.27,144.44166187939965,123.27241248178868,165.61091127701062,111.301
ICU,2025-06-17 13:00:00+00:00,2025-06-17 19:00:00+00:00,65.716,55.73076178684017,34.56151238922921,76.90001118445113,54.165
OPD,2025-06-17 13:00:00+00:00,2025-06-17 19:00:00+00:00,31.11,21.373325176968663,0.20407577935769794,42.54257457457963,21.49
WARD_A,2025-06-17 13:00:00+00:00,2025-06-17 19:00:00+00:00,148.504,144.03222197833023,122.86297258071926,165.2014713759412,123.25
WARD_B,2025-06-17 13:00:00+00:00,2025-06-17 19:00:00+00:00,152.885,142.80576209937763,121.63651270176666,163.9750114969886,123.18
ICU,2025-06-17 14:00:00+00:00,2025-06-17 20:00:00+00:00,133.701,138.34480736112684,117.17555796351587,159.5140567587378,138.638
WARD_A,2025-06-17 14:00:00+00:00,2025-06-17 20:00:00+00:00,222.11,228.55309789581685,207.38384849820588,249.72234729342782,213.968
WARD_B,2025-06-17 14:00:00+00:00,2025-06-17 20:00:00+00:00,223.725,212.32880302555932,191.15955362794836,233.4980524231703,202.1
ICU,2025-06-17 15:00:00+00:00,2025-06-17 21:00:00+00:00,65.702,58.40048535759455,37.23123595998358,79.56973475520552,45.186
OPD,2025-06-17 15:00:00+00:00,2025-06-17 21:00:00+00:00,19.862,23.829298476786537,2.6600490791755718,44.9985478743975,31.69
WARD_A,2025-06-17 15:00:00+00:00,2025-06-17 21:00:00+00:00,130.615,142.9710422997676,121.80179290215662,164.14029169737856,103.402
ICU,2025-06-17 16:00:00+00:00,2025-06-17 22:00:00+00:00,70.88,55.79869717347363,34.62944777586266,76.9679465710846,68.629
OPD,2025-06-17 16:00:00+00:00,2025-06-17 22:00:00+00:00,19.308,24.397986631310538,3.2287372336995723,45.5672360289215,18.293
WARD_A,2025-06-17 16:00:00+00:00,2025-06-17 22:00:00+00:00,143.925,145.05616812400322,123.88691872639225,166.2254175216142,111.394
WARD_B,2025-06-17 16:00:00+00:00,2025-06-17 22:00:00+00:00,148.768,145.87128506762136,124.70203567001039,167.04053446523233,123.01
ICU,2025-06-17 17:00:00+00:00,2025-06-17 23:00:00+00:00,59.729,59.626138761541064,38.4568893639301,80.79538815915203,54.129
OPD,2025-06-17 17:00:00+00:00,2025-06-17 23:00:00+00:00,41.376,23.872682869641924,2.7034334720309587,45.04193226725289,29.566
WARD_A,2025-06-17 17:00:00+00:00,2025-06-17 23:00:00+00:00,151.3,147.4204942729058,126.25124487529484,168.58974367051678,146.179
WARD_B,2025-06-17 17:00:00+00:00,2025-06-17 23:00:00+00:00,133.439,147.55726992143983,126.38802052382886,168.7265193190508,98.698
ICU,2025-06-17 18:00:00+00:00,2025-06-18 00:00:00+00:00,64.329,60.54656787448831,39.37731847687735,81.71581727209927,68.94
OPD,2025-06-17 18:00:00+00:00,2025-06-18 00:00:00+00:00,9.181,26.388392359772503,5.219142962161538,47.557641757383465,29.265
WARD_A,2025-06-17 18:00:00+00:00,2025-06-18 00:00:00+00:00,140.26,148.54994163749822,127.38069223988725,169.7191910351092,127.446
WARD_B,2025-06-17 18:00:00+00:00,2025-06-18 00:00:00+00:00,154.528,149.9523928073263,128.78314340971534,171.12164220493727,115.413
ICU,2025-06-17 19:00:00+00:00,2025-06-18 01:00:00+00:00,62.771,59.167990740501,37.99874134289003,80.33724013811197,52.249
OPD,2025-06-17 19:00:00+00:00,2025-06-18 01:00:00+00:00,13.501,21.78743595433693,0.6181865567259663,42.9566853519479,23.249
WARD_A,2025-06-17 19:00:00+00:00,2025-06-18 01:00:00+00:00,151.072,146.71899011472442,125.54974071711345,167.8882395123354,125.334
WARD_B,2025-06-17 19:00:00+00:00,2025-06-18 01:00:00+00:00,164.711,147.87612329779898,126.70687390018801,169.04537269540995,120.879
ICU,2025-06-17 20:00:00+00:00,2025-06-18 02:00:00+00:00,50.594,64.69641935329297,43.527169955682,85.86566875090394,64.424
WARD_A,2025-06-17 20:00:00+00:00,2025-06-18 02:00:00+00:00,136.282,150.54069334246088,129.37144394484991,171.70994274007185,129.82
WARD_B,2025-06-17 20:00:00+00:00,2025-06-18 02:00:00+00:00,142.237,151.10654881761383,129.93729942000286,172.2757982152248,138.364
ICU,2025-06-17 21:00:00+00:00,2025-06-18 03:00:00+00:00,50.31,61.20968140902972,40.04043201141876,82.37893080664068,59.791
OPD,2025-06-17 21:00:00+00:00,2025-06-18 03:00:00+00:00,15.521,24.852939965481745,3.68369056787078,46.02218936309271,20.438
WARD_A,2025-06-17 21:00:00+00:00,2025-06-18 03:00:00+00:00,150.935,148.65562255561863,127.48637315800767,169.8248719532296,124.973
ICU,2025-06-17 22:00:00+00:00,2025-06-18 04:00:00+00:00,55.674,62.73091678654236,41.5616673889314,83.90016618415332,48.165
OPD,2025-06-17 22:00:00+00:00,2025-06-18 04:00:00+00:00,24.571,31.709903325196645,10.54065392758568,52.87915272280761,15.477
WARD_A,2025-06-17 22:00:00+00:00,2025-06-18 04:00:00+00:00,161.567,159.1405911028619,137.97134170525092,180.30984050047286,104.42
WARD_B,2025-06-17 22:00:00+00:00,2025-06-18 04:00:00+00:00,163.726,165.29558047467586,144.1263310770649,186.46482987228683,114.171
ICU,2025-06-17 23:00:00+00:00,2025-06-18 05:00:00+00:00,79.615,60.21738235040625,39.048132952795285,81.38663174801721,60.429
OPD,2025-06-17 23:00:00+00:00,2025-06-18 05:00:00+00:00,19.628,28.737391143039602,7.568141745428637,49.90664054065057,27.82
WARD_A,2025-06-17 23:00:00+00:00,2025-06-18 05:00:00+00:00,156.847,168.01935952627187,146.8501101286609,189.18860892388284,116.522
WARD_B,2025-06-17 23:00:00+00:00,2025-06-18 05:00:00+00:00,145.74,166.00761919588084,144.83836979826987,187.1768685934918,119.961
ICU,2025-06-18 00:00:00+00:00,2025-06-18 06:00:00+00:00,141.131,143.56420703491602,122.39495763730505,164.733456432527,148.899
OPD,2025-06-18 00:00:00+00:00,2025-06-18 06:00:00+00:00,101.11,106.72730007052431,85.55805067291334,127.89654946813528,109.466
WARD_A,2025-06-18 00:00:00+00:00,2025-06-18 06:00:00+00:00,240.383,252.5998492808388,231.43059988322784,273.7690986784498,209.988
WARD_B,2025-06-18 00:00:00+00:00,2025-06-18 06:00:00+00:00,246.858,234.68521199941043,213.51596260179946,255.8544613970214,215.924
ICU,2025-06-18 01:00:00+00:00,2025-06-18 07:00:00+00:00,74.202,59.97507615500077,38.80582675738981,81.14432555261173,72.52
OPD,2025-06-18 01:00:00+00:00,2025-06-18 07:00:00+00:00,22.929,31.71206775428431,10.542818356673344,52.881317151895274,24.331
WARD_A,2025-06-18 01:00:00+00:00,2025-06-18 07:00:00+00:00,164.015,173.82317143037454,152.65392203276357,194.9924208279855,109.976
WARD_B,2025-06-18 01:00:00+00:00,2025-06-18 07:00:00+00:00,134.925,159.9011814592015,138.73193206159053,181.07043085681246,110.667
ICU,2025-06-18 02:00:00+00:00,2025-06-18 08:00:00+00:00,62.254,64.98432257799489,43.81507318038392,86.15357197560586,60.924
OPD,2025-06-18 02:00:00+00:00,2025-06-18 08:00:00+00:00,99.231,76.8763371666383,55.707087769027325,98.04558656424926,77.037
WARD_A,2025-06-18 02:00:00+00:00,2025-06-18 08:00:00+00:00,142.435,183.15727253757595,161.98802313996498,204.32652193518692,125.345
WARD_B,2025-06-18 02:00:00+00:00,2025-06-18 08:00:00+00:00,147.522,163.42171163777894,142.25246224016797,184.5909610353899,133.005
ICU,2025-06-18 03:00:00+00:00,2025-06-18 09:00:00+00:00,63.525,65.70696059670841,44.537711199097444,86.87620999431938,57.464
OPD,2025-06-18 03:00:00+00:00,2025-06-18 09:00:00+00:00,69.914,78.43257915894618,57.263329761335214,99.60182855655715,77.108
WARD_A,2025-06-18 03:00:00+00:00,2025-06-18 09:00:00+00:00,175.59,183.27922119949176,162.1099718018808,204.44847059710273,104.565
WARD_B,2025-06-18 03:00:00+00:00,2025-06-18 09:00:00+00:00,165.24,175.95999071356877,154.7907413159578,197.12924011117974,125.435
ICU,2025-06-18 04:00:00+00:00,2025-06-18 10:00:00+00:00,78.144,67.1215490078912,45.952299610280235,88.29079840550217,71.376
OPD,2025-06-18 04:00:00+00:00,2025-06-18 10:00:00+00:00,94.783,81.13742221192203,59.96817281431106,102.306671609533,82.384
WARD_A,2025-06-18 04:00:00+00:00,2025-06-18 10:00:00+00:00,139.76,157.097672554793,135.92842315718204,178.26692195240398,112.472
WARD_B,2025-06-18 04:00:00+00:00,2025-06-18 10:00:00+00:00,129.894,159.19060721949023,138.02135782187926,180.3598566171012,144.939
ICU,2025-06-18 05:00:00+00:00,2025-06-18 11:00:00+00:00,82.472,70.37312197368672,49.20387257607575,91.54237137129769,67.799
OPD,2025-06-18 05:00:00+00:00,2025-06-18 11:00:00+00:00,97.095,82.7298789595094,61.56062956189844,103.89912835712038,57.913
WARD_A,2025-06-18 05:00:00+00:00,2025-06-18 11:00:00+00:00,136.555,161.311248583099,140.14199918548803,182.48049798070997,125.222
WARD_B,2025-06-18 05:00:00+00:00,2025-06-18 11:00:00+00:00,177.089,158.9885835162232,137.81933411861223,180.15783291383417,142.875
ICU,2025-06-18 06:00:00+00:00,2025-06-18 12:00:00+00:00,76.983,72.88609870582422,51.716849308213256,94.0553481034352,61.56
OPD,2025-06-18 06:00:00+00:00,2025-06-18 12:00:00+00:00,84.851,82.3909227202307,61.221673322619736,103.56017211784167,83.314
WARD_A,2025-06-18 06:00:00+00:00,2025-06-18 12:00:00+00:00,167.909,161.10847939353863,139.93922999592766,182.2777287911496,115.725
WARD_B,2025-06-18 06:00:00+00:00,2025-06-18 12:00:00+00:00,153.154,159.42864231649926,138.2593929188883,180.59789171411023,132.315
ICU,2025-06-18 07:00:00+00:00,2025-06-18 13:00:00+00:00,75.418,70.30163082876395,49.13238143115298,91.47088022637492,51.618
OPD,2025-06-18 07:00:00+00:00,2025-06-18 13:00:00+00:00,106.49,82.7298789595094,61.56062956189844,103.89912835712038,54.064
WARD_A,2025-06-18 07:00:00+00:00,2025-06-18 13:00:00+00:00,150.355,157.10661610783083,135.93736671021986,178.2758655054418,133.442
WARD_B,2025-06-18 07:00:00+00:00,2025-06-18 13:00:00+00:00,139.01,158.93692734623025,137.76767794861928,180.10617674384122,112.284
ICU,2025-06-18 08:00:00+00:00,2025-06-18 14:00:00+00:00,141.438,150.97019887643526,129.8009494788243,172.13944827404623,141.466
OPD,2025-06-18 08:00:00+00:00,2025-06-18 14:00:00+00:00,172.91,168.46249908951646,147.2932496919055,189.63174848712742,173.365
WARD_A,2025-06-18 08:00:00+00:00,2025-06-18 14:00:00+00:00,231.509,244.19180117845747,223.0225517808465,265.3610505760684,232.651
WARD_B,2025-06-18 08:00:00+00:00,2025-06-18 14:00:00+00:00,243.864,237.99946979931093,216.83022040169996,259.16871919692187,226.265
ICU,2025-06-18 09:00:00+00:00,2025-06-18 15:00:00+00:00,59.564,70.63567255224193,49.46642315463096,91.8049219498529,58.193
OPD,2025-06-18 09:00:00+00:00,2025-06-18 15:00:00+00:00,79.916,84.05451617576932,62.88526677815835,105.22376557338029,71.727
WARD_A,2025-06-18 09:00:00+00:00,2025-06-18 15:00:00+00:00,176.585,162.12250345310446,140.9532540554935,183.29175285071543,113.701
WARD_B,2025-06-18 09:00:00+00:00,2025-06-18 15:00:00+00:00,159.955,155.67838370912585,134.50913431151488,176.84763310673682,124.064
ICU,2025-06-18 10:00:00+00:00,2025-06-18 16:00:00+00:00,55.28,73.02448754168623,51.85523814407526,94.1937369392972,69.482
OPD,2025-06-18 10:00:00+00:00,2025-06-18 16:00:00+00:00,69.09,80.0200148418011,58.85076544419013,101.18926423941207,80.667
WARD_A,2025-06-18 10:00:00+00:00,2025-06-18 16:00:00+00:00,152.544,147.09725843975068,125.9280090421397,168.26650783736164,147.657
WARD_B,2025-06-18 10:00:00+00:00,2025-06-18 16:00:00+00:00,142.501,151.54620067286092,130.37695127524995,172.7154500704719,136.216
ICU,2025-06-18 11:00:00+00:00,2025-06-18 17:00:00+00:00,62.175,71.39758988377996,50.22834048616899,92.56683928139093,50.561
OPD,2025-06-18 11:00:00+00:00,2025-06-18 17:00:00+00:00,79.702,70.64144141338835,49.47219201577738,91.81069081099932,68.822
WARD_A,2025-06-18 11:00:00+00:00,2025-06-18 17:00:00+00:00,143.531,148.66726433756423,127.49801493995326,169.8365137351752,135.536
WARD_B,2025-06-18 11:00:00+00:00,2025-06-18 17:00:00+00:00,152.161,150.64678345513212,129.47753405752115,171.8160328527431,130.439
ICU,2025-06-18 12:00:00+00:00,2025-06-18 18:00:00+00:00,65.622,55.189229019351146,34.01997962174018,76.35847841696211,66.583
OPD,2025-06-18 12:00:00+00:00,2025-06-18 18:00:00+00:00,33.931,27.433472866159953,6.2642234685489875,48.602722263770914,20.836
WARD_A,2025-06-18 12:00:00+00:00,2025-06-18 18:00:00+00:00,142.258,140.62651990738252,119.45727050977155,161.79576930499348,116.918
WARD_B,2025-06-18 12:00:00+00:00,2025-06-18 18:00:00+00:00,114.642,144.1464215274303,122.97717212981934,165.31567092504127,103.389
ICU,2025-06-18 13:00:00+00:00,2025-06-18 19:00:00+00:00,62.797,57.03539983075247,35.8661504331415,78.20464922836344,58.201
OPD,2025-06-18 13:00:00+00:00,2025-06-18 19:00:00+00:00,24.174,25.812864002157024,4.643614604546059,46.98211339976799,20.136
WARD_A,2025-06-18 13:00:00+00:00,2025-06-18 19:00:00+00:00,148.822,141.77837151778613,120.60912212017516,162.9476209153971,116.616
WARD_B,2025-06-18 13:00:00+00:00,2025-06-18 19:00:00+00:00,128.629,144.25001457133342,123.08076517372245,165.4192639689444,122.717
ICU,2025-06-18 14:00:00+00:00,2025-06-18 20:00:00+00:00,159.917,125.57413611757717,104.4048867199662,146.74338551518812,154.133
OPD,2025-06-18 14:00:00+00:00,2025-06-18 20:00:00+00:00,94.03,112.97721412724499,91.80796472963402,134.14646352485596,102.052
WARD_A,2025-06-18 14:00:00+00:00,2025-06-18 20:00:00+00:00,224.713,216.1467610459133,194.97751164830234,237.31601044352428,223.537
WARD_B,2025-06-18 14:00:00+00:00,2025-06-18 20:00:00+00:00,239.705,214.19885985752455,193.02961045991358,235.36810925513552,212.928
ICU,2025-06-18 15:00:00+00:00,2025-06-18 21:00:00+00:00,79.838,58.75963754076839,37.590388143157426,79.92888693837935,37.114
OPD,2025-06-18 15:00:00+00:00,2025-06-18 21:00:00+00:00,25.359,24.018678684057193,2.8494292864462274,45.18792808166816,33.504
WARD_A,2025-06-18 15:00:00+00:00,2025-06-18 21:00:00+00:00,141.073,144.46600435624228,123.29675495863131,165.63525375385325,106.154
WARD_B,2025-06-18 15:00:00+00:00,2025-06-18 21:00:00+00:00,152.57,145.718790639284,124.54954124167304,166.88804003689498,117.335
ICU,2025-06-18 16:00:00+00:00,2025-06-18 22:00:00+00:00,60.008,60.13098407693967,38.9617346793287,81.30023347455064,40.135
OPD,2025-06-18 16:00:00+00:00,2025-06-18 22:00:00+00:00,10.794,24.31034175742487,3.1410923598139036,45.479591155035834,14.187
WARD_A,2025-06-18 16:00:00+00:00,2025-06-18 22:00:00+00:00,163.112,145.06540371448543,123.89615431687446,166.2346531120964,105.938
WARD_B,2025-06-18 16:00:00+00:00,2025-06-18 22:00:00+00:00,155.625,144.8915768726547,123.72232747504373,166.06082627026566,139.757
ICU,2025-06-18 17:00:00+00:00,2025-06-18 23:00:00+00:00,57.963,58.696306708883256,37.52705731127229,79.86555610649422,69.141
OPD,2025-06-18 17:00:00+00:00,2025-06-18 23:00:00+00:00,25.139,23.900809854770717,2.731560457159752,45.07005925238168,35.836
WARD_A,2025-06-18 17:00:00+00:00,2025-06-18 23:00:00+00:00,167.947,145.27375460694333,124.10450520933236,166.4430040045543,138.358
WARD_B,2025-06-18 17:00:00+00:00,2025-06-18 23:00:00+00:00,149.384,145.4634701028499,124.29422070523893,166.63271950046087,125.635
ICU,2025-06-18 18:00:00+00:00,2025-06-19 00:00:00+00:00,65.78,60.581618328474185,39.412368930863224,81.75086772608515,50.744
OPD,2025-06-18 18:00:00+00:00,2025-06-19 00:00:00+00:00,32.651,26.078176885073386,4.908927487462421,47.24742628268435,19.907
WARD_A,2025-06-18 18:00:00+00:00,2025-06-19 00:00:00+00:00,135.1,145.57003620853746,124.40078681092649,166.73928560614843,113.296
WARD_B,2025-06-18 18:00:00+00:00,2025-06-19 00:00:00+00:00,129.735,135.40245219696692,114.23320279935595,156.5717015945779,115.608
ICU,2025-06-18 19:00:00+00:00,2025-06-19 01:00:00+00:00,71.214,60.65110834806139,39.48185895045043,81.82035774567235,49.369
OPD,2025-06-18 19:00:00+00:00,2025-06-19 01:00:00+00:00,23.278,21.4298739459059,0.26062454829493475,42.599123343516865,33.964
WARD_A,2025-06-18 19:00:00+00:00,2025-06-19 01:00:00+00:00,144.522,145.24029279641312,124.07104339880215,166.40954219402408,128.666
WARD_B,2025-06-18 19:00:00+00:00,2025-06-19 01:00:00+00:00,135.647,147.1601530753559,125.99090367774494,168.32940247296688,124.576
ICU,2025-06-18 20:00:00+00:00,2025-06-19 02:00:00+00:00,64.63,71.31818837532755,50.14893897771658,92.48743777293852,54.878
OPD,2025-06-18 20:00:00+00:00,2025-06-19 02:00:00+00:00,39.206,25.696989527845208,4.527740130234243,46.86623892545617,22.801
WARD_A,2025-06-18 20:00:00+00:00,2025-06-19 02:00:00+00:00,132.807,147.09444405536567,125.9251946577547,168.26369345297664,115.601
WARD_B,2025-06-18 20:00:00+00:00,2025-06-19 02:00:00+00:00,128.166,158.03015847066834,136.86090907305737,179.1994078682793,122.744
ICU,2025-06-18 21:00:00+00:00,2025-06-19 03:00:00+00:00,71.344,63.39827621905625,42.22902682144529,84.56752561666721,58.439
OPD,2025-06-18 21:00:00+00:00,2025-06-19 03:00:00+00:00,10.893,36.692950992891056,15.523701595280091,57.862200390502025,28.597
WARD_A,2025-06-18 21:00:00+00:00,2025-06-19 03:00:00+00:00,134.948,147.6112700399087,126.44202064229773,168.78051943751967,105.441
WARD_B,2025-06-18 21:00:00+00:00,2025-06-19 03:00:00+00:00,134.639,149.7073683869608,128.53811898934984,170.87661778457178,128.721
ICU,2025-06-18 22:00:00+00:00,2025-06-19 04:00:00+00:00,60.893,60.31787094732226,39.148621549711294,81.48712034493323,57.536
OPD,2025-06-18 22:00:00+00:00,2025-06-19 04:00:00+00:00,28.825,28.941840574682306,7.772591177071341,50.11108997229327,12.978
WARD_A,2025-06-18 22:00:00+00:00,2025-06-19 04:00:00+00:00,167.234,156.21805975716617,135.0488103595552,177.38730915477714,133.619
WARD_B,2025-06-18 22:00:00+00:00,2025-06-19 04:00:00+00:00,142.847,147.2516960376132,126.08244664000222,168.42094543522416,124.214
ICU,2025-06-18 23:00:00+00:00,2025-06-19 05:00:00+00:00,53.19,60.92095436158787,39.751704963976906,82.09020375919883,57.944
OPD,2025-06-18 23:00:00+00:00,2025-06-19 05:00:00+00:00,19.588,25.85510377582495,4.685854378213985,47.02435317343591,8.407
WARD_A,2025-06-18 23:00:00+00:00,2025-06-19 05:00:00+00:00,156.139,158.5142334879845,137.34498409037354,179.68348288559548,109.056
WARD_B,2025-06-18 23:00:00+00:00,2025-06-19 05:00:00+00:00,141.917,146.92393231264464,125.75468291503367,168.0931817102556,129.07
ICU,2025-06-19 00:00:00+00:00,2025-06-19 06:00:00+00:00,140.951,140.5267979104934,119.35754851288243,161.69604730810437,141.86
OPD,2025-06-19 00:00:00+00:00,2025-06-19 06:00:00+00:00,98.397,109.57610104972929,88.40685165211832,130.74535044734026,117.726
WARD_A,2025-06-19 00:00:00+00:00,2025-06-19 06:00:00+00:00,231.296,234.9297829219261,213.76053352431512,256.09903231953706,216.757
WARD_B,2025-06-19 00:00:00+00:00,2025-06-19 06:00:00+00:00,247.726,225.64867207437362,204.47942267676265,246.8179214719846,212.62
ICU,2025-06-19 01:00:00+00:00,2025-06-19 07:00:00+00:00,60.693,62.53684384428168,41.36759444667071,83.70609324189265,61.041
OPD,2025-06-19 01:00:00+00:00,2025-06-19 07:00:00+00:00,34.303,42.33346587303834,21.164216475427377,63.502715270649304,34.201
WARD_A,2025-06-19 01:00:00+00:00,2025-06-19 07:00:00+00:00,137.554,158.1739793421503,137.00472994453932,179.34322873976126,117.249
WARD_B,2025-06-19 01:00:00+00:00,2025-06-19 07:00:00+00:00,147.102,151.5237450707732,130.35449567316223,172.69299446838417,120.128
ICU,2025-06-19 02:00:00+00:00,2025-06-19 08:00:00+00:00,66.993,68.15200389362238,46.98275449601141,89.32125329123335,74.987
OPD,2025-06-19 02:00:00+00:00,2025-06-19 08:00:00+00:00,70.153,70.73410294343553,49.56485354582456,91.9033523410465,83.454
WARD_A,2025-06-19 02:00:00+00:00,2025-06-19 08:00:00+00:00,156.893,164.06120072699747,142.8919513293865,185.23045012460844,129.423
WARD_B,2025-06-19 02:00:00+00:00,2025-06-19 08:00:00+00:00,154.643,159.05678175765692,137.88753236004595,180.2260311552679,131.549
ICU,2025-06-19 03:00:00+00:00,2025-06-19 09:00:00+00:00,78.116,68.9067190645226,47.737469666911636,90.07596846213357,54.087
OPD,2025-06-19 03:00:00+00:00,2025-06-19 09:00:00+00:00,84.576,82.50124958816573,61.332000190554766,103.6704989857767,83.825
WARD_B,2025-06-19 03:00:00+00:00,2025-06-19 09:00:00+00:00,131.546,158.06093606840486,136.8916866707939,179.23018546601583,134.407
ICU,2025-06-19 04:00:00+00:00,2025-06-19 10:00:00+00:00,72.35,68.52484515386668,47.35559575625571,89.69409455147765,65.951
OPD,2025-06-19 04:00:00+00:00,2025-06-19 10:00:00+00:00,61.714,77.81131561162987,56.6420662140189,98.98056500924083,71.684
WARD_A,2025-06-19 04:00:00+00:00,2025-06-19 10:00:00+00:00,145.792,157.51948628449628,136.3502368868853,178.68873568210725,138.672
WARD_B,2025-06-19 04:00:00+00:00,2025-06-19 10:00:00+00:00,112.311,152.91990287833414,131.75065348072317,174.0891522759451,154.024
ICU,2025-06-19 05:00:00+00:00,2025-06-19 11:00:00+00:00,54.574,70.82259118972954,49.65334179211857,91.9918405873405,70.222
OPD,2025-06-19 05:00:00+00:00,2025-06-19 11:00:00+00:00,97.515,77.97512157711574,56.805872179504775,99.14437097472671,71.91
WARD_A,2025-06-19 05:00:00+00:00,2025-06-19 11:00:00+00:00,151.332,151.92102099539065,130.75177159777968,173.09027039300162,114.666
WARD_B,2025-06-19 05:00:00+00:00,2025-06-19 11:00:00+00:00,158.15,149.7791670189049,128.60991762129393,170.94841641651587,135.879
ICU,2025-06-19 06:00:00+00:00,2025-06-19 12:00:00+00:00,49.002,74.51216376662617,53.342914369015205,95.68141316423714,61.121
OPD,2025-06-19 06:00:00+00:00,2025-06-19 12:00:00+00:00,72.601,76.90590459649094,55.73665519887997,98.07515399410191,67.427
WARD_A,2025-06-19 06:00:00+00:00,2025-06-19 12:00:00+00:00,155.632,151.89110641466462,130.72185701705365,173.0603558122756,138.776
WARD_B,2025-06-19 06:00:00+00:00,2025-06-19 12:00:00+00:00,145.846,158.80209130339492,137.63284190578395,179.9713407010059,117.507
ICU,2025-06-19 07:00:00+00:00,2025-06-19 13:00:00+00:00,71.599,70.82666851672435,49.657419119113385,91.99591791433532,51.777
OPD,2025-06-19 07:00:00+00:00,2025-06-19 13:00:00+00:00,101.4,87.01014704927987,65.8408976516689,108.17939644689083,93.498
WARD_A,2025-06-19 07:00:00+00:00,2025-06-19 13:00:00+00:00,153.052,153.68182017939776,132.5125707817868,174.85106957700873,126.205
WARD_B,2025-06-19 07:00:00+00:00,2025-06-19 13:00:00+00:00,136.842,151.1082447364235,129.93899533881253,172.27749413403447,125.98
ICU,2025-06-19 08:00:00+00:00,2025-06-19 14:00:00+00:00,148.298,155.26446171521422,134.09521231760326,176.4337111128252,138.463
OPD,2025-06-19 08:00:00+00:00,2025-06-19 14:00:00+00:00,150.159,163.59025863273447,142.4210092351235,184.75950803034544,192.294
WARD_A,2025-06-19 08:00:00+00:00,2025-06-19 14:00:00+00:00,230.933,235.55429173088794,214.38504233327697,256.7235411284989,202.359
WARD_B,2025-06-19 08:00:00+00:00,2025-06-19 14:00:00+00:00,217.569,234.49241737478195,213.32316797717098,255.66166677239292,217.087
ICU,2025-06-19 09:00:00+00:00,2025-06-19 15:00:00+00:00,59.243,73.94039920685022,52.77114980923925,95.10964860446119,67.106
OPD,2025-06-19 09:00:00+00:00,2025-06-19 15:00:00+00:00,56.956,80.41906983617382,59.24982043856285,101.58831923378479,58.452
WARD_B,2025-06-19 09:00:00+00:00,2025-06-19 15:00:00+00:00,173.671,147.62816190162778,126.45891250401681,168.79741129923875,138.488
ICU,2025-06-19 10:00:00+00:00,2025-06-19 16:00:00+00:00,61.636,72.76630635366377,51.597056956052796,93.93555575127473,56.605
OPD,2025-06-19 10:00:00+00:00,2025-06-19 16:00:00+00:00,78.792,80.0047714852087,58.83552208759774,101.17402088281968,76.395
WARD_A,2025-06-19 10:00:00+00:00,2025-06-19 16:00:00+00:00,158.768,147.3174420010662,126.14819260345524,168.48669139867718,126.181
WARD_B,2025-06-19 10:00:00+00:00,2025-06-19 16:00:00+00:00,162.006,142.7793069555217,121.61005755791072,163.94855635313266,137.315
ICU,2025-06-19 11:00:00+00:00,2025-06-19 17:00:00+00:00,56.296,71.65693259333116,50.487683195720194,92.82618199094213,52.187
OPD,2025-06-19 11:00:00+00:00,2025-06-19 17:00:00+00:00,88.627,74.06922252131893,52.899973123707966,95.2384719189299,59.35
WARD_A,2025-06-19 11:00:00+00:00,2025-06-19 17:00:00+00:00,147.198,147.8078243201554,126.63857492254442,168.97707371776636,133.216
WARD_B,2025-06-19 11:00:00+00:00,2025-06-19 17:00:00+00:00,128.723,145.46322614333207,124.2939767457211,166.63247554094303,138.111
ICU,2025-06-19 12:00:00+00:00,2025-06-19 18:00:00+00:00,55.881,55.106866719011514,33.93761732140055,76.27611611662248,47.668
OPD,2025-06-19 12:00:00+00:00,2025-06-19 18:00:00+00:00,13.594,27.495696382269514,6.326446984658549,48.66494577988048,15.293
WARD_A,2025-06-19 12:00:00+00:00,2025-06-19 18:00:00+00:00,143.344,142.709456608932,121.54020721132102,163.87870600654296,152.162
WARD_B,2025-06-19 12:00:00+00:00,2025-06-19 18:00:00+00:00,137.333,142.97936379709816,121.81011439948719,164.14861319470913,136.469
ICU,2025-06-19 13:00:00+00:00,2025-06-19 19:00:00+00:00,69.259,57.166088198476366,35.996838800865405,78.33533759608733,31.138
OPD,2025-06-19 13:00:00+00:00,2025-06-19 19:00:00+00:00,19.551,21.170252169617,0.0010027720060357126,42.33950156722797,25.625
WARD_A,2025-06-19 13:00:00+00:00,2025-06-19 19:00:00+00:00,144.163,143.4590394055389,122.28979000792793,164.62828880314987,125.08
WARD_B,2025-06-19 13:00:00+00:00,2025-06-19 19:00:00+00:00,124.44,140.5521067575333,119.38285735992233,161.72135615514426,151.1
ICU,2025-06-19 14:00:00+00:00,2025-06-19 20:00:00+00:00,144.187,127.67460753756774,106.50535813995677,148.8438569351787,136.207
OPD,2025-06-19 14:00:00+00:00,2025-06-19 20:00:00+00:00,117.141,109.69672133114119,88.52747193353022,130.86597072875216,107.215
WARD_A,2025-06-19 14:00:00+00:00,2025-06-19 20:00:00+00:00,226.938,209.43422622174126,188.2649768241303,230.60347561935222,188.231
WARD_B,2025-06-19 14:00:00+00:00,2025-06-19 20:00:00+00:00,220.038,211.23440583052746,190.0651564329165,232.40365522813843,211.622
ICU,2025-06-19 15:00:00+00:00,2025-06-19 21:00:00+00:00,68.478,60.13098407693967,38.9617346793287,81.30023347455064,57.518
OPD,2025-06-19 15:00:00+00:00,2025-06-19 21:00:00+00:00,22.523,25.043594171726944,3.874344774115979,46.212843569337906,23.408
WARD_A,2025-06-19 15:00:00+00:00,2025-06-19 21:00:00+00:00,136.311,143.59179584879163,122.42254645118066,164.7610452464026,113.395
WARD_B,2025-06-19 15:00:00+00:00,2025-06-19 21:00:00+00:00,132.311,141.9710068137669,120.80175741615594,163.14025621137787,140.986
ICU,2025-06-19 16:00:00+00:00,2025-06-19 22:00:00+00:00,67.253,60.50531213283749,39.33606273522652,81.67456153044846,47.737
OPD,2025-06-19 16:00:00+00:00,2025-06-19 22:00:00+00:00,6.388,24.033619358459053,2.8643699608480873,45.20286875607002,11.342
WARD_A,2025-06-19 16:00:00+00:00,2025-06-19 22:00:00+00:00,145.824,144.5371485291484,123.36789913153743,165.70639792675937,112.166
WARD_B,2025-06-19 16:00:00+00:00,2025-06-19 22:00:00+00:00,122.971,143.91970853358742,122.75045913597646,165.0889579311984,127.997
ICU,2025-06-19 17:00:00+00:00,2025-06-19 23:00:00+00:00,68.233,59.985290944714905,38.816041547103936,81.15454034232587,67.523
OPD,2025-06-19 17:00:00+00:00,2025-06-19 23:00:00+00:00,33.497,23.595960470676108,2.4267110730651424,44.76520986828707,31.569
WARD_A,2025-06-19 17:00:00+00:00,2025-06-19 23:00:00+00:00,129.297,144.23626528989945,123.06701589228848,165.40551468751042,122.938
WARD_B,2025-06-19 17:00:00+00:00,2025-06-19 23:00:00+00:00,132.521,138.31079150802358,117.14154211041262,159.48004090563455,132.206
ICU,2025-06-19 18:00:00+00:00,2025-06-20 00:00:00+00:00,67.516,59.84303969013637,38.67379029252541,81.01228908774733,48.126
OPD,2025-06-19 18:00:00+00:00,2025-06-20 00:00:00+00:00,9.293,21.78308682260209,0.6138374249911251,42.952336220213056,15.719
WARD_A,2025-06-19 18:00:00+00:00,2025-06-20 00:00:00+00:00,136.378,143.2291059714349,122.05985657382394,164.39835536904587,114.315
WARD_B,2025-06-19 18:00:00+00:00,2025-06-20 00:00:00+00:00,126.18,140.63936382643107,119.4701144288201,161.80861322404203,128.63
ICU,2025-06-19 19:00:00+00:00,2025-06-20 01:00:00+00:00,65.814,61.49848647156224,40.329237073951276,82.6677358691732,63.8
WARD_A,2025-06-19 19:00:00+00:00,2025-06-20 01:00:00+00:00,148.892,143.93155399731572,122.76230459970475,165.1008033949267,134.889
WARD_B,2025-06-19 19:00:00+00:00,2025-06-20 01:00:00+00:00,142.828,140.2756236791045,119.10637428149354,161.44487307671548,138.276
ICU,2025-06-19 20:00:00+00:00,2025-06-20 02:00:00+00:00,72.011,67.0176183713942,45.84836897378324,88.18686776900518,59.849
OPD,2025-06-19 20:00:00+00:00,2025-06-20 02:00:00+00:00,21.249,24.767828708055728,3.5985793104447623,45.93707810566669,20.969
WARD_A,2025-06-19 20:00:00+00:00,2025-06-20 02:00:00+00:00,144.626,152.97493868603453,131.80568928842357,174.1441880836455,137.82
WARD_B,2025-06-19 20:00:00+00:00,2025-06-20 02:00:00+00:00,122.457,142.90199914384783,121.73274974623686,164.0712485414588,133.834
ICU,2025-06-19 21:00:00+00:00,2025-06-20 03:00:00+00:00,69.987,59.85908314342225,38.689833745811285,81.02833254103321,71.611
OPD,2025-06-19 21:00:00+00:00,2025-06-20 03:00:00+00:00,43.07,19.109156356627096,0.0,40.278405754238065,29.359
WARD_A,2025-06-19 21:00:00+00:00,2025-06-20 03:00:00+00:00,139.217,146.46379082766052,125.29454143004955,167.6330402252715,121.894
WARD_B,2025-06-19 21:00:00+00:00,2025-06-20 03:00:00+00:00,140.343,140.97988185589202,119.81063245828105,162.149131253503,129.328
ICU,2025-06-19 22:00:00+00:00,2025-06-20 04:00:00+00:00,71.052,62.36712379414416,41.197874396533194,83.53637319175513,58.519
OPD,2025-06-19 22:00:00+00:00,2025-06-20 04:00:00+00:00,35.485,28.6066156364082,7.437366238797235,49.77586503401916,36.45
WARD_A,2025-06-19 22:00:00+00:00,2025-06-20 04:00:00+00:00,141.294,145.3163659235842,124.14711652597322,166.48561532119516,117.435
WARD_B,2025-06-19 22:00:00+00:00,2025-06-20 04:00:00+00:00,126.197,141.14651195930765,119.97726256169668,162.3157613569186,116.826
ICU,2025-06-19 23:00:00+00:00,2025-06-20 05:00:00+00:00,58.192,61.04904405655928,39.87979465894831,82.21829345417025,44.93
OPD,2025-06-19 23:00:00+00:00,2025-06-20 05:00:00+00:00,27.264,26.063388065730063,4.894138668119098,47.23263746334103,20.757
WARD_A,2025-06-19 23:00:00+00:00,2025-06-20 05:00:00+00:00,127.762,149.36440395525005,128.19515455763909,170.53365335286102,120.186
WARD_B,2025-06-19 23:00:00+00:00,2025-06-20 05:00:00+00:00,128.846,144.06821214167994,122.89896274406897,165.2374615392909,123.241
ICU,2025-06-20 00:00:00+00:00,2025-06-20 06:00:00+00:00,150.506,142.6236797242954,121.45443032668445,163.79292912190638,149.935
OPD,2025-06-20 00:00:00+00:00,2025-06-20 06:00:00+00:00,106.683,106.1095711667196,84.94032176910864,127.27882056433057,122.441
WARD_A,2025-06-20 00:00:00+00:00,2025-06-20 06:00:00+00:00,216.663,222.92136251696152,201.75211311935055,244.0906119145725,218.23
WARD_B,2025-06-20 00:00:00+00:00,2025-06-20 06:00:00+00:00,227.801,212.758265939501,191.58901654189003,233.92751533711197,215.244
ICU,2025-06-20 01:00:00+00:00,2025-06-20 07:00:00+00:00,44.12,61.78960183037214,40.62035243276118,82.9588512279831,70.081
WARD_A,2025-06-20 01:00:00+00:00,2025-06-20 07:00:00+00:00,158.783,146.7191479483505,125.54989855073953,167.88839734596147,103.532
WARD_B,2025-06-20 01:00:00+00:00,2025-06-20 07:00:00+00:00,152.131,141.7432420781143,120.57399268050332,162.91249147572526,137.311
ICU,2025-06-20 02:00:00+00:00,2025-06-20 08:00:00+00:00,84.408,67.61012977821743,46.44088038060646,88.7793791758284,40.022
OPD,2025-06-20 02:00:00+00:00,2025-06-20 08:00:00+00:00,85.638,73.53148619815131,52.362236800540344,94.70073559576228,59.204
WARD_A,2025-06-20 02:00:00+00:00,2025-06-20 08:00:00+00:00,159.263,152.2403146582358,131.07106526062483,173.40956405584677,116.572
WARD_B,2025-06-20 02:00:00+00:00,2025-06-20 08:00:00+00:00,148.774,143.73607483074753,122.56682543313656,164.9053242283585,141.862
ICU,2025-06-20 03:00:00+00:00,2025-06-20 09:00:00+00:00,60.913,68.36484494911765,47.195595551506685,89.53409434672862,61.813
OPD,2025-06-20 03:00:00+00:00,2025-06-20 09:00:00+00:00,86.545,74.37406809622043,53.20481869860946,95.5433174938314,77.594
WARD_A,2025-06-20 03:00:00+00:00,2025-06-20 09:00:00+00:00,174.512,155.73271495466378,134.5634655570528,176.90196435227475,128.387
WARD_B,2025-06-20 03:00:00+00:00,2025-06-20 09:00:00+00:00,146.967,146.25902612843527,125.0897767308243,167.42827552604624,144.758
ICU,2025-06-20 04:00:00+00:00,2025-06-20 10:00:00+00:00,64.322,68.74168951382292,47.57244011621195,89.91093891143389,75.883
OPD,2025-06-20 04:00:00+00:00,2025-06-20 10:00:00+00:00,88.541,78.47133783549862,57.30208843788765,99.64058723310958,87.9
WARD_A,2025-06-20 04:00:00+00:00,2025-06-20 10:00:00+00:00,145.978,147.25344578216448,126.08419638455351,168.42269517977545,132.038
WARD_B,2025-06-20 04:00:00+00:00,2025-06-20 10:00:00+00:00,144.864,139.86418293540316,118.6949335377922,161.03343233301413,157.557
ICU,2025-06-20 05:00:00+00:00,2025-06-20 11:00:00+00:00,57.261,70.28071707432458,49.111467676713616,91.44996647193555,64.597
OPD,2025-06-20 05:00:00+00:00,2025-06-20 11:00:00+00:00,101.567,80.0774893905905,58.90823999297953,101.24673878820147,75.017
WARD_A,2025-06-20 05:00:00+00:00,2025-06-20 11:00:00+00:00,145.528,145.94013181148716,124.7708824138762,167.10938120909813,130.541
WARD_B,2025-06-20 05:00:00+00:00,2025-06-20 11:00:00+00:00,134.318,140.86090273521012,119.69165333759915,162.0301521328211,146.353
ICU,2025-06-20 06:00:00+00:00,2025-06-20 12:00:00+00:00,68.31,82.02258014518577,60.8533307475748,103.19182954279674,39.624
OPD,2025-06-20 06:00:00+00:00,2025-06-20 12:00:00+00:00,72.292,79.0082724099657,57.83902301235473,100.17752180757667,82.188
WARD_A,2025-06-20 06:00:00+00:00,2025-06-20 12:00:00+00:00,141.624,138.79666110954224,117.62741171193127,159.9659105071532,114.876
WARD_B,2025-06-20 06:00:00+00:00,2025-06-20 12:00:00+00:00,131.095,143.59033993711085,122.42109053949989,164.75958933472182,138.587
ICU,2025-06-20 07:00:00+00:00,2025-06-20 13:00:00+00:00,63.954,68.1094816306659,46.94023223305493,89.27873102827687,61.832
OPD,2025-06-20 07:00:00+00:00,2025-06-20 13:00:00+00:00,78.164,80.0774893905905,58.90823999297953,101.24673878820147,85.18
WARD_A,2025-06-20 07:00:00+00:00,2025-06-20 13:00:00+00:00,155.105,147.23886803645613,126.06961863884516,168.4081174340671,114.539
WARD_B,2025-06-20 07:00:00+00:00,2025-06-20 13:00:00+00:00,127.447,143.0864428536269,121.91719345601592,164.25569225123786,138.286
ICU,2025-06-20 08:00:00+00:00,2025-06-20 14:00:00+00:00,167.782,150.14005634658426,128.9708069489733,171.30930574419523,139.351
OPD,2025-06-20 08:00:00+00:00,2025-06-20 14:00:00+00:00,188.055,160.4936279834468,139.32437858583583,181.66287738105777,164.73
WARD_A,2025-06-20 08:00:00+00:00,2025-06-20 14:00:00+00:00,233.509,234.60032814929855,213.43107875168758,255.76957754690952,216.204
WARD_B,2025-06-20 08:00:00+00:00,2025-06-20 14:00:00+00:00,228.675,224.07837976035262,202.90913036274165,245.2476291579636,212.165
ICU,2025-06-20 09:00:00+00:00,2025-06-20 15:00:00+00:00,72.774,72.86138659593632,51.692137198325355,94.03063599354729,69.138
OPD,2025-06-20 09:00:00+00:00,2025-06-20 15:00:00+00:00,86.99,79.64077341153644,58.471524013925475,100.81002280914741,93.185
WARD_B,2025-06-20 09:00:00+00:00,2025-06-20 15:00:00+00:00,131.848,138.609487620911,117.44023822330004,159.77873701852198,133.756
ICU,2025-06-20 10:00:00+00:00,2025-06-20 16:00:00+00:00,64.083,73.18061513352703,52.01136573591606,94.349864531138,60.591
OPD,2025-06-20 10:00:00+00:00,2025-06-20 16:00:00+00:00,72.653,75.18020973276091,54.010960335149946,96.34945913037188,93.004
WARD_A,2025-06-20 10:00:00+00:00,2025-06-20 16:00:00+00:00,163.873,147.36775093979296,126.19850154218199,168.53700033740392,123.567
WARD_B,2025-06-20 10:00:00+00:00,2025-06-20 16:00:00+00:00,144.826,145.4987653311931,124.32951593358214,166.66801472880408,141.469
ICU,2025-06-20 11:00:00+00:00,2025-06-20 17:00:00+00:00,55.07,71.65693259333116,50.487683195720194,92.82618199094213,65.702
OPD,2025-06-20 11:00:00+00:00,2025-06-20 17:00:00+00:00,66.548,78.0692149932616,56.89996559565063,99.23846439087256,77.805
WARD_A,2025-06-20 11:00:00+00:00,2025-06-20 17:00:00+00:00,160.733,147.72671024299655,126.55746084538558,168.89595964060751,128.016
WARD_B,2025-06-20 11:00:00+00:00,2025-06-20 17:00:00+00:00,138.184,139.87281415814823,118.70356476053726,161.0420635557592,129.432
ICU,2025-06-20 12:00:00+00:00,2025-06-20 18:00:00+00:00,47.431,55.189229019351146,34.01997962174018,76.35847841696211,49.508
OPD,2025-06-20 12:00:00+00:00,2025-06-20 18:00:00+00:00,35.724,32.757347685409634,11.588098287798669,53.926597083020596,17.979
WARD_A,2025-06-20 12:00:00+00:00,2025-06-20 18:00:00+00:00,157.793,142.9604732360489,121.79122383843793,164.12972263365987,123.531
WARD_B,2025-06-20 12:00:00+00:00,2025-06-20 18:00:00+00:00,133.921,134.1538101280675,112.98456073045654,155.32305952567847,153.019
ICU,2025-06-20 13:00:00+00:00,2025-06-20 19:00:00+00:00,57.49,57.10386468236681,35.93461528475585,78.27311407997777,56.806
OPD,2025-06-20 13:00:00+00:00,2025-06-20 19:00:00+00:00,13.249,26.615796457837437,5.446547060226472,47.7850458554484,11.848
WARD_A,2025-06-20 13:00:00+00:00,2025-06-20 19:00:00+00:00,150.464,142.96564593689348,121.79639653928251,164.13489533450445,117.959
WARD_B,2025-06-20 13:00:00+00:00,2025-06-20 19:00:00+00:00,129.575,133.90110704665202,112.73185764904105,155.07035644426298,135.237
ICU,2025-06-20 14:00:00+00:00,2025-06-20 20:00:00+00:00,137.75,132.88732307758187,111.7180736799709,154.05657247519284,139.655
OPD,2025-06-20 14:00:00+00:00,2025-06-20 20:00:00+00:00,109.537,111.3891950420412,90.21994564443023,132.55844443965216,100.244
WARD_A,2025-06-20 14:00:00+00:00,2025-06-20 20:00:00+00:00,224.519,211.2990935169615,190.12984411935054,232.46834291457247,225.293
WARD_B,2025-06-20 14:00:00+00:00,2025-06-20 20:00:00+00:00,207.03,212.97925730341518,191.8100079058042,234.14850670102615,214.813
ICU,2025-06-20 15:00:00+00:00,2025-06-20 21:00:00+00:00,66.189,60.09537446495281,38.92612506734184,81.26462386256378,52.48
OPD,2025-06-20 15:00:00+00:00,2025-06-20 21:00:00+00:00,12.577,28.840975045194213,7.671725647583248,50.01022444280518,28.277
WARD_A,2025-06-20 15:00:00+00:00,2025-06-20 21:00:00+00:00,128.097,142.32575281891022,121.15650342129925,163.4950022165212,113.252
WARD_B,2025-06-20 15:00:00+00:00,2025-06-20 21:00:00+00:00,140.272,132.60267659042373,111.43342719281276,153.7719259880347,152.479
ICU,2025-06-20 16:00:00+00:00,2025-06-20 22:00:00+00:00,62.24,60.387340220511,39.21809082290004,81.55658961812196,56.312
OPD,2025-06-20 16:00:00+00:00,2025-06-20 22:00:00+00:00,25.543,28.840975045194213,7.671725647583248,50.01022444280518,17.877
WARD_A,2025-06-20 16:00:00+00:00,2025-06-20 22:00:00+00:00,150.235,142.32575281891022,121.15650342129925,163.4950022165212,128.456
WARD_B,2025-06-20 16:00:00+00:00,2025-06-20 22:00:00+00:00,138.304,134.58807566681588,113.41882626920491,155.75732506442685,154.333
ICU,2025-06-20 17:00:00+00:00,2025-06-20 23:00:00+00:00,65.839,59.64511085926947,38.47586146165851,80.81436025688043,52.042
OPD,2025-06-20 17:00:00+00:00,2025-06-20 23:00:00+00:00,19.327,28.181479698646314,7.012230301035348,49.35072909625728,11.15
WARD_A,2025-06-20 17:00:00+00:00,2025-06-20 23:00:00+00:00,146.976,143.93714356072888,122.76789416311792,165.10639295833985,135.444
WARD_B,2025-06-20 17:00:00+00:00,2025-06-20 23:00:00+00:00,115.915,134.2588872787604,113.08963788114943,155.42813667637137,135.508
ICU,2025-06-20 18:00:00+00:00,2025-06-21 00:00:00+00:00,55.809,60.17346215719841,39.004212759587446,81.34271155480937,35.762
OPD,2025-06-20 18:00:00+00:00,2025-06-21 00:00:00+00:00,22.691,25.738093818151917,4.568844420540952,46.90734321576288,19.159
WARD_A,2025-06-20 18:00:00+00:00,2025-06-21 00:00:00+00:00,136.417,144.5234146249653,123.35416522735434,165.69266402257628,112.058
WARD_B,2025-06-20 18:00:00+00:00,2025-06-21 00:00:00+00:00,133.942,130.27971615958165,109.11046676197068,151.44896555719262,134.204
ICU,2025-06-20 19:00:00+00:00,2025-06-21 01:00:00+00:00,66.916,59.84303969013637,38.67379029252541,81.01228908774733,59.544
OPD,2025-06-20 19:00:00+00:00,2025-06-21 01:00:00+00:00,18.637,31.881108924664357,10.711859527053392,53.05035832227532,26.559
WARD_A,2025-06-20 19:00:00+00:00,2025-06-21 01:00:00+00:00,137.439,144.00983897066052,122.84058957304956,165.1790883682715,118.466
WARD_B,2025-06-20 19:00:00+00:00,2025-06-21 01:00:00+00:00,123.37,131.81250203224909,110.64325263463812,152.98175142986005,130.702
ICU,2025-06-20 20:00:00+00:00,2025-06-21 02:00:00+00:00,52.037,64.57518592885093,43.40593653123996,85.7444353264619,61.085
OPD,2025-06-20 20:00:00+00:00,2025-06-21 02:00:00+00:00,5.325,29.428589697904542,8.259340300293577,50.59783909551551,15.941
WARD_A,2025-06-20 20:00:00+00:00,2025-06-21 02:00:00+00:00,165.14,141.04713906186058,119.87788966424961,162.21638845947155,122.437
WARD_B,2025-06-20 20:00:00+00:00,2025-06-21 02:00:00+00:00,128.027,133.15031923762007,111.9810698400091,154.31956863523104,120.519
ICU,2025-06-20 21:00:00+00:00,2025-06-21 03:00:00+00:00,62.694,59.78759199849948,38.61834260088851,80.95684139611045,58.098
OPD,2025-06-20 21:00:00+00:00,2025-06-21 03:00:00+00:00,24.81,36.29208921270789,15.122839815096928,57.46133861031886,25.887
WARD_A,2025-06-20 21:00:00+00:00,2025-06-21 03:00:00+00:00,116.357,142.6461148205261,121.47686542291513,163.81536421813706,133.953
WARD_B,2025-06-20 21:00:00+00:00,2025-06-21 03:00:00+00:00,135.864,132.4272668833321,111.25801748572113,153.59651628094306,131.829
ICU,2025-06-20 22:00:00+00:00,2025-06-21 04:00:00+00:00,74.642,61.359403646536116,40.190154248925154,82.52865304414708,48.36
OPD,2025-06-20 22:00:00+00:00,2025-06-21 04:00:00+00:00,24.199,38.56720916869557,17.397959771084604,59.73645856630654,24.629
WARD_A,2025-06-20 22:00:00+00:00,2025-06-21 04:00:00+00:00,155.523,146.29094312899775,125.12169373138678,167.46019252660872,127.256
WARD_B,2025-06-20 22:00:00+00:00,2025-06-21 04:00:00+00:00,130.246,132.03599068915887,110.8667412915479,153.20524008676983,152.695
ICU,2025-06-20 23:00:00+00:00,2025-06-21 05:00:00+00:00,62.777,60.426979690295056,39.25773029268409,81.59622908790602,55.924
OPD,2025-06-20 23:00:00+00:00,2025-06-21 05:00:00+00:00,13.429,31.80040708698617,10.631157689375204,52.96965648459714,23.549
WARD_A,2025-06-20 23:00:00+00:00,2025-06-21 05:00:00+00:00,139.262,145.87126573317758,124.70201633556661,167.04051513078855,127.665
WARD_B,2025-06-20 23:00:00+00:00,2025-06-21 05:00:00+00:00,132.7,127.56747712331254,106.39822772570157,148.7367265209235,135.041
ICU,2025-06-21 00:00:00+00:00,2025-06-21 06:00:00+00:00,151.949,129.99103369597444,108.82178429836347,151.1602830935854,145.754
OPD,2025-06-21 00:00:00+00:00,2025-06-21 06:00:00+00:00,107.489,110.80442436655541,89.63517496894444,131.97367376416636,99.744
WARD_A,2025-06-21 00:00:00+00:00,2025-06-21 06:00:00+00:00,232.184,224.6348458828621,203.46559648525113,245.80409528047306,202.173
WARD_B,2025-06-21 00:00:00+00:00,2025-06-21 06:00:00+00:00,198.985,213.63096076511684,192.46171136750587,234.8002101627278,242.424
ICU,2025-06-21 01:00:00+00:00,2025-06-21 07:00:00+00:00,47.585,61.90538735479562,40.73613795718465,83.07463675240659,51.446
WARD_A,2025-06-21 01:00:00+00:00,2025-06-21 07:00:00+00:00,160.859,145.72755569091058,124.55830629329961,166.89680508852155,119.396
WARD_B,2025-06-21 01:00:00+00:00,2025-06-21 07:00:00+00:00,131.152,131.08653048266177,109.9172810850508,152.25577988027274,136.145
ICU,2025-06-21 02:00:00+00:00,2025-06-21 08:00:00+00:00,51.943,67.68902706472701,46.519777667116045,88.85827646233798,63.577
OPD,2025-06-21 02:00:00+00:00,2025-06-21 08:00:00+00:00,80.095,69.8124370560879,48.64318765847693,90.98168645369887,93.576
WARD_A,2025-06-21 02:00:00+00:00,2025-06-21 08:00:00+00:00,141.198,153.01036166361231,131.84111226600135,174.17961106122328,135.932
WARD_B,2025-06-21 02:00:00+00:00,2025-06-21 08:00:00+00:00,128.867,135.06564103004087,113.8963916324299,156.23489042765183,142.695
ICU,2025-06-21 03:00:00+00:00,2025-06-21 09:00:00+00:00,71.018,67.55873571515065,46.38948631753968,88.72798511276162,47.201
OPD,2025-06-21 03:00:00+00:00,2025-06-21 09:00:00+00:00,52.514,76.80618487746135,55.63693547985038,97.97543427507232,107.375
WARD_A,2025-06-21 03:00:00+00:00,2025-06-21 09:00:00+00:00,118.273,143.07987499770593,121.91062560009496,164.2491243953169,132.069
WARD_B,2025-06-21 03:00:00+00:00,2025-06-21 09:00:00+00:00,128.66,137.30930083895862,116.14005144134765,158.4785502365696,151.375
ICU,2025-06-21 04:00:00+00:00,2025-06-21 10:00:00+00:00,76.576,71.08951481657408,49.92026541896311,92.25876421418505,67.645
OPD,2025-06-21 04:00:00+00:00,2025-06-21 10:00:00+00:00,63.823,79.42354482031553,58.25429542270456,100.5927942179265,82.178
WARD_A,2025-06-21 04:00:00+00:00,2025-06-21 10:00:00+00:00,156.553,149.1641979247177,127.99494852710674,170.33344732232868,135.023
WARD_B,2025-06-21 04:00:00+00:00,2025-06-21 10:00:00+00:00,128.483,135.4081890980703,114.23893970045933,156.57743849568126,143.04
ICU,2025-06-21 05:00:00+00:00,2025-06-21 11:00:00+00:00,66.294,70.13032864289222,48.961079245281255,91.29957804050319,59.606
OPD,2025-06-21 05:00:00+00:00,2025-06-21 11:00:00+00:00,95.845,80.17052522985003,59.00127583223906,101.339774627461,64.889
WARD_A,2025-06-21 05:00:00+00:00,2025-06-21 11:00:00+00:00,146.379,149.59173353073027,128.4224841331193,170.76098292834124,130.61
WARD_B,2025-06-21 05:00:00+00:00,2025-06-21 11:00:00+00:00,140.758,138.76575140726894,117.59650200965797,159.9350008048799,158.341
ICU,2025-06-21 06:00:00+00:00,2025-06-21 12:00:00+00:00,87.862,82.80154059335996,61.63229119574899,103.97078999097093,69.721
OPD,2025-06-21 06:00:00+00:00,2025-06-21 12:00:00+00:00,79.665,78.94295441560466,57.77370501799369,100.11220381321563,75.299
WARD_A,2025-06-21 06:00:00+00:00,2025-06-21 12:00:00+00:00,144.927,153.82608388502172,132.65683448741075,174.99533328263269,139.234
WARD_B,2025-06-21 06:00:00+00:00,2025-06-21 12:00:00+00:00,142.372,135.22562100581882,114.05637160820785,156.3948704034298,141.964
ICU,2025-06-21 07:00:00+00:00,2025-06-21 13:00:00+00:00,54.553,70.31193467308086,49.14268527546989,91.48118407069182,56.649
OPD,2025-06-21 07:00:00+00:00,2025-06-21 13:00:00+00:00,81.451,80.19635186323245,59.02710246562148,101.36560126084342,74.934
WARD_A,2025-06-21 07:00:00+00:00,2025-06-21 13:00:00+00:00,151.818,149.13293350130076,127.96368410368979,170.30218289891172,135.057
WARD_B,2025-06-21 07:00:00+00:00,2025-06-21 13:00:00+00:00,132.048,133.78546096607687,112.6162115684659,154.95471036368784,140.15
ICU,2025-06-21 08:00:00+00:00,2025-06-21 14:00:00+00:00,147.76,157.1609689783144,135.99171958070343,178.33021837592537,140.022
OPD,2025-06-21 08:00:00+00:00,2025-06-21 14:00:00+00:00,173.385,164.61812435487587,143.4488749572649,185.78737375248684,169.782
WARD_A,2025-06-21 08:00:00+00:00,2025-06-21 14:00:00+00:00,231.504,234.90261952872527,213.7333701311143,256.0718689263362,230.273
WARD_B,2025-06-21 08:00:00+00:00,2025-06-21 14:00:00+00:00,226.718,215.8436496504821,194.67440025287112,237.01289904809306,223.925
ICU,2025-06-21 09:00:00+00:00,2025-06-21 15:00:00+00:00,67.021,72.58728709176903,51.41803769415806,93.75653648938,47.844
OPD,2025-06-21 09:00:00+00:00,2025-06-21 15:00:00+00:00,89.719,81.23792921289738,60.068679815286416,102.40717861050835,69.607
WARD_A,2025-06-21 09:00:00+00:00,2025-06-21 15:00:00+00:00,165.382,142.54930840453682,121.38005900692585,163.71855780214779,139.388
WARD_B,2025-06-21 09:00:00+00:00,2025-06-21 15:00:00+00:00,109.85,133.41659806191313,112.24734866430217,154.5858474595241,155.074
ICU,2025-06-21 10:00:00+00:00,2025-06-21 16:00:00+00:00,74.815,72.19189658582111,51.022647188210144,93.36114598343208,61.566
OPD,2025-06-21 10:00:00+00:00,2025-06-21 16:00:00+00:00,88.152,78.17103351470756,57.00178411709659,99.34028291231853,82.811
WARD_A,2025-06-21 10:00:00+00:00,2025-06-21 16:00:00+00:00,151.38,147.50788550802503,126.33863611041406,168.677134905636,149.721
WARD_B,2025-06-21 10:00:00+00:00,2025-06-21 16:00:00+00:00,130.754,134.03387159217172,112.86462219456075,155.2031209897827,158.928
ICU,2025-06-21 11:00:00+00:00,2025-06-21 17:00:00+00:00,68.329,69.27928085930222,48.11003146169125,90.44853025691319,68.543
OPD,2025-06-21 11:00:00+00:00,2025-06-21 17:00:00+00:00,61.161,75.56037703653756,54.39112763892659,96.72962643414853,74.78
WARD_A,2025-06-21 11:00:00+00:00,2025-06-21 17:00:00+00:00,162.386,147.78893375910613,126.61968436149516,168.9581831567171,125.749
WARD_B,2025-06-21 11:00:00+00:00,2025-06-21 17:00:00+00:00,141.865,133.48689317236932,112.31764377475835,154.6561425699803,133.444
ICU,2025-06-21 12:00:00+00:00,2025-06-21 18:00:00+00:00,59.526,55.189229019351146,34.01997962174018,76.35847841696211,42.117
OPD,2025-06-21 12:00:00+00:00,2025-06-21 18:00:00+00:00,11.734,27.58492029716875,6.415670899557785,48.75416969477972,27.216
WARD_A,2025-06-21 12:00:00+00:00,2025-06-21 18:00:00+00:00,137.796,144.07296153594052,122.90371213832955,165.2422109335515,128.103
WARD_B,2025-06-21 12:00:00+00:00,2025-06-21 18:00:00+00:00,114.742,129.82387642887315,108.65462703126218,150.99312582648412,143.715
ICU,2025-06-21 13:00:00+00:00,2025-06-21 19:00:00+00:00,68.362,56.953037530412836,35.783788132801874,78.1222869280238,50.657
OPD,2025-06-21 13:00:00+00:00,2025-06-21 19:00:00+00:00,8.57,21.437127734091796,0.26787833648083037,42.60637713170276,16.602
WARD_A,2025-06-21 13:00:00+00:00,2025-06-21 19:00:00+00:00,143.568,144.2682604555577,123.09901105794674,165.43750985316868,132.524
WARD_B,2025-06-21 13:00:00+00:00,2025-06-21 19:00:00+00:00,132.088,128.6930226728721,107.52377327526114,149.86227207048307,160.662
ICU,2025-06-21 14:00:00+00:00,2025-06-21 20:00:00+00:00,151.766,135.0677466165398,113.89849721892884,156.23699601415078,141.786
OPD,2025-06-21 14:00:00+00:00,2025-06-21 20:00:00+00:00,107.642,111.03387230926592,89.86462291165495,132.20312170687689,111.149
WARD_A,2025-06-21 14:00:00+00:00,2025-06-21 20:00:00+00:00,226.47,211.8330625578292,190.66381316021824,233.00231195544018,209.055
WARD_B,2025-06-21 14:00:00+00:00,2025-06-21 20:00:00+00:00,207.598,208.34663433117692,187.17738493356595,229.51588372878788,207.938
ICU,2025-06-21 15:00:00+00:00,2025-06-21 21:00:00+00:00,62.943,59.8212749607855,38.65202556317453,80.99052435839647,53.377
OPD,2025-06-21 15:00:00+00:00,2025-06-21 21:00:00+00:00,20.643,23.730771173062916,2.5615217754519506,44.90002057067388,19.198
WARD_A,2025-06-21 15:00:00+00:00,2025-06-21 21:00:00+00:00,143.918,143.7346837340219,122.56543433641093,164.90393313163287,126.058
WARD_B,2025-06-21 15:00:00+00:00,2025-06-21 21:00:00+00:00,117.853,126.80175645584941,105.63250705823845,147.97100585346038,156.952
ICU,2025-06-21 16:00:00+00:00,2025-06-21 22:00:00+00:00,71.991,60.27771281630166,39.10846341869069,81.44696221391263,57.102
OPD,2025-06-21 16:00:00+00:00,2025-06-21 22:00:00+00:00,24.904,24.023551764515027,2.8543023669040615,45.19280116212599,22.041
WARD_A,2025-06-21 16:00:00+00:00,2025-06-21 22:00:00+00:00,143.324,144.04802423054338,122.87877483293241,165.21727362815435,121.179
WARD_B,2025-06-21 16:00:00+00:00,2025-06-21 22:00:00+00:00,117.882,129.5482994019136,108.37905000430263,150.71754879952456,126.013
ICU,2025-06-21 17:00:00+00:00,2025-06-21 23:00:00+00:00,64.609,60.91930082863069,39.75005143101973,82.08855022624165,44.451
OPD,2025-06-21 17:00:00+00:00,2025-06-21 23:00:00+00:00,13.094,24.070043728399504,2.900794330788539,45.239293126010466,24.31
WARD_A,2025-06-21 17:00:00+00:00,2025-06-21 23:00:00+00:00,129.519,144.11097040255962,122.94172100494865,165.28021980017058,137.305
WARD_B,2025-06-21 17:00:00+00:00,2025-06-21 23:00:00+00:00,127.866,129.19654540982543,108.02729601221446,150.3657948074364,143.024
ICU,2025-06-21 18:00:00+00:00,2025-06-22 00:00:00+00:00,59.982,61.03486735915796,39.86561796154699,82.20411675676893,55.7
OPD,2025-06-21 18:00:00+00:00,2025-06-22 00:00:00+00:00,23.821,20.372626909836633,0.0,41.541876307447595,8.638
WARD_B,2025-06-21 18:00:00+00:00,2025-06-22 00:00:00+00:00,114.991,124.8742995328281,103.70505013521714,146.04354893043907,155.049
ICU,2025-06-21 19:00:00+00:00,2025-06-22 01:00:00+00:00,66.587,59.925401990476004,38.756152592865035,81.09465138808697,54.429
OPD,2025-06-21 19:00:00+00:00,2025-06-22 01:00:00+00:00,21.275,19.90754408306279,0.0,41.07679348067376,18.411
WARD_A,2025-06-21 19:00:00+00:00,2025-06-22 01:00:00+00:00,128.812,141.46087903626213,120.29162963865116,162.6301284338731,120.848
WARD_B,2025-06-21 19:00:00+00:00,2025-06-22 01:00:00+00:00,129.798,127.80196102802444,106.63271163041347,148.9712104256354,156.336
ICU,2025-06-21 20:00:00+00:00,2025-06-22 02:00:00+00:00,59.132,70.21983678998367,49.050587392372705,91.38908618759464,52.89
OPD,2025-06-21 20:00:00+00:00,2025-06-22 02:00:00+00:00,14.478,24.08974576733697,2.9204963697260062,45.25899516494793,19.341
WARD_A,2025-06-21 20:00:00+00:00,2025-06-22 02:00:00+00:00,150.011,143.14941571143837,121.9801663138274,164.31866510904933,123.264
WARD_B,2025-06-21 20:00:00+00:00,2025-06-22 02:00:00+00:00,160.121,131.30130562041631,110.13205622280535,152.47055501802728,165.639
ICU,2025-06-21 21:00:00+00:00,2025-06-22 03:00:00+00:00,56.018,59.78759199849948,38.61834260088851,80.95684139611045,55.422
OPD,2025-06-21 21:00:00+00:00,2025-06-22 03:00:00+00:00,34.702,19.46351631722661,0.0,40.632765714837575,23.244
WARD_A,2025-06-21 21:00:00+00:00,2025-06-22 03:00:00+00:00,144.569,141.46920314156364,120.29995374395267,162.6384525391746,124.117
WARD_B,2025-06-21 21:00:00+00:00,2025-06-22 03:00:00+00:00,101.505,126.73034143795941,105.56109204034844,147.89959083557036,157.165
ICU,2025-06-21 22:00:00+00:00,2025-06-22 04:00:00+00:00,56.894,63.254933694428054,42.08568429681709,84.42418309203902,54.027
OPD,2025-06-21 22:00:00+00:00,2025-06-22 04:00:00+00:00,28.884,26.70087223124868,5.531622833637716,47.87012162885965,10.907
WARD_A,2025-06-21 22:00:00+00:00,2025-06-22 04:00:00+00:00,140.043,145.12470744118357,123.9554580435726,166.29395683879454,122.927
WARD_B,2025-06-21 22:00:00+00:00,2025-06-22 04:00:00+00:00,145.482,128.07493940077217,106.9056900031612,149.24418879838314,160.251
ICU,2025-06-21 23:00:00+00:00,2025-06-22 05:00:00+00:00,65.957,60.92665077155909,39.75740137394813,82.09590016917005,52.852
OPD,2025-06-21 23:00:00+00:00,2025-06-22 05:00:00+00:00,20.951,24.916391953431127,3.7471425558201616,46.08564135104209,9.584
WARD_A,2025-06-21 23:00:00+00:00,2025-06-22 05:00:00+00:00,124.837,145.22362064739465,124.05437124978369,166.39287004500562,127.13
WARD_B,2025-06-21 23:00:00+00:00,2025-06-22 05:00:00+00:00,103.145,126.11155605833406,104.94230666072309,147.28080545594503,138.722
ICU,2025-06-22 00:00:00+00:00,2025-06-22 06:00:00+00:00,133.43,143.04853837362933,121.87928897601836,164.2177877712403,130.882
OPD,2025-06-22 00:00:00+00:00,2025-06-22 06:00:00+00:00,96.212,97.01656791086772,75.84731851325675,118.18581730847869,108.233
WARD_B,2025-06-22 00:00:00+00:00,2025-06-22 06:00:00+00:00,218.217,206.21478906575564,185.04553966814467,227.3840384633666,229.418
ICU,2025-06-22 01:00:00+00:00,2025-06-22 07:00:00+00:00,70.958,61.860586135685715,40.69133673807475,83.02983553329668,64.296
OPD,2025-06-22 01:00:00+00:00,2025-06-22 07:00:00+00:00,25.909,22.21304391919714,1.0437945215861753,43.3822933168081,31.393
WARD_A,2025-06-22 01:00:00+00:00,2025-06-22 07:00:00+00:00,144.106,147.30204652034934,126.13279712273837,168.4712959179603,123.89
WARD_B,2025-06-22 01:00:00+00:00,2025-06-22 07:00:00+00:00,131.675,126.668602139872,105.49935274226102,147.83785153748295,146.589
ICU,2025-06-22 02:00:00+00:00,2025-06-22 08:00:00+00:00,65.848,62.941354520024205,41.77210512241324,84.11060391763517,44.387
OPD,2025-06-22 02:00:00+00:00,2025-06-22 08:00:00+00:00,16.531,27.37162159790584,6.2023722002948745,48.540870995516805,24.275
WARD_A,2025-06-22 02:00:00+00:00,2025-06-22 08:00:00+00:00,139.978,148.72441525837618,127.55516586076521,169.89366465598715,132.9
WARD_B,2025-06-22 02:00:00+00:00,2025-06-22 08:00:00+00:00,131.63,131.67585008255338,110.50660068494241,152.84509948016435,125.711
ICU,2025-06-22 03:00:00+00:00,2025-06-22 09:00:00+00:00,54.879,62.047646697869176,40.878397300258214,83.21689609548014,57.764
OPD,2025-06-22 03:00:00+00:00,2025-06-22 09:00:00+00:00,27.312,29.999552064673452,8.830302667062487,51.16880146228442,42.486
WARD_A,2025-06-22 03:00:00+00:00,2025-06-22 09:00:00+00:00,164.417,149.3529648699466,128.18371547233562,170.52221426755756,111.329
WARD_B,2025-06-22 03:00:00+00:00,2025-06-22 09:00:00+00:00,144.494,124.44772892432222,103.27847952671125,145.61697832193317,150.875
ICU,2025-06-22 04:00:00+00:00,2025-06-22 10:00:00+00:00,74.033,61.03916108407856,39.86991168646759,82.20841048168953,68.706
OPD,2025-06-22 04:00:00+00:00,2025-06-22 10:00:00+00:00,25.258,29.982545825132036,8.81329642752107,51.151795222743004,20.694
WARD_A,2025-06-22 04:00:00+00:00,2025-06-22 10:00:00+00:00,143.359,147.26993476240682,126.10068536479585,168.4391841600178,124.202
WARD_B,2025-06-22 04:00:00+00:00,2025-06-22 10:00:00+00:00,113.938,130.2772838110544,109.10803441344342,151.44653320866536,151.255
ICU,2025-06-22 05:00:00+00:00,2025-06-22 11:00:00+00:00,63.734,62.190730300456,41.02148090284504,83.35997969806697,67.611
OPD,2025-06-22 05:00:00+00:00,2025-06-22 11:00:00+00:00,13.774,29.71390730281124,8.544657905200275,50.883156700422205,21.247
WARD_A,2025-06-22 05:00:00+00:00,2025-06-22 11:00:00+00:00,131.68,145.53206143560448,124.3628120379935,166.70131083321544,126.734
WARD_B,2025-06-22 05:00:00+00:00,2025-06-22 11:00:00+00:00,112.532,125.77844150053696,104.60919210292599,146.94769089814793,151.825
ICU,2025-06-22 06:00:00+00:00,2025-06-22 12:00:00+00:00,52.719,62.4822353070642,41.31298590945323,83.65148470467517,58.275
OPD,2025-06-22 06:00:00+00:00,2025-06-22 12:00:00+00:00,21.754,44.14803003146851,22.978780633857543,65.31727942907948,15.999
WARD_A,2025-06-22 06:00:00+00:00,2025-06-22 12:00:00+00:00,117.419,148.4888585084451,127.31960911083414,169.65810790605607,123.523
WARD_B,2025-06-22 06:00:00+00:00,2025-06-22 12:00:00+00:00,129.677,133.2251167876541,112.05586739004312,154.39436618526506,145.075
ICU,2025-06-22 07:00:00+00:00,2025-06-22 13:00:00+00:00,75.974,61.84599724000254,40.67674784239158,83.0152466376135,58.498
OPD,2025-06-22 07:00:00+00:00,2025-06-22 13:00:00+00:00,29.803,29.71390730281124,8.544657905200275,50.883156700422205,33.177
WARD_A,2025-06-22 07:00:00+00:00,2025-06-22 13:00:00+00:00,127.848,145.80983179970733,124.64058240209636,166.9790811973183,138.494
WARD_B,2025-06-22 07:00:00+00:00,2025-06-22 13:00:00+00:00,126.399,129.39898828749037,108.2297388898794,150.56823768510134,148.313
ICU,2025-06-22 08:00:00+00:00,2025-06-22 14:00:00+00:00,156.939,136.94164206490953,115.77239266729856,158.1108914625205,140.478
OPD,2025-06-22 08:00:00+00:00,2025-06-22 14:00:00+00:00,94.4,98.60268734110788,77.43343794349691,119.77193673871885,101.236
WARD_A,2025-06-22 08:00:00+00:00,2025-06-22 14:00:00+00:00,219.129,228.53141228480615,207.36216288719518,249.70066168241712,218.891
WARD_B,2025-06-22 08:00:00+00:00,2025-06-22 14:00:00+00:00,206.708,209.9393629878761,188.77011359026514,231.10861238548708,241.894
ICU,2025-06-22 09:00:00+00:00,2025-06-22 15:00:00+00:00,56.13,64.60599183398897,43.436742436378,85.77524123159994,46.989
OPD,2025-06-22 09:00:00+00:00,2025-06-22 15:00:00+00:00,24.708,41.32210738198817,20.152857984377203,62.49135677959913,22.797
WARD_A,2025-06-22 09:00:00+00:00,2025-06-22 15:00:00+00:00,135.498,151.3548014368229,130.18555203921193,172.52405083443387,135.267
WARD_B,2025-06-22 09:00:00+00:00,2025-06-22 15:00:00+00:00,127.301,131.05182117508534,109.88257177747437,152.2210705726963,128.56
ICU,2025-06-22 10:00:00+00:00,2025-06-22 16:00:00+00:00,63.116,65.58454130799744,44.41529191038647,86.75379070560841,54.469
OPD,2025-06-22 10:00:00+00:00,2025-06-22 16:00:00+00:00,35.361,32.37790713092441,11.208657733313448,53.54715652853538,3.42
WARD_A,2025-06-22 10:00:00+00:00,2025-06-22 16:00:00+00:00,133.29,145.6955358789624,124.52628648135143,166.86478527657337,145.66
WARD_B,2025-06-22 10:00:00+00:00,2025-06-22 16:00:00+00:00,127.981,125.30813261294462,104.13888321533365,146.47738201055557,165.174
ICU,2025-06-22 11:00:00+00:00,2025-06-22 17:00:00+00:00,62.039,68.26037299439326,47.091123596782296,89.42962239200423,58.799
OPD,2025-06-22 11:00:00+00:00,2025-06-22 17:00:00+00:00,13.289,31.36497738230006,10.195727984689096,52.53422677991102,32.699
WARD_A,2025-06-22 11:00:00+00:00,2025-06-22 17:00:00+00:00,143.089,146.00208867307362,124.83283927546265,167.17133807068458,111.462
WARD_B,2025-06-22 11:00:00+00:00,2025-06-22 17:00:00+00:00,112.835,128.23459150930185,107.06534211169088,149.40384090691282,155.15
ICU,2025-06-22 12:00:00+00:00,2025-06-22 18:00:00+00:00,45.984,56.40676487033477,35.2375154727238,77.57601426794574,57.318
OPD,2025-06-22 12:00:00+00:00,2025-06-22 18:00:00+00:00,8.069,25.657661923200003,4.4884125255890375,46.826911320810964,28.304
WARD_A,2025-06-22 12:00:00+00:00,2025-06-22 18:00:00+00:00,144.048,137.72794072556593,116.55869132795496,158.8971901231769,127.723
WARD_B,2025-06-22 12:00:00+00:00,2025-06-22 18:00:00+00:00,148.084,126.1068994292766,104.93765003166563,147.27614882688755,135.963
ICU,2025-06-22 13:00:00+00:00,2025-06-22 19:00:00+00:00,63.698,57.03539983075247,35.8661504331415,78.20464922836344,60.51
OPD,2025-06-22 13:00:00+00:00,2025-06-22 19:00:00+00:00,43.601,24.709248242352537,3.5399988447415716,45.8784976399635,20.344
WARD_A,2025-06-22 13:00:00+00:00,2025-06-22 19:00:00+00:00,150.813,141.55236540281805,120.38311600520709,162.72161480042902,128.107
WARD_B,2025-06-22 13:00:00+00:00,2025-06-22 19:00:00+00:00,161.352,125.58450859363114,104.41525919602017,146.7537579912421,147.601
ICU,2025-06-22 14:00:00+00:00,2025-06-22 20:00:00+00:00,155.161,129.80655389620023,108.63730449858926,150.9758032938112,153.557
OPD,2025-06-22 14:00:00+00:00,2025-06-22 20:00:00+00:00,88.404,82.20649754903211,61.03724815142114,103.37574694664308,105.641
WARD_A,2025-06-22 14:00:00+00:00,2025-06-22 20:00:00+00:00,222.285,209.51106656814392,188.34181717053295,230.6803159657549,214.575
WARD_B,2025-06-22 14:00:00+00:00,2025-06-22 20:00:00+00:00,196.066,204.0041273985536,182.83487800094264,225.17337679616458,253.054
ICU,2025-06-22 15:00:00+00:00,2025-06-22 21:00:00+00:00,68.655,60.30497792017137,39.1357285225604,81.47422731778234,52.932
OPD,2025-06-22 15:00:00+00:00,2025-06-22 21:00:00+00:00,21.375,21.051219698354227,0.0,42.22046909596519,24.503
WARD_A,2025-06-22 15:00:00+00:00,2025-06-22 21:00:00+00:00,132.811,141.86721418131046,120.69796478369949,163.03646357892143,117.955
WARD_B,2025-06-22 15:00:00+00:00,2025-06-22 21:00:00+00:00,124.209,144.6465004351452,123.47725103753424,165.81574983275618,150.113
ICU,2025-06-22 16:00:00+00:00,2025-06-22 22:00:00+00:00,63.662,60.27771281630166,39.10846341869069,81.44696221391263,58.035
OPD,2025-06-22 16:00:00+00:00,2025-06-22 22:00:00+00:00,31.521,21.051219698354227,0.0,42.22046909596519,38.43
WARD_A,2025-06-22 16:00:00+00:00,2025-06-22 22:00:00+00:00,131.385,141.25602711780513,120.08677772019416,162.4252765154161,151.281
WARD_B,2025-06-22 16:00:00+00:00,2025-06-22 22:00:00+00:00,107.005,144.02179653070255,122.85254713309158,165.1910459283135,146.99
ICU,2025-06-22 17:00:00+00:00,2025-06-22 23:00:00+00:00,68.637,59.5937752584052,38.42452586079423,80.76302465601617,41.307
OPD,2025-06-22 17:00:00+00:00,2025-06-22 23:00:00+00:00,32.763,18.54188092702428,0.0,39.71113032463525,18.338
WARD_A,2025-06-22 17:00:00+00:00,2025-06-22 23:00:00+00:00,149.767,135.96601082253036,114.7967614249194,157.13526022014133,124.547
WARD_B,2025-06-22 17:00:00+00:00,2025-06-22 23:00:00+00:00,139.355,122.51506672315489,101.34581732554392,143.68431612076586,144.821
ICU,2025-06-22 18:00:00+00:00,2025-06-23 00:00:00+00:00,54.317,60.50382949726073,39.33458009964977,81.6730788948717,69.95
OPD,2025-06-22 18:00:00+00:00,2025-06-23 00:00:00+00:00,24.396,22.651312396258586,1.4820629986476206,43.82056179386955,24.823
WARD_A,2025-06-22 18:00:00+00:00,2025-06-23 00:00:00+00:00,137.271,140.43716798672017,119.2679185891092,161.60641738433114,130.167
WARD_B,2025-06-22 18:00:00+00:00,2025-06-23 00:00:00+00:00,113.265,140.92777022125065,119.75852082363969,162.09701961886162,147.114
ICU,2025-06-22 19:00:00+00:00,2025-06-23 01:00:00+00:00,80.246,60.63921281075892,39.46996341314795,81.80846220836989,53.189
OPD,2025-06-22 19:00:00+00:00,2025-06-23 01:00:00+00:00,34.004,23.49580714033872,2.326557742727754,44.66505653794968,11.841
WARD_A,2025-06-22 19:00:00+00:00,2025-06-23 01:00:00+00:00,120.993,143.5916030580376,122.42235366042664,164.76085245564857,133.078
WARD_B,2025-06-22 19:00:00+00:00,2025-06-23 01:00:00+00:00,131.477,144.93523744389972,123.76598804628875,166.1044868415107,163.122
ICU,2025-06-22 20:00:00+00:00,2025-06-23 02:00:00+00:00,57.223,73.26999144084448,52.10074204323351,94.43924083845545,59.414
OPD,2025-06-22 20:00:00+00:00,2025-06-23 02:00:00+00:00,20.144,26.43120164196073,5.261952244349764,47.600451039571695,29.879
WARD_A,2025-06-22 20:00:00+00:00,2025-06-23 02:00:00+00:00,126.393,143.30508490990857,122.1358355122976,164.47433430751954,122.941
WARD_B,2025-06-22 20:00:00+00:00,2025-06-23 02:00:00+00:00,117.799,144.14155909222862,122.97230969461765,165.3108084898396,143.897
ICU,2025-06-22 21:00:00+00:00,2025-06-23 03:00:00+00:00,53.512,61.5073709813455,40.338121583734534,82.67662037895647,53.184
OPD,2025-06-22 21:00:00+00:00,2025-06-23 03:00:00+00:00,18.228,24.09182847126515,2.922579073654184,45.261077868876114,31.749
WARD_A,2025-06-22 21:00:00+00:00,2025-06-23 03:00:00+00:00,169.614,137.7546764753881,116.58542707777713,158.92392587299906,141.176
WARD_B,2025-06-22 21:00:00+00:00,2025-06-23 03:00:00+00:00,121.857,145.56741731575642,124.39816791814545,166.73666671336738,134.104
ICU,2025-06-22 22:00:00+00:00,2025-06-23 04:00:00+00:00,58.798,62.64788858337656,41.4786391857656,83.81713798098752,50.698
OPD,2025-06-22 22:00:00+00:00,2025-06-23 04:00:00+00:00,23.086,37.22267426761463,16.053424870003663,58.39192366522559,15.148
WARD_A,2025-06-22 22:00:00+00:00,2025-06-23 04:00:00+00:00,128.485,139.74576167366322,118.57651227605226,160.9150110712742,122.072
WARD_B,2025-06-22 22:00:00+00:00,2025-06-23 04:00:00+00:00,133.2,124.96663433678681,103.79738493917584,146.13588373439777,147.527
ICU,2025-06-22 23:00:00+00:00,2025-06-23 05:00:00+00:00,62.815,61.57078488134215,40.40153548373118,82.74003427895312,54.604
OPD,2025-06-22 23:00:00+00:00,2025-06-23 05:00:00+00:00,25.245,25.60046260272354,4.431213205112574,46.76971200033451,19.481
WARD_A,2025-06-22 23:00:00+00:00,2025-06-23 05:00:00+00:00,158.706,142.89960840201348,121.73035900440252,164.06885779962445,134.701
WARD_B,2025-06-22 23:00:00+00:00,2025-06-23 05:00:00+00:00,123.372,126.9611055755739,105.79185617796293,148.13035497318486,154.0
ICU,2025-06-23 00:00:00+00:00,2025-06-23 06:00:00+00:00,142.258,143.50073296312718,122.33148356551621,164.66998236073815,129.239
OPD,2025-06-23 00:00:00+00:00,2025-06-23 06:00:00+00:00,110.632,106.73937744252812,85.57012804491715,127.90862684013909,117.421
WARD_B,2025-06-23 00:00:00+00:00,2025-06-23 06:00:00+00:00,208.767,201.85244156081103,180.68319216320006,223.021690958422,240.182
ICU,2025-06-23 01:00:00+00:00,2025-06-23 07:00:00+00:00,61.548,62.08305176665757,40.91380236904661,83.25230116426853,36.658
OPD,2025-06-23 01:00:00+00:00,2025-06-23 07:00:00+00:00,14.341,33.10574143270826,11.936492035097292,54.274990830319226,23.801
WARD_A,2025-06-23 01:00:00+00:00,2025-06-23 07:00:00+00:00,134.835,141.65770224546327,120.4884528478523,162.82695164307424,136.703
WARD_B,2025-06-23 01:00:00+00:00,2025-06-23 07:00:00+00:00,107.239,128.80929232727016,107.64004292965919,149.97854172488113,148.556
ICU,2025-06-23 02:00:00+00:00,2025-06-23 08:00:00+00:00,69.637,68.22893783961902,47.05968844200805,89.39818723722999,68.078
OPD,2025-06-23 02:00:00+00:00,2025-06-23 08:00:00+00:00,112.709,75.78495910075668,54.61570970314571,96.95420849836765,77.761
WARD_A,2025-06-23 02:00:00+00:00,2025-06-23 08:00:00+00:00,135.384,149.02747754382074,127.85822814620977,170.1967269414317,147.489
WARD_B,2025-06-23 02:00:00+00:00,2025-06-23 08:00:00+00:00,118.955,126.20420966903252,105.03496027142155,147.37345906664348,126.775
ICU,2025-06-23 03:00:00+00:00,2025-06-23 09:00:00+00:00,66.85,67.22511875910942,46.05586936149845,88.39436815672039,61.066
OPD,2025-06-23 03:00:00+00:00,2025-06-23 09:00:00+00:00,73.537,78.04096937935219,56.87171998174122,99.21021877696316,93.309
WARD_A,2025-06-23 03:00:00+00:00,2025-06-23 09:00:00+00:00,138.085,155.80613173266036,134.6368823350494,176.97538113027133,162.024
WARD_B,2025-06-23 03:00:00+00:00,2025-06-23 09:00:00+00:00,118.794,126.37109967264719,105.20185027503622,147.54034907025815,154.223
ICU,2025-06-23 04:00:00+00:00,2025-06-23 10:00:00+00:00,67.233,70.3236919967703,49.154442599159324,91.49294139438126,46.873
OPD,2025-06-23 04:00:00+00:00,2025-06-23 10:00:00+00:00,58.198,81.04151165957121,59.872262261960245,102.21076105718218,64.033
WARD_A,2025-06-23 04:00:00+00:00,2025-06-23 10:00:00+00:00,125.811,150.94704467022135,129.77779527261038,172.1162940678323,146.389
WARD_B,2025-06-23 04:00:00+00:00,2025-06-23 10:00:00+00:00,106.606,129.4998639601486,108.33061456253762,150.66911335775956,179.285
ICU,2025-06-23 05:00:00+00:00,2025-06-23 11:00:00+00:00,64.477,73.70071886236985,52.531469464758885,94.86996825998082,67.415
OPD,2025-06-23 05:00:00+00:00,2025-06-23 11:00:00+00:00,91.739,82.35663710134786,61.18738770373689,103.52588649895883,80.82
WARD_A,2025-06-23 05:00:00+00:00,2025-06-23 11:00:00+00:00,151.241,146.60951625468806,125.44026685707709,167.77876565229903,144.652
WARD_B,2025-06-23 05:00:00+00:00,2025-06-23 11:00:00+00:00,152.436,132.5755416987095,111.40629230109852,153.74479109632045,148.684
ICU,2025-06-23 06:00:00+00:00,2025-06-23 12:00:00+00:00,71.76,74.58350851913067,53.414259121519706,95.75275791674164,67.891
OPD,2025-06-23 06:00:00+00:00,2025-06-23 12:00:00+00:00,83.794,88.21532955044833,67.04608015283736,109.3845789480593,90.075
WARD_A,2025-06-23 06:00:00+00:00,2025-06-23 12:00:00+00:00,137.35,141.21253468438255,120.04328528677158,162.38178408199352,136.426
WARD_B,2025-06-23 06:00:00+00:00,2025-06-23 12:00:00+00:00,125.322,134.66061734911685,113.49136795150588,155.82986674672782,149.88
ICU,2025-06-23 07:00:00+00:00,2025-06-23 13:00:00+00:00,73.961,73.2046549005423,52.035405502931326,94.37390429815326,48.856
OPD,2025-06-23 07:00:00+00:00,2025-06-23 13:00:00+00:00,92.643,82.71178615396938,61.542536756358416,103.88103555158035,90.453
WARD_A,2025-06-23 07:00:00+00:00,2025-06-23 13:00:00+00:00,127.22,143.14058926330023,121.97133986568926,164.3098386609112,138.619
WARD_B,2025-06-23 07:00:00+00:00,2025-06-23 13:00:00+00:00,118.574,139.60420040852807,118.4349510109171,160.77344980613904,152.868
ICU,2025-06-23 08:00:00+00:00,2025-06-23 14:00:00+00:00,148.554,155.8337300414926,134.66448064388163,177.00297943910357,159.395
OPD,2025-06-23 08:00:00+00:00,2025-06-23 14:00:00+00:00,145.368,166.48945535652436,145.3202059589134,187.65870475413533,182.932
WARD_A,2025-06-23 08:00:00+00:00,2025-06-23 14:00:00+00:00,224.445,223.51018726485754,202.34093786724657,244.6794366624685,213.963
WARD_B,2025-06-23 08:00:00+00:00,2025-06-23 14:00:00+00:00,227.316,219.38048725768883,198.21123786007786,240.5497366552998,217.287
ICU,2025-06-23 09:00:00+00:00,2025-06-23 15:00:00+00:00,58.402,74.33547500513208,53.16622560752111,95.50472440274305,71.854
OPD,2025-06-23 09:00:00+00:00,2025-06-23 15:00:00+00:00,100.438,86.17899511337151,65.00974571576054,107.34824451098248,68.044
WARD_A,2025-06-23 09:00:00+00:00,2025-06-23 15:00:00+00:00,146.874,139.66468545562367,118.4954360580127,160.83393485323464,148.405
WARD_B,2025-06-23 09:00:00+00:00,2025-06-23 15:00:00+00:00,129.55,142.82845355076475,121.65920415315378,163.99770294837572,160.786
ICU,2025-06-23 10:00:00+00:00,2025-06-23 16:00:00+00:00,68.589,73.08460419005816,51.91535479244719,94.25385358766913,47.293
OPD,2025-06-23 10:00:00+00:00,2025-06-23 16:00:00+00:00,103.154,80.17093364463007,59.0016842470191,101.34018304224104,76.534
WARD_A,2025-06-23 10:00:00+00:00,2025-06-23 16:00:00+00:00,131.607,134.74389504350972,113.57464564589876,155.9131444411207,155.979
WARD_B,2025-06-23 10:00:00+00:00,2025-06-23 16:00:00+00:00,118.539,141.38415981916975,120.21491042155878,162.55340921678072,168.9
ICU,2025-06-23 11:00:00+00:00,2025-06-23 17:00:00+00:00,59.199,71.17509773436957,50.0058483367586,92.34434713198054,65.767
OPD,2025-06-23 11:00:00+00:00,2025-06-23 17:00:00+00:00,92.976,75.17514883334475,54.00589943573378,96.34439823095572,76.383
WARD_A,2025-06-23 11:00:00+00:00,2025-06-23 17:00:00+00:00,135.834,137.88461978353897,116.715370385928,159.05386918114993,132.602
WARD_B,2025-06-23 11:00:00+00:00,2025-06-23 17:00:00+00:00,132.711,142.40362019233459,121.23437079472362,163.57286958994555,149.503
ICU,2025-06-23 12:00:00+00:00,2025-06-23 18:00:00+00:00,63.676,55.12431246889012,33.955063071279156,76.29356186650108,57.115
OPD,2025-06-23 12:00:00+00:00,2025-06-23 18:00:00+00:00,30.417,27.19969209397593,6.030442696364965,48.368941491586895,5.087
WARD_A,2025-06-23 12:00:00+00:00,2025-06-23 18:00:00+00:00,127.466,136.4749595606729,115.30571016306192,157.64420895828385,142.141
WARD_B,2025-06-23 12:00:00+00:00,2025-06-23 18:00:00+00:00,114.096,124.49558687739672,103.32633747978575,145.66483627500767,153.036
ICU,2025-06-23 13:00:00+00:00,2025-06-23 19:00:00+00:00,64.485,56.97048328029144,35.80123388268048,78.1397326779024,73.844
OPD,2025-06-23 13:00:00+00:00,2025-06-23 19:00:00+00:00,10.835,21.05189953089897,0.0,42.22114892850993,14.936
WARD_A,2025-06-23 13:00:00+00:00,2025-06-23 19:00:00+00:00,116.714,133.71377810204146,112.54452870443049,154.88302749965243,139.052
WARD_B,2025-06-23 13:00:00+00:00,2025-06-23 19:00:00+00:00,135.983,124.432294726627,103.26304532901604,145.60154412423796,132.091
ICU,2025-06-23 14:00:00+00:00,2025-06-23 20:00:00+00:00,169.439,133.64682946329242,112.47758006568145,154.8160788609034,145.956
OPD,2025-06-23 14:00:00+00:00,2025-06-23 20:00:00+00:00,99.081,95.44838233318423,74.27913293557326,116.6176317307952,100.678
WARD_A,2025-06-23 14:00:00+00:00,2025-06-23 20:00:00+00:00,215.429,213.6135607257433,192.44431132813233,234.78281012335427,224.948
WARD_B,2025-06-23 14:00:00+00:00,2025-06-23 20:00:00+00:00,219.676,206.14696880605774,184.97771940844677,227.3162182036687,230.459
ICU,2025-06-23 15:00:00+00:00,2025-06-23 21:00:00+00:00,53.584,60.06606752647864,38.89681812886768,81.2353169240896,55.513
OPD,2025-06-23 15:00:00+00:00,2025-06-23 21:00:00+00:00,15.073,25.189016373202826,4.01976697559186,46.35826577081379,15.299
WARD_A,2025-06-23 15:00:00+00:00,2025-06-23 21:00:00+00:00,111.581,137.76627556070628,116.59702616309531,158.93552495831725,151.229
WARD_B,2025-06-23 15:00:00+00:00,2025-06-23 21:00:00+00:00,113.918,124.86788117365975,103.69863177604879,146.03713057127072,151.425
ICU,2025-06-23 16:00:00+00:00,2025-06-23 22:00:00+00:00,39.762,60.14842982681827,38.979180429207304,81.31767922442924,54.138
OPD,2025-06-23 16:00:00+00:00,2025-06-23 22:00:00+00:00,23.088,25.189016373202826,4.01976697559186,46.35826577081379,19.871
WARD_A,2025-06-23 16:00:00+00:00,2025-06-23 22:00:00+00:00,122.049,137.28765280017657,116.1184034025656,158.45690219778754,131.841
WARD_B,2025-06-23 16:00:00+00:00,2025-06-23 22:00:00+00:00,109.519,124.27792482007126,103.1086754224603,145.44717421768223,155.674
ICU,2025-06-23 17:00:00+00:00,2025-06-23 23:00:00+00:00,55.999,58.869764687303906,37.700515289692945,80.03901408491487,74.987
OPD,2025-06-23 17:00:00+00:00,2025-06-23 23:00:00+00:00,37.34,31.94827125868058,10.779021861069616,53.117520656291546,21.489
WARD_A,2025-06-23 17:00:00+00:00,2025-06-23 23:00:00+00:00,135.19,134.47070765450326,113.30145825689229,155.63995705211423,162.536
WARD_B,2025-06-23 17:00:00+00:00,2025-06-23 23:00:00+00:00,125.905,124.28307856870222,103.11382917109125,145.4523279663132,148.431
ICU,2025-06-23 18:00:00+00:00,2025-06-24 00:00:00+00:00,49.676,60.98085176018575,39.81160236257479,82.15010115779671,53.661
OPD,2025-06-23 18:00:00+00:00,2025-06-24 00:00:00+00:00,20.876,29.670022870835236,8.500773473224271,50.8392722684462,13.204
WARD_A,2025-06-23 18:00:00+00:00,2025-06-24 00:00:00+00:00,126.262,136.35276979475358,115.18352039714262,157.52201919236455,149.818
WARD_B,2025-06-23 18:00:00+00:00,2025-06-24 00:00:00+00:00,138.896,121.30471398585132,100.13546458824035,142.4739633834623,139.23
ICU,2025-06-23 19:00:00+00:00,2025-06-24 01:00:00+00:00,59.886,60.65110834806139,39.48185895045043,81.82035774567235,63.489
OPD,2025-06-23 19:00:00+00:00,2025-06-24 01:00:00+00:00,15.935,39.51039551038205,18.34114611277108,60.67964490799301,21.007
WARD_A,2025-06-23 19:00:00+00:00,2025-06-24 01:00:00+00:00,103.386,129.89738239679448,108.72813299918352,151.06663179440545,152.142
WARD_B,2025-06-23 19:00:00+00:00,2025-06-24 01:00:00+00:00,138.878,124.72463051389636,103.55538111628539,145.89387991150733,141.142
ICU,2025-06-23 20:00:00+00:00,2025-06-24 02:00:00+00:00,55.319,73.43085973492356,52.26161033731259,94.60010913253453,52.293
OPD,2025-06-23 20:00:00+00:00,2025-06-24 02:00:00+00:00,31.842,37.3103613792601,16.141111981649136,58.47961077687107,26.956
WARD_A,2025-06-23 20:00:00+00:00,2025-06-24 02:00:00+00:00,138.647,134.29078700052023,113.12153760290926,155.4600363981312,122.86
WARD_B,2025-06-23 20:00:00+00:00,2025-06-24 02:00:00+00:00,118.314,133.32290993320936,112.15366053559839,154.49215933082033,143.6
ICU,2025-06-23 21:00:00+00:00,2025-06-24 03:00:00+00:00,56.164,62.58796241194394,41.41871301433298,83.7572118095549,72.05
OPD,2025-06-23 21:00:00+00:00,2025-06-24 03:00:00+00:00,18.161,40.26950743720137,19.100258039590404,61.43875683481234,30.059
WARD_A,2025-06-23 21:00:00+00:00,2025-06-24 03:00:00+00:00,136.264,134.41152586351586,113.2422764659049,155.58077526112683,145.455
WARD_B,2025-06-23 21:00:00+00:00,2025-06-24 03:00:00+00:00,125.468,122.05655745279542,100.88730805518445,143.22580685040637,138.329
ICU,2025-06-23 22:00:00+00:00,2025-06-24 04:00:00+00:00,52.581,63.148467540324816,41.97921814271385,84.31771693793578,72.445
OPD,2025-06-23 22:00:00+00:00,2025-06-24 04:00:00+00:00,30.16,47.66302172451498,26.49377232690401,68.83227112212595,25.642
WARD_A,2025-06-23 22:00:00+00:00,2025-06-24 04:00:00+00:00,120.817,142.59277673787614,121.42352734026517,163.7620261354871,136.937
WARD_B,2025-06-23 22:00:00+00:00,2025-06-24 04:00:00+00:00,109.762,121.7135111799746,100.54426178236363,142.88276057758557,149.213
ICU,2025-06-23 23:00:00+00:00,2025-06-24 05:00:00+00:00,68.804,61.97979923558972,40.810549837978755,83.14904863320068,60.919
OPD,2025-06-23 23:00:00+00:00,2025-06-24 05:00:00+00:00,19.11,49.53644531588015,28.367195918269186,70.70569471349111,32.842
WARD_A,2025-06-23 23:00:00+00:00,2025-06-24 05:00:00+00:00,111.876,146.50435632587332,125.33510692826235,167.6736057234843,151.627
WARD_B,2025-06-23 23:00:00+00:00,2025-06-24 05:00:00+00:00,121.153,125.08565841428386,103.91640901667289,146.2549078118948,145.645
ICU,2025-06-24 00:00:00+00:00,2025-06-24 06:00:00+00:00,143.412,144.44849593793663,123.27924654032566,165.6177453355476,142.846
OPD,2025-06-24 00:00:00+00:00,2025-06-24 06:00:00+00:00,114.303,114.62522477443918,93.4559753768282,135.79447417205014,95.049
WARD_A,2025-06-24 00:00:00+00:00,2025-06-24 06:00:00+00:00,190.83,224.42178014025598,203.252530742645,245.59102953786694,241.377
WARD_B,2025-06-24 00:00:00+00:00,2025-06-24 06:00:00+00:00,197.791,208.39403336960723,187.22478397199626,229.5632827672182,224.907
ICU,2025-06-24 01:00:00+00:00,2025-06-24 07:00:00+00:00,67.404,62.586472052825435,41.41722265521447,83.7557214504364,55.355
OPD,2025-06-24 01:00:00+00:00,2025-06-24 07:00:00+00:00,24.165,32.25569582599485,11.086446428383884,53.42494522360582,0.0
WARD_A,2025-06-24 01:00:00+00:00,2025-06-24 07:00:00+00:00,144.265,139.82968577497434,118.66043637736337,160.9989351725853,137.448
WARD_B,2025-06-24 01:00:00+00:00,2025-06-24 07:00:00+00:00,110.586,124.83912329513822,103.66987389752725,146.0083726927492,156.888
ICU,2025-06-24 02:00:00+00:00,2025-06-24 08:00:00+00:00,66.624,67.88565051550223,46.716401117891266,89.0548999131132,52.282
OPD,2025-06-24 02:00:00+00:00,2025-06-24 08:00:00+00:00,57.158,72.39558097726056,51.226331579649596,93.56483037487153,91.28
WARD_A,2025-06-24 02:00:00+00:00,2025-06-24 08:00:00+00:00,118.923,161.43129674724952,140.26204734963855,182.6005461448605,133.125
WARD_B,2025-06-24 02:00:00+00:00,2025-06-24 08:00:00+00:00,115.3,126.8325987911877,105.66334939357674,148.00184818879868,155.697
ICU,2025-06-24 03:00:00+00:00,2025-06-24 09:00:00+00:00,68.529,68.38627001699274,47.21702061938177,89.55551941460371,59.604
OPD,2025-06-24 03:00:00+00:00,2025-06-24 09:00:00+00:00,73.091,75.90541615033132,54.73616675272035,97.07466554794229,99.44
WARD_A,2025-06-24 03:00:00+00:00,2025-06-24 09:00:00+00:00,146.97,154.62946828635032,133.46021888873935,175.79871768396129,130.75
WARD_B,2025-06-24 03:00:00+00:00,2025-06-24 09:00:00+00:00,115.847,127.6503738866649,106.48112448905393,148.81962328427585,163.719
ICU,2025-06-24 04:00:00+00:00,2025-06-24 10:00:00+00:00,73.683,71.29919680185421,50.12994740424324,92.46844619946518,69.843
OPD,2025-06-24 04:00:00+00:00,2025-06-24 10:00:00+00:00,99.901,79.96149526414172,58.79224586653075,101.13074466175269,47.407
WARD_A,2025-06-24 04:00:00+00:00,2025-06-24 10:00:00+00:00,116.457,141.64008839278299,120.47083899517202,162.80933779039395,142.731
WARD_B,2025-06-24 04:00:00+00:00,2025-06-24 10:00:00+00:00,124.802,127.19862757513346,106.02937817752249,148.36787697274443,144.635
ICU,2025-06-24 05:00:00+00:00,2025-06-24 11:00:00+00:00,69.256,71.2955466484643,50.12629725085333,92.46479604607526,62.071
OPD,2025-06-24 05:00:00+00:00,2025-06-24 11:00:00+00:00,64.291,80.61543983441669,59.44619043680572,101.78468923202766,74.979
WARD_A,2025-06-24 05:00:00+00:00,2025-06-24 11:00:00+00:00,133.225,140.50680820491905,119.33755880730808,161.67605760253002,159.552
WARD_B,2025-06-24 05:00:00+00:00,2025-06-24 11:00:00+00:00,132.532,144.16511048447705,122.99586108686609,165.33435988208802,138.923
ICU,2025-06-24 06:00:00+00:00,2025-06-24 12:00:00+00:00,64.868,75.8321291743108,54.662879776699825,97.00137857192176,58.922
OPD,2025-06-24 06:00:00+00:00,2025-06-24 12:00:00+00:00,77.475,80.57994942333659,59.41070002572562,101.74919882094756,68.312
WARD_A,2025-06-24 06:00:00+00:00,2025-06-24 12:00:00+00:00,119.317,133.44720227410323,112.27795287649226,154.6164516717142,139.313
WARD_B,2025-06-24 06:00:00+00:00,2025-06-24 12:00:00+00:00,109.642,143.5624655855761,122.39321618796512,164.73171498318706,162.868
ICU,2025-06-24 07:00:00+00:00,2025-06-24 13:00:00+00:00,60.061,68.49965457561939,47.33040517800842,89.66890397323036,62.95
OPD,2025-06-24 07:00:00+00:00,2025-06-24 13:00:00+00:00,104.532,82.04386818227074,60.87461878465977,103.21311757988171,90.548
WARD_A,2025-06-24 07:00:00+00:00,2025-06-24 13:00:00+00:00,121.414,142.47700367748084,121.30775427986987,163.6462530750918,148.0
WARD_B,2025-06-24 07:00:00+00:00,2025-06-24 13:00:00+00:00,145.044,129.47181131774275,108.30256192013178,150.64106071535372,165.571
ICU,2025-06-24 08:00:00+00:00,2025-06-24 14:00:00+00:00,153.753,151.66957456338153,130.50032516577056,172.8388239609925,144.161
OPD,2025-06-24 08:00:00+00:00,2025-06-24 14:00:00+00:00,156.563,167.00747476696483,145.83822536935386,188.1767241645758,160.997
WARD_A,2025-06-24 08:00:00+00:00,2025-06-24 14:00:00+00:00,222.951,211.64750735738528,190.4782579597743,232.81675675499625,265.508
WARD_B,2025-06-24 08:00:00+00:00,2025-06-24 14:00:00+00:00,213.179,216.02774889829763,194.85849950068666,237.1969982959086,231.129
ICU,2025-06-24 09:00:00+00:00,2025-06-24 15:00:00+00:00,61.517,69.293840996346,48.12459159873504,90.46309039395697,67.157
OPD,2025-06-24 09:00:00+00:00,2025-06-24 15:00:00+00:00,79.146,84.05451617576932,62.88526677815835,105.22376557338029,105.588
WARD_A,2025-06-24 09:00:00+00:00,2025-06-24 15:00:00+00:00,125.042,131.48229099257236,110.31304159496139,152.65154039018333,149.519
WARD_B,2025-06-24 09:00:00+00:00,2025-06-24 15:00:00+00:00,107.92,126.87804529776207,105.7087959001511,148.04729469537304,138.097
ICU,2025-06-24 10:00:00+00:00,2025-06-24 16:00:00+00:00,64.68,72.30986849814761,51.14061910053664,93.47911789575858,51.28
OPD,2025-06-24 10:00:00+00:00,2025-06-24 16:00:00+00:00,99.055,79.57286919175891,58.40361979414794,100.74211858936988,83.435
WARD_A,2025-06-24 10:00:00+00:00,2025-06-24 16:00:00+00:00,131.895,128.25418599558952,107.08493659797855,149.4234353932005,166.67
WARD_B,2025-06-24 10:00:00+00:00,2025-06-24 16:00:00+00:00,114.769,128.5391652968382,107.36991589922724,149.70841469444917,135.325
ICU,2025-06-24 11:00:00+00:00,2025-06-24 17:00:00+00:00,62.068,66.58712048150981,45.417871083898845,87.75636987912078,71.774
OPD,2025-06-24 11:00:00+00:00,2025-06-24 17:00:00+00:00,95.299,73.81726558488175,52.648016187270784,94.98651498249272,70.906
WARD_A,2025-06-24 11:00:00+00:00,2025-06-24 17:00:00+00:00,139.972,134.85823745802793,113.68898806041696,156.0274868556389,151.294
WARD_B,2025-06-24 11:00:00+00:00,2025-06-24 17:00:00+00:00,124.566,133.77324704343752,112.60399764582655,154.9424964410485,145.213
ICU,2025-06-24 12:00:00+00:00,2025-06-24 18:00:00+00:00,67.11,55.10546899157067,33.936219593959706,76.27471838918163,55.071
OPD,2025-06-24 12:00:00+00:00,2025-06-24 18:00:00+00:00,17.139,27.495696382269514,6.326446984658549,48.66494577988048,15.696
WARD_A,2025-06-24 12:00:00+00:00,2025-06-24 18:00:00+00:00,103.685,125.64780074440085,104.47855134678989,146.81705014201182,149.543
WARD_B,2025-06-24 12:00:00+00:00,2025-06-24 18:00:00+00:00,122.971,140.79358319221075,119.62433379459978,161.96283258982172,147.27
ICU,2025-06-24 13:00:00+00:00,2025-06-24 19:00:00+00:00,39.56,55.480984507154375,34.311735109543406,76.65023390476534,65.716
OPD,2025-06-24 13:00:00+00:00,2025-06-24 19:00:00+00:00,23.514,21.285680303082994,0.11643090547202917,42.45492970069396,31.11
WARD_A,2025-06-24 13:00:00+00:00,2025-06-24 19:00:00+00:00,112.293,125.52228507752159,104.35303567991062,146.69153447513256,148.504
WARD_B,2025-06-24 13:00:00+00:00,2025-06-24 19:00:00+00:00,119.594,128.22898230320504,107.05973290559407,149.398231700816,152.885
ICU,2025-06-24 14:00:00+00:00,2025-06-24 20:00:00+00:00,138.692,131.5345315433482,110.36528214573724,152.70378094095918,133.701
OPD,2025-06-24 14:00:00+00:00,2025-06-24 20:00:00+00:00,95.93,109.14237822097759,87.97312882336662,130.31162761858855,94.652
WARD_A,2025-06-24 14:00:00+00:00,2025-06-24 20:00:00+00:00,218.757,210.68753945363676,189.5182900560258,231.85678885124773,222.11
WARD_B,2025-06-24 14:00:00+00:00,2025-06-24 20:00:00+00:00,205.424,193.61046197368313,172.44121257607216,214.7797113712941,223.725
ICU,2025-06-24 15:00:00+00:00,2025-06-24 21:00:00+00:00,64.261,58.56790033694071,37.39865093932974,79.73714973455168,65.702
OPD,2025-06-24 15:00:00+00:00,2025-06-24 21:00:00+00:00,16.149,24.018376001866685,2.8491266042557193,45.18762539947765,19.862
WARD_A,2025-06-24 15:00:00+00:00,2025-06-24 21:00:00+00:00,128.984,124.07545181552852,102.90620241791756,145.24470121313948,130.615
WARD_B,2025-06-24 15:00:00+00:00,2025-06-24 21:00:00+00:00,138.136,122.63585433131924,101.46660493370827,143.8051037289302,135.336
ICU,2025-06-24 16:00:00+00:00,2025-06-24 22:00:00+00:00,60.786,58.56790033694071,37.39865093932974,79.73714973455168,70.88
OPD,2025-06-24 16:00:00+00:00,2025-06-24 22:00:00+00:00,24.015,24.03392204064956,2.8646726430385954,45.203171438260526,19.308
WARD_A,2025-06-24 16:00:00+00:00,2025-06-24 22:00:00+00:00,131.055,124.66540816911701,103.49615877150605,145.83465756672797,143.925
WARD_B,2025-06-24 16:00:00+00:00,2025-06-24 22:00:00+00:00,127.203,122.63585433131924,101.46660493370827,143.8051037289302,148.768
ICU,2025-06-24 17:00:00+00:00,2025-06-24 23:00:00+00:00,52.089,60.159869038008694,38.990619640397725,81.32911843561966,59.729
OPD,2025-06-24 17:00:00+00:00,2025-06-24 23:00:00+00:00,11.283,23.183941288431644,2.0146918908206786,44.35319068604261,41.376
WARD_A,2025-06-24 17:00:00+00:00,2025-06-24 23:00:00+00:00,106.791,124.21424155597242,103.04499215836145,145.3834909535834,151.3
WARD_B,2025-06-24 17:00:00+00:00,2025-06-24 23:00:00+00:00,132.389,122.35966372483125,101.19041432722028,143.52891312244222,133.439
ICU,2025-06-24 18:00:00+00:00,2025-06-25 00:00:00+00:00,39.858,60.43002985705264,39.260780459441676,81.5992792546636,64.329
OPD,2025-06-24 18:00:00+00:00,2025-06-25 00:00:00+00:00,23.595,22.288937051104305,1.1196876534933402,43.45818644871527,9.181
WARD_A,2025-06-24 18:00:00+00:00,2025-06-25 00:00:00+00:00,113.246,121.30471398585132,100.13546458824035,142.4739633834623,140.26
WARD_B,2025-06-24 18:00:00+00:00,2025-06-25 00:00:00+00:00,109.776,123.02103386902641,101.85178447141544,144.19028326663738,154.528
ICU,2025-06-24 19:00:00+00:00,2025-06-25 01:00:00+00:00,70.107,61.24594356143454,40.076694163823575,82.4151929590455,62.771
OPD,2025-06-24 19:00:00+00:00,2025-06-25 01:00:00+00:00,27.191,23.2817741350133,2.1125247374023353,44.45102353262426,13.501
WARD_A,2025-06-24 19:00:00+00:00,2025-06-25 01:00:00+00:00,104.04,120.97497057372696,99.805721176116,142.14421997133792,151.072
WARD_B,2025-06-24 19:00:00+00:00,2025-06-25 01:00:00+00:00,126.037,144.40080154121185,123.23155214360088,165.57005093882282,164.711
ICU,2025-06-24 20:00:00+00:00,2025-06-25 02:00:00+00:00,57.303,67.1344758184628,45.965226420851835,88.30372521607377,50.594
OPD,2025-06-24 20:00:00+00:00,2025-06-25 02:00:00+00:00,16.385,26.62244088278682,5.453191485175854,47.79169028039779,28.766
WARD_A,2025-06-24 20:00:00+00:00,2025-06-25 02:00:00+00:00,121.01,131.56604258922923,110.39679319161826,152.7352919868402,136.282
WARD_B,2025-06-24 20:00:00+00:00,2025-06-25 02:00:00+00:00,141.562,144.47139313904248,123.30214374143151,165.64064253665344,142.237
ICU,2025-06-24 21:00:00+00:00,2025-06-25 03:00:00+00:00,70.912,61.25538817999494,40.08613878238397,82.4246375776059,50.31
OPD,2025-06-24 21:00:00+00:00,2025-06-25 03:00:00+00:00,24.717,24.31638903788305,3.1471396402720835,45.48563843549401,15.521
WARD_A,2025-06-24 21:00:00+00:00,2025-06-25 03:00:00+00:00,118.744,127.38684445830368,106.21759506069272,148.55609385591464,150.935
WARD_B,2025-06-24 21:00:00+00:00,2025-06-25 03:00:00+00:00,114.817,144.89246810140128,123.72321870379031,166.06171749901225,124.817
ICU,2025-06-24 22:00:00+00:00,2025-06-25 04:00:00+00:00,69.76,62.58091385858323,41.41166446097226,83.7501632561942,55.674
OPD,2025-06-24 22:00:00+00:00,2025-06-25 04:00:00+00:00,11.168,31.74271423611573,10.573464838504766,52.9119636337267,24.571
WARD_A,2025-06-24 22:00:00+00:00,2025-06-25 04:00:00+00:00,109.973,133.4131032637839,112.24385386617294,154.58235266139488,161.567
WARD_B,2025-06-24 22:00:00+00:00,2025-06-25 04:00:00+00:00,133.146,145.94249050405514,124.77324110644417,167.1117399016661,163.726
ICU,2025-06-24 23:00:00+00:00,2025-06-25 05:00:00+00:00,52.451,60.3756408404649,39.20639144285393,81.54489023807587,79.615
OPD,2025-06-24 23:00:00+00:00,2025-06-25 05:00:00+00:00,25.613,36.07607545019883,14.906826052587864,57.2453248478098,19.628
WARD_A,2025-06-24 23:00:00+00:00,2025-06-25 05:00:00+00:00,121.277,121.71507378817147,100.5458243905605,142.88432318578242,156.847
WARD_B,2025-06-24 23:00:00+00:00,2025-06-25 05:00:00+00:00,124.389,150.16926712390875,129.00001772629778,171.33851652151972,145.74
ICU,2025-06-25 00:00:00+00:00,2025-06-25 06:00:00+00:00,123.789,140.1140170109042,118.94476761329324,161.28326640851517,141.131
OPD,2025-06-25 00:00:00+00:00,2025-06-25 06:00:00+00:00,103.319,107.41799363686371,86.24874423925274,128.58724303447468,101.11
WARD_A,2025-06-25 00:00:00+00:00,2025-06-25 06:00:00+00:00,200.392,204.84806757873696,183.678818181126,226.01731697634793,240.383
WARD_B,2025-06-25 00:00:00+00:00,2025-06-25 06:00:00+00:00,223.494,221.03800221245953,199.86875281484856,242.2072516100705,246.858
ICU,2025-06-25 01:00:00+00:00,2025-06-25 07:00:00+00:00,59.703,60.00788706591985,38.83863766830889,81.17713646353081,74.202
OPD,2025-06-25 01:00:00+00:00,2025-06-25 07:00:00+00:00,14.261,35.43695447563473,14.267705078023763,56.60620387324569,22.929
WARD_A,2025-06-25 01:00:00+00:00,2025-06-25 07:00:00+00:00,110.629,122.44464211353612,101.27539271592515,143.61389151114707,164.015
WARD_B,2025-06-25 01:00:00+00:00,2025-06-25 07:00:00+00:00,148.757,145.3841413664101,124.21489196879912,166.55339076402106,134.925
ICU,2025-06-25 02:00:00+00:00,2025-06-25 08:00:00+00:00,63.502,65.10531891969315,43.93606952208218,86.27456831730412,62.254
OPD,2025-06-25 02:00:00+00:00,2025-06-25 08:00:00+00:00,66.599,75.04604213884282,53.87679274123185,96.21529153645379,99.231
WARD_A,2025-06-25 02:00:00+00:00,2025-06-25 08:00:00+00:00,154.377,127.182088055796,106.01283865818503,148.35133745340696,142.435
WARD_B,2025-06-25 02:00:00+00:00,2025-06-25 08:00:00+00:00,121.102,145.86183998340402,124.69259058579306,167.031089381015,147.522
ICU,2025-06-25 03:00:00+00:00,2025-06-25 09:00:00+00:00,67.205,66.00604209825885,44.83679270064788,87.17529149586981,63.525
OPD,2025-06-25 03:00:00+00:00,2025-06-25 09:00:00+00:00,87.473,78.76458266395952,57.59533326634855,99.93383206157048,69.914
WARD_A,2025-06-25 03:00:00+00:00,2025-06-25 09:00:00+00:00,140.214,127.85365875551405,106.68440935790308,149.022908153125,175.59
WARD_B,2025-06-25 03:00:00+00:00,2025-06-25 09:00:00+00:00,141.264,145.38881714691064,124.21956774929967,166.5580665445216,165.24
ICU,2025-06-25 04:00:00+00:00,2025-06-25 10:00:00+00:00,54.713,69.0804066790408,47.91115728142984,90.24965607665177,78.144
OPD,2025-06-25 04:00:00+00:00,2025-06-25 10:00:00+00:00,108.13,82.16897022849396,60.99972083088299,103.33821962610493,94.783
WARD_A,2025-06-25 04:00:00+00:00,2025-06-25 10:00:00+00:00,139.688,127.23826507501023,106.06901567739926,148.4075144726212,139.76
WARD_B,2025-06-25 04:00:00+00:00,2025-06-25 10:00:00+00:00,129.98,143.3556630438275,122.18641364621652,164.52491244143846,129.894
ICU,2025-06-25 05:00:00+00:00,2025-06-25 11:00:00+00:00,62.524,68.41327878588815,47.244029388277184,89.58252818349912,82.472
OPD,2025-06-25 05:00:00+00:00,2025-06-25 11:00:00+00:00,83.012,82.76268987042847,61.593440472817505,103.93193926803944,97.095
WARD_A,2025-06-25 05:00:00+00:00,2025-06-25 11:00:00+00:00,140.722,130.57643391138018,109.40718451376921,151.74568330899115,136.555
WARD_B,2025-06-25 05:00:00+00:00,2025-06-25 11:00:00+00:00,105.034,130.57643391138018,109.40718451376921,151.74568330899115,177.089
ICU,2025-06-25 06:00:00+00:00,2025-06-25 12:00:00+00:00,65.221,66.17588853845581,45.00663914084484,87.34513793606678,76.983
OPD,2025-06-25 06:00:00+00:00,2025-06-25 12:00:00+00:00,102.8,82.85676825110573,61.687518853494765,104.0260176487167,84.851
WARD_A,2025-06-25 06:00:00+00:00,2025-06-25 12:00:00+00:00,133.785,128.43758719131074,107.26833779369977,149.6068365889217,167.909
WARD_B,2025-06-25 06:00:00+00:00,2025-06-25 12:00:00+00:00,130.658,133.17982608534908,112.01057668773811,154.34907548296005,153.154
ICU,2025-06-25 07:00:00+00:00,2025-06-25 13:00:00+00:00,66.688,70.3095855612933,49.140336163682335,91.47883495890427,75.418
OPD,2025-06-25 07:00:00+00:00,2025-06-25 13:00:00+00:00,57.53,82.82291479876893,61.653665401157966,103.9921641963799,106.49
WARD_A,2025-06-25 07:00:00+00:00,2025-06-25 13:00:00+00:00,113.507,129.3691025740637,108.19985317645273,150.53835197167467,150.355
WARD_B,2025-06-25 07:00:00+00:00,2025-06-25 13:00:00+00:00,113.545,136.28303375774345,115.11378436013248,157.45228315535442,139.01
ICU,2025-06-25 08:00:00+00:00,2025-06-25 14:00:00+00:00,143.846,151.50215958403538,130.3329101864244,172.67140898164635,141.438
OPD,2025-06-25 08:00:00+00:00,2025-06-25 14:00:00+00:00,176.645,165.00601183400948,143.83676243639852,186.17526123162045,172.91
WARD_A,2025-06-25 08:00:00+00:00,2025-06-25 14:00:00+00:00,200.572,206.88538247087243,185.71613307326146,228.0546318684834,231.509
WARD_B,2025-06-25 08:00:00+00:00,2025-06-25 14:00:00+00:00,222.86,208.7264456245684,187.55719622695744,229.89569502217938,243.864
ICU,2025-06-25 09:00:00+00:00,2025-06-25 15:00:00+00:00,67.542,72.7207200937025,51.55147069609153,93.88996949131347,59.564
OPD,2025-06-25 09:00:00+00:00,2025-06-25 15:00:00+00:00,61.399,85.90653422361376,64.73728482600279,107.07578362122473,79.916
WARD_A,2025-06-25 09:00:00+00:00,2025-06-25 15:00:00+00:00,121.885,130.13625094375155,108.96700154614058,151.30550034136252,176.585
WARD_B,2025-06-25 09:00:00+00:00,2025-06-25 15:00:00+00:00,146.285,131.43653256697343,110.26728316936246,152.6057819645844,159.955
ICU,2025-06-25 10:00:00+00:00,2025-06-25 16:00:00+00:00,61.107,71.89249519329161,50.72324579568064,93.06174459090258,55.28
OPD,2025-06-25 10:00:00+00:00,2025-06-25 16:00:00+00:00,81.554,81.86090822993245,60.69165883232148,103.03015762754342,69.09
WARD_A,2025-06-25 10:00:00+00:00,2025-06-25 16:00:00+00:00,133.514,129.79831280306416,108.6290634054532,150.96756220067513,152.544
WARD_B,2025-06-25 10:00:00+00:00,2025-06-25 16:00:00+00:00,137.925,130.50130190426188,109.33205250665091,151.67055130187285,142.501
ICU,2025-06-25 11:00:00+00:00,2025-06-25 17:00:00+00:00,75.405,70.18919161998508,49.01994222237411,91.35844101759605,62.175
OPD,2025-06-25 11:00:00+00:00,2025-06-25 17:00:00+00:00,101.147,73.81726558488175,52.648016187270784,94.98651498249272,79.702
WARD_A,2025-06-25 11:00:00+00:00,2025-06-25 17:00:00+00:00,134.68,131.01546689104228,109.84621749343131,152.18471628865325,143.531
WARD_B,2025-06-25 11:00:00+00:00,2025-06-25 17:00:00+00:00,126.398,128.60905630745376,107.43980690984279,149.77830570506472,152.161
ICU,2025-06-25 12:00:00+00:00,2025-06-25 18:00:00+00:00,54.541,53.717175996092685,32.54792659848172,74.88642539370365,65.622
OPD,2025-06-25 12:00:00+00:00,2025-06-25 18:00:00+00:00,9.239,27.433472866159953,6.2642234685489875,48.602722263770914,33.931
WARD_A,2025-06-25 12:00:00+00:00,2025-06-25 18:00:00+00:00,114.486,127.35066028365993,106.18141088604897,148.5199096812709,142.258
WARD_B,2025-06-25 12:00:00+00:00,2025-06-25 18:00:00+00:00,119.39,128.30419126737905,107.13494186976808,149.47344066499002,114.642
ICU,2025-06-25 13:00:00+00:00,2025-06-25 19:00:00+00:00,34.233,55.63181165910835,34.46256226149738,76.80106105671932,62.797
OPD,2025-06-25 13:00:00+00:00,2025-06-25 19:00:00+00:00,21.987,21.150113385386923,0.0,42.319362782997885,24.174
WARD_A,2025-06-25 13:00:00+00:00,2025-06-25 19:00:00+00:00,118.998,122.99776200034968,101.82851260273871,144.16701139796064,148.822
WARD_B,2025-06-25 13:00:00+00:00,2025-06-25 19:00:00+00:00,119.662,141.30609886460488,120.13684946699391,162.47534826221585,128.629
ICU,2025-06-25 14:00:00+00:00,2025-06-25 20:00:00+00:00,141.905,133.09781266771037,111.9285632700994,154.26706206532134,159.917
OPD,2025-06-25 14:00:00+00:00,2025-06-25 20:00:00+00:00,98.54,110.21811839885922,89.04886900124825,131.3873677964702,94.03
WARD_A,2025-06-25 14:00:00+00:00,2025-06-25 20:00:00+00:00,208.588,172.47036909819215,151.30111970058118,193.63961849580312,224.713
WARD_B,2025-06-25 14:00:00+00:00,2025-06-25 20:00:00+00:00,226.594,222.7758487063778,201.60659930876682,243.94509810398876,239.705
ICU,2025-06-25 15:00:00+00:00,2025-06-25 21:00:00+00:00,54.652,58.23288933242435,37.06363993481338,79.40213873003532,79.838
OPD,2025-06-25 15:00:00+00:00,2025-06-25 21:00:00+00:00,17.272,24.033619358459053,2.8643699608480873,45.20286875607002,25.359
WARD_A,2025-06-25 15:00:00+00:00,2025-06-25 21:00:00+00:00,110.947,124.06020845893613,102.89095906132516,145.2294578565471,141.073
WARD_B,2025-06-25 15:00:00+00:00,2025-06-25 21:00:00+00:00,121.649,130.049155165734,108.87990576812302,151.21840456334496,152.57
ICU,2025-06-25 16:00:00+00:00,2025-06-25 22:00:00+00:00,47.24,58.23288933242435,37.06363993481338,79.40213873003532,60.008
OPD,2025-06-25 16:00:00+00:00,2025-06-25 22:00:00+00:00,13.978,24.033619358459053,2.8643699608480873,45.20286875607002,10.794
WARD_A,2025-06-25 16:00:00+00:00,2025-06-25 22:00:00+00:00,122.696,124.56009941853031,103.39085002091934,145.72934881614128,163.112
WARD_B,2025-06-25 16:00:00+00:00,2025-06-25 22:00:00+00:00,125.693,126.81260617444529,105.64335677683432,147.98185557205625,155.625
ICU,2025-06-25 17:00:00+00:00,2025-06-25 23:00:00+00:00,46.736,59.458542736370866,38.289293338759904,80.62779213398183,57.963
OPD,2025-06-25 17:00:00+00:00,2025-06-25 23:00:00+00:00,0.702,24.177532253736533,3.008282856125568,45.3467816513475,25.139
WARD_A,2025-06-25 17:00:00+00:00,2025-06-25 23:00:00+00:00,117.712,125.66331233361808,104.49406293600711,146.83256173122905,167.947
WARD_B,2025-06-25 17:00:00+00:00,2025-06-25 23:00:00+00:00,118.856,124.64994813731236,103.4806987397014,145.81919753492332,149.384
ICU,2025-06-25 18:00:00+00:00,2025-06-26 00:00:00+00:00,56.502,60.012656552196646,38.84340715458568,81.18190594980761,65.78
OPD,2025-06-25 18:00:00+00:00,2025-06-26 00:00:00+00:00,26.102,23.008874404689617,1.8396250070786522,44.17812380230058,32.651
WARD_A,2025-06-25 18:00:00+00:00,2025-06-26 00:00:00+00:00,109.458,121.30471398585132,100.13546458824035,142.4739633834623,135.1
WARD_B,2025-06-25 18:00:00+00:00,2025-06-26 00:00:00+00:00,134.113,126.01240813209238,104.8431587344814,147.18165752970333,129.735
ICU,2025-06-25 19:00:00+00:00,2025-06-26 01:00:00+00:00,55.581,59.09246427736851,37.92321487975754,80.26171367497948,71.214
OPD,2025-06-25 19:00:00+00:00,2025-06-26 01:00:00+00:00,22.135,24.33254864892461,3.1632992513136458,45.501798046535576,23.278
WARD_A,2025-06-25 19:00:00+00:00,2025-06-26 01:00:00+00:00,121.247,122.69129045690205,101.52204105929108,143.860539854513,144.522
WARD_B,2025-06-25 19:00:00+00:00,2025-06-26 01:00:00+00:00,132.364,125.52140513311879,104.35215573550782,146.69065453072974,135.647
ICU,2025-06-25 20:00:00+00:00,2025-06-26 02:00:00+00:00,57.263,63.44802315850328,42.27877376089232,84.61727255611424,64.63
OPD,2025-06-25 20:00:00+00:00,2025-06-26 02:00:00+00:00,14.444,25.06463811330102,3.8953887156900535,46.233887510911984,39.206
WARD_A,2025-06-25 20:00:00+00:00,2025-06-26 02:00:00+00:00,128.321,126.95695134896259,105.78770195135162,148.12620074657355,132.807
WARD_B,2025-06-25 20:00:00+00:00,2025-06-26 02:00:00+00:00,133.022,134.4775118552886,113.30826245767764,155.64676125289958,128.166
ICU,2025-06-25 21:00:00+00:00,2025-06-26 03:00:00+00:00,42.818,61.01882251763262,39.84957312002166,82.18807191524358,71.344
OPD,2025-06-25 21:00:00+00:00,2025-06-26 03:00:00+00:00,31.989,24.220549934535015,3.0513005369240496,45.389799332145984,10.893
WARD_A,2025-06-25 21:00:00+00:00,2025-06-26 03:00:00+00:00,121.756,120.98693670001802,99.81768730240705,142.156186097629,134.948
WARD_B,2025-06-25 21:00:00+00:00,2025-06-26 03:00:00+00:00,125.935,124.61982501152295,103.45057561391198,145.78907440913392,134.639
ICU,2025-06-25 22:00:00+00:00,2025-06-26 04:00:00+00:00,42.472,59.85272432829902,38.68347493068805,81.02197372590999,60.893
OPD,2025-06-25 22:00:00+00:00,2025-06-26 04:00:00+00:00,26.276,27.21858811510701,6.049338717496045,48.38783751271798,28.825
WARD_A,2025-06-25 22:00:00+00:00,2025-06-26 04:00:00+00:00,123.905,123.8956756534298,102.72642625581884,145.06492505104077,167.234
WARD_B,2025-06-25 22:00:00+00:00,2025-06-26 04:00:00+00:00,123.738,125.00570375106459,103.83645435345362,146.17495314867554,142.847
ICU,2025-06-25 23:00:00+00:00,2025-06-26 05:00:00+00:00,70.136,61.21659796242956,40.04734856481859,82.38584736004053,53.19
OPD,2025-06-25 23:00:00+00:00,2025-06-26 05:00:00+00:00,22.026,31.471005567378672,10.301756169767707,52.64025496498964,19.588
WARD_A,2025-06-25 23:00:00+00:00,2025-06-26 05:00:00+00:00,130.849,123.13585598740403,101.96660658979306,144.305105385015,156.139
WARD_B,2025-06-25 23:00:00+00:00,2025-06-26 05:00:00+00:00,132.834,125.42620420985342,104.25695481224245,146.59545360746438,141.917
ICU,2025-06-26 00:00:00+00:00,2025-06-26 06:00:00+00:00,139.983,142.19926071668414,121.03001131907317,163.3685101142951,140.951
OPD,2025-06-26 00:00:00+00:00,2025-06-26 06:00:00+00:00,111.271,107.11261930068967,85.9433699030787,128.28186869830063,98.397
WARD_A,2025-06-26 00:00:00+00:00,2025-06-26 06:00:00+00:00,210.328,205.05922640690042,183.88997700928945,226.2284758045114,231.296
WARD_B,2025-06-26 00:00:00+00:00,2025-06-26 06:00:00+00:00,211.748,217.34549579865637,196.1762464010454,238.51474519626734,247.726
ICU,2025-06-26 01:00:00+00:00,2025-06-26 07:00:00+00:00,58.781,60.035019424392914,38.865770026781945,81.20426882200388,60.693
OPD,2025-06-26 01:00:00+00:00,2025-06-26 07:00:00+00:00,26.326,32.941068560451605,11.77181916284064,54.110317958062566,34.303
WARD_A,2025-06-26 01:00:00+00:00,2025-06-26 07:00:00+00:00,118.113,123.2602315010238,102.09098210341283,144.42948089863475,137.554
WARD_B,2025-06-26 01:00:00+00:00,2025-06-26 07:00:00+00:00,130.718,130.3049588618843,109.13570946427333,151.47420825949527,147.102
ICU,2025-06-26 02:00:00+00:00,2025-06-26 08:00:00+00:00,50.834,67.18309394302301,46.01384454541204,88.35234334063398,66.993
OPD,2025-06-26 02:00:00+00:00,2025-06-26 08:00:00+00:00,56.67,79.3762334982879,58.206984100676934,100.54548289589887,70.153
WARD_A,2025-06-26 02:00:00+00:00,2025-06-26 08:00:00+00:00,125.194,133.53293113460418,112.36368173699321,154.70218053221515,156.893
WARD_B,2025-06-26 02:00:00+00:00,2025-06-26 08:00:00+00:00,121.668,137.73576445636593,116.56651505875496,158.9050138539769,154.643
ICU,2025-06-26 03:00:00+00:00,2025-06-26 09:00:00+00:00,68.765,67.76768109708685,46.59843169947588,88.93693049469782,78.116
OPD,2025-06-26 03:00:00+00:00,2025-06-26 09:00:00+00:00,70.556,78.76458266395952,57.59533326634855,99.93383206157048,84.576
WARD_B,2025-06-26 03:00:00+00:00,2025-06-26 09:00:00+00:00,110.741,131.96990529873767,110.8006559011267,153.13915469634864,131.546
ICU,2025-06-26 04:00:00+00:00,2025-06-26 10:00:00+00:00,58.295,68.94276828867564,47.77351889106467,90.1120176862866,72.35
OPD,2025-06-26 04:00:00+00:00,2025-06-26 10:00:00+00:00,66.411,81.15653831533659,59.98728891772562,102.32578771294756,61.714
WARD_A,2025-06-26 04:00:00+00:00,2025-06-26 10:00:00+00:00,124.011,128.57255529941625,107.40330590180528,149.74180469702722,145.792
WARD_B,2025-06-26 04:00:00+00:00,2025-06-26 10:00:00+00:00,130.397,133.53481061393612,112.36556121632515,154.70406001154709,112.311
ICU,2025-06-26 05:00:00+00:00,2025-06-26 11:00:00+00:00,51.752,70.31366288828812,49.14441349067715,91.48291228589909,54.574
OPD,2025-06-26 05:00:00+00:00,2025-06-26 11:00:00+00:00,66.47,82.7298789595094,61.56062956189844,103.89912835712038,97.515
WARD_A,2025-06-26 05:00:00+00:00,2025-06-26 11:00:00+00:00,129.611,131.62692552697595,110.45767612936498,152.79617492458692,151.332
WARD_B,2025-06-26 05:00:00+00:00,2025-06-26 11:00:00+00:00,128.093,134.82024672543372,113.65099732782275,155.9894961230447,158.15
ICU,2025-06-26 06:00:00+00:00,2025-06-26 12:00:00+00:00,47.305,71.20914729468404,50.039897897073075,92.37839669229501,49.002
OPD,2025-06-26 06:00:00+00:00,2025-06-26 12:00:00+00:00,61.292,81.79053459811907,60.6212852005081,102.95978399573004,72.601
WARD_A,2025-06-26 06:00:00+00:00,2025-06-26 12:00:00+00:00,112.757,131.2257561150674,110.05650671745644,152.39500551267838,155.632
WARD_B,2025-06-26 06:00:00+00:00,2025-06-26 12:00:00+00:00,150.683,133.10126952272176,111.9320201251108,154.27051892033273,145.846
ICU,2025-06-26 07:00:00+00:00,2025-06-26 13:00:00+00:00,54.352,69.56738843840235,48.39813904079138,90.73663783601332,71.599
OPD,2025-06-26 07:00:00+00:00,2025-06-26 13:00:00+00:00,81.499,82.7298789595094,61.56062956189844,103.89912835712038,101.4
WARD_A,2025-06-26 07:00:00+00:00,2025-06-26 13:00:00+00:00,99.547,130.5436230004611,109.37437360285014,151.71287239807208,153.052
WARD_B,2025-06-26 07:00:00+00:00,2025-06-26 13:00:00+00:00,134.954,134.11693309273232,112.94768369512136,155.2861824903433,136.842
ICU,2025-06-26 08:00:00+00:00,2025-06-26 14:00:00+00:00,162.276,153.53749411519468,132.3682447175837,174.70674351280564,148.298
OPD,2025-06-26 08:00:00+00:00,2025-06-26 14:00:00+00:00,154.701,163.4728681935912,142.30361879598024,184.64211759120218,150.159
WARD_A,2025-06-26 08:00:00+00:00,2025-06-26 14:00:00+00:00,214.483,204.1026121809013,182.93336278329033,225.27186157851227,230.933
WARD_B,2025-06-26 08:00:00+00:00,2025-06-26 14:00:00+00:00,227.248,210.16554916256226,188.9962997649513,231.33479856017323,217.569
ICU,2025-06-26 09:00:00+00:00,2025-06-26 15:00:00+00:00,56.204,71.96956163915691,50.80031224154594,93.13881103676788,59.243
OPD,2025-06-26 09:00:00+00:00,2025-06-26 15:00:00+00:00,75.709,84.05451617576932,62.88526677815835,105.22376557338029,56.956
WARD_B,2025-06-26 09:00:00+00:00,2025-06-26 15:00:00+00:00,148.196,128.11741130149298,106.94816190388201,149.28666069910395,173.671
ICU,2025-06-26 10:00:00+00:00,2025-06-26 16:00:00+00:00,65.117,71.50397373777447,50.334724340163504,92.67322313538544,61.636
OPD,2025-06-26 10:00:00+00:00,2025-06-26 16:00:00+00:00,96.077,80.37612040108743,59.206871003476465,101.5453697986984,78.792
WARD_A,2025-06-26 10:00:00+00:00,2025-06-26 16:00:00+00:00,147.748,128.5391652968382,107.36991589922724,149.70841469444917,158.768
WARD_B,2025-06-26 10:00:00+00:00,2025-06-26 16:00:00+00:00,139.68,130.50130190426188,109.33205250665091,151.67055130187285,162.006
ICU,2025-06-26 11:00:00+00:00,2025-06-26 17:00:00+00:00,67.229,67.85218621872595,46.68293682111498,89.02143561633692,56.296
OPD,2025-06-26 11:00:00+00:00,2025-06-26 17:00:00+00:00,86.723,73.81726558488175,52.648016187270784,94.98651498249272,88.627
WARD_A,2025-06-26 11:00:00+00:00,2025-06-26 17:00:00+00:00,148.147,131.0478155469015,109.87856614929052,152.21706494451246,147.198
WARD_B,2025-06-26 11:00:00+00:00,2025-06-26 17:00:00+00:00,144.491,132.46734810098346,111.29809870337249,153.63659749859443,128.723
ICU,2025-06-26 12:00:00+00:00,2025-06-26 18:00:00+00:00,54.003,53.63481369575305,32.465564298142084,74.80406309336402,55.881
OPD,2025-06-26 12:00:00+00:00,2025-06-26 18:00:00+00:00,23.665,27.31180339718918,6.142553999578215,48.48105279480015,13.594
WARD_A,2025-06-26 12:00:00+00:00,2025-06-26 18:00:00+00:00,130.782,122.48524632795547,101.3159969303445,143.65449572556642,143.344
WARD_B,2025-06-26 12:00:00+00:00,2025-06-26 18:00:00+00:00,119.611,126.99330292354934,105.82405352593837,148.1625523211603,137.333
ICU,2025-06-26 13:00:00+00:00,2025-06-26 19:00:00+00:00,51.412,55.480984507154375,34.311735109543406,76.65023390476534,69.259
OPD,2025-06-26 13:00:00+00:00,2025-06-26 19:00:00+00:00,30.776,21.285680303082994,0.11643090547202917,42.45492970069396,19.551
WARD_A,2025-06-26 13:00:00+00:00,2025-06-26 19:00:00+00:00,121.615,122.92929714873533,101.76004775112436,144.09854654634628,144.163
WARD_B,2025-06-26 13:00:00+00:00,2025-06-26 19:00:00+00:00,118.073,132.4585479354958,111.28929853788483,153.62779733310677,124.44
ICU,2025-06-26 14:00:00+00:00,2025-06-26 20:00:00+00:00,149.965,131.36711656400206,110.19786716639109,152.53636596161303,144.187
OPD,2025-06-26 14:00:00+00:00,2025-06-26 20:00:00+00:00,97.769,110.88242487825713,89.71317548064616,132.0516742758681,117.141
WARD_A,2025-06-26 14:00:00+00:00,2025-06-26 20:00:00+00:00,216.32,186.34272566387676,165.1734762662658,207.51197506148773,226.938
WARD_B,2025-06-26 14:00:00+00:00,2025-06-26 20:00:00+00:00,223.201,202.13566101039353,180.96641161278257,223.3049104080045,220.038
ICU,2025-06-26 15:00:00+00:00,2025-06-26 21:00:00+00:00,57.185,58.15052703208472,36.981277634473756,79.31977642969568,68.478
OPD,2025-06-26 15:00:00+00:00,2025-06-26 21:00:00+00:00,30.447,24.033619358459053,2.8643699608480873,45.20286875607002,22.523
WARD_A,2025-06-26 15:00:00+00:00,2025-06-26 21:00:00+00:00,119.14,124.35217421449433,103.18292481688336,145.52142361210528,136.311
WARD_B,2025-06-26 15:00:00+00:00,2025-06-26 21:00:00+00:00,124.232,132.15548446228422,110.98623506467325,153.3247338598952,132.311
ICU,2025-06-26 16:00:00+00:00,2025-06-26 22:00:00+00:00,50.183,58.23288933242435,37.06363993481338,79.40213873003532,67.253
OPD,2025-06-26 16:00:00+00:00,2025-06-26 22:00:00+00:00,29.835,24.033619358459053,2.8643699608480873,45.20286875607002,6.388
WARD_A,2025-06-26 16:00:00+00:00,2025-06-26 22:00:00+00:00,106.235,124.83682181749612,103.66757241988515,146.00607121510708,145.824
WARD_B,2025-06-26 16:00:00+00:00,2025-06-26 22:00:00+00:00,130.689,132.40097258158784,111.23172318397687,153.5702219791988,122.971
ICU,2025-06-26 17:00:00+00:00,2025-06-26 23:00:00+00:00,53.347,60.52423372043856,39.35498432282759,81.69348311804953,68.233
OPD,2025-06-26 17:00:00+00:00,2025-06-26 23:00:00+00:00,10.713,23.578467591283275,2.4092181936723094,44.74771698889424,33.497
WARD_A,2025-06-26 17:00:00+00:00,2025-06-26 23:00:00+00:00,120.419,125.7344174473324,104.56516804972144,146.90366684494336,129.297
WARD_B,2025-06-26 17:00:00+00:00,2025-06-26 23:00:00+00:00,139.619,131.34740721156658,110.17815781395561,152.51665660917755,132.521
ICU,2025-06-26 18:00:00+00:00,2025-06-27 00:00:00+00:00,62.807,56.8225743026117,35.65332490500073,77.99182370022267,67.516
OPD,2025-06-26 18:00:00+00:00,2025-06-27 00:00:00+00:00,12.621,20.17668746380667,0.0,41.345936861417634,9.293
WARD_A,2025-06-26 18:00:00+00:00,2025-06-27 00:00:00+00:00,114.859,122.92110443333851,101.75185503572754,144.09035383094948,136.378
WARD_B,2025-06-26 18:00:00+00:00,2025-06-27 00:00:00+00:00,134.083,127.21171457726273,106.04246517965176,148.38096397487368,126.18
ICU,2025-06-26 19:00:00+00:00,2025-06-27 01:00:00+00:00,31.492,56.80717544307965,35.63792604546869,77.97642484069061,65.814
WARD_A,2025-06-26 19:00:00+00:00,2025-06-27 01:00:00+00:00,139.669,122.40263922467275,101.23338982706179,143.57188862228372,148.892
WARD_B,2025-06-26 19:00:00+00:00,2025-06-27 01:00:00+00:00,145.265,127.75998694188955,106.59073754427858,148.9292363395005,142.828
ICU,2025-06-26 20:00:00+00:00,2025-06-27 02:00:00+00:00,56.684,67.45656031691773,46.28731091930676,88.6258097145287,72.011
OPD,2025-06-26 20:00:00+00:00,2025-06-27 02:00:00+00:00,25.83,24.491364050601856,3.3221146529908907,45.66061344821282,21.249
WARD_A,2025-06-26 20:00:00+00:00,2025-06-27 02:00:00+00:00,117.932,129.91417563252202,108.74492623491105,151.083425030133,144.626
WARD_B,2025-06-26 20:00:00+00:00,2025-06-27 02:00:00+00:00,128.283,135.438040596848,114.26879119923703,156.60728999445897,122.457
ICU,2025-06-26 21:00:00+00:00,2025-06-27 03:00:00+00:00,60.801,54.24362340019869,33.07437400258773,75.41287279780965,69.987
OPD,2025-06-26 21:00:00+00:00,2025-06-27 03:00:00+00:00,3.805,19.109156356627096,0.0,40.278405754238065,43.07
WARD_A,2025-06-26 21:00:00+00:00,2025-06-27 03:00:00+00:00,125.783,122.34311420604104,101.17386480843007,143.512363603652,139.217
WARD_B,2025-06-26 21:00:00+00:00,2025-06-27 03:00:00+00:00,134.925,127.63261279932465,106.46336340171368,148.80186219693562,140.343
ICU,2025-06-26 22:00:00+00:00,2025-06-27 04:00:00+00:00,45.902,58.3348609320166,37.16561153440564,79.50411032962757,71.052
OPD,2025-06-26 22:00:00+00:00,2025-06-27 04:00:00+00:00,24.063,28.989785094370454,7.820535696759489,50.159034491981416,35.485
WARD_A,2025-06-26 22:00:00+00:00,2025-06-27 04:00:00+00:00,128.269,121.65127109873598,100.482021701125,142.82052049634694,141.294
WARD_B,2025-06-26 22:00:00+00:00,2025-06-27 04:00:00+00:00,152.063,130.23850966456905,109.06926026695808,151.40775906218002,126.197
ICU,2025-06-26 23:00:00+00:00,2025-06-27 05:00:00+00:00,55.437,57.64695737066723,36.47770797305627,78.81620676827819,58.192
OPD,2025-06-26 23:00:00+00:00,2025-06-27 05:00:00+00:00,26.468,25.678068835564684,4.5088194379537185,46.84731823317565,27.264
WARD_A,2025-06-26 23:00:00+00:00,2025-06-27 05:00:00+00:00,140.617,124.62797282873501,103.45872343112404,145.79722222634598,127.762
WARD_B,2025-06-26 23:00:00+00:00,2025-06-27 05:00:00+00:00,123.76,130.12566588601987,108.9564164884089,151.29491528363084,128.846
ICU,2025-06-27 00:00:00+00:00,2025-06-27 06:00:00+00:00,140.918,136.43042151396006,115.26117211634909,157.59967091157102,150.506
OPD,2025-06-27 00:00:00+00:00,2025-06-27 06:00:00+00:00,121.678,106.14238207763867,84.9731326800277,127.31163147524964,106.683
WARD_A,2025-06-27 00:00:00+00:00,2025-06-27 06:00:00+00:00,200.312,204.67175744376533,183.50250804615436,225.8410068413763,216.663
WARD_B,2025-06-27 00:00:00+00:00,2025-06-27 06:00:00+00:00,219.082,211.28527166318693,190.11602226557596,232.4545210607979,227.801
ICU,2025-06-27 01:00:00+00:00,2025-06-27 07:00:00+00:00,46.651,53.079419257685686,31.91016986007472,74.24866865529665,44.12
WARD_A,2025-06-27 01:00:00+00:00,2025-06-27 07:00:00+00:00,106.343,124.35954302388956,103.19029362627859,145.52879242150053,158.783
WARD_B,2025-06-27 01:00:00+00:00,2025-06-27 07:00:00+00:00,125.38,130.0553711770384,108.88612177942744,151.22462057464938,152.131
ICU,2025-06-27 02:00:00+00:00,2025-06-27 08:00:00+00:00,63.635,63.00425585977504,41.835006462164074,84.17350525738601,84.408
OPD,2025-06-27 02:00:00+00:00,2025-06-27 08:00:00+00:00,71.121,73.53148619815131,52.362236800540344,94.70073559576228,85.638
WARD_A,2025-06-27 02:00:00+00:00,2025-06-27 08:00:00+00:00,131.202,126.95419095212951,105.78494155451854,148.12344034974046,159.263
WARD_B,2025-06-27 02:00:00+00:00,2025-06-27 08:00:00+00:00,138.066,131.93534729121677,110.7660978936058,153.10459668882774,148.774
ICU,2025-06-27 03:00:00+00:00,2025-06-27 09:00:00+00:00,63.879,64.95360730575256,43.78435790814159,86.12285670336352,60.913
OPD,2025-06-27 03:00:00+00:00,2025-06-27 09:00:00+00:00,69.525,78.62991500178066,57.46066560416969,99.79916439939163,86.545
WARD_A,2025-06-27 03:00:00+00:00,2025-06-27 09:00:00+00:00,122.99,128.54550470538157,107.3762553077706,149.71475410299254,174.512
WARD_B,2025-06-27 03:00:00+00:00,2025-06-27 09:00:00+00:00,142.561,132.35336117217838,111.18411177456741,153.52261056978935,146.967
ICU,2025-06-27 04:00:00+00:00,2025-06-27 10:00:00+00:00,60.076,66.25818836780084,45.08893897018987,87.42743776541181,64.322
OPD,2025-06-27 04:00:00+00:00,2025-06-27 10:00:00+00:00,88.523,78.50414874641768,57.334899348806715,99.67339814402865,88.541
WARD_A,2025-06-27 04:00:00+00:00,2025-06-27 10:00:00+00:00,131.22,130.13685773549813,108.96760833788716,151.3061071331091,145.978
WARD_B,2025-06-27 04:00:00+00:00,2025-06-27 10:00:00+00:00,148.402,135.62476212594652,114.45551272833555,156.7940115235575,144.864
ICU,2025-06-27 05:00:00+00:00,2025-06-27 11:00:00+00:00,64.639,67.77226920299428,46.60301980538331,88.94151860060525,57.261
OPD,2025-06-27 05:00:00+00:00,2025-06-27 11:00:00+00:00,79.607,80.11030030150957,58.9410509038986,101.27954969912054,101.567
WARD_A,2025-06-27 05:00:00+00:00,2025-06-27 11:00:00+00:00,147.122,132.8125099149908,111.64326051737984,153.98175931260178,145.528
WARD_B,2025-06-27 05:00:00+00:00,2025-06-27 11:00:00+00:00,142.91,133.42243301581465,112.25318361820368,154.59168241342562,134.318
ICU,2025-06-27 06:00:00+00:00,2025-06-27 12:00:00+00:00,57.558,76.77559239150739,55.60634299389642,97.94484178911836,68.31
OPD,2025-06-27 06:00:00+00:00,2025-06-27 12:00:00+00:00,93.784,79.0231856589046,57.853936261293626,100.19243505651556,72.292
WARD_A,2025-06-27 06:00:00+00:00,2025-06-27 12:00:00+00:00,137.03,132.21378583797184,111.04453644036087,153.3830352355828,141.624
WARD_B,2025-06-27 06:00:00+00:00,2025-06-27 12:00:00+00:00,156.48,138.0280644798328,116.85881508222184,159.19731387744378,131.095
ICU,2025-06-27 07:00:00+00:00,2025-06-27 13:00:00+00:00,80.029,72.60180904088017,51.4325596432692,93.77105843849114,63.954
OPD,2025-06-27 07:00:00+00:00,2025-06-27 13:00:00+00:00,49.733,80.29064051599795,59.12139111838698,101.45988991360892,78.164
WARD_A,2025-06-27 07:00:00+00:00,2025-06-27 13:00:00+00:00,127.321,129.26428358401486,108.0950341864039,150.43353298162583,155.105
WARD_B,2025-06-27 07:00:00+00:00,2025-06-27 13:00:00+00:00,133.413,135.96698806114887,114.7977386635379,157.13623745875984,127.447
ICU,2025-06-27 08:00:00+00:00,2025-06-27 14:00:00+00:00,149.08,156.41211960270616,135.2428702050952,177.58136900031712,167.782
OPD,2025-06-27 08:00:00+00:00,2025-06-27 14:00:00+00:00,159.191,162.03326655846166,140.8640171608507,183.20251595607263,188.055
WARD_A,2025-06-27 08:00:00+00:00,2025-06-27 14:00:00+00:00,198.022,207.3751109309508,186.20586153333983,228.54436032856177,233.509
WARD_B,2025-06-27 08:00:00+00:00,2025-06-27 14:00:00+00:00,217.6,214.6314722656738,193.46222286806284,235.80072166328478,228.675
ICU,2025-06-27 09:00:00+00:00,2025-06-27 15:00:00+00:00,70.885,79.0971086878736,57.92785929026263,100.26635808548457,72.774
OPD,2025-06-27 09:00:00+00:00,2025-06-27 15:00:00+00:00,69.991,82.03843985391931,60.869190456308345,103.20768925153028,86.99
WARD_A,2025-06-27 09:00:00+00:00,2025-06-27 15:00:00+00:00,141.862,128.55027424393663,107.38102484632566,149.7195236415476,145.676
WARD_B,2025-06-27 09:00:00+00:00,2025-06-27 15:00:00+00:00,124.944,138.54073307715316,117.3714836795422,159.70998247476413,131.848
ICU,2025-06-27 10:00:00+00:00,2025-06-27 16:00:00+00:00,65.748,75.26827679904423,54.09902740143326,96.4375261966552,64.083
OPD,2025-06-27 10:00:00+00:00,2025-06-27 16:00:00+00:00,72.15,77.9886951633587,56.81944576574773,99.15794456096967,72.653
WARD_A,2025-06-27 10:00:00+00:00,2025-06-27 16:00:00+00:00,118.163,129.5180865863696,108.34883718875864,150.68733598398057,163.873
WARD_B,2025-06-27 10:00:00+00:00,2025-06-27 16:00:00+00:00,141.679,138.1315938887163,116.96234449110534,159.30084328632728,144.826
ICU,2025-06-27 11:00:00+00:00,2025-06-27 17:00:00+00:00,76.513,67.63359630690154,46.46434690929057,88.8028457045125,55.07
OPD,2025-06-27 11:00:00+00:00,2025-06-27 17:00:00+00:00,81.756,72.62900593168071,51.45975653406974,93.79825532929168,66.548
WARD_A,2025-06-27 11:00:00+00:00,2025-06-27 17:00:00+00:00,123.765,129.55307830837245,108.38382891076148,150.72232770598342,160.733
WARD_B,2025-06-27 11:00:00+00:00,2025-06-27 17:00:00+00:00,121.765,138.66366657253536,117.4944171749244,159.83291597014633,138.184
ICU,2025-06-27 12:00:00+00:00,2025-06-27 18:00:00+00:00,44.772,49.0529888847192,27.883739487108233,70.22223828233017,47.431
OPD,2025-06-27 12:00:00+00:00,2025-06-27 18:00:00+00:00,14.793,27.58492029716875,6.415670899557785,48.75416969477972,35.724
WARD_A,2025-06-27 12:00:00+00:00,2025-06-27 18:00:00+00:00,148.108,126.23133291813855,105.06208352052758,147.40058231574952,157.793
WARD_B,2025-06-27 12:00:00+00:00,2025-06-27 18:00:00+00:00,129.927,135.2564083088958,114.08715891128483,156.42565770650677,133.921
ICU,2025-06-27 13:00:00+00:00,2025-06-27 19:00:00+00:00,40.301,55.47830934567281,34.309059948061844,76.64755874328378,57.49
OPD,2025-06-27 13:00:00+00:00,2025-06-27 19:00:00+00:00,40.225,25.413130243043643,4.2438808454326775,46.58237964065461,13.249
WARD_A,2025-06-27 13:00:00+00:00,2025-06-27 19:00:00+00:00,102.937,126.66937097062835,105.50012157301738,147.8386203682393,150.464
WARD_B,2025-06-27 13:00:00+00:00,2025-06-27 19:00:00+00:00,116.864,135.54290884287678,114.37365944526582,156.71215824048775,129.575
ICU,2025-06-27 14:00:00+00:00,2025-06-27 20:00:00+00:00,142.724,134.90695222638033,113.73770282876936,156.0762016239913,137.75
OPD,2025-06-27 14:00:00+00:00,2025-06-27 20:00:00+00:00,98.628,109.84816876214998,88.67891936453901,131.01741815976095,109.537
WARD_A,2025-06-27 14:00:00+00:00,2025-06-27 20:00:00+00:00,204.083,174.0369111277346,152.86766173012364,195.20616052534558,224.519
WARD_B,2025-06-27 14:00:00+00:00,2025-06-27 20:00:00+00:00,203.317,204.14403985072997,182.974790453119,225.31328924834094,207.03
ICU,2025-06-27 15:00:00+00:00,2025-06-27 21:00:00+00:00,54.881,54.86146344936033,33.69221405174936,76.0307128469713,66.189
OPD,2025-06-27 15:00:00+00:00,2025-06-27 21:00:00+00:00,2.905,23.840398577272254,2.6711491796612883,45.00964797488322,12.577
WARD_A,2025-06-27 15:00:00+00:00,2025-06-27 21:00:00+00:00,123.021,126.76863360241835,105.59938420480738,147.9378830000293,128.097
WARD_B,2025-06-27 15:00:00+00:00,2025-06-27 21:00:00+00:00,144.507,132.32104043252912,111.15179103491815,153.49028983014009,140.272
ICU,2025-06-27 16:00:00+00:00,2025-06-27 22:00:00+00:00,33.603,54.86146344936033,33.69221405174936,76.0307128469713,62.24
OPD,2025-06-27 16:00:00+00:00,2025-06-27 22:00:00+00:00,23.527,24.023551764515027,2.8543023669040615,45.19280116212599,25.543
WARD_A,2025-06-27 16:00:00+00:00,2025-06-27 22:00:00+00:00,133.082,125.04460371979424,103.87535432218327,146.2138531174052,150.235
WARD_B,2025-06-27 16:00:00+00:00,2025-06-27 22:00:00+00:00,141.753,135.29515342524493,114.12590402763396,156.4644028228559,138.304
OPD,2025-06-27 17:00:00+00:00,2025-06-27 23:00:00+00:00,34.205,22.740853359452984,1.571603961842019,43.91010275706395,19.327
WARD_A,2025-06-27 17:00:00+00:00,2025-06-27 23:00:00+00:00,115.359,121.98513513316989,100.81588573555892,143.15438453078085,146.976
WARD_B,2025-06-27 17:00:00+00:00,2025-06-27 23:00:00+00:00,126.848,129.53880501490582,108.36955561729485,150.7080544125168,115.915
ICU,2025-06-27 18:00:00+00:00,2025-06-28 00:00:00+00:00,55.056,56.8225743026117,35.65332490500073,77.99182370022267,55.809
OPD,2025-06-27 18:00:00+00:00,2025-06-28 00:00:00+00:00,23.284,20.138729038437347,0.0,41.307978436048316,22.691
WARD_A,2025-06-27 18:00:00+00:00,2025-06-28 00:00:00+00:00,120.184,125.86712015439173,104.69787075678076,147.0363695520027,136.417
WARD_B,2025-06-27 18:00:00+00:00,2025-06-28 00:00:00+00:00,141.668,133.66117264077246,112.4919232431615,154.83042203838343,133.942
ICU,2025-06-27 19:00:00+00:00,2025-06-28 01:00:00+00:00,60.153,54.30314841883041,33.13389902121945,75.47239781644137,66.916
OPD,2025-06-27 19:00:00+00:00,2025-06-28 01:00:00+00:00,17.746,21.79281190257094,0.623562504959974,42.9620613001819,18.637
WARD_A,2025-06-27 19:00:00+00:00,2025-06-28 01:00:00+00:00,120.096,120.61482819657489,99.44557879896392,141.78407759418585,137.439
WARD_B,2025-06-27 19:00:00+00:00,2025-06-28 01:00:00+00:00,121.726,128.30168603883934,107.13243664122837,149.4709354364503,123.37
ICU,2025-06-27 20:00:00+00:00,2025-06-28 02:00:00+00:00,57.63,62.1584931225278,40.98924372491683,83.32774252013877,52.037
OPD,2025-06-27 20:00:00+00:00,2025-06-28 02:00:00+00:00,13.432,24.554525911920308,3.385276514309343,45.72377530953128,5.325
WARD_A,2025-06-27 20:00:00+00:00,2025-06-28 02:00:00+00:00,131.24,129.54685621316003,108.37760681554906,150.716105610771,165.14
WARD_B,2025-06-27 20:00:00+00:00,2025-06-28 02:00:00+00:00,130.384,132.25068626553454,111.08143686792357,153.4199356631455,128.027
ICU,2025-06-27 21:00:00+00:00,2025-06-28 03:00:00+00:00,39.734,52.662434442428726,31.49318504481776,73.83168384003969,62.694
OPD,2025-06-27 21:00:00+00:00,2025-06-28 03:00:00+00:00,10.433,19.571679725746993,0.0,40.74092912335796,24.81
WARD_A,2025-06-27 21:00:00+00:00,2025-06-28 03:00:00+00:00,98.965,123.1356168683863,101.96636747077532,144.30486626599725,116.357
WARD_B,2025-06-27 21:00:00+00:00,2025-06-28 03:00:00+00:00,143.406,133.62418302340637,112.4549336257954,154.79343242101734,135.864
ICU,2025-06-27 22:00:00+00:00,2025-06-28 04:00:00+00:00,45.56,54.03616699739606,32.8669175997851,75.20541639500702,74.642
OPD,2025-06-27 22:00:00+00:00,2025-06-28 04:00:00+00:00,17.244,26.818094309321708,5.648844911710743,47.98734370693268,24.199
WARD_A,2025-06-27 22:00:00+00:00,2025-06-28 04:00:00+00:00,126.602,125.98312461661642,104.81387521900545,147.15237401422738,155.523
WARD_B,2025-06-27 22:00:00+00:00,2025-06-28 04:00:00+00:00,137.523,139.21323008981537,118.0439806922044,160.38247948742634,130.246
OPD,2025-06-27 23:00:00+00:00,2025-06-28 05:00:00+00:00,13.777,28.31544957249442,7.146200174883454,49.484698970105384,13.429
WARD_A,2025-06-27 23:00:00+00:00,2025-06-28 05:00:00+00:00,139.741,122.50608019244741,101.33683079483644,143.67532959005837,139.262
WARD_B,2025-06-27 23:00:00+00:00,2025-06-28 05:00:00+00:00,112.996,134.2751753229309,113.10592592531992,155.44442472054186,132.7
ICU,2025-06-28 00:00:00+00:00,2025-06-28 06:00:00+00:00,147.412,138.69053999043498,117.52129059282402,159.85978938804595,151.949
OPD,2025-06-28 00:00:00+00:00,2025-06-28 06:00:00+00:00,108.442,106.18951606071093,85.02026666309996,127.3587654583219,107.489
WARD_A,2025-06-28 00:00:00+00:00,2025-06-28 06:00:00+00:00,204.638,208.451757759419,187.28250836180803,229.62100715702996,232.184
WARD_B,2025-06-28 00:00:00+00:00,2025-06-28 06:00:00+00:00,218.663,221.27496849445993,200.10571909684896,242.4442178920709,198.985
ICU,2025-06-28 01:00:00+00:00,2025-06-28 07:00:00+00:00,57.197,54.79632598809372,33.62707659048276,75.96557538570468,47.585
OPD,2025-06-28 01:00:00+00:00,2025-06-28 07:00:00+00:00,20.765,31.44837755257859,10.279128154967626,52.61762695018956,24.283
WARD_A,2025-06-28 01:00:00+00:00,2025-06-28 07:00:00+00:00,122.33,123.05111045513308,101.88186105752212,144.22035985274405,160.859
WARD_B,2025-06-28 01:00:00+00:00,2025-06-28 07:00:00+00:00,134.32,128.9275922716512,107.75834287404024,150.09684166926218,131.152
ICU,2025-06-28 02:00:00+00:00,2025-06-28 08:00:00+00:00,64.034,73.97027666951453,52.801027271903564,95.1395260671255,51.943
OPD,2025-06-28 02:00:00+00:00,2025-06-28 08:00:00+00:00,80.062,73.74948917237951,52.58023977476854,94.91873856999048,80.095
WARD_A,2025-06-28 02:00:00+00:00,2025-06-28 08:00:00+00:00,134.548,128.343948564344,107.17469916673303,149.51319796195497,141.198
WARD_B,2025-06-28 02:00:00+00:00,2025-06-28 08:00:00+00:00,162.156,134.6136042052732,113.44435480766222,155.78285360288416,128.867
ICU,2025-06-28 03:00:00+00:00,2025-06-28 09:00:00+00:00,67.656,76.67815453413643,55.508905136525456,97.8474039317474,71.018
OPD,2025-06-28 03:00:00+00:00,2025-06-28 09:00:00+00:00,62.33,76.93203162763994,55.762782230028975,98.10128102525091,52.514
WARD_A,2025-06-28 03:00:00+00:00,2025-06-28 09:00:00+00:00,127.754,127.41281668966936,106.24356729205839,148.5820660872803,118.273
WARD_B,2025-06-28 03:00:00+00:00,2025-06-28 09:00:00+00:00,146.76,136.66777276872733,115.49852337111636,157.8370221663383,128.66
ICU,2025-06-28 04:00:00+00:00,2025-06-28 10:00:00+00:00,55.736,86.48149049933451,65.31224110172354,107.65073989694548,76.576
OPD,2025-06-28 04:00:00+00:00,2025-06-28 10:00:00+00:00,75.476,79.4563557312346,58.287106333623626,100.62560512884556,63.823
WARD_A,2025-06-28 04:00:00+00:00,2025-06-28 10:00:00+00:00,129.399,128.84160153508662,107.67235213747566,150.0108509326976,156.553
WARD_B,2025-06-28 04:00:00+00:00,2025-06-28 10:00:00+00:00,149.165,136.49222025073541,115.32297085312445,157.66146964834638,128.483
ICU,2025-06-28 05:00:00+00:00,2025-06-28 11:00:00+00:00,78.097,87.8217670373905,66.65251763977953,108.99101643500147,66.294
OPD,2025-06-28 05:00:00+00:00,2025-06-28 11:00:00+00:00,99.675,80.2033361407691,59.03408674315813,101.37258553838006,95.845
WARD_A,2025-06-28 05:00:00+00:00,2025-06-28 11:00:00+00:00,126.739,133.3548904919084,112.18564109429744,154.52413988951938,146.379
WARD_B,2025-06-28 05:00:00+00:00,2025-06-28 11:00:00+00:00,138.86,131.12152497417333,109.95227557656236,152.2907743717843,140.758
ICU,2025-06-28 06:00:00+00:00,2025-06-28 12:00:00+00:00,63.395,94.57945467562703,73.41020527801606,115.748704073238,87.862
OPD,2025-06-28 06:00:00+00:00,2025-06-28 12:00:00+00:00,52.683,78.94295441560466,57.77370501799369,100.11220381321563,79.665
WARD_A,2025-06-28 06:00:00+00:00,2025-06-28 12:00:00+00:00,122.754,132.80631332407592,111.63706392646495,153.97556272168688,144.927
WARD_B,2025-06-28 06:00:00+00:00,2025-06-28 12:00:00+00:00,117.678,135.73800748783603,114.56875809022506,156.907256885447,142.372
ICU,2025-06-28 07:00:00+00:00,2025-06-28 13:00:00+00:00,63.189,87.71746498154866,66.54821558393769,108.88671437915963,54.553
OPD,2025-06-28 07:00:00+00:00,2025-06-28 13:00:00+00:00,80.182,80.0774893905905,58.90823999297953,101.24673878820147,81.451
WARD_A,2025-06-28 07:00:00+00:00,2025-06-28 13:00:00+00:00,126.765,130.2958217205667,109.12657232295572,151.46507111817766,151.818
WARD_B,2025-06-28 07:00:00+00:00,2025-06-28 13:00:00+00:00,147.805,137.5817210927349,116.41247169512394,158.75097049034588,132.048
ICU,2025-06-28 08:00:00+00:00,2025-06-28 14:00:00+00:00,164.814,156.79857142482655,135.62932202721558,177.96782082243752,147.76
OPD,2025-06-28 08:00:00+00:00,2025-06-28 14:00:00+00:00,184.45,163.23603095998712,142.06678156237615,184.4052803575981,173.385
WARD_A,2025-06-28 08:00:00+00:00,2025-06-28 14:00:00+00:00,209.334,210.05920127790336,188.8899518802924,231.22845067551432,231.504
WARD_B,2025-06-28 08:00:00+00:00,2025-06-28 14:00:00+00:00,233.985,228.42388797654763,207.25463857893666,249.5931373741586,226.718
ICU,2025-06-28 09:00:00+00:00,2025-06-28 15:00:00+00:00,62.53,81.91632123629215,60.74707183868118,103.08557063390312,67.021
OPD,2025-06-28 09:00:00+00:00,2025-06-28 15:00:00+00:00,75.847,83.17830934295755,62.00905994534658,104.34755874056852,89.719
WARD_A,2025-06-28 09:00:00+00:00,2025-06-28 15:00:00+00:00,143.946,130.89699535760892,109.72774595999795,152.06624475521988,165.382
WARD_B,2025-06-28 09:00:00+00:00,2025-06-28 15:00:00+00:00,161.025,139.44060725384543,118.27135785623446,160.6098566514564,109.85
ICU,2025-06-28 10:00:00+00:00,2025-06-28 16:00:00+00:00,56.952,76.73735863593433,55.56810923832336,97.9066080335453,74.815
OPD,2025-06-28 10:00:00+00:00,2025-06-28 16:00:00+00:00,111.518,78.2806609189169,57.111411521305925,99.44991031652786,88.152
WARD_A,2025-06-28 10:00:00+00:00,2025-06-28 16:00:00+00:00,142.466,129.58051892590953,108.41126952829856,150.7497683235205,151.38
WARD_B,2025-06-28 10:00:00+00:00,2025-06-28 16:00:00+00:00,158.297,137.97829405301374,116.80904465540277,159.1475434506247,130.754
ICU,2025-06-28 11:00:00+00:00,2025-06-28 17:00:00+00:00,50.42,72.6169992493848,51.447749851773835,93.78624864699577,68.329
OPD,2025-06-28 11:00:00+00:00,2025-06-28 17:00:00+00:00,56.316,77.93355111685867,56.7643017192477,99.10280051446964,61.161
WARD_A,2025-06-28 11:00:00+00:00,2025-06-28 17:00:00+00:00,131.549,129.10854552114083,107.93929612352986,150.2777949187518,162.386
WARD_B,2025-06-28 11:00:00+00:00,2025-06-28 17:00:00+00:00,167.046,138.27672034485195,117.10747094724098,159.44596974246292,141.865
ICU,2025-06-28 12:00:00+00:00,2025-06-28 18:00:00+00:00,71.406,53.27282673642116,32.1035773388102,74.44207613403212,59.526
OPD,2025-06-28 12:00:00+00:00,2025-06-28 18:00:00+00:00,0.0,27.564781512938673,6.395532115327708,48.734030910549635,11.734
WARD_A,2025-06-28 12:00:00+00:00,2025-06-28 18:00:00+00:00,118.958,124.56983627181978,103.40058687420881,145.73908566943075,137.796
WARD_B,2025-06-28 12:00:00+00:00,2025-06-28 18:00:00+00:00,147.547,133.51881483787557,112.3495654402646,154.68806423548654,114.742
ICU,2025-06-28 13:00:00+00:00,2025-06-28 19:00:00+00:00,54.412,50.49776316639072,29.328513768779754,71.66701256400168,68.362
OPD,2025-06-28 13:00:00+00:00,2025-06-28 19:00:00+00:00,31.293,21.437127734091796,0.26787833648083037,42.60637713170276,8.57
WARD_A,2025-06-28 13:00:00+00:00,2025-06-28 19:00:00+00:00,128.041,124.64554350755617,103.4762941099452,145.81479290516714,143.568
WARD_B,2025-06-28 13:00:00+00:00,2025-06-28 19:00:00+00:00,134.747,133.35035506967117,112.1811056720602,154.51960446728214,132.088
ICU,2025-06-28 14:00:00+00:00,2025-06-28 20:00:00+00:00,133.208,131.28207910218086,110.11282970456989,152.45132849979183,151.766
OPD,2025-06-28 14:00:00+00:00,2025-06-28 20:00:00+00:00,95.109,110.36956582986801,89.20031643225704,131.53881522747898,107.642
WARD_A,2025-06-28 14:00:00+00:00,2025-06-28 20:00:00+00:00,227.393,189.59254699548492,168.42329759787395,210.7617963930959,226.47
WARD_B,2025-06-28 14:00:00+00:00,2025-06-28 20:00:00+00:00,223.112,203.61007080986226,182.4408214122513,224.77932020747323,207.598
ICU,2025-06-28 15:00:00+00:00,2025-06-28 21:00:00+00:00,69.933,54.86146344936033,33.69221405174936,76.0307128469713,62.943
OPD,2025-06-28 15:00:00+00:00,2025-06-28 21:00:00+00:00,15.619,23.54843282171407,2.379183424103104,44.717682219325035,20.643
WARD_A,2025-06-28 15:00:00+00:00,2025-06-28 21:00:00+00:00,123.779,127.75586975801816,106.5866203604072,148.92511915562912,143.918
WARD_B,2025-06-28 15:00:00+00:00,2025-06-28 21:00:00+00:00,127.687,136.00439527954777,114.8351458819368,157.17364467715873,117.853
ICU,2025-06-28 16:00:00+00:00,2025-06-28 22:00:00+00:00,49.013,54.7791011490207,33.609851751409735,75.94835054663166,71.991
OPD,2025-06-28 16:00:00+00:00,2025-06-28 22:00:00+00:00,24.486,23.840398577272254,2.6711491796612883,45.00964797488322,24.904
WARD_A,2025-06-28 16:00:00+00:00,2025-06-28 22:00:00+00:00,147.879,128.42125111653908,107.25200171892811,149.59050051415005,143.324
WARD_B,2025-06-28 16:00:00+00:00,2025-06-28 22:00:00+00:00,146.611,136.00439527954777,114.8351458819368,157.17364467715873,117.882
ICU,2025-06-28 17:00:00+00:00,2025-06-28 23:00:00+00:00,40.322,54.10521958796351,32.93597019035255,75.27446898557447,64.609
OPD,2025-06-28 17:00:00+00:00,2025-06-28 23:00:00+00:00,32.053,23.17206671341815,2.002817315807185,44.341316111029116,13.094
WARD_A,2025-06-28 17:00:00+00:00,2025-06-28 23:00:00+00:00,118.689,124.16663161364436,102.99738221603339,145.3358810112553,129.519
WARD_B,2025-06-28 17:00:00+00:00,2025-06-28 23:00:00+00:00,141.517,137.7585835746547,116.58933417704372,158.92783297226566,127.866
ICU,2025-06-28 18:00:00+00:00,2025-06-29 00:00:00+00:00,62.142,59.316291481792334,38.147042084181365,80.4855408794033,59.982
OPD,2025-06-28 18:00:00+00:00,2025-06-29 00:00:00+00:00,16.252,19.90754408306279,0.0,41.07679348067376,23.821
WARD_B,2025-06-28 18:00:00+00:00,2025-06-29 00:00:00+00:00,140.796,141.76147889196736,120.59222949435639,162.93072828957833,114.991
ICU,2025-06-28 19:00:00+00:00,2025-06-29 01:00:00+00:00,41.45,54.2565319605421,33.08728256293114,75.42578135815306,66.587
OPD,2025-06-28 19:00:00+00:00,2025-06-29 01:00:00+00:00,16.939,19.791109904450888,0.0,40.96035930206185,21.275
WARD_A,2025-06-28 19:00:00+00:00,2025-06-29 01:00:00+00:00,132.869,123.7547851446699,102.58553574705893,144.92403454228085,128.812
WARD_B,2025-06-28 19:00:00+00:00,2025-06-29 01:00:00+00:00,144.032,142.41799187610386,121.24874247849289,163.58724127371482,129.798
ICU,2025-06-28 20:00:00+00:00,2025-06-29 02:00:00+00:00,59.981,60.39663965895596,39.22739026134499,81.56588905656693,59.132
OPD,2025-06-28 20:00:00+00:00,2025-06-29 02:00:00+00:00,12.124,24.52330831316404,3.3540589155530753,45.692557710775006,14.478
WARD_A,2025-06-28 20:00:00+00:00,2025-06-29 02:00:00+00:00,127.995,132.97932036326011,111.81007096564915,154.14856976087108,150.011
WARD_B,2025-06-28 20:00:00+00:00,2025-06-29 02:00:00+00:00,126.872,143.9991027129419,122.82985331533092,165.16835211055286,160.121
ICU,2025-06-28 21:00:00+00:00,2025-06-29 03:00:00+00:00,68.738,54.24770072719352,33.07845132958255,75.41695012480449,56.018
OPD,2025-06-28 21:00:00+00:00,2025-06-29 03:00:00+00:00,22.187,19.173626190490882,0.0,40.34287558810185,34.702
WARD_A,2025-06-28 21:00:00+00:00,2025-06-29 03:00:00+00:00,122.16,123.42107867862218,102.25182928101121,144.59032807623313,144.569
WARD_B,2025-06-28 21:00:00+00:00,2025-06-29 03:00:00+00:00,156.983,142.0218757192812,120.85262632167024,163.19112511689218,101.505
ICU,2025-06-28 22:00:00+00:00,2025-06-29 04:00:00+00:00,45.501,59.3271822200926,38.15793282248164,80.49643161770356,56.894
OPD,2025-06-28 22:00:00+00:00,2025-06-29 04:00:00+00:00,34.024,25.990795605349994,4.821546207739029,47.160045002960956,28.884
WARD_A,2025-06-28 22:00:00+00:00,2025-06-29 04:00:00+00:00,119.182,131.28327266235237,110.1140232647414,152.45252205996334,140.043
WARD_B,2025-06-28 22:00:00+00:00,2025-06-29 04:00:00+00:00,158.43,144.7726775682661,123.60342817065512,165.94192696587706,145.482
OPD,2025-06-28 23:00:00+00:00,2025-06-29 05:00:00+00:00,16.87,27.17760387262883,6.008354475017864,48.34685327023979,20.951
WARD_A,2025-06-28 23:00:00+00:00,2025-06-29 05:00:00+00:00,139.535,125.95415499622709,104.78490559861612,147.12340439383806,124.837
WARD_B,2025-06-28 23:00:00+00:00,2025-06-29 05:00:00+00:00,132.933,145.45854388665117,124.2892944890402,166.62779328426214,103.145
ICU,2025-06-29 00:00:00+00:00,2025-06-29 06:00:00+00:00,151.067,133.5743575190356,112.40510812142463,154.74360691664657,133.43
OPD,2025-06-29 00:00:00+00:00,2025-06-29 06:00:00+00:00,99.73,95.83310553171512,74.66385613410415,117.00235492932609,96.212
WARD_B,2025-06-29 00:00:00+00:00,2025-06-29 06:00:00+00:00,208.225,228.3008434614502,207.13159406383923,249.47009285906117,218.217
ICU,2025-06-29 01:00:00+00:00,2025-06-29 07:00:00+00:00,61.955,43.856814056077795,22.68756465846683,65.02606345368876,70.958
OPD,2025-06-29 01:00:00+00:00,2025-06-29 07:00:00+00:00,20.888,22.21304391919714,1.0437945215861753,43.3822933168081,25.909
WARD_A,2025-06-29 01:00:00+00:00,2025-06-29 07:00:00+00:00,125.31,130.13605318301614,108.96680378540518,151.3053025806271,144.106
WARD_B,2025-06-29 01:00:00+00:00,2025-06-29 07:00:00+00:00,142.809,142.81487298182074,121.64562358420977,163.9841223794317,131.675
ICU,2025-06-29 02:00:00+00:00,2025-06-29 08:00:00+00:00,50.461,61.38328337795519,40.214033980344226,82.55253277556615,65.848
OPD,2025-06-29 02:00:00+00:00,2025-06-29 08:00:00+00:00,26.452,27.37162159790584,6.2023722002948745,48.540870995516805,16.531
WARD_A,2025-06-29 02:00:00+00:00,2025-06-29 08:00:00+00:00,137.721,125.86996354771738,104.7007141501064,147.03921294532833,139.978
WARD_B,2025-06-29 02:00:00+00:00,2025-06-29 08:00:00+00:00,136.538,143.5133275249748,122.34407812736384,164.68257692258578,131.63
ICU,2025-06-29 03:00:00+00:00,2025-06-29 09:00:00+00:00,75.615,60.53805082060815,39.36880142299718,81.70730021821912,54.879
OPD,2025-06-29 03:00:00+00:00,2025-06-29 09:00:00+00:00,28.508,29.999552064673452,8.830302667062487,51.16880146228442,27.312
WARD_A,2025-06-29 03:00:00+00:00,2025-06-29 09:00:00+00:00,119.726,127.8767176766635,106.70746827905253,149.04596707427447,164.417
WARD_B,2025-06-29 03:00:00+00:00,2025-06-29 09:00:00+00:00,143.187,144.43731015441813,123.26806075680716,165.6065595520291,144.494
ICU,2025-06-29 04:00:00+00:00,2025-06-29 10:00:00+00:00,53.437,60.210551629401614,39.04130223179065,81.37980102701258,74.033
OPD,2025-06-29 04:00:00+00:00,2025-06-29 10:00:00+00:00,20.511,29.982545825132036,8.81329642752107,51.151795222743004,25.258
WARD_A,2025-06-29 04:00:00+00:00,2025-06-29 10:00:00+00:00,114.353,127.74844231689384,106.57919291928287,148.9176917145048,143.359
WARD_B,2025-06-29 04:00:00+00:00,2025-06-29 10:00:00+00:00,145.396,145.37439504238355,124.20514564477259,166.54364443999452,113.938
ICU,2025-06-29 05:00:00+00:00,2025-06-29 11:00:00+00:00,55.075,61.19409356734032,40.02484416972935,82.36334296495129,63.734
OPD,2025-06-29 05:00:00+00:00,2025-06-29 11:00:00+00:00,34.603,29.71390730281124,8.544657905200275,50.883156700422205,13.774
WARD_A,2025-06-29 05:00:00+00:00,2025-06-29 11:00:00+00:00,116.967,132.33009220063826,111.1608428030273,153.49934159824923,131.68
WARD_B,2025-06-29 05:00:00+00:00,2025-06-29 11:00:00+00:00,156.942,143.3067921550116,122.13754275740064,164.47604155262258,112.532
ICU,2025-06-29 06:00:00+00:00,2025-06-29 12:00:00+00:00,67.395,79.56476091677733,58.39551151916636,100.7340103143883,52.719
OPD,2025-06-29 06:00:00+00:00,2025-06-29 12:00:00+00:00,26.875,44.18084094238759,23.011591544776625,65.35009033999856,21.754
WARD_A,2025-06-29 06:00:00+00:00,2025-06-29 12:00:00+00:00,145.66,134.6160490043289,113.44679960671792,155.78529840193985,117.419
WARD_B,2025-06-29 06:00:00+00:00,2025-06-29 12:00:00+00:00,133.849,144.02270006102353,122.85345066341256,165.1919494586345,129.677
ICU,2025-06-29 07:00:00+00:00,2025-06-29 13:00:00+00:00,66.647,61.126679749412375,39.957430351801406,82.29592914702334,75.974
OPD,2025-06-29 07:00:00+00:00,2025-06-29 13:00:00+00:00,22.078,29.71390730281124,8.544657905200275,50.883156700422205,29.803
WARD_A,2025-06-29 07:00:00+00:00,2025-06-29 13:00:00+00:00,129.131,130.69606080893604,109.52681141132507,151.865310206547,127.848
WARD_B,2025-06-29 07:00:00+00:00,2025-06-29 13:00:00+00:00,142.024,143.58483127987324,122.41558188226227,164.7540806774842,126.399
ICU,2025-06-29 08:00:00+00:00,2025-06-29 14:00:00+00:00,152.074,134.7456150124435,113.57636561483253,155.91486441005446,156.939
OPD,2025-06-29 08:00:00+00:00,2025-06-29 14:00:00+00:00,106.755,99.66309198379473,78.49384258618376,120.8323413814057,94.4
WARD_A,2025-06-29 08:00:00+00:00,2025-06-29 14:00:00+00:00,225.477,212.87771890284301,191.70846950523205,234.04696830045398,219.129
WARD_B,2025-06-29 08:00:00+00:00,2025-06-29 14:00:00+00:00,213.444,228.46492833171584,207.29567893410487,249.6341777293268,206.708
ICU,2025-06-29 09:00:00+00:00,2025-06-29 15:00:00+00:00,51.604,63.50958545380315,42.340336056192186,84.67883485141411,56.13
OPD,2025-06-29 09:00:00+00:00,2025-06-29 15:00:00+00:00,5.119,33.01902652642952,11.849777128818555,54.18827592404048,24.708
WARD_A,2025-06-29 09:00:00+00:00,2025-06-29 15:00:00+00:00,138.855,130.2259629454705,109.05671354785954,151.39521234308148,135.498
WARD_B,2025-06-29 09:00:00+00:00,2025-06-29 15:00:00+00:00,169.119,145.15040532351622,123.98115592590526,166.3196547211272,127.301
ICU,2025-06-29 10:00:00+00:00,2025-06-29 16:00:00+00:00,64.025,62.87586451403732,41.70661511642635,84.04511391164829,63.116
OPD,2025-06-29 10:00:00+00:00,2025-06-29 16:00:00+00:00,17.129,31.876406034157036,10.70715663654607,53.045655431768,35.361
WARD_A,2025-06-29 10:00:00+00:00,2025-06-29 16:00:00+00:00,139.63,141.5417051174706,120.37245571985963,162.71095451508157,133.29
WARD_B,2025-06-29 10:00:00+00:00,2025-06-29 16:00:00+00:00,136.13,145.59320018205446,124.42395078444349,166.76244957966543,127.981
ICU,2025-06-29 11:00:00+00:00,2025-06-29 17:00:00+00:00,60.157,64.68082973713297,43.511580339522,85.85007913474394,62.039
OPD,2025-06-29 11:00:00+00:00,2025-06-29 17:00:00+00:00,13.651,31.89098301535189,10.721733617740924,53.060232412962854,13.289
WARD_A,2025-06-29 11:00:00+00:00,2025-06-29 17:00:00+00:00,127.511,144.08818210518908,122.91893270757811,165.25743150280005,143.089
WARD_B,2025-06-29 11:00:00+00:00,2025-06-29 17:00:00+00:00,146.526,145.5803645291422,124.41111513153123,166.74961392675317,112.835
ICU,2025-06-29 12:00:00+00:00,2025-06-29 18:00:00+00:00,48.234,45.96790309737849,24.798653699767524,67.13715249498945,45.984
OPD,2025-06-29 12:00:00+00:00,2025-06-29 18:00:00+00:00,19.858,25.657661923200003,4.4884125255890375,46.826911320810964,8.069
WARD_A,2025-06-29 12:00:00+00:00,2025-06-29 18:00:00+00:00,154.594,143.37206725616483,122.20281785855386,164.5413166537758,144.048
WARD_B,2025-06-29 12:00:00+00:00,2025-06-29 18:00:00+00:00,174.968,143.22225295720443,122.05300355959346,164.3915023548154,148.084
ICU,2025-06-29 13:00:00+00:00,2025-06-29 19:00:00+00:00,58.276,52.52942457532758,31.360175177716616,73.69867397293855,63.698
OPD,2025-06-29 13:00:00+00:00,2025-06-29 19:00:00+00:00,14.932,24.706221949044107,3.5369725514331414,45.875471346655075,43.601
WARD_A,2025-06-29 13:00:00+00:00,2025-06-29 19:00:00+00:00,127.772,142.77799983797775,121.60875044036678,163.9472492355887,150.813
WARD_B,2025-06-29 13:00:00+00:00,2025-06-29 19:00:00+00:00,153.853,144.03712921055933,122.86787981294836,165.2063786081703,161.352
ICU,2025-06-29 14:00:00+00:00,2025-06-29 20:00:00+00:00,143.022,136.35722147470238,115.18797207709142,157.52647087231335,155.161
OPD,2025-06-29 14:00:00+00:00,2025-06-29 20:00:00+00:00,95.608,84.57967162935324,63.410422231742274,105.74892102696421,88.404
WARD_A,2025-06-29 14:00:00+00:00,2025-06-29 20:00:00+00:00,223.796,212.44821235810517,191.2789629604942,233.61746175571614,222.285
WARD_B,2025-06-29 14:00:00+00:00,2025-06-29 20:00:00+00:00,244.652,190.90567078806887,169.7364213904579,212.07492018567984,196.066
ICU,2025-06-29 15:00:00+00:00,2025-06-29 21:00:00+00:00,71.445,55.11560815149368,33.94635875388272,76.28485754910464,68.655
OPD,2025-06-29 15:00:00+00:00,2025-06-29 21:00:00+00:00,28.897,19.732641034110607,0.0,40.90189043172157,21.375
WARD_A,2025-06-29 15:00:00+00:00,2025-06-29 21:00:00+00:00,124.397,148.15292067534972,126.98367127773875,169.3221700729607,132.811
WARD_B,2025-06-29 15:00:00+00:00,2025-06-29 21:00:00+00:00,152.08,140.62261115209463,119.45336175448367,161.7918605497056,124.209
ICU,2025-06-29 16:00:00+00:00,2025-06-29 22:00:00+00:00,59.55,52.38657881249385,31.217329414882887,73.55582821010482,63.662
OPD,2025-06-29 16:00:00+00:00,2025-06-29 22:00:00+00:00,8.197,20.78940916718274,0.0,41.95865856479371,31.521
WARD_A,2025-06-29 16:00:00+00:00,2025-06-29 22:00:00+00:00,123.475,131.75899556715686,110.58974616954589,152.92824496476783,131.385
WARD_B,2025-06-29 16:00:00+00:00,2025-06-29 22:00:00+00:00,138.075,143.38981060641282,122.22056120880185,164.5590600040238,107.005
ICU,2025-06-29 17:00:00+00:00,2025-06-29 23:00:00+00:00,47.954,53.83290974643164,32.66366034882067,75.00215914404261,68.637
OPD,2025-06-29 17:00:00+00:00,2025-06-29 23:00:00+00:00,41.246,18.65260379319861,0.0,39.82185319080958,32.763
WARD_A,2025-06-29 17:00:00+00:00,2025-06-29 23:00:00+00:00,134.243,128.3854232775097,107.21617387989872,149.55467267512066,149.767
WARD_B,2025-06-29 17:00:00+00:00,2025-06-29 23:00:00+00:00,148.675,142.48458360198705,121.31533420437609,163.65383299959802,139.355
