zone_id,origin_time,target_time,actual,prediction,lower,upper,baseline
ICU,2025-05-25 00:00:00+00:00,2025-05-25 01:00:00+00:00,13.8683,14.522511401300271,13.170031832476793,15.874990970123749,14.9383
OPD,2025-05-25 00:00:00+00:00,2025-05-25 01:00:00+00:00,9.0748,10.758800547456955,9.406320978633477,12.111280116280433,10.6345
WARD_A,2025-05-25 00:00:00+00:00,2025-05-25 01:00:00+00:00,13.8004,13.825338989433277,12.4728594206098,15.177818558256755,12.7274
WARD_B,2025-05-25 00:00:00+00:00,2025-05-25 01:00:00+00:00,12.0173,13.121733786120172,11.769254217296695,14.47421335494365,12.8353
ICU,2025-05-25 01:00:00+00:00,2025-05-25 02:00:00+00:00,14.6088,14.467605855264019,13.11512628644054,15.820085424087496,15.5954
OPD,2025-05-25 01:00:00+00:00,2025-05-25 02:00:00+00:00,10.1027,10.431344310871623,9.078864742048145,11.7838238796951,10.172
WARD_A,2025-05-25 01:00:00+00:00,2025-05-25 02:00:00+00:00,12.9002,13.950597621288168,12.59811805246469,15.303077190111646,13.9364
WARD_B,2025-05-25 01:00:00+00:00,2025-05-25 02:00:00+00:00,13.4461,12.504177406563473,11.151697837739995,13.85665697538695,13.6483
ICU,2025-05-25 02:00:00+00:00,2025-05-25 03:00:00+00:00,15.7776,14.843229129473416,13.490749560649938,16.195708698296894,15.1905
OPD,2025-05-25 02:00:00+00:00,2025-05-25 03:00:00+00:00,10.933,10.21684854302682,8.864368974203343,11.569328111850298,11.3807
WARD_A,2025-05-25 02:00:00+00:00,2025-05-25 03:00:00+00:00,13.4125,13.550189455020426,12.197709886196948,14.902669023843904,14.0389
WARD_B,2025-05-25 02:00:00+00:00,2025-05-25 03:00:00+00:00,13.3715,13.022624479414217,11.67014491059074,14.375104048237695,13.2332
ICU,2025-05-25 03:00:00+00:00,2025-05-25 04:00:00+00:00,14.6508,15.912152738192926,14.559673169369448,17.264632307016406,15.4735
OPD,2025-05-25 03:00:00+00:00,2025-05-25 04:00:00+00:00,10.5847,11.027514883631785,9.675035314808307,12.379994452455263,9.9755
WARD_A,2025-05-25 03:00:00+00:00,2025-05-25 04:00:00+00:00,12.2232,13.926472166264357,12.57399259744088,15.278951735087835,13.3614
WARD_B,2025-05-25 03:00:00+00:00,2025-05-25 04:00:00+00:00,13.0734,13.556746790147654,12.204267221324177,14.909226358971132,13.6256
ICU,2025-05-25 04:00:00+00:00,2025-05-25 05:00:00+00:00,14.9529,15.45969865343712,14.107219084613643,16.8121782222606,16.1586
OPD,2025-05-25 04:00:00+00:00,2025-05-25 05:00:00+00:00,9.5598,10.854049936340303,9.501570367516825,12.20652950516378,10.8561
WARD_A,2025-05-25 04:00:00+00:00,2025-05-25 05:00:00+00:00,13.4484,13.704008647794478,12.351529078971,15.056488216617955,13.9358
WARD_B,2025-05-25 04:00:00+00:00,2025-05-25 05:00:00+00:00,12.8785,13.562566228136415,12.210086659312937,14.915045796959893,14.1393
ICU,2025-05-25 05:00:00+00:00,2025-05-25 06:00:00+00:00,16.7715,17.305646596316237,15.953167027492759,18.658126165139716,17.902
OPD,2025-05-25 05:00:00+00:00,2025-05-25 06:00:00+00:00,12.0166,12.523316554928439,11.17083698610496,13.875796123751917,13.0602
WARD_A,2025-05-25 05:00:00+00:00,2025-05-25 06:00:00+00:00,16.0147,15.989042996156131,14.636563427332653,17.34152256497961,14.3877
WARD_B,2025-05-25 05:00:00+00:00,2025-05-25 06:00:00+00:00,14.9012,15.54141798589208,14.188938417068602,16.893897554715558,16.9409
ICU,2025-05-25 06:00:00+00:00,2025-05-25 07:00:00+00:00,16.8572,16.245350837837996,14.892871269014519,17.597830406661476,16.2382
OPD,2025-05-25 06:00:00+00:00,2025-05-25 07:00:00+00:00,10.7291,12.08427748510947,10.731797916285991,13.436757053932947,12.5004
WARD_B,2025-05-25 06:00:00+00:00,2025-05-25 07:00:00+00:00,13.1205,14.483234804514238,13.13075523569076,15.835714373337716,15.7882
ICU,2025-05-25 07:00:00+00:00,2025-05-25 08:00:00+00:00,17.0308,17.716447562687488,16.36396799386401,19.068927131510968,16.6885
OPD,2025-05-25 07:00:00+00:00,2025-05-25 08:00:00+00:00,12.1875,13.767085321928075,12.414605753104597,15.119564890751553,12.7881
WARD_A,2025-05-25 07:00:00+00:00,2025-05-25 08:00:00+00:00,16.1119,15.62309369280023,14.270614123976753,16.97557326162371,15.4485
WARD_B,2025-05-25 07:00:00+00:00,2025-05-25 08:00:00+00:00,15.3443,14.891203051110155,13.538723482286677,16.243682619933633,16.1132
ICU,2025-05-25 08:00:00+00:00,2025-05-25 09:00:00+00:00,18.7156,17.869976684578173,16.517497115754693,19.222456253401653,18.1454
OPD,2025-05-25 08:00:00+00:00,2025-05-25 09:00:00+00:00,13.5219,13.520164217569702,12.167684648746224,14.87264378639318,13.2381
WARD_A,2025-05-25 08:00:00+00:00,2025-05-25 09:00:00+00:00,16.7239,16.546752977899178,15.1942734090757,17.899232546722658,16.0057
WARD_B,2025-05-25 08:00:00+00:00,2025-05-25 09:00:00+00:00,16.491,15.767042102558964,14.414562533735486,17.119521671382444,17.1832
ICU,2025-05-25 09:00:00+00:00,2025-05-25 10:00:00+00:00,18.5938,18.89234179674139,17.53986222791791,20.24482136556487,17.1382
OPD,2025-05-25 09:00:00+00:00,2025-05-25 10:00:00+00:00,13.7781,13.8282869603346,12.475807391511122,15.180766529158078,13.9509
WARD_A,2025-05-25 09:00:00+00:00,2025-05-25 10:00:00+00:00,17.6979,17.19465632985586,15.842176761032382,18.54713589867934,15.1943
WARD_B,2025-05-25 09:00:00+00:00,2025-05-25 10:00:00+00:00,16.3323,16.775652612950896,15.423173044127418,18.128132181774376,16.4725
ICU,2025-05-25 10:00:00+00:00,2025-05-25 11:00:00+00:00,17.4997,19.028600428864504,17.676120860041024,20.381079997687984,18.0444
OPD,2025-05-25 10:00:00+00:00,2025-05-25 11:00:00+00:00,14.1231,14.18122937411622,12.828749805292743,15.533708942939699,14.1219
WARD_A,2025-05-25 10:00:00+00:00,2025-05-25 11:00:00+00:00,15.8595,17.34837556778608,15.9958959989626,18.700855136609558,16.6048
WARD_B,2025-05-25 10:00:00+00:00,2025-05-25 11:00:00+00:00,15.9768,16.928452400645345,15.575972831821867,18.280931969468824,16.3373
ICU,2025-05-25 11:00:00+00:00,2025-05-25 12:00:00+00:00,19.8113,18.278381451955447,16.925901883131967,19.630861020778926,18.4683
OPD,2025-05-25 11:00:00+00:00,2025-05-25 12:00:00+00:00,14.6502,14.425010202650796,13.072530633827318,15.777489771474274,14.2862
WARD_A,2025-05-25 11:00:00+00:00,2025-05-25 12:00:00+00:00,18.1775,16.904746916729888,15.55226734790641,18.257226485553367,17.5363
WARD_B,2025-05-25 11:00:00+00:00,2025-05-25 12:00:00+00:00,17.0057,16.85645766525903,15.503978096435551,18.20893723408251,17.685
ICU,2025-05-25 12:00:00+00:00,2025-05-25 13:00:00+00:00,18.8672,19.802739750096503,18.450260181273023,21.155219318919983,19.6352
OPD,2025-05-25 12:00:00+00:00,2025-05-25 13:00:00+00:00,14.0204,14.535291352214168,13.18281178339069,15.887770921037646,16.2793
WARD_A,2025-05-25 12:00:00+00:00,2025-05-25 13:00:00+00:00,17.7685,17.982605411817154,16.630125842993674,19.335084980640634,18.8684
WARD_B,2025-05-25 12:00:00+00:00,2025-05-25 13:00:00+00:00,16.902,17.606816135053776,16.254336566230297,18.959295703877256,17.8345
ICU,2025-05-25 13:00:00+00:00,2025-05-25 14:00:00+00:00,19.1694,21.47279841099795,20.12031884217447,22.82527797982143,20.0811
OPD,2025-05-25 13:00:00+00:00,2025-05-25 14:00:00+00:00,16.0408,16.468463091253284,15.115983522429806,17.820942660076764,17.4565
WARD_A,2025-05-25 13:00:00+00:00,2025-05-25 14:00:00+00:00,17.8031,19.496095073825597,18.143615505002117,20.848574642649076,19.9045
WARD_B,2025-05-25 13:00:00+00:00,2025-05-25 14:00:00+00:00,17.1819,19.379815821349922,18.027336252526442,20.7322953901734,19.3587
ICU,2025-05-25 14:00:00+00:00,2025-05-25 15:00:00+00:00,18.6627,18.901895576455473,17.549416007631994,20.254375145278953,18.6789
OPD,2025-05-25 14:00:00+00:00,2025-05-25 15:00:00+00:00,14.4101,16.174160258118064,14.821680689294586,17.526639826941544,15.6311
WARD_A,2025-05-25 14:00:00+00:00,2025-05-25 15:00:00+00:00,17.0408,17.07007937684053,15.71759980801705,18.422558945664008,17.4732
WARD_B,2025-05-25 14:00:00+00:00,2025-05-25 15:00:00+00:00,15.9354,16.43847673133728,15.0859971625138,17.790956300160758,16.8323
ICU,2025-05-25 15:00:00+00:00,2025-05-25 16:00:00+00:00,19.6013,18.825295597075698,17.47281602825222,20.177775165899178,19.642
OPD,2025-05-25 15:00:00+00:00,2025-05-25 16:00:00+00:00,15.133,15.073209793314907,13.72073022449143,16.425689362138385,15.3323
WARD_A,2025-05-25 15:00:00+00:00,2025-05-25 16:00:00+00:00,17.519,17.413235120497642,16.060755551674163,18.765714689321122,18.5195
WARD_B,2025-05-25 15:00:00+00:00,2025-05-25 16:00:00+00:00,16.523,17.0955990921385,15.743119523315022,18.44807866096198,19.3896
ICU,2025-05-25 16:00:00+00:00,2025-05-25 17:00:00+00:00,18.382,19.669640912718915,18.317161343895435,21.022120481542395,18.0109
OPD,2025-05-25 16:00:00+00:00,2025-05-25 17:00:00+00:00,14.1242,14.863445861354299,13.51096629253082,16.215925430177776,14.0121
WARD_A,2025-05-25 16:00:00+00:00,2025-05-25 17:00:00+00:00,16.5094,17.287979053595258,15.93549948477178,18.640458622418738,18.5368
WARD_B,2025-05-25 16:00:00+00:00,2025-05-25 17:00:00+00:00,15.8003,17.16291067804499,15.810431109221513,18.51539024686847,16.6411
ICU,2025-05-25 17:00:00+00:00,2025-05-25 18:00:00+00:00,17.5618,17.65144600079671,16.29896643197323,19.00392556962019,18.5564
OPD,2025-05-25 17:00:00+00:00,2025-05-25 18:00:00+00:00,13.4856,13.783885481165786,12.431405912342308,15.136365049989264,14.1608
WARD_A,2025-05-25 17:00:00+00:00,2025-05-25 18:00:00+00:00,16.0087,15.933594574808618,14.58111500598514,17.286074143632096,16.2937
WARD_B,2025-05-25 17:00:00+00:00,2025-05-25 18:00:00+00:00,15.3743,15.479254628249832,14.126775059426354,16.83173419707331,17.3829
ICU,2025-05-25 18:00:00+00:00,2025-05-25 19:00:00+00:00,17.0211,17.141169388506103,15.788689819682626,18.493648957329583,17.4258
OPD,2025-05-25 18:00:00+00:00,2025-05-25 19:00:00+00:00,13.2705,12.784124691618027,11.43164512279455,14.136604260441505,14.2988
WARD_A,2025-05-25 18:00:00+00:00,2025-05-25 19:00:00+00:00,16.015,15.739485381652992,14.387005812829514,17.09196495047647,15.8474
WARD_B,2025-05-25 18:00:00+00:00,2025-05-25 19:00:00+00:00,15.447,15.023858139234399,13.671378570410921,16.37633770805788,16.5541
ICU,2025-05-25 19:00:00+00:00,2025-05-25 20:00:00+00:00,17.9685,18.096637096640624,16.744157527817144,19.449116665464103,18.2779
OPD,2025-05-25 19:00:00+00:00,2025-05-25 20:00:00+00:00,13.5494,13.919737727935301,12.567258159111823,15.272217296758779,14.536
WARD_A,2025-05-25 19:00:00+00:00,2025-05-25 20:00:00+00:00,15.8472,17.39698363651049,16.04450406768701,18.74946320533397,16.5037
WARD_B,2025-05-25 19:00:00+00:00,2025-05-25 20:00:00+00:00,15.1511,16.520223292397493,15.167743723574015,17.872702861220972,16.8764
ICU,2025-05-25 20:00:00+00:00,2025-05-25 21:00:00+00:00,16.3551,16.178457484431302,14.825977915607824,17.53093705325478,16.0965
OPD,2025-05-25 20:00:00+00:00,2025-05-25 21:00:00+00:00,12.1046,11.995594178916331,10.643114610092853,13.348073747739809,11.7718
WARD_A,2025-05-25 20:00:00+00:00,2025-05-25 21:00:00+00:00,13.2221,14.338405733716924,12.985926164893446,15.690885302540401,14.7598
WARD_B,2025-05-25 20:00:00+00:00,2025-05-25 21:00:00+00:00,13.2294,13.518378087720262,12.165898518896784,14.87085765654374,15.8181
ICU,2025-05-25 21:00:00+00:00,2025-05-25 22:00:00+00:00,16.3572,15.743185186680785,14.390705617857307,17.095664755504263,15.4536
OPD,2025-05-25 21:00:00+00:00,2025-05-25 22:00:00+00:00,11.5883,11.347195256673364,9.994715687849887,12.699674825496842,10.9157
WARD_A,2025-05-25 21:00:00+00:00,2025-05-25 22:00:00+00:00,12.7831,13.398905216730075,12.046425647906597,14.751384785553553,13.2299
WARD_B,2025-05-25 21:00:00+00:00,2025-05-25 22:00:00+00:00,14.1869,13.395964746744301,12.043485177920823,14.74844431556778,14.3859
ICU,2025-05-25 22:00:00+00:00,2025-05-25 23:00:00+00:00,15.2544,15.554699399456378,14.2022198306329,16.907178968279858,15.7119
OPD,2025-05-25 22:00:00+00:00,2025-05-25 23:00:00+00:00,10.895,10.909872873871924,9.557393305048446,12.262352442695402,10.856
WARD_A,2025-05-25 22:00:00+00:00,2025-05-25 23:00:00+00:00,14.1861,13.230571184192081,11.878091615368604,14.58305075301556,13.8276
WARD_B,2025-05-25 22:00:00+00:00,2025-05-25 23:00:00+00:00,12.9784,13.150215693475367,11.79773612465189,14.502695262298845,14.6896
ICU,2025-05-25 23:00:00+00:00,2025-05-26 00:00:00+00:00,14.0826,15.178054996304901,13.825575427481423,16.53053456512838,14.8681
OPD,2025-05-25 23:00:00+00:00,2025-05-26 00:00:00+00:00,10.7522,10.300969614882355,8.948490046058877,11.653449183705833,10.4935
WARD_A,2025-05-25 23:00:00+00:00,2025-05-26 00:00:00+00:00,13.7362,13.224072910871573,11.871593342048095,14.576552479695051,13.0064
WARD_B,2025-05-25 23:00:00+00:00,2025-05-26 00:00:00+00:00,12.4176,12.761508794124214,11.409029225300737,14.113988362947692,14.0793
ICU,2025-05-26 00:00:00+00:00,2025-05-26 01:00:00+00:00,14.6022,14.5554663279202,13.202986759096722,15.907945896743678,14.4376
OPD,2025-05-26 00:00:00+00:00,2025-05-26 01:00:00+00:00,10.8405,10.004944775291868,8.65246520646839,11.357424344115346,11.7811
WARD_A,2025-05-26 00:00:00+00:00,2025-05-26 01:00:00+00:00,12.3564,13.018939119907921,11.666459551084444,14.3714186887314,13.2858
WARD_B,2025-05-26 00:00:00+00:00,2025-05-26 01:00:00+00:00,12.706,12.47962802444471,11.127148455621231,13.832107593268187,13.221
ICU,2025-05-26 01:00:00+00:00,2025-05-26 02:00:00+00:00,15.0053,14.467390743699976,13.114911174876498,15.819870312523454,14.3844
OPD,2025-05-26 01:00:00+00:00,2025-05-26 02:00:00+00:00,11.0346,10.313164910712203,8.960685341888725,11.66564447953568,10.4162
WARD_A,2025-05-26 01:00:00+00:00,2025-05-26 02:00:00+00:00,13.4384,12.737406865413005,11.384927296589527,14.089886434236483,13.9611
WARD_B,2025-05-26 01:00:00+00:00,2025-05-26 02:00:00+00:00,12.3487,12.22612260829794,10.873643039474462,13.578602177121418,14.2846
ICU,2025-05-26 02:00:00+00:00,2025-05-26 03:00:00+00:00,15.2923,14.797689175897839,13.44520960707436,16.150168744721316,15.2413
OPD,2025-05-26 02:00:00+00:00,2025-05-26 03:00:00+00:00,11.8896,10.258371244239777,8.9058916754163,11.610850813063255,10.86
WARD_A,2025-05-26 02:00:00+00:00,2025-05-26 03:00:00+00:00,13.5689,13.046678685785901,11.694199116962423,14.399158254609379,13.7255
WARD_B,2025-05-26 02:00:00+00:00,2025-05-26 03:00:00+00:00,13.6992,12.48709030546381,11.134610736640331,13.839569874287287,14.2347
ICU,2025-05-26 03:00:00+00:00,2025-05-26 04:00:00+00:00,15.3416,15.698247255349612,14.345767686526134,17.05072682417309,14.4268
OPD,2025-05-26 03:00:00+00:00,2025-05-26 04:00:00+00:00,10.6053,11.168807411086972,9.816327842263494,12.52128697991045,10.2678
WARD_A,2025-05-26 03:00:00+00:00,2025-05-26 04:00:00+00:00,13.1218,13.634648142820812,12.282168573997334,14.98712771164429,14.4044
WARD_B,2025-05-26 03:00:00+00:00,2025-05-26 04:00:00+00:00,12.7186,13.321853854173922,11.969374285350444,14.6743334229974,13.3992
ICU,2025-05-26 04:00:00+00:00,2025-05-26 05:00:00+00:00,15.6934,15.20007467138387,13.847595102560392,16.55255424020735,15.1801
OPD,2025-05-26 04:00:00+00:00,2025-05-26 05:00:00+00:00,11.1202,10.854944240353772,9.502464671530294,12.20742380917725,10.875
WARD_A,2025-05-26 04:00:00+00:00,2025-05-26 05:00:00+00:00,14.0108,13.325410582366478,11.972931013543,14.677890151189956,13.3912
WARD_B,2025-05-26 04:00:00+00:00,2025-05-26 05:00:00+00:00,14.4079,13.192838343194797,11.84035877437132,14.545317912018275,14.1145
ICU,2025-05-26 05:00:00+00:00,2025-05-26 06:00:00+00:00,17.8629,17.74727878322504,16.39479921440156,19.099758352048518,17.883
OPD,2025-05-26 05:00:00+00:00,2025-05-26 06:00:00+00:00,12.5679,12.754471923019105,11.401992354195627,14.106951491842583,12.8739
WARD_A,2025-05-26 05:00:00+00:00,2025-05-26 06:00:00+00:00,16.5597,15.907500460362112,14.555020891538634,17.25998002918559,16.2485
WARD_B,2025-05-26 05:00:00+00:00,2025-05-26 06:00:00+00:00,15.059,15.524062792808888,14.17158322398541,16.876542361632367,17.4266
ICU,2025-05-26 06:00:00+00:00,2025-05-26 07:00:00+00:00,17.0102,16.199453597239934,14.846974028416456,17.551933166063414,15.9055
OPD,2025-05-26 06:00:00+00:00,2025-05-26 07:00:00+00:00,11.4146,11.968593737866005,10.616114169042527,13.321073306689483,11.8413
WARD_B,2025-05-26 06:00:00+00:00,2025-05-26 07:00:00+00:00,13.6693,14.27930510140685,12.926825532583372,15.631784670230328,15.3733
ICU,2025-05-26 07:00:00+00:00,2025-05-26 08:00:00+00:00,17.7713,17.846021727963002,16.493542159139523,19.198501296786482,17.1046
OPD,2025-05-26 07:00:00+00:00,2025-05-26 08:00:00+00:00,18.1084,16.129251465835118,14.77677189701164,17.481731034658598,14.1939
WARD_A,2025-05-26 07:00:00+00:00,2025-05-26 08:00:00+00:00,16.6064,15.983264632699077,14.6307850638756,17.335744201522555,15.6811
WARD_B,2025-05-26 07:00:00+00:00,2025-05-26 08:00:00+00:00,15.7518,16.001190048111265,14.648710479287788,17.353669616934745,16.638
ICU,2025-05-26 08:00:00+00:00,2025-05-26 09:00:00+00:00,18.3746,18.206651363628126,16.854171794804646,19.559130932451605,19.0714
OPD,2025-05-26 08:00:00+00:00,2025-05-26 09:00:00+00:00,18.1088,17.44013416261161,16.08765459378813,18.79261373143509,16.4281
WARD_A,2025-05-26 08:00:00+00:00,2025-05-26 09:00:00+00:00,16.8353,17.158688207913833,15.806208639090356,18.511167776737313,15.9159
WARD_B,2025-05-26 08:00:00+00:00,2025-05-26 09:00:00+00:00,17.2496,16.30078250088789,14.948302932064413,17.65326206971137,17.6981
ICU,2025-05-26 09:00:00+00:00,2025-05-26 10:00:00+00:00,18.6917,18.824597699280783,17.472118130457304,20.177077268104263,18.9928
OPD,2025-05-26 09:00:00+00:00,2025-05-26 10:00:00+00:00,17.1967,17.821856157334533,16.469376588511054,19.174335726158013,17.3246
WARD_A,2025-05-26 09:00:00+00:00,2025-05-26 10:00:00+00:00,16.5211,17.72481656334101,16.372336994517532,19.07729613216449,17.782
WARD_B,2025-05-26 09:00:00+00:00,2025-05-26 10:00:00+00:00,15.899,17.268102877605767,15.915623308782289,18.620582446429246,18.6279
ICU,2025-05-26 10:00:00+00:00,2025-05-26 11:00:00+00:00,18.7355,19.067277495019855,17.714797926196375,20.419757063843335,19.6953
OPD,2025-05-26 10:00:00+00:00,2025-05-26 11:00:00+00:00,17.0142,18.19965623020426,16.84717666138078,19.552135799027738,19.3391
WARD_A,2025-05-26 10:00:00+00:00,2025-05-26 11:00:00+00:00,17.3602,17.813153609664614,16.460674040841134,19.165633178488093,19.0522
WARD_B,2025-05-26 10:00:00+00:00,2025-05-26 11:00:00+00:00,16.8312,17.094245470299487,15.74176590147601,18.446725039122967,18.2398
ICU,2025-05-26 11:00:00+00:00,2025-05-26 12:00:00+00:00,19.663,19.284622484337223,17.932142915513744,20.637102053160703,19.6615
OPD,2025-05-26 11:00:00+00:00,2025-05-26 12:00:00+00:00,18.1289,18.43578076018032,17.083301191356842,19.7882603290038,19.3174
WARD_A,2025-05-26 11:00:00+00:00,2025-05-26 12:00:00+00:00,17.5801,18.064156905305424,16.711677336481944,19.416636474128904,19.2003
WARD_B,2025-05-26 11:00:00+00:00,2025-05-26 12:00:00+00:00,16.8625,17.451502725998793,16.099023157175314,18.803982294822273,19.1052
ICU,2025-05-26 12:00:00+00:00,2025-05-26 13:00:00+00:00,20.9117,19.95139367610457,18.59891410728109,21.30387324492805,20.3141
OPD,2025-05-26 12:00:00+00:00,2025-05-26 13:00:00+00:00,18.8539,19.051111196449593,17.698631627626114,20.403590765273073,19.2796
WARD_A,2025-05-26 12:00:00+00:00,2025-05-26 13:00:00+00:00,18.3187,18.383943344441693,17.031463775618214,19.736422913265173,18.2937
WARD_B,2025-05-26 12:00:00+00:00,2025-05-26 13:00:00+00:00,17.4833,17.96705439558039,16.61457482675691,19.31953396440387,19.0206
ICU,2025-05-26 13:00:00+00:00,2025-05-26 14:00:00+00:00,22.5982,22.107667162307926,20.755187593484447,23.460146731131406,21.6146
OPD,2025-05-26 13:00:00+00:00,2025-05-26 14:00:00+00:00,20.2314,20.541052101337385,19.188572532513906,21.893531670160865,20.9338
WARD_A,2025-05-26 13:00:00+00:00,2025-05-26 14:00:00+00:00,20.6733,20.115589250775333,18.763109681951853,21.468068819598813,21.2125
WARD_B,2025-05-26 13:00:00+00:00,2025-05-26 14:00:00+00:00,20.949,19.594845590241707,18.242366021418228,20.947325159065187,21.2322
ICU,2025-05-26 14:00:00+00:00,2025-05-26 15:00:00+00:00,19.9087,20.45919934551774,19.10671977669426,21.81167891434122,20.1748
OPD,2025-05-26 14:00:00+00:00,2025-05-26 15:00:00+00:00,18.922,18.906630951818524,17.554151382995045,20.259110520642004,19.054
WARD_A,2025-05-26 14:00:00+00:00,2025-05-26 15:00:00+00:00,17.1128,19.02362097246438,17.6711414036409,20.376100541287858,19.6473
WARD_B,2025-05-26 14:00:00+00:00,2025-05-26 15:00:00+00:00,17.0437,18.85701574444814,17.50453617562466,20.20949531327162,19.7118
ICU,2025-05-26 15:00:00+00:00,2025-05-26 16:00:00+00:00,20.2017,19.952180917779714,18.599701348956234,21.304660486603193,19.896
OPD,2025-05-26 15:00:00+00:00,2025-05-26 16:00:00+00:00,18.9415,18.524111691918105,17.171632123094625,19.876591260741584,19.6409
WARD_A,2025-05-26 15:00:00+00:00,2025-05-26 16:00:00+00:00,18.0717,17.98850310816959,16.63602353934611,19.340982676993068,17.8774
WARD_B,2025-05-26 15:00:00+00:00,2025-05-26 16:00:00+00:00,17.7116,17.779363634324348,16.426884065500868,19.131843203147827,18.2753
ICU,2025-05-26 16:00:00+00:00,2025-05-26 17:00:00+00:00,19.4639,19.797543188717885,18.445063619894405,21.150022757541365,19.4743
OPD,2025-05-26 16:00:00+00:00,2025-05-26 17:00:00+00:00,19.2453,18.94235443038225,17.58987486155877,20.29483399920573,18.4829
WARD_A,2025-05-26 16:00:00+00:00,2025-05-26 17:00:00+00:00,18.231,17.782392205720736,16.429912636897257,19.134871774544216,18.1754
WARD_B,2025-05-26 16:00:00+00:00,2025-05-26 17:00:00+00:00,17.6261,17.70977010429359,16.35729053547011,19.06224967311707,17.9155
ICU,2025-05-26 17:00:00+00:00,2025-05-26 18:00:00+00:00,17.9794,18.015216316293007,16.662736747469527,19.367695885116486,17.7819
OPD,2025-05-26 17:00:00+00:00,2025-05-26 18:00:00+00:00,13.0539,13.774140225835657,12.421660657012179,15.126619794659135,13.3143
WARD_A,2025-05-26 17:00:00+00:00,2025-05-26 18:00:00+00:00,16.7483,16.325755096029216,14.973275527205738,17.678234664852695,17.2093
WARD_B,2025-05-26 17:00:00+00:00,2025-05-26 18:00:00+00:00,15.4704,15.994209847616563,14.641730278793085,17.346689416440043,17.2653
ICU,2025-05-26 18:00:00+00:00,2025-05-26 19:00:00+00:00,18.3051,17.481988473271358,16.129508904447878,18.834468042094837,17.0802
OPD,2025-05-26 18:00:00+00:00,2025-05-26 19:00:00+00:00,13.0405,13.003458574210704,11.650979005387226,14.355938143034182,12.8019
WARD_A,2025-05-26 18:00:00+00:00,2025-05-26 19:00:00+00:00,15.1055,15.989879639650592,14.637400070827114,17.342359208474072,15.3999
WARD_B,2025-05-26 18:00:00+00:00,2025-05-26 19:00:00+00:00,15.4879,15.195992683297796,13.843513114474318,16.548472252121275,16.5362
ICU,2025-05-26 19:00:00+00:00,2025-05-26 20:00:00+00:00,19.0612,18.059282474749203,16.706802905925723,19.411762043572683,16.7255
OPD,2025-05-26 19:00:00+00:00,2025-05-26 20:00:00+00:00,13.5174,14.05927623515115,12.706796666327673,15.411755803974629,13.3113
WARD_A,2025-05-26 19:00:00+00:00,2025-05-26 20:00:00+00:00,17.0424,16.30034345615176,14.947863887328284,17.65282302497524,15.6513
WARD_B,2025-05-26 19:00:00+00:00,2025-05-26 20:00:00+00:00,15.0743,16.555976608551664,15.203497039728186,17.908456177375143,15.9813
ICU,2025-05-26 20:00:00+00:00,2025-05-26 21:00:00+00:00,15.7098,16.612202399035585,15.259722830212107,17.964681967859065,16.6489
OPD,2025-05-26 20:00:00+00:00,2025-05-26 21:00:00+00:00,12.8337,11.87593101795875,10.523451449135273,13.228410586782228,11.7345
WARD_A,2025-05-26 20:00:00+00:00,2025-05-26 21:00:00+00:00,14.5205,14.608428253281996,13.255948684458518,15.960907822105474,15.3709
WARD_B,2025-05-26 20:00:00+00:00,2025-05-26 21:00:00+00:00,14.3521,13.555947059838793,12.203467491015315,14.908426628662271,14.7421
ICU,2025-05-26 21:00:00+00:00,2025-05-26 22:00:00+00:00,16.9702,15.398622785964646,14.046143217141168,16.751102354788124,14.88
OPD,2025-05-26 21:00:00+00:00,2025-05-26 22:00:00+00:00,10.8561,12.009113784198718,10.65663421537524,13.361593353022196,11.5581
WARD_A,2025-05-26 21:00:00+00:00,2025-05-26 22:00:00+00:00,13.4632,13.758691394945593,12.406211826122115,15.111170963769071,14.8053
WARD_B,2025-05-26 21:00:00+00:00,2025-05-26 22:00:00+00:00,12.8572,13.399680557052477,12.047200988229,14.752160125875955,14.1866
ICU,2025-05-26 22:00:00+00:00,2025-05-26 23:00:00+00:00,15.0162,16.09404364211906,14.741564073295583,17.44652321094254,15.3079
OPD,2025-05-26 22:00:00+00:00,2025-05-26 23:00:00+00:00,10.2814,11.319847143427266,9.967367574603788,12.672326712250744,10.7295
WARD_A,2025-05-26 22:00:00+00:00,2025-05-26 23:00:00+00:00,13.5074,13.367461472304644,12.014981903481166,14.719941041128122,13.582
WARD_B,2025-05-26 22:00:00+00:00,2025-05-26 23:00:00+00:00,12.6041,13.081305250557543,11.728825681734065,14.433784819381021,14.7826
ICU,2025-05-26 23:00:00+00:00,2025-05-27 00:00:00+00:00,15.1512,14.892099599759128,13.53962003093565,16.244579168582607,15.5479
OPD,2025-05-26 23:00:00+00:00,2025-05-27 00:00:00+00:00,11.2065,10.414709691720494,9.062230122897017,11.767189260543972,10.805
WARD_A,2025-05-26 23:00:00+00:00,2025-05-27 00:00:00+00:00,12.3338,13.280400588557095,11.927921019733617,14.632880157380573,12.71
WARD_B,2025-05-26 23:00:00+00:00,2025-05-27 00:00:00+00:00,12.6566,12.613508916993409,11.26102934816993,13.965988485816887,14.5945
ICU,2025-05-27 00:00:00+00:00,2025-05-27 01:00:00+00:00,14.502,14.8504056177739,13.497926048950422,16.202885186597378,14.8776
OPD,2025-05-27 00:00:00+00:00,2025-05-27 01:00:00+00:00,10.5625,10.522793879388793,9.170314310565315,11.87527344821227,10.5144
WARD_A,2025-05-27 00:00:00+00:00,2025-05-27 01:00:00+00:00,13.8697,12.99067525800222,11.638195689178742,14.343154826825698,13.6972
WARD_B,2025-05-27 00:00:00+00:00,2025-05-27 01:00:00+00:00,13.2522,12.480705096462044,11.128225527638566,13.833184665285522,14.0029
ICU,2025-05-27 01:00:00+00:00,2025-05-27 02:00:00+00:00,14.4069,14.637675639321003,13.285196070497525,15.99015520814448,14.2855
OPD,2025-05-27 01:00:00+00:00,2025-05-27 02:00:00+00:00,9.0762,10.898472413258185,9.545992844434707,12.250951982081663,9.1747
WARD_A,2025-05-27 01:00:00+00:00,2025-05-27 02:00:00+00:00,12.7636,13.089232596163045,11.736753027339567,14.441712164986523,12.2638
WARD_B,2025-05-27 01:00:00+00:00,2025-05-27 02:00:00+00:00,12.4649,12.745391971131014,11.392912402307536,14.097871539954491,13.0476
ICU,2025-05-27 02:00:00+00:00,2025-05-27 03:00:00+00:00,15.1239,14.76533780843427,13.412858239610792,16.117817377257747,14.1571
OPD,2025-05-27 02:00:00+00:00,2025-05-27 03:00:00+00:00,10.3214,10.412788265825567,9.060308697002089,11.765267834649045,9.9692
WARD_A,2025-05-27 02:00:00+00:00,2025-05-27 03:00:00+00:00,12.5361,13.311611957440332,11.959132388616855,14.66409152626381,12.3779
WARD_B,2025-05-27 02:00:00+00:00,2025-05-27 03:00:00+00:00,13.0676,12.531115071353646,11.178635502530168,13.883594640177124,12.4332
ICU,2025-05-27 03:00:00+00:00,2025-05-27 04:00:00+00:00,14.5963,15.428980753130805,14.076501184307327,16.781460321954285,14.7471
OPD,2025-05-27 03:00:00+00:00,2025-05-27 04:00:00+00:00,10.5551,11.03995995582728,9.687480387003802,12.392439524650758,10.1141
WARD_A,2025-05-27 03:00:00+00:00,2025-05-27 04:00:00+00:00,13.1314,13.307510243806776,11.955030674983298,14.659989812630254,12.9678
WARD_B,2025-05-27 03:00:00+00:00,2025-05-27 04:00:00+00:00,12.0858,13.305327081488745,11.952847512665267,14.657806650312223,14.4474
ICU,2025-05-27 04:00:00+00:00,2025-05-27 05:00:00+00:00,13.3669,15.292440148583053,13.939960579759575,16.64491971740653,16.7732
OPD,2025-05-27 04:00:00+00:00,2025-05-27 05:00:00+00:00,10.2327,10.885242263380812,9.532762694557334,12.23772183220429,11.1332
WARD_A,2025-05-27 04:00:00+00:00,2025-05-27 05:00:00+00:00,12.6546,13.53723372001783,12.184754151194353,14.889713288841309,14.303
WARD_B,2025-05-27 04:00:00+00:00,2025-05-27 05:00:00+00:00,12.5776,12.83753261166619,11.485053042842711,14.190012180489667,14.7684
ICU,2025-05-27 05:00:00+00:00,2025-05-27 06:00:00+00:00,17.8725,16.878429878447168,15.52595030962369,18.230909447270648,17.6765
OPD,2025-05-27 05:00:00+00:00,2025-05-27 06:00:00+00:00,12.8431,12.699504617880825,11.347025049057347,14.051984186704303,14.2481
WARD_A,2025-05-27 05:00:00+00:00,2025-05-27 06:00:00+00:00,16.2291,14.93524247937208,13.582762910548603,16.28772204819556,17.0705
WARD_B,2025-05-27 05:00:00+00:00,2025-05-27 06:00:00+00:00,14.7287,14.938211322400521,13.585731753577043,16.290690891224,17.1722
ICU,2025-05-27 06:00:00+00:00,2025-05-27 07:00:00+00:00,15.6901,16.65223326416695,15.29975369534347,18.00471283299043,16.0508
OPD,2025-05-27 06:00:00+00:00,2025-05-27 07:00:00+00:00,11.2329,12.451418733514734,11.098939164691256,13.803898302338212,12.5053
WARD_A,2025-05-27 06:00:00+00:00,2025-05-27 07:00:00+00:00,14.3543,14.778860688074856,13.426381119251378,16.131340256898334,15.1293
WARD_B,2025-05-27 06:00:00+00:00,2025-05-27 07:00:00+00:00,12.7667,14.276852305419993,12.924372736596515,15.629331874243471,14.7425
ICU,2025-05-27 07:00:00+00:00,2025-05-27 08:00:00+00:00,17.8469,17.718184407683722,16.365704838860243,19.070663976507202,16.7171
OPD,2025-05-27 07:00:00+00:00,2025-05-27 08:00:00+00:00,16.6517,16.409710429899167,15.05723086107569,17.762189998722647,16.2144
WARD_A,2025-05-27 07:00:00+00:00,2025-05-27 08:00:00+00:00,15.9379,15.851678615750034,14.499199046926556,17.20415818457351,16.4797
WARD_B,2025-05-27 07:00:00+00:00,2025-05-27 08:00:00+00:00,15.0071,15.918888545096342,14.566408976272864,17.27136811391982,15.5775
ICU,2025-05-27 08:00:00+00:00,2025-05-27 09:00:00+00:00,18.7428,18.551565397486176,17.199085828662696,19.904044966309655,18.9796
OPD,2025-05-27 08:00:00+00:00,2025-05-27 09:00:00+00:00,16.5785,17.004762232574915,15.652282663751437,18.357241801398395,17.3434
WARD_A,2025-05-27 08:00:00+00:00,2025-05-27 09:00:00+00:00,15.8435,16.659576070506354,15.307096501682876,18.012055639329834,16.9118
WARD_B,2025-05-27 08:00:00+00:00,2025-05-27 09:00:00+00:00,17.146,15.92966739542558,14.577187826602103,17.28214696424906,17.7299
ICU,2025-05-27 09:00:00+00:00,2025-05-27 10:00:00+00:00,19.0984,19.402350048010064,18.049870479186584,20.754829616833543,18.721
OPD,2025-05-27 09:00:00+00:00,2025-05-27 10:00:00+00:00,17.5997,17.859183545978112,16.506703977154633,19.211663114801592,20.3059
WARD_A,2025-05-27 09:00:00+00:00,2025-05-27 10:00:00+00:00,16.9673,16.86779329633872,15.515313727515244,18.2202728651622,18.7575
WARD_B,2025-05-27 09:00:00+00:00,2025-05-27 10:00:00+00:00,15.9407,17.376863090473808,16.02438352165033,18.729342659297288,17.5431
ICU,2025-05-27 10:00:00+00:00,2025-05-27 11:00:00+00:00,19.8444,19.52531006709107,18.17283049826759,20.87778963591455,19.6336
OPD,2025-05-27 10:00:00+00:00,2025-05-27 11:00:00+00:00,17.7936,18.49204707388567,17.13956750506219,19.84452664270915,17.8413
WARD_A,2025-05-27 10:00:00+00:00,2025-05-27 11:00:00+00:00,17.3557,17.710756613532276,16.358277044708796,19.063236182355755,19.4462
WARD_B,2025-05-27 10:00:00+00:00,2025-05-27 11:00:00+00:00,16.2867,17.07830832803194,15.725828759208463,18.43078789685542,19.2347
ICU,2025-05-27 11:00:00+00:00,2025-05-27 12:00:00+00:00,20.264,20.067597986603403,18.715118417779923,21.420077555426882,20.4992
OPD,2025-05-27 11:00:00+00:00,2025-05-27 12:00:00+00:00,19.5925,18.246697897405078,16.894218328581598,19.599177466228557,18.2401
WARD_A,2025-05-27 11:00:00+00:00,2025-05-27 12:00:00+00:00,18.1236,17.946523178994834,16.594043610171354,19.299002747818314,18.7607
WARD_B,2025-05-27 11:00:00+00:00,2025-05-27 12:00:00+00:00,16.5511,17.26153938913133,15.909059820307851,18.61401895795481,19.7919
ICU,2025-05-27 12:00:00+00:00,2025-05-27 13:00:00+00:00,19.8053,20.335955856993362,18.983476288169882,21.68843542581684,19.9053
OPD,2025-05-27 12:00:00+00:00,2025-05-27 13:00:00+00:00,20.6151,18.983453398041956,17.630973829218476,20.335932966865435,18.2044
WARD_A,2025-05-27 12:00:00+00:00,2025-05-27 13:00:00+00:00,17.4743,18.324508381140127,16.972028812316648,19.676987949963607,19.1984
WARD_B,2025-05-27 12:00:00+00:00,2025-05-27 13:00:00+00:00,16.7886,17.915166865097778,16.562687296274298,19.267646433921257,18.3495
ICU,2025-05-27 13:00:00+00:00,2025-05-27 14:00:00+00:00,22.0945,21.975551741682565,20.623072172859086,23.328031310506045,22.2985
OPD,2025-05-27 13:00:00+00:00,2025-05-27 14:00:00+00:00,21.6086,20.5683527981155,19.215873229292022,21.92083236693898,21.2424
WARD_A,2025-05-27 13:00:00+00:00,2025-05-27 14:00:00+00:00,20.3721,19.893480331005012,18.541000762181532,21.24595989982849,21.4724
WARD_B,2025-05-27 13:00:00+00:00,2025-05-27 14:00:00+00:00,20.8407,19.32070563799792,17.96822606917444,20.6731852068214,22.5179
ICU,2025-05-27 14:00:00+00:00,2025-05-27 15:00:00+00:00,19.8316,20.268289615099263,18.915810046275784,21.620769183922743,21.1184
OPD,2025-05-27 14:00:00+00:00,2025-05-27 15:00:00+00:00,20.1022,19.488724776540682,18.136245207717202,20.84120434536416,19.9399
WARD_A,2025-05-27 14:00:00+00:00,2025-05-27 15:00:00+00:00,19.4542,18.526234637899716,17.173755069076236,19.878714206723195,18.6797
WARD_B,2025-05-27 14:00:00+00:00,2025-05-27 15:00:00+00:00,16.7915,18.59027778175584,17.23779821293236,19.94275735057932,19.6844
ICU,2025-05-27 15:00:00+00:00,2025-05-27 16:00:00+00:00,19.9534,20.132603042018577,18.780123473195097,21.485082610842056,20.4261
OPD,2025-05-27 15:00:00+00:00,2025-05-27 16:00:00+00:00,18.8925,18.89657436218795,17.54409479336447,20.249053931011428,20.0001
WARD_A,2025-05-27 15:00:00+00:00,2025-05-27 16:00:00+00:00,18.0498,18.36951091643749,17.01703134761401,19.72199048526097,19.336
WARD_B,2025-05-27 15:00:00+00:00,2025-05-27 16:00:00+00:00,15.8665,17.67093456848241,16.31845499965893,19.02341413730589,19.2783
ICU,2025-05-27 16:00:00+00:00,2025-05-27 17:00:00+00:00,19.0044,19.47565030614536,18.12317073732188,20.82812987496884,18.7929
OPD,2025-05-27 16:00:00+00:00,2025-05-27 17:00:00+00:00,17.7771,18.023855366068013,16.671375797244533,19.376334934891492,18.5476
WARD_A,2025-05-27 16:00:00+00:00,2025-05-27 17:00:00+00:00,18.139,17.71081616401812,16.35833659519464,19.0632957328416,19.0946
WARD_B,2025-05-27 16:00:00+00:00,2025-05-27 17:00:00+00:00,17.1294,16.621159653525925,15.268680084702448,17.973639222349405,17.3015
ICU,2025-05-27 17:00:00+00:00,2025-05-27 18:00:00+00:00,17.8905,17.942927318281733,16.590447749458253,19.295406887105212,17.8203
OPD,2025-05-27 17:00:00+00:00,2025-05-27 18:00:00+00:00,13.5528,13.783190236049258,12.43071066722578,15.135669804872736,14.3985
WARD_A,2025-05-27 17:00:00+00:00,2025-05-27 18:00:00+00:00,15.3959,16.073073657774064,14.720594088950586,17.425553226597543,16.8321
WARD_B,2025-05-27 17:00:00+00:00,2025-05-27 18:00:00+00:00,15.2267,15.793020377487656,14.440540808664178,17.145499946311133,16.3168
ICU,2025-05-27 18:00:00+00:00,2025-05-27 19:00:00+00:00,16.5609,17.58117018957303,16.22869062074955,18.93364975839651,15.9217
OPD,2025-05-27 18:00:00+00:00,2025-05-27 19:00:00+00:00,12.0126,12.95146928056645,11.598989711742972,14.303948849389927,11.4371
WARD_A,2025-05-27 18:00:00+00:00,2025-05-27 19:00:00+00:00,14.2654,15.621633304989343,14.269153736165865,16.97411287381282,15.894
WARD_B,2025-05-27 18:00:00+00:00,2025-05-27 19:00:00+00:00,14.2097,15.00332907651079,13.650849507687312,16.355808645334267,15.55
ICU,2025-05-27 19:00:00+00:00,2025-05-27 20:00:00+00:00,17.4631,18.167445099617105,16.814965530793625,19.519924668440584,19.3643
OPD,2025-05-27 19:00:00+00:00,2025-05-27 20:00:00+00:00,13.8823,13.609162807646504,12.256683238823026,14.961642376469982,14.6274
WARD_A,2025-05-27 19:00:00+00:00,2025-05-27 20:00:00+00:00,16.2251,15.994255627716221,14.641776058892743,17.3467351965397,17.4647
WARD_B,2025-05-27 19:00:00+00:00,2025-05-27 20:00:00+00:00,15.4472,15.85909207290158,14.506612504078102,17.211571641725058,17.3107
ICU,2025-05-27 20:00:00+00:00,2025-05-27 21:00:00+00:00,15.9317,16.17749589468477,14.825016325861293,17.52997546350825,15.7617
OPD,2025-05-27 20:00:00+00:00,2025-05-27 21:00:00+00:00,12.3154,11.955660640268382,10.603181071444904,13.30814020909186,10.991
WARD_A,2025-05-27 20:00:00+00:00,2025-05-27 21:00:00+00:00,14.1785,14.403969865282134,13.051490296458656,15.756449434105612,14.7659
WARD_B,2025-05-27 20:00:00+00:00,2025-05-27 21:00:00+00:00,14.7873,13.725577926094276,12.373098357270798,15.078057494917754,15.1546
ICU,2025-05-27 21:00:00+00:00,2025-05-27 22:00:00+00:00,15.6358,15.743857397502872,14.391377828679394,17.09633696632635,15.4689
OPD,2025-05-27 21:00:00+00:00,2025-05-27 22:00:00+00:00,11.7119,11.75301224229504,10.400532673471561,13.105491811118517,9.8144
WARD_A,2025-05-27 21:00:00+00:00,2025-05-27 22:00:00+00:00,13.6041,13.602373345624414,12.249893776800937,14.954852914447892,14.6001
WARD_B,2025-05-27 21:00:00+00:00,2025-05-27 22:00:00+00:00,13.8535,13.447082323444842,12.094602754621365,14.79956189226832,15.2937
ICU,2025-05-27 22:00:00+00:00,2025-05-27 23:00:00+00:00,14.9486,15.444196565505914,14.091716996682436,16.79667613432939,14.6405
OPD,2025-05-27 22:00:00+00:00,2025-05-27 23:00:00+00:00,11.0245,10.872056314341732,9.519576745518254,12.22453588316521,10.4757
WARD_A,2025-05-27 22:00:00+00:00,2025-05-27 23:00:00+00:00,12.336,12.960393326594458,11.60791375777098,14.312872895417936,14.6118
WARD_B,2025-05-27 22:00:00+00:00,2025-05-27 23:00:00+00:00,11.1618,12.911792257699728,11.55931268887625,14.264271826523206,13.8672
ICU,2025-05-27 23:00:00+00:00,2025-05-28 00:00:00+00:00,14.0472,14.708978212423922,13.356498643600444,16.0614577812474,14.9271
OPD,2025-05-27 23:00:00+00:00,2025-05-28 00:00:00+00:00,9.0974,10.204627593152896,8.852148024329418,11.557107161976374,10.6449
WARD_A,2025-05-27 23:00:00+00:00,2025-05-28 00:00:00+00:00,12.2214,12.676824053221681,11.324344484398203,14.029303622045159,13.3284
WARD_B,2025-05-27 23:00:00+00:00,2025-05-28 00:00:00+00:00,11.6023,11.979424149442524,10.626944580619046,13.331903718266002,14.7737
ICU,2025-05-28 00:00:00+00:00,2025-05-28 01:00:00+00:00,14.5808,14.510055659487035,13.157576090663557,15.862535228310513,13.6574
OPD,2025-05-28 00:00:00+00:00,2025-05-28 01:00:00+00:00,9.3743,10.413043129574087,9.060563560750609,11.765522698397564,9.5974
WARD_A,2025-05-28 00:00:00+00:00,2025-05-28 01:00:00+00:00,12.3528,12.558937675377301,11.206458106553823,13.911417244200779,11.9458
WARD_B,2025-05-28 00:00:00+00:00,2025-05-28 01:00:00+00:00,12.7795,12.138805320724241,10.786325751900764,13.49128488954772,12.8807
ICU,2025-05-28 01:00:00+00:00,2025-05-28 02:00:00+00:00,15.1284,14.476175655457416,13.123696086633938,15.828655224280894,14.9931
OPD,2025-05-28 01:00:00+00:00,2025-05-28 02:00:00+00:00,10.6375,10.25144493951578,8.898965370692302,11.603924508339258,10.2395
WARD_A,2025-05-28 01:00:00+00:00,2025-05-28 02:00:00+00:00,13.1653,12.736112047530048,11.38363247870657,14.088591616353526,13.9497
WARD_B,2025-05-28 01:00:00+00:00,2025-05-28 02:00:00+00:00,12.2248,12.586356532269955,11.233876963446477,13.938836101093433,13.2831
ICU,2025-05-28 02:00:00+00:00,2025-05-28 03:00:00+00:00,14.5749,14.839501773202166,13.487022204378688,16.191981342025645,14.4651
OPD,2025-05-28 02:00:00+00:00,2025-05-28 03:00:00+00:00,10.0398,10.593504390021492,9.241024821198014,11.94598395884497,9.9534
WARD_A,2025-05-28 02:00:00+00:00,2025-05-28 03:00:00+00:00,11.4275,12.879985128526387,11.52750555970291,14.232464697349865,13.6437
WARD_B,2025-05-28 02:00:00+00:00,2025-05-28 03:00:00+00:00,12.4219,12.214273371944573,10.861793803121095,13.566752940768051,13.334
ICU,2025-05-28 03:00:00+00:00,2025-05-28 04:00:00+00:00,14.9739,14.958874120295757,13.60639455147228,16.311353689119237,15.7374
OPD,2025-05-28 03:00:00+00:00,2025-05-28 04:00:00+00:00,10.7019,10.528775280457427,9.17629571163395,11.881254849280905,10.9114
WARD_A,2025-05-28 03:00:00+00:00,2025-05-28 04:00:00+00:00,13.0481,12.606896899065992,11.254417330242514,13.95937646788947,15.1484
WARD_B,2025-05-28 03:00:00+00:00,2025-05-28 04:00:00+00:00,13.336,12.819123240794212,11.466643671970735,14.17160280961769,13.3705
ICU,2025-05-28 04:00:00+00:00,2025-05-28 05:00:00+00:00,15.3701,15.586591322763521,14.234111753940043,16.939070891587,15.1621
OPD,2025-05-28 04:00:00+00:00,2025-05-28 05:00:00+00:00,11.0408,11.147118098312765,9.794638529489287,12.499597667136243,10.3976
WARD_A,2025-05-28 04:00:00+00:00,2025-05-28 05:00:00+00:00,13.4099,13.590352646076601,12.237873077253123,14.94283221490008,13.9773
WARD_B,2025-05-28 04:00:00+00:00,2025-05-28 05:00:00+00:00,12.5248,12.678343948289802,11.325864379466324,14.03082351711328,13.7065
ICU,2025-05-28 05:00:00+00:00,2025-05-28 06:00:00+00:00,17.7164,17.11394240443312,15.761462835609644,18.4664219732566,17.4817
OPD,2025-05-28 05:00:00+00:00,2025-05-28 06:00:00+00:00,12.923,12.735111827230758,11.38263225840728,14.087591396054236,12.6431
WARD_A,2025-05-28 05:00:00+00:00,2025-05-28 06:00:00+00:00,15.1135,14.961818497986904,13.609338929163426,16.314298066810384,17.8381
WARD_B,2025-05-28 05:00:00+00:00,2025-05-28 06:00:00+00:00,16.0026,14.248754362557502,12.896274793734024,15.60123393138098,15.8804
ICU,2025-05-28 06:00:00+00:00,2025-05-28 07:00:00+00:00,15.0996,16.61072179875289,15.258242229929413,17.96320136757637,15.7779
OPD,2025-05-28 06:00:00+00:00,2025-05-28 07:00:00+00:00,10.7471,12.60702478086548,11.254545212042002,13.959504349688958,11.8895
WARD_A,2025-05-28 06:00:00+00:00,2025-05-28 07:00:00+00:00,12.1734,14.351766247635855,12.999286678812377,15.704245816459332,14.9114
WARD_B,2025-05-28 06:00:00+00:00,2025-05-28 07:00:00+00:00,13.2077,14.657264098247364,13.304784529423886,16.009743667070843,14.3605
ICU,2025-05-28 07:00:00+00:00,2025-05-28 08:00:00+00:00,18.2341,17.272931450900227,15.92045188207675,18.625411019723707,17.4566
OPD,2025-05-28 07:00:00+00:00,2025-05-28 08:00:00+00:00,18.0973,16.605381172710207,15.252901603886729,17.957860741533686,16.8241
WARD_A,2025-05-28 07:00:00+00:00,2025-05-28 08:00:00+00:00,15.3021,15.969154086209757,14.61667451738628,17.321633655033235,17.48
WARD_B,2025-05-28 07:00:00+00:00,2025-05-28 08:00:00+00:00,16.1717,15.744638786413086,14.392159217589608,17.097118355236564,16.1568
ICU,2025-05-28 08:00:00+00:00,2025-05-28 09:00:00+00:00,16.9729,18.88006077867506,17.52758120985158,20.23254034749854,18.6444
OPD,2025-05-28 08:00:00+00:00,2025-05-28 09:00:00+00:00,15.9398,17.49648944472031,16.14400987589683,18.84896901354379,17.1627
WARD_A,2025-05-28 08:00:00+00:00,2025-05-28 09:00:00+00:00,16.4992,16.30784720287035,14.95536763404687,17.66032677169383,17.56
WARD_B,2025-05-28 08:00:00+00:00,2025-05-28 09:00:00+00:00,16.1192,16.507873364633973,15.155393795810495,17.860352933457452,17.1217
ICU,2025-05-28 09:00:00+00:00,2025-05-28 10:00:00+00:00,19.3325,18.556290789730944,17.203811220907465,19.908770358554424,19.0512
OPD,2025-05-28 09:00:00+00:00,2025-05-28 10:00:00+00:00,17.0369,17.94150532159568,16.5890257527722,19.29398489041916,17.4529
WARD_A,2025-05-28 09:00:00+00:00,2025-05-28 10:00:00+00:00,17.5984,17.21685211268508,15.8643725438616,18.569331681508558,17.8003
WARD_B,2025-05-28 09:00:00+00:00,2025-05-28 10:00:00+00:00,17.301,16.739122637983474,15.386643069159996,18.091602206806954,16.9688
ICU,2025-05-28 10:00:00+00:00,2025-05-28 11:00:00+00:00,18.7175,19.661204607804187,18.308725038980707,21.013684176627667,19.3267
OPD,2025-05-28 10:00:00+00:00,2025-05-28 11:00:00+00:00,18.7132,18.530429414088537,17.177949845265058,19.882908982912017,18.2841
WARD_A,2025-05-28 10:00:00+00:00,2025-05-28 11:00:00+00:00,15.9828,18.040073149970276,16.687593581146796,19.392552718793755,17.8504
WARD_B,2025-05-28 10:00:00+00:00,2025-05-28 11:00:00+00:00,17.328,17.373476662552576,16.020997093729097,18.725956231376056,17.5203
ICU,2025-05-28 11:00:00+00:00,2025-05-28 12:00:00+00:00,19.9082,19.466930619041218,18.11445105021774,20.819410187864698,19.044
OPD,2025-05-28 11:00:00+00:00,2025-05-28 12:00:00+00:00,19.5394,18.921500905976874,17.569021337153394,20.273980474800354,18.6585
WARD_A,2025-05-28 11:00:00+00:00,2025-05-28 12:00:00+00:00,17.0216,17.346700403229207,15.994220834405729,18.699179972052686,17.8744
WARD_B,2025-05-28 11:00:00+00:00,2025-05-28 12:00:00+00:00,17.1856,17.436451487412857,16.083971918589377,18.788931056236336,18.7645
ICU,2025-05-28 12:00:00+00:00,2025-05-28 13:00:00+00:00,20.1473,20.050585907265994,18.698106338442514,21.403065476089473,20.5029
OPD,2025-05-28 12:00:00+00:00,2025-05-28 13:00:00+00:00,18.0827,18.79692031758899,17.444440748765512,20.14939988641247,17.92
WARD_A,2025-05-28 12:00:00+00:00,2025-05-28 13:00:00+00:00,18.3702,17.945803157149726,16.593323588326246,19.298282725973205,19.2904
WARD_B,2025-05-28 12:00:00+00:00,2025-05-28 13:00:00+00:00,17.8663,17.943742777802015,16.591263208978535,19.296222346625495,19.0807
ICU,2025-05-28 13:00:00+00:00,2025-05-28 14:00:00+00:00,21.5783,21.745982081173988,20.39350251235051,23.098461649997468,21.1802
OPD,2025-05-28 13:00:00+00:00,2025-05-28 14:00:00+00:00,20.6068,20.321460259916865,18.968980691093385,21.673939828740345,20.7826
WARD_A,2025-05-28 13:00:00+00:00,2025-05-28 14:00:00+00:00,18.9023,20.30226503969203,18.94978547086855,21.65474460851551,21.7127
WARD_B,2025-05-28 13:00:00+00:00,2025-05-28 14:00:00+00:00,19.8046,19.9730440901994,18.620564521375922,21.32552365902288,20.4371
ICU,2025-05-28 14:00:00+00:00,2025-05-28 15:00:00+00:00,19.6306,20.006814293633788,18.654334724810308,21.359293862457267,19.5368
OPD,2025-05-28 14:00:00+00:00,2025-05-28 15:00:00+00:00,17.2619,19.18016335089216,17.82768378206868,20.532642919715638,18.8533
WARD_A,2025-05-28 14:00:00+00:00,2025-05-28 15:00:00+00:00,17.921,17.998390193953107,16.645910625129627,19.350869762776586,18.1913
WARD_B,2025-05-28 14:00:00+00:00,2025-05-28 15:00:00+00:00,19.3099,18.16648879611901,16.81400922729553,19.518968364942488,19.3418
ICU,2025-05-28 15:00:00+00:00,2025-05-28 16:00:00+00:00,18.4112,19.70497498933353,18.35249542051005,21.05745455815701,19.8692
OPD,2025-05-28 15:00:00+00:00,2025-05-28 16:00:00+00:00,19.6295,18.035926501466808,16.683446932643328,19.388406070290287,18.3304
WARD_A,2025-05-28 15:00:00+00:00,2025-05-28 16:00:00+00:00,17.7469,17.583102080696225,16.230622511872745,18.935581649519705,18.7156
WARD_B,2025-05-28 15:00:00+00:00,2025-05-28 16:00:00+00:00,16.4905,18.157309021031466,16.804829452207986,19.509788589854946,19.1877
ICU,2025-05-28 16:00:00+00:00,2025-05-28 17:00:00+00:00,19.0789,18.753026141234834,17.400546572411354,20.105505710058313,19.2808
OPD,2025-05-28 16:00:00+00:00,2025-05-28 17:00:00+00:00,17.7712,18.234923695783557,16.882444126960078,19.587403264607037,16.361
WARD_A,2025-05-28 16:00:00+00:00,2025-05-28 17:00:00+00:00,16.7376,17.457804237938603,16.105324669115124,18.810283806762083,19.2972
WARD_B,2025-05-28 16:00:00+00:00,2025-05-28 17:00:00+00:00,16.0064,16.94274703295083,15.590267464127352,18.29522660177431,18.0455
ICU,2025-05-28 17:00:00+00:00,2025-05-28 18:00:00+00:00,18.4036,17.923873926942107,16.571394358118628,19.276353495765587,18.007
OPD,2025-05-28 17:00:00+00:00,2025-05-28 18:00:00+00:00,14.6528,13.83635562507623,12.483876056252752,15.188835193899708,12.8528
WARD_A,2025-05-28 17:00:00+00:00,2025-05-28 18:00:00+00:00,15.995,15.830426670222755,14.477947101399277,17.182906239046233,16.7954
WARD_B,2025-05-28 17:00:00+00:00,2025-05-28 18:00:00+00:00,15.6527,15.567036779422832,14.214557210599354,16.91951634824631,16.125
ICU,2025-05-28 18:00:00+00:00,2025-05-28 19:00:00+00:00,17.4959,17.636412399488673,16.283932830665194,18.988891968312153,17.3067
OPD,2025-05-28 18:00:00+00:00,2025-05-28 19:00:00+00:00,12.2384,13.394988419646728,12.04250885082325,14.747467988470206,12.2956
WARD_A,2025-05-28 18:00:00+00:00,2025-05-28 19:00:00+00:00,16.2506,15.57932748677399,14.226847917950511,16.931807055597467,16.3065
WARD_B,2025-05-28 18:00:00+00:00,2025-05-28 19:00:00+00:00,16.1538,15.126813788866048,13.77433422004257,16.479293357689528,15.3791
ICU,2025-05-28 19:00:00+00:00,2025-05-28 20:00:00+00:00,17.9453,18.144901095213733,16.792421526390253,19.497380664037212,18.7227
OPD,2025-05-28 19:00:00+00:00,2025-05-28 20:00:00+00:00,13.4217,12.98248112247226,11.630001553648782,14.334960691295738,14.2292
WARD_A,2025-05-28 19:00:00+00:00,2025-05-28 20:00:00+00:00,15.8063,16.82051550585121,15.46803593702773,18.172995074674688,17.7984
WARD_B,2025-05-28 19:00:00+00:00,2025-05-28 20:00:00+00:00,15.1841,16.897952984248672,15.545473415425194,18.25043255307215,17.1561
ICU,2025-05-28 20:00:00+00:00,2025-05-28 21:00:00+00:00,15.9566,16.068852928383137,14.71637335955966,17.421332497206617,16.7486
OPD,2025-05-28 20:00:00+00:00,2025-05-28 21:00:00+00:00,11.9087,11.89418744614278,10.541707877319302,13.246667014966258,12.3128
WARD_A,2025-05-28 20:00:00+00:00,2025-05-28 21:00:00+00:00,13.7586,13.959256432032497,12.606776863209019,15.311736000855975,16.4994
WARD_B,2025-05-28 20:00:00+00:00,2025-05-28 21:00:00+00:00,14.0908,13.511984396813377,12.159504827989899,14.864463965636855,15.2661
ICU,2025-05-28 21:00:00+00:00,2025-05-28 22:00:00+00:00,15.0397,15.823858961526104,14.471379392702627,17.176338530349582,16.2303
OPD,2025-05-28 21:00:00+00:00,2025-05-28 22:00:00+00:00,10.854,11.580850994232721,10.228371425409243,12.933330563056199,12.1484
WARD_A,2025-05-28 21:00:00+00:00,2025-05-28 22:00:00+00:00,12.4042,13.341318489128003,11.988838920304525,14.693798057951481,16.0333
WARD_B,2025-05-28 21:00:00+00:00,2025-05-28 22:00:00+00:00,13.0068,13.584026466885264,12.231546898061787,14.936506035708742,14.7248
ICU,2025-05-28 22:00:00+00:00,2025-05-28 23:00:00+00:00,13.8068,15.02675214340231,13.674272574578833,16.37923171222579,15.1954
OPD,2025-05-28 22:00:00+00:00,2025-05-28 23:00:00+00:00,10.4679,10.81654784371475,9.464068274891272,12.169027412538227,10.8986
WARD_A,2025-05-28 22:00:00+00:00,2025-05-28 23:00:00+00:00,12.0318,12.833707799880786,11.481228231057308,14.186187368704264,14.6466
WARD_B,2025-05-28 22:00:00+00:00,2025-05-28 23:00:00+00:00,12.7384,12.937226824854271,11.584747256030793,14.289706393677749,13.704
ICU,2025-05-28 23:00:00+00:00,2025-05-29 00:00:00+00:00,14.04,14.35363430813438,13.001154739310902,15.706113876957858,15.0469
OPD,2025-05-28 23:00:00+00:00,2025-05-29 00:00:00+00:00,11.2658,10.276365775623507,8.923886206800029,11.628845344446985,10.561
WARD_A,2025-05-28 23:00:00+00:00,2025-05-29 00:00:00+00:00,12.7335,12.261767306338875,10.909287737515397,13.614246875162353,13.5429
WARD_B,2025-05-28 23:00:00+00:00,2025-05-29 00:00:00+00:00,12.639,12.16690398914981,10.814424420326333,13.519383557973288,13.2837
ICU,2025-05-29 00:00:00+00:00,2025-05-29 01:00:00+00:00,13.4645,14.308493006484484,12.956013437661007,15.660972575307962,14.4238
OPD,2025-05-29 00:00:00+00:00,2025-05-29 01:00:00+00:00,10.0942,10.211280481911322,8.858800913087844,11.5637600507348,10.1041
WARD_A,2025-05-29 00:00:00+00:00,2025-05-29 01:00:00+00:00,11.2949,12.4079075743423,11.055428005518822,13.760387143165778,14.2969
WARD_B,2025-05-29 00:00:00+00:00,2025-05-29 01:00:00+00:00,11.5583,12.288275277368705,10.935795708545227,13.640754846192182,13.7295
ICU,2025-05-29 01:00:00+00:00,2025-05-29 02:00:00+00:00,14.2581,14.200916500328704,12.848436931505226,15.553396069152182,14.6694
OPD,2025-05-29 01:00:00+00:00,2025-05-29 02:00:00+00:00,10.7815,9.927888021861863,8.575408453038385,11.28036759068534,10.7145
WARD_A,2025-05-29 01:00:00+00:00,2025-05-29 02:00:00+00:00,12.0339,12.094721493071352,10.742241924247875,13.44720106189483,14.4501
WARD_B,2025-05-29 01:00:00+00:00,2025-05-29 02:00:00+00:00,12.4773,12.23120607331888,10.878726504495402,13.583685642142358,14.5167
ICU,2025-05-29 02:00:00+00:00,2025-05-29 03:00:00+00:00,14.7437,14.558477462593155,13.205997893769677,15.910957031416633,14.5715
OPD,2025-05-29 02:00:00+00:00,2025-05-29 03:00:00+00:00,9.9349,10.361023277215994,9.008543708392516,11.713502846039471,10.4438
WARD_A,2025-05-29 02:00:00+00:00,2025-05-29 03:00:00+00:00,11.0676,12.498231809257353,11.145752240433875,13.850711378080831,13.0936
WARD_B,2025-05-29 02:00:00+00:00,2025-05-29 03:00:00+00:00,12.828,12.5452729716853,11.192793402861822,13.897752540508778,13.6421
ICU,2025-05-29 03:00:00+00:00,2025-05-29 04:00:00+00:00,13.4021,14.976322269594537,13.623842700771059,16.328801838418016,14.8558
OPD,2025-05-29 03:00:00+00:00,2025-05-29 04:00:00+00:00,10.2152,10.488965546780458,9.13648597795698,11.841445115603936,10.2113
WARD_A,2025-05-29 03:00:00+00:00,2025-05-29 04:00:00+00:00,13.1839,12.040080821530752,10.687601252707275,13.39256039035423,13.2047
WARD_B,2025-05-29 03:00:00+00:00,2025-05-29 04:00:00+00:00,11.3934,13.13859764942013,11.786118080596653,14.491077218243609,12.9006
ICU,2025-05-29 04:00:00+00:00,2025-05-29 05:00:00+00:00,15.2463,14.692321151847143,13.339841583023665,16.044800720670622,15.5504
OPD,2025-05-29 04:00:00+00:00,2025-05-29 05:00:00+00:00,11.1836,10.650425704935648,9.29794613611217,12.002905273759126,10.4332
WARD_A,2025-05-29 04:00:00+00:00,2025-05-29 05:00:00+00:00,13.6813,13.212855692289745,11.860376123466267,14.565335261113223,14.0569
WARD_B,2025-05-29 04:00:00+00:00,2025-05-29 05:00:00+00:00,12.9957,12.763525266671856,11.411045697848378,14.116004835495334,13.8877
ICU,2025-05-29 05:00:00+00:00,2025-05-29 06:00:00+00:00,18.1894,17.455816929100166,16.103337360276686,18.808296497923646,17.9333
OPD,2025-05-29 05:00:00+00:00,2025-05-29 06:00:00+00:00,12.5473,12.578623389071314,11.226143820247836,13.931102957894792,11.8989
WARD_A,2025-05-29 05:00:00+00:00,2025-05-29 06:00:00+00:00,15.8047,14.92656812665603,13.574088557832551,16.27904769547951,16.4668
WARD_B,2025-05-29 05:00:00+00:00,2025-05-29 06:00:00+00:00,14.2445,14.703223834894795,13.350744266071317,16.055703403718272,15.8294
ICU,2025-05-29 06:00:00+00:00,2025-05-29 07:00:00+00:00,15.4721,16.60157539429928,15.249095825475804,17.95405496312276,15.8606
OPD,2025-05-29 06:00:00+00:00,2025-05-29 07:00:00+00:00,11.2183,12.252663237689267,10.90018366886579,13.605142806512745,11.1775
WARD_A,2025-05-29 06:00:00+00:00,2025-05-29 07:00:00+00:00,12.4757,14.454665006678436,13.102185437854958,15.807144575501914,15.5893
WARD_B,2025-05-29 06:00:00+00:00,2025-05-29 07:00:00+00:00,14.6191,14.380784023901237,13.028304455077759,15.733263592724715,13.8402
ICU,2025-05-29 07:00:00+00:00,2025-05-29 08:00:00+00:00,17.6403,17.124523649277574,15.772044080454096,18.477003218101054,17.4936
OPD,2025-05-29 07:00:00+00:00,2025-05-29 08:00:00+00:00,16.9252,15.418747046370807,14.06626747754733,16.771226615194287,16.3598
WARD_A,2025-05-29 07:00:00+00:00,2025-05-29 08:00:00+00:00,16.0078,15.771597053000244,14.419117484176766,17.124076621823722,16.7849
WARD_B,2025-05-29 07:00:00+00:00,2025-05-29 08:00:00+00:00,15.7322,15.71234043195344,14.359860863129962,17.06482000077692,17.1108
ICU,2025-05-29 08:00:00+00:00,2025-05-29 09:00:00+00:00,18.2453,18.263225748212292,16.910746179388813,19.615705317035772,18.1881
OPD,2025-05-29 08:00:00+00:00,2025-05-29 09:00:00+00:00,17.9929,17.408386697125934,16.055907128302454,18.760866265949414,16.7962
WARD_A,2025-05-29 08:00:00+00:00,2025-05-29 09:00:00+00:00,16.9735,16.68854326550867,15.336063696685192,18.04102283433215,17.1908
WARD_B,2025-05-29 08:00:00+00:00,2025-05-29 09:00:00+00:00,15.6902,16.29962181192179,14.94714224309831,17.65210138074527,17.6721
ICU,2025-05-29 09:00:00+00:00,2025-05-29 10:00:00+00:00,18.0969,18.940290670643,17.587811101819522,20.29277023946648,19.2624
OPD,2025-05-29 09:00:00+00:00,2025-05-29 10:00:00+00:00,16.8988,17.8031899311792,16.45071036235572,19.15566950000268,18.2439
WARD_A,2025-05-29 09:00:00+00:00,2025-05-29 10:00:00+00:00,15.807,17.135607208947313,15.783127640123835,18.488086777770793,18.7129
WARD_B,2025-05-29 09:00:00+00:00,2025-05-29 10:00:00+00:00,16.7851,16.689704285299968,15.33722471647649,18.042183854123447,19.4461
ICU,2025-05-29 10:00:00+00:00,2025-05-29 11:00:00+00:00,18.6879,19.108063536138243,17.755583967314763,20.460543104961722,19.3318
OPD,2025-05-29 10:00:00+00:00,2025-05-29 11:00:00+00:00,18.3862,17.995918998508316,16.643439429684836,19.348398567331795,17.952
WARD_A,2025-05-29 10:00:00+00:00,2025-05-29 11:00:00+00:00,17.4451,17.10974612235624,15.75726655353276,18.462225691179718,18.0686
WARD_B,2025-05-29 10:00:00+00:00,2025-05-29 11:00:00+00:00,16.4613,17.711652428197414,16.359172859373935,19.064131997020894,18.4671
ICU,2025-05-29 11:00:00+00:00,2025-05-29 12:00:00+00:00,19.4185,19.32721211322069,17.97473254439721,20.67969168204417,20.1536
OPD,2025-05-29 11:00:00+00:00,2025-05-29 12:00:00+00:00,20.4797,18.660960107478026,17.308480538654546,20.013439676301505,17.4692
WARD_A,2025-05-29 11:00:00+00:00,2025-05-29 12:00:00+00:00,18.2123,17.48895003434737,16.13647046552389,18.841429603170848,18.1179
WARD_B,2025-05-29 11:00:00+00:00,2025-05-29 12:00:00+00:00,17.7445,17.13069279346214,15.77821322463866,18.483172362285618,17.5895
ICU,2025-05-29 12:00:00+00:00,2025-05-29 13:00:00+00:00,20.214,19.7435987927486,18.39111922392512,21.09607836157208,20.226
OPD,2025-05-29 12:00:00+00:00,2025-05-29 13:00:00+00:00,19.4149,19.69184818823942,18.33936861941594,21.0443277570629,18.9263
WARD_A,2025-05-29 12:00:00+00:00,2025-05-29 13:00:00+00:00,18.6298,18.22062176623104,16.86814219740756,19.57310133505452,19.7363
WARD_B,2025-05-29 12:00:00+00:00,2025-05-29 13:00:00+00:00,18.6283,18.081601968210826,16.729122399387347,19.434081537034306,18.135
ICU,2025-05-29 13:00:00+00:00,2025-05-29 14:00:00+00:00,20.5629,21.767762505395005,20.415282936571526,23.120242074218485,20.3549
OPD,2025-05-29 13:00:00+00:00,2025-05-29 14:00:00+00:00,22.2753,21.037017460171725,19.684537891348246,22.389497028995205,20.5938
WARD_A,2025-05-29 13:00:00+00:00,2025-05-29 14:00:00+00:00,19.8612,20.271011038925597,18.918531470102117,21.623490607749076,20.582
WARD_B,2025-05-29 13:00:00+00:00,2025-05-29 14:00:00+00:00,20.1621,20.026484495824636,18.674004927001157,21.378964064648116,18.9437
ICU,2025-05-29 14:00:00+00:00,2025-05-29 15:00:00+00:00,19.18,19.689293163051225,18.336813594227745,21.041772731874705,20.9864
OPD,2025-05-29 14:00:00+00:00,2025-05-29 15:00:00+00:00,16.8264,19.53555731673177,18.18307774790829,20.88803688555525,18.8512
WARD_A,2025-05-29 14:00:00+00:00,2025-05-29 15:00:00+00:00,18.2415,18.42927866811926,17.07679909929578,19.78175823694274,17.3523
WARD_B,2025-05-29 14:00:00+00:00,2025-05-29 15:00:00+00:00,18.4082,17.96177372212931,16.60929415330583,19.314253290952788,18.9863
ICU,2025-05-29 15:00:00+00:00,2025-05-29 16:00:00+00:00,19.2974,19.36387152881331,18.01139195998983,20.71635109763679,18.792
OPD,2025-05-29 15:00:00+00:00,2025-05-29 16:00:00+00:00,18.8548,18.451757212718192,17.099277643894712,19.80423678154167,20.0453
WARD_A,2025-05-29 15:00:00+00:00,2025-05-29 16:00:00+00:00,18.3508,17.81428494026678,16.4618053714433,19.16676450909026,18.778
WARD_B,2025-05-29 15:00:00+00:00,2025-05-29 16:00:00+00:00,17.3523,17.67577932183446,16.323299753010982,19.02825889065794,19.014
ICU,2025-05-29 16:00:00+00:00,2025-05-29 17:00:00+00:00,20.2524,19.055638711417895,17.703159142594416,20.408118280241375,20.0247
OPD,2025-05-29 16:00:00+00:00,2025-05-29 17:00:00+00:00,17.9102,18.510779850206035,17.158300281382555,19.863259419029514,19.5985
WARD_A,2025-05-29 16:00:00+00:00,2025-05-29 17:00:00+00:00,17.2594,17.686552513688486,16.334072944865007,19.039032082511966,19.5233
WARD_B,2025-05-29 16:00:00+00:00,2025-05-29 17:00:00+00:00,16.4147,17.309334306571902,15.956854737748424,18.66181387539538,18.7481
ICU,2025-05-29 17:00:00+00:00,2025-05-29 18:00:00+00:00,17.5421,17.815334996761052,16.462855427937573,19.167814565584532,18.2582
OPD,2025-05-29 17:00:00+00:00,2025-05-29 18:00:00+00:00,13.6176,13.949633003273561,12.597153434450084,15.30211257209704,12.6064
WARD_A,2025-05-29 17:00:00+00:00,2025-05-29 18:00:00+00:00,16.0978,16.047819741004997,14.695340172181519,17.400299309828476,15.8852
WARD_B,2025-05-29 17:00:00+00:00,2025-05-29 18:00:00+00:00,15.5433,15.519218469471198,14.16673890064772,16.871698038294678,17.1078
ICU,2025-05-29 18:00:00+00:00,2025-05-29 19:00:00+00:00,17.8063,17.199198841209576,15.846719272386098,18.551678410033055,18.0387
OPD,2025-05-29 18:00:00+00:00,2025-05-29 19:00:00+00:00,13.5362,13.30544155626101,11.952961987437533,14.657921125084489,13.1771
WARD_A,2025-05-29 18:00:00+00:00,2025-05-29 19:00:00+00:00,15.1118,15.669617283379324,14.317137714555846,17.022096852202804,16.2845
WARD_B,2025-05-29 18:00:00+00:00,2025-05-29 19:00:00+00:00,16.5831,15.294868515752134,13.942388946928656,16.64734808457561,16.9691
ICU,2025-05-29 19:00:00+00:00,2025-05-29 20:00:00+00:00,18.3279,18.322319718452853,16.969840149629373,19.674799287276333,17.7141
OPD,2025-05-29 19:00:00+00:00,2025-05-29 20:00:00+00:00,14.6314,13.814110036413757,12.461630467590279,15.166589605237235,13.351
WARD_A,2025-05-29 19:00:00+00:00,2025-05-29 20:00:00+00:00,15.9784,16.273226086355855,14.920746517532377,17.625705655179335,17.369
WARD_B,2025-05-29 19:00:00+00:00,2025-05-29 20:00:00+00:00,15.6442,17.147767519884816,15.795287951061338,18.500247088708296,16.2327
ICU,2025-05-29 20:00:00+00:00,2025-05-29 21:00:00+00:00,15.4983,16.11262494397591,14.760145375152431,17.46510451279939,16.8278
OPD,2025-05-29 20:00:00+00:00,2025-05-29 21:00:00+00:00,11.6228,12.076960996545097,10.724481427721619,13.429440565368575,11.5769
WARD_A,2025-05-29 20:00:00+00:00,2025-05-29 21:00:00+00:00,13.3159,14.151850869706726,12.799371300883248,15.504330438530204,15.453
WARD_B,2025-05-29 20:00:00+00:00,2025-05-29 21:00:00+00:00,13.6868,13.888963733821912,12.536484164998434,15.24144330264539,14.349
ICU,2025-05-29 21:00:00+00:00,2025-05-29 22:00:00+00:00,14.9376,15.456710761176092,14.104231192352614,16.80919032999957,15.9629
OPD,2025-05-29 21:00:00+00:00,2025-05-29 22:00:00+00:00,11.4541,11.479968628610004,10.127489059786527,12.832448197433482,11.4589
WARD_A,2025-05-29 21:00:00+00:00,2025-05-29 22:00:00+00:00,12.3873,13.276580339396752,11.924100770573274,14.62905990822023,14.8597
WARD_B,2025-05-29 21:00:00+00:00,2025-05-29 22:00:00+00:00,13.5221,13.205144571859517,11.852665003036039,14.557624140682995,13.3814
ICU,2025-05-29 22:00:00+00:00,2025-05-29 23:00:00+00:00,13.7837,14.933837972146856,13.581358403323378,16.286317540970334,15.3359
OPD,2025-05-29 22:00:00+00:00,2025-05-29 23:00:00+00:00,9.9479,10.99574413159972,9.643264562776242,12.348223700423198,11.8539
WARD_A,2025-05-29 22:00:00+00:00,2025-05-29 23:00:00+00:00,13.2918,12.542955871634799,11.190476302811321,13.895435440458277,14.6638
WARD_B,2025-05-29 22:00:00+00:00,2025-05-29 23:00:00+00:00,12.3635,12.855816437513957,11.503336868690479,14.208296006337434,14.5737
OPD,2025-05-29 23:00:00+00:00,2025-05-30 00:00:00+00:00,9.9224,10.434531939660799,9.08205237083732,11.787011508484277,10.4118
WARD_A,2025-05-29 23:00:00+00:00,2025-05-30 00:00:00+00:00,12.6689,12.541176933054874,11.188697364231396,13.893656501878352,14.2771
WARD_B,2025-05-29 23:00:00+00:00,2025-05-30 00:00:00+00:00,12.4024,12.504602541078132,11.152122972254654,13.85708210990161,13.801
ICU,2025-05-30 00:00:00+00:00,2025-05-30 01:00:00+00:00,13.8219,14.94650632049328,13.594026751669801,16.298985889316757,13.891
OPD,2025-05-30 00:00:00+00:00,2025-05-30 01:00:00+00:00,10.5621,10.617161303841598,9.26468173501812,11.969640872665076,10.9887
WARD_A,2025-05-30 00:00:00+00:00,2025-05-30 01:00:00+00:00,12.586,12.56694292352364,11.214463354700163,13.919422492347119,13.4591
WARD_B,2025-05-30 00:00:00+00:00,2025-05-30 01:00:00+00:00,12.85,12.545257614636439,11.192778045812961,13.897737183459917,13.5611
ICU,2025-05-30 01:00:00+00:00,2025-05-30 02:00:00+00:00,14.8787,14.114221948750153,12.761742379926675,15.46670151757363,13.4026
OPD,2025-05-30 01:00:00+00:00,2025-05-30 02:00:00+00:00,9.9785,10.460192145988554,9.107712577165076,11.812671714812032,9.355
WARD_A,2025-05-30 01:00:00+00:00,2025-05-30 02:00:00+00:00,12.4076,12.300789270025387,10.948309701201909,13.653268838848865,12.7857
WARD_B,2025-05-30 01:00:00+00:00,2025-05-30 02:00:00+00:00,12.6328,12.571317109157405,11.218837540333928,13.923796677980883,11.9393
ICU,2025-05-30 02:00:00+00:00,2025-05-30 03:00:00+00:00,14.1065,14.494088904831163,13.141609336007685,15.84656847365464,14.2064
OPD,2025-05-30 02:00:00+00:00,2025-05-30 03:00:00+00:00,9.2853,10.49487315798447,9.142393589160992,11.847352726807948,9.6199
WARD_A,2025-05-30 02:00:00+00:00,2025-05-30 03:00:00+00:00,12.1329,12.447604448215813,11.095124879392335,13.80008401703929,12.0483
WARD_B,2025-05-30 02:00:00+00:00,2025-05-30 03:00:00+00:00,11.6006,12.534584725067882,11.182105156244404,13.88706429389136,11.4329
ICU,2025-05-30 03:00:00+00:00,2025-05-30 04:00:00+00:00,15.3043,14.808909435138851,13.456429866315373,16.16138900396233,14.7739
OPD,2025-05-30 03:00:00+00:00,2025-05-30 04:00:00+00:00,11.1619,10.409836638661723,9.057357069838245,11.7623162074852,10.8319
WARD_A,2025-05-30 03:00:00+00:00,2025-05-30 04:00:00+00:00,11.97,12.470874666174517,11.118395097351039,13.823354234997995,14.3822
WARD_B,2025-05-30 03:00:00+00:00,2025-05-30 04:00:00+00:00,13.6345,12.716284950464514,11.363805381641036,14.068764519287992,13.6198
ICU,2025-05-30 04:00:00+00:00,2025-05-30 05:00:00+00:00,16.0826,15.074710063251558,13.72223049442808,16.427189632075038,15.3762
OPD,2025-05-30 04:00:00+00:00,2025-05-30 05:00:00+00:00,12.1319,11.036836711285044,9.684357142461566,12.389316280108522,9.6144
WARD_A,2025-05-30 04:00:00+00:00,2025-05-30 05:00:00+00:00,14.1595,12.930707072193247,11.578227503369769,14.283186641016725,15.4396
WARD_B,2025-05-30 04:00:00+00:00,2025-05-30 05:00:00+00:00,13.7567,12.839750411799862,11.487270842976384,14.19222998062334,13.6981
ICU,2025-05-30 05:00:00+00:00,2025-05-30 06:00:00+00:00,17.0855,17.7786720788141,16.42619250999062,19.13115164763758,16.6388
OPD,2025-05-30 05:00:00+00:00,2025-05-30 06:00:00+00:00,13.0165,13.28299958958094,11.930520020757463,14.635479158404419,12.7325
WARD_A,2025-05-30 05:00:00+00:00,2025-05-30 06:00:00+00:00,14.502,15.622620834232347,14.270141265408869,16.975100403055826,16.367
WARD_B,2025-05-30 05:00:00+00:00,2025-05-30 06:00:00+00:00,15.1742,15.247017627683663,13.894538058860185,16.59949719650714,14.9947
ICU,2025-05-30 06:00:00+00:00,2025-05-30 07:00:00+00:00,16.0903,16.105876563092064,14.753396994268586,17.458356131915544,16.6708
OPD,2025-05-30 06:00:00+00:00,2025-05-30 07:00:00+00:00,11.2602,12.282490788975961,10.930011220152483,13.634970357799439,11.8653
WARD_A,2025-05-30 06:00:00+00:00,2025-05-30 07:00:00+00:00,13.1163,14.337623916905011,12.985144348081533,15.69010348572849,16.3305
WARD_B,2025-05-30 06:00:00+00:00,2025-05-30 07:00:00+00:00,15.0418,14.20746572629756,12.854986157474082,15.559945295121038,14.7867
ICU,2025-05-30 07:00:00+00:00,2025-05-30 08:00:00+00:00,17.5655,17.735555810541676,16.383076241718197,19.088035379365156,17.5833
OPD,2025-05-30 07:00:00+00:00,2025-05-30 08:00:00+00:00,15.9349,16.62181331441915,15.269333745595672,17.97429288324263,16.3075
WARD_A,2025-05-30 07:00:00+00:00,2025-05-30 08:00:00+00:00,16.0824,16.357607076873318,15.00512750804984,17.710086645696798,17.3264
WARD_B,2025-05-30 07:00:00+00:00,2025-05-30 08:00:00+00:00,16.3726,15.760286793831902,14.407807225008424,17.112766362655382,16.1764
ICU,2025-05-30 08:00:00+00:00,2025-05-30 09:00:00+00:00,19.2379,18.098973932341742,16.746494363518263,19.451453501165222,19.4603
OPD,2025-05-30 08:00:00+00:00,2025-05-30 09:00:00+00:00,16.9194,17.096334858438787,15.74385528961531,18.448814427262267,17.8467
WARD_A,2025-05-30 08:00:00+00:00,2025-05-30 09:00:00+00:00,16.9261,16.76518042397851,15.412700855155032,18.11765999280199,17.811
WARD_B,2025-05-30 08:00:00+00:00,2025-05-30 09:00:00+00:00,17.4194,16.9623934368745,15.609913868051022,18.31487300569798,17.4914
ICU,2025-05-30 09:00:00+00:00,2025-05-30 10:00:00+00:00,18.7251,19.38941672811172,18.03693715928824,20.7418962969352,18.9767
OPD,2025-05-30 09:00:00+00:00,2025-05-30 10:00:00+00:00,16.3066,18.452080381160936,17.099600812337457,19.804559949984416,17.7949
WARD_A,2025-05-30 09:00:00+00:00,2025-05-30 10:00:00+00:00,16.1626,17.419515739483796,16.067036170660316,18.771995308307275,19.7136
WARD_B,2025-05-30 09:00:00+00:00,2025-05-30 10:00:00+00:00,16.8918,17.56081276549717,16.208333196673692,18.91329233432065,18.1382
ICU,2025-05-30 10:00:00+00:00,2025-05-30 11:00:00+00:00,18.5979,19.247554816569128,17.89507524774565,20.600034385392608,20.6241
OPD,2025-05-30 10:00:00+00:00,2025-05-30 11:00:00+00:00,19.8787,17.88327176692661,16.530792198103132,19.23575133575009,19.9773
WARD_A,2025-05-30 10:00:00+00:00,2025-05-30 11:00:00+00:00,17.4414,17.442624502191187,16.090144933367707,18.795104071014666,19.0345
WARD_B,2025-05-30 10:00:00+00:00,2025-05-30 11:00:00+00:00,17.2647,17.881564576999207,16.529085008175727,19.234044145822686,18.7001
ICU,2025-05-30 11:00:00+00:00,2025-05-30 12:00:00+00:00,18.3819,19.677786820237028,18.325307251413548,21.030266389060507,19.298
OPD,2025-05-30 11:00:00+00:00,2025-05-30 12:00:00+00:00,18.0719,18.92828129839644,17.57580172957296,20.280760867219918,20.3123
WARD_A,2025-05-30 11:00:00+00:00,2025-05-30 12:00:00+00:00,17.9389,18.032364539802867,16.679884970979387,19.384844108626346,18.9524
WARD_B,2025-05-30 11:00:00+00:00,2025-05-30 12:00:00+00:00,17.7091,18.025389707909515,16.672910139086035,19.377869276732994,17.9361
ICU,2025-05-30 12:00:00+00:00,2025-05-30 13:00:00+00:00,18.9925,19.22741036377702,17.874930794953542,20.5798899326005,21.2263
OPD,2025-05-30 12:00:00+00:00,2025-05-30 13:00:00+00:00,19.8782,18.87003204208911,17.51755247326563,20.22251161091259,20.4894
WARD_A,2025-05-30 12:00:00+00:00,2025-05-30 13:00:00+00:00,16.9574,18.229529357656684,16.877049788833205,19.582008926480164,19.4474
WARD_B,2025-05-30 12:00:00+00:00,2025-05-30 13:00:00+00:00,17.7158,18.110371855325713,16.757892286502234,19.462851424149193,18.7153
ICU,2025-05-30 13:00:00+00:00,2025-05-30 14:00:00+00:00,21.5071,21.373058121382822,20.020578552559343,22.725537690206302,21.4417
OPD,2025-05-30 13:00:00+00:00,2025-05-30 14:00:00+00:00,19.4683,20.579181139789302,19.226701570965822,21.93166070861278,21.4069
WARD_A,2025-05-30 13:00:00+00:00,2025-05-30 14:00:00+00:00,18.9421,19.610615565101032,18.258135996277552,20.96309513392451,21.2969
WARD_B,2025-05-30 13:00:00+00:00,2025-05-30 14:00:00+00:00,19.8201,19.856755715175154,18.504276146351675,21.209235283998634,20.5802
ICU,2025-05-30 14:00:00+00:00,2025-05-30 15:00:00+00:00,20.0872,20.03719403786137,18.68471446903789,21.38967360668485,19.1701
OPD,2025-05-30 14:00:00+00:00,2025-05-30 15:00:00+00:00,17.7649,18.49050105423827,17.13802148541479,19.84298062306175,18.6739
WARD_A,2025-05-30 14:00:00+00:00,2025-05-30 15:00:00+00:00,18.5537,18.042606298892736,16.690126730069256,19.395085867716215,19.1572
WARD_B,2025-05-30 14:00:00+00:00,2025-05-30 15:00:00+00:00,18.8212,18.484261164396862,17.131781595573383,19.836740733220342,17.6193
ICU,2025-05-30 15:00:00+00:00,2025-05-30 16:00:00+00:00,19.7031,19.864093472400153,18.511613903576674,21.216573041223633,20.6643
OPD,2025-05-30 15:00:00+00:00,2025-05-30 16:00:00+00:00,19.4001,18.649981099145393,17.297501530321913,20.002460667968872,19.1766
WARD_A,2025-05-30 15:00:00+00:00,2025-05-30 16:00:00+00:00,18.983,18.17290651207877,16.820426943255292,19.52538608090225,19.4212
WARD_B,2025-05-30 15:00:00+00:00,2025-05-30 16:00:00+00:00,19.0288,18.292148977160966,16.939669408337487,19.644628545984446,20.1519
ICU,2025-05-30 16:00:00+00:00,2025-05-30 17:00:00+00:00,18.3686,19.87790457657239,18.52542500774891,21.23038414539587,20.2959
OPD,2025-05-30 16:00:00+00:00,2025-05-30 17:00:00+00:00,18.7655,18.59045720851248,17.237977639689,19.94293677733596,18.5856
WARD_A,2025-05-30 16:00:00+00:00,2025-05-30 17:00:00+00:00,16.7846,18.294993799815717,16.942514230992238,19.647473368639197,18.7714
WARD_B,2025-05-30 16:00:00+00:00,2025-05-30 17:00:00+00:00,18.5691,18.472946700167803,17.120467131344324,19.825426268991283,17.1828
ICU,2025-05-30 17:00:00+00:00,2025-05-30 18:00:00+00:00,17.2626,17.76050596996416,16.40802640114068,19.11298553878764,18.6517
OPD,2025-05-30 17:00:00+00:00,2025-05-30 18:00:00+00:00,12.9522,13.090792129498569,11.73831256067509,14.443271698322047,13.2111
WARD_A,2025-05-30 17:00:00+00:00,2025-05-30 18:00:00+00:00,14.9147,15.864696084759336,14.512216515935858,17.217175653582814,18.6444
WARD_B,2025-05-30 17:00:00+00:00,2025-05-30 18:00:00+00:00,15.4794,15.65028940770546,14.297809838881982,17.002768976528937,16.0016
ICU,2025-05-30 18:00:00+00:00,2025-05-30 19:00:00+00:00,17.5356,17.19402193912946,15.841542370305982,18.54650150795294,18.3505
OPD,2025-05-30 18:00:00+00:00,2025-05-30 19:00:00+00:00,13.7962,12.846785987854238,11.49430641903076,14.199265556677716,12.9228
WARD_A,2025-05-30 18:00:00+00:00,2025-05-30 19:00:00+00:00,15.8817,15.023922760370583,13.671443191547105,16.37640232919406,16.9311
WARD_B,2025-05-30 18:00:00+00:00,2025-05-30 19:00:00+00:00,16.7192,15.426409179866894,14.073929611043416,16.778888748690374,16.6631
ICU,2025-05-30 19:00:00+00:00,2025-05-30 20:00:00+00:00,17.139,18.314213132631814,16.961733563808334,19.666692701455293,19.6959
OPD,2025-05-30 19:00:00+00:00,2025-05-30 20:00:00+00:00,13.6815,14.092138080087688,12.73965851126421,15.444617648911166,14.9491
WARD_B,2025-05-30 19:00:00+00:00,2025-05-30 20:00:00+00:00,16.2621,17.490958615745946,16.138479046922466,18.843438184569425,16.6729
ICU,2025-05-30 20:00:00+00:00,2025-05-30 21:00:00+00:00,14.994,15.986144011678277,14.6336644428548,17.338623580501757,16.2139
OPD,2025-05-30 20:00:00+00:00,2025-05-30 21:00:00+00:00,11.1032,12.129717396447917,10.77723782762444,13.482196965271395,12.157
WARD_A,2025-05-30 20:00:00+00:00,2025-05-30 21:00:00+00:00,13.0251,14.258491045616415,12.906011476792937,15.610970614439893,15.1576
WARD_B,2025-05-30 20:00:00+00:00,2025-05-30 21:00:00+00:00,14.7461,14.306588567942834,12.954108999119356,15.659068136766312,15.3984
ICU,2025-05-30 21:00:00+00:00,2025-05-30 22:00:00+00:00,14.1749,15.221990338888297,13.869510770064819,16.574469907711777,15.4508
OPD,2025-05-30 21:00:00+00:00,2025-05-30 22:00:00+00:00,10.5671,11.094159381979644,9.741679813156166,12.446638950803122,10.6013
WARD_A,2025-05-30 21:00:00+00:00,2025-05-30 22:00:00+00:00,13.2017,13.160632580026679,11.808153011203201,14.513112148850157,14.3872
WARD_B,2025-05-30 21:00:00+00:00,2025-05-30 22:00:00+00:00,12.246,13.60689404388026,12.254414475056782,14.959373612703738,13.9857
ICU,2025-05-30 22:00:00+00:00,2025-05-30 23:00:00+00:00,15.3737,14.73242314292139,13.379943574097911,16.084902711744867,16.0143
OPD,2025-05-30 22:00:00+00:00,2025-05-30 23:00:00+00:00,11.0732,10.347853751729046,8.995374182905568,11.700333320552524,11.9829
WARD_A,2025-05-30 22:00:00+00:00,2025-05-30 23:00:00+00:00,13.956,12.723488481496906,11.371008912673428,14.075968050320384,14.4648
WARD_B,2025-05-30 22:00:00+00:00,2025-05-30 23:00:00+00:00,13.7368,12.766185794924192,11.413706226100715,14.11866536374767,14.2432
ICU,2025-05-30 23:00:00+00:00,2025-05-31 00:00:00+00:00,14.8334,14.66151354777718,13.309033978953702,16.01399311660066,14.3145
OPD,2025-05-30 23:00:00+00:00,2025-05-31 00:00:00+00:00,10.8275,10.604099805770732,9.251620236947254,11.95657937459421,10.8162
WARD_A,2025-05-30 23:00:00+00:00,2025-05-31 00:00:00+00:00,12.8101,13.032741188637802,11.680261619814324,14.38522075746128,13.7172
WARD_B,2025-05-30 23:00:00+00:00,2025-05-31 00:00:00+00:00,13.2634,12.840937568160909,11.488457999337431,14.193417136984387,14.1927
ICU,2025-05-31 00:00:00+00:00,2025-05-31 01:00:00+00:00,15.2839,14.681649392725708,13.32916982390223,16.034128961549186,14.9104
OPD,2025-05-31 00:00:00+00:00,2025-05-31 01:00:00+00:00,10.7073,10.4358742372337,9.083394668410222,11.788353806057177,10.7847
WARD_A,2025-05-31 00:00:00+00:00,2025-05-31 01:00:00+00:00,13.1888,12.776101796112812,11.423622227289334,14.12858136493629,14.6801
WARD_B,2025-05-31 00:00:00+00:00,2025-05-31 01:00:00+00:00,14.5827,13.049311647326688,11.69683207850321,14.401791216150166,12.1262
ICU,2025-05-31 01:00:00+00:00,2025-05-31 02:00:00+00:00,13.5514,14.533435294586521,13.180955725763043,15.88591486341,14.2278
OPD,2025-05-31 01:00:00+00:00,2025-05-31 02:00:00+00:00,9.1221,10.645482379258725,9.293002810435247,11.997961948082203,9.7444
WARD_A,2025-05-31 01:00:00+00:00,2025-05-31 02:00:00+00:00,12.4945,12.77413646642793,11.421656897604452,14.126616035251407,12.2004
WARD_B,2025-05-31 01:00:00+00:00,2025-05-31 02:00:00+00:00,12.483,13.548812958700385,12.196333389876907,14.901292527523863,12.0245
ICU,2025-05-31 02:00:00+00:00,2025-05-31 03:00:00+00:00,14.8038,14.262661720611902,12.910182151788424,15.61514128943538,15.6482
OPD,2025-05-31 02:00:00+00:00,2025-05-31 03:00:00+00:00,10.9123,9.969321605994635,8.616842037171157,11.321801174818113,9.9569
WARD_A,2025-05-31 02:00:00+00:00,2025-05-31 03:00:00+00:00,13.0743,12.51897204983029,11.166492481006813,13.871451618653769,14.1003
WARD_B,2025-05-31 02:00:00+00:00,2025-05-31 03:00:00+00:00,13.4604,13.05597491228273,11.703495343459252,14.408454481106208,12.5946
ICU,2025-05-31 03:00:00+00:00,2025-05-31 04:00:00+00:00,14.6516,15.109029314989955,13.756549746166478,16.461508883813433,14.5894
OPD,2025-05-31 03:00:00+00:00,2025-05-31 04:00:00+00:00,9.6722,10.585826996759941,9.233347427936463,11.938306565583419,10.0847
WARD_A,2025-05-31 03:00:00+00:00,2025-05-31 04:00:00+00:00,12.3179,12.85719819221807,11.504718623394592,14.209677761041547,13.8235
WARD_B,2025-05-31 03:00:00+00:00,2025-05-31 04:00:00+00:00,12.8687,13.075198163300126,11.722718594476648,14.427677732123604,12.7684
ICU,2025-05-31 04:00:00+00:00,2025-05-31 05:00:00+00:00,14.0217,15.17408309315013,13.821603524326653,16.52656266197361,15.1371
OPD,2025-05-31 04:00:00+00:00,2025-05-31 05:00:00+00:00,11.5254,10.690211596963525,9.337732028140048,12.042691165787003,10.6191
WARD_A,2025-05-31 04:00:00+00:00,2025-05-31 05:00:00+00:00,14.158,12.789032938833188,11.43655337000971,14.141512507656666,14.5114
WARD_B,2025-05-31 04:00:00+00:00,2025-05-31 05:00:00+00:00,13.638,13.631161726574346,12.278682157750868,14.983641295397824,12.9839
ICU,2025-05-31 05:00:00+00:00,2025-05-31 06:00:00+00:00,15.5572,17.181085716393817,15.828606147570339,18.533565285217296,17.0605
OPD,2025-05-31 05:00:00+00:00,2025-05-31 06:00:00+00:00,12.2835,12.713137001697692,11.360657432874214,14.06561657052117,12.9497
WARD_A,2025-05-31 05:00:00+00:00,2025-05-31 06:00:00+00:00,14.27,15.69636192159505,14.343882352771573,17.04884149041853,17.5181
WARD_B,2025-05-31 05:00:00+00:00,2025-05-31 06:00:00+00:00,15.3863,15.647839077904111,14.295359509080633,17.00031864672759,15.7054
ICU,2025-05-31 06:00:00+00:00,2025-05-31 07:00:00+00:00,16.514,15.741765270138904,14.389285701315426,17.094244838962382,17.8095
OPD,2025-05-31 06:00:00+00:00,2025-05-31 07:00:00+00:00,12.2431,12.332666940938322,10.980187372114845,13.6851465097618,13.1987
WARD_A,2025-05-31 06:00:00+00:00,2025-05-31 07:00:00+00:00,14.6568,14.296412513883233,12.943932945059755,15.64889208270671,15.4775
WARD_B,2025-05-31 06:00:00+00:00,2025-05-31 07:00:00+00:00,15.4652,14.723772595144386,13.371293026320908,16.076252163967865,14.8776
ICU,2025-05-31 07:00:00+00:00,2025-05-31 08:00:00+00:00,17.6173,17.830475727087695,16.477996158264215,19.182955295911174,19.0298
OPD,2025-05-31 07:00:00+00:00,2025-05-31 08:00:00+00:00,16.6748,16.05062427873692,14.698144709913441,17.4031038475604,18.7428
WARD_A,2025-05-31 07:00:00+00:00,2025-05-31 08:00:00+00:00,15.7862,16.042146298394712,14.689666729571234,17.394625867218192,17.8999
WARD_B,2025-05-31 07:00:00+00:00,2025-05-31 08:00:00+00:00,16.461,16.43643568908992,15.083956120266441,17.7889152579134,17.2248
ICU,2025-05-31 08:00:00+00:00,2025-05-31 09:00:00+00:00,18.3463,18.457477669992766,17.104998101169286,19.809957238816246,19.2087
OPD,2025-05-31 08:00:00+00:00,2025-05-31 09:00:00+00:00,15.5045,17.939277112087247,16.586797543263767,19.291756680910726,17.7889
WARD_A,2025-05-31 08:00:00+00:00,2025-05-31 09:00:00+00:00,16.2995,16.76939867103415,15.416919102210672,18.12187823985763,17.4277
WARD_B,2025-05-31 08:00:00+00:00,2025-05-31 09:00:00+00:00,17.1628,17.1551869457892,15.802707376965722,18.50766651461268,16.4715
ICU,2025-05-31 09:00:00+00:00,2025-05-31 10:00:00+00:00,17.6718,19.07396070892693,17.72148114010345,20.42644027775041,18.3577
OPD,2025-05-31 09:00:00+00:00,2025-05-31 10:00:00+00:00,18.9879,17.232961311180414,15.880481742356936,18.585440880003894,16.6089
WARD_A,2025-05-31 09:00:00+00:00,2025-05-31 10:00:00+00:00,16.4245,17.338087521321377,15.9856079524979,18.690567090144857,17.6778
WARD_B,2025-05-31 09:00:00+00:00,2025-05-31 10:00:00+00:00,17.35,17.748522925998735,16.396043357175255,19.101002494822215,17.7701
ICU,2025-05-31 10:00:00+00:00,2025-05-31 11:00:00+00:00,18.1761,18.69932188447199,17.34684231564851,20.051801453295468,20.0215
OPD,2025-05-31 10:00:00+00:00,2025-05-31 11:00:00+00:00,16.5466,18.41602832793319,17.06354875910971,19.76850789675667,18.17
WARD_A,2025-05-31 10:00:00+00:00,2025-05-31 11:00:00+00:00,16.6441,17.25310969780385,15.900630128980373,18.60558926662733,17.7191
WARD_B,2025-05-31 10:00:00+00:00,2025-05-31 11:00:00+00:00,17.1241,18.016234189317167,16.663754620493687,19.368713758140647,16.0862
ICU,2025-05-31 11:00:00+00:00,2025-05-31 12:00:00+00:00,19.2063,19.19411778370355,17.84163821488007,20.54659735252703,20.8707
OPD,2025-05-31 11:00:00+00:00,2025-05-31 12:00:00+00:00,17.406,18.041440626245592,16.688961057422112,19.39392019506907,19.424
WARD_A,2025-05-31 11:00:00+00:00,2025-05-31 12:00:00+00:00,18.2306,17.70770897760531,16.35522940878183,19.06018854642879,17.9771
WARD_B,2025-05-31 11:00:00+00:00,2025-05-31 12:00:00+00:00,17.0351,17.980926787543485,16.628447218720005,19.333406356366964,17.2066
ICU,2025-05-31 12:00:00+00:00,2025-05-31 13:00:00+00:00,19.4238,19.49666546445403,18.14418589563055,20.84914503327751,20.5244
OPD,2025-05-31 12:00:00+00:00,2025-05-31 13:00:00+00:00,18.4971,18.813393417841144,17.460913849017665,20.165872986664624,19.5543
WARD_A,2025-05-31 12:00:00+00:00,2025-05-31 13:00:00+00:00,17.7917,18.1812133225236,16.82873375370012,19.53369289134708,17.5209
WARD_B,2025-05-31 12:00:00+00:00,2025-05-31 13:00:00+00:00,19.7566,18.03218415385648,16.679704585033,19.38466372267996,18.7532
ICU,2025-05-31 13:00:00+00:00,2025-05-31 14:00:00+00:00,20.187,21.31600965950321,19.96353009067973,22.66848922832669,22.1519
OPD,2025-05-31 13:00:00+00:00,2025-05-31 14:00:00+00:00,19.535,20.481956293349853,19.129476724526373,21.834435862173333,19.5266
WARD_A,2025-05-31 13:00:00+00:00,2025-05-31 14:00:00+00:00,18.5887,19.386399532265205,18.033919963441726,20.738879101088685,20.8939
WARD_B,2025-05-31 13:00:00+00:00,2025-05-31 14:00:00+00:00,18.9035,20.450227738402393,19.097748169578914,21.802707307225873,19.3551
ICU,2025-05-31 14:00:00+00:00,2025-05-31 15:00:00+00:00,19.8396,18.986873691651468,17.634394122827988,20.339353260474947,20.4685
OPD,2025-05-31 14:00:00+00:00,2025-05-31 15:00:00+00:00,19.5007,18.191670333114214,16.839190764290734,19.544149901937693,18.9141
WARD_A,2025-05-31 14:00:00+00:00,2025-05-31 15:00:00+00:00,17.8227,17.78487626192947,16.43239669310599,19.13735583075295,19.3563
WARD_B,2025-05-31 14:00:00+00:00,2025-05-31 15:00:00+00:00,17.2012,17.87927878561147,16.52679921678799,19.231758354434948,19.5059
ICU,2025-05-31 15:00:00+00:00,2025-05-31 16:00:00+00:00,19.6506,19.59090815116352,18.238428582340042,20.943387719987,19.2612
OPD,2025-05-31 15:00:00+00:00,2025-05-31 16:00:00+00:00,18.6825,18.272838856393392,16.920359287569912,19.62531842521687,18.2814
WARD_A,2025-05-31 15:00:00+00:00,2025-05-31 16:00:00+00:00,18.0022,18.12520702732185,16.77272745849837,19.47768659614533,17.9303
WARD_B,2025-05-31 15:00:00+00:00,2025-05-31 16:00:00+00:00,18.7021,17.95845981426921,16.605980245445732,19.31093938309269,17.9131
ICU,2025-05-31 16:00:00+00:00,2025-05-31 17:00:00+00:00,19.5456,19.309295184327972,17.956815615504492,20.66177475315145,20.8532
OPD,2025-05-31 16:00:00+00:00,2025-05-31 17:00:00+00:00,16.4656,18.161637240259314,16.809157671435834,19.514116809082793,18.2694
WARD_A,2025-05-31 16:00:00+00:00,2025-05-31 17:00:00+00:00,17.2742,17.533959473424257,16.181479904600778,18.886439042247737,19.091
WARD_B,2025-05-31 16:00:00+00:00,2025-05-31 17:00:00+00:00,16.2997,18.163458620917364,16.810979052093884,19.515938189740844,16.8946
ICU,2025-05-31 17:00:00+00:00,2025-05-31 18:00:00+00:00,18.2935,17.799857233044058,16.44737766422058,19.152336801867538,17.1089
OPD,2025-05-31 17:00:00+00:00,2025-05-31 18:00:00+00:00,13.4059,13.624909051259424,12.272429482435946,14.977388620082902,12.6522
WARD_A,2025-05-31 17:00:00+00:00,2025-05-31 18:00:00+00:00,15.9083,15.832993304418675,14.480513735595197,17.185472873242155,16.1499
WARD_B,2025-05-31 17:00:00+00:00,2025-05-31 18:00:00+00:00,17.1944,15.942142601512911,14.589663032689433,17.29462217033639,15.4275
ICU,2025-05-31 18:00:00+00:00,2025-05-31 19:00:00+00:00,16.2271,17.492556191355973,16.140076622532494,18.845035760179453,16.7386
OPD,2025-05-31 18:00:00+00:00,2025-05-31 19:00:00+00:00,12.8434,12.726658542497567,11.37417897367409,14.079138111321045,13.0797
WARD_A,2025-05-31 18:00:00+00:00,2025-05-31 19:00:00+00:00,14.0921,15.466692498991566,14.114212930168089,16.819172067815046,16.4795
WARD_B,2025-05-31 18:00:00+00:00,2025-05-31 19:00:00+00:00,16.1448,15.977083327260523,14.624603758437045,17.329562896084003,16.7389
ICU,2025-05-31 19:00:00+00:00,2025-05-31 20:00:00+00:00,18.0307,17.79354131907937,16.44106175025589,19.14602088790285,18.5959
OPD,2025-05-31 19:00:00+00:00,2025-05-31 20:00:00+00:00,13.4939,13.9326445552558,12.580164986432322,15.285124124079278,14.7152
ICU,2025-05-31 20:00:00+00:00,2025-05-31 21:00:00+00:00,15.7878,16.046930956572595,14.694451387749117,17.399410525396075,16.0079
OPD,2025-05-31 20:00:00+00:00,2025-05-31 21:00:00+00:00,10.4494,11.728750712222004,10.376271143398526,13.081230281045482,12.094
WARD_A,2025-05-31 20:00:00+00:00,2025-05-31 21:00:00+00:00,14.276,14.195923823743962,12.843444254920485,15.54840339256744,14.6164
WARD_B,2025-05-31 20:00:00+00:00,2025-05-31 21:00:00+00:00,13.7969,14.715160999315108,13.36268143049163,16.067640568138586,15.0127
ICU,2025-05-31 21:00:00+00:00,2025-05-31 22:00:00+00:00,15.0472,15.328267244987796,13.975787676164318,16.680746813811275,16.6864
OPD,2025-05-31 21:00:00+00:00,2025-05-31 22:00:00+00:00,10.3133,10.887280392940541,9.534800824117063,12.239759961764019,11.9551
WARD_A,2025-05-31 21:00:00+00:00,2025-05-31 22:00:00+00:00,13.5317,13.346578791311124,11.994099222487646,14.699058360134602,15.1718
WARD_B,2025-05-31 21:00:00+00:00,2025-05-31 22:00:00+00:00,14.1998,13.88042683638305,12.527947267559572,15.232906405206528,14.8602
ICU,2025-05-31 22:00:00+00:00,2025-05-31 23:00:00+00:00,14.9946,14.679061170065035,13.326581601241557,16.031540738888513,15.8322
OPD,2025-05-31 22:00:00+00:00,2025-05-31 23:00:00+00:00,11.5073,10.384784825704442,9.032305256880964,11.73726439452792,10.2156
WARD_A,2025-05-31 22:00:00+00:00,2025-05-31 23:00:00+00:00,13.9098,12.947981303169227,11.59550173434575,14.300460871992705,13.1631
WARD_B,2025-05-31 22:00:00+00:00,2025-05-31 23:00:00+00:00,14.701,13.443178569431746,12.090699000608268,14.795658138255224,13.2462
ICU,2025-05-31 23:00:00+00:00,2025-06-01 00:00:00+00:00,14.3405,14.781698191089186,13.429218622265708,16.134177759912664,14.4828
OPD,2025-05-31 23:00:00+00:00,2025-06-01 00:00:00+00:00,10.0116,10.611923875034043,9.259444306210565,11.96440344385752,10.2179
WARD_A,2025-05-31 23:00:00+00:00,2025-06-01 00:00:00+00:00,13.3788,13.023819469511544,11.671339900688066,14.376299038335022,14.0603
WARD_B,2025-05-31 23:00:00+00:00,2025-06-01 00:00:00+00:00,13.0478,13.58530159191925,12.232822023095773,14.937781160742729,13.1301
ICU,2025-06-01 00:00:00+00:00,2025-06-01 01:00:00+00:00,14.0996,14.437312793723535,13.084833224900057,15.789792362547013,13.8683
OPD,2025-06-01 00:00:00+00:00,2025-06-01 01:00:00+00:00,10.5972,10.25234563269135,8.899866063867872,11.604825201514828,9.0748
WARD_A,2025-06-01 00:00:00+00:00,2025-06-01 01:00:00+00:00,13.5131,12.872193438316089,11.51971386949261,14.224673007139566,13.8004
WARD_B,2025-06-01 00:00:00+00:00,2025-06-01 01:00:00+00:00,14.1704,13.357841486914026,12.005361918090548,14.710321055737504,12.0173
ICU,2025-06-01 01:00:00+00:00,2025-06-01 02:00:00+00:00,14.0776,14.455836637096292,13.103357068272814,15.80831620591977,14.6088
OPD,2025-06-01 01:00:00+00:00,2025-06-01 02:00:00+00:00,10.7503,10.301362489171751,8.948882920348273,11.653842057995229,10.1027
WARD_A,2025-06-01 01:00:00+00:00,2025-06-01 02:00:00+00:00,12.2454,12.852106966972233,11.499627398148755,14.20458653579571,12.9002
WARD_B,2025-06-01 01:00:00+00:00,2025-06-01 02:00:00+00:00,12.8377,13.668177840812223,12.315698271988746,15.020657409635701,13.4461
ICU,2025-06-01 02:00:00+00:00,2025-06-01 03:00:00+00:00,13.0745,14.202529706216971,12.850050137393493,15.55500927504045,15.7776
OPD,2025-06-01 02:00:00+00:00,2025-06-01 03:00:00+00:00,9.109,10.02391801974317,8.671438450919693,11.376397588566649,10.933
WARD_A,2025-06-01 02:00:00+00:00,2025-06-01 03:00:00+00:00,11.9968,12.556828888208083,11.204349319384605,13.90930845703156,13.4125
WARD_B,2025-06-01 02:00:00+00:00,2025-06-01 03:00:00+00:00,12.3336,13.292432251093498,11.93995268227002,14.644911819916976,13.3715
ICU,2025-06-01 03:00:00+00:00,2025-06-01 04:00:00+00:00,15.0156,14.692923874272898,13.34044430544942,16.045403443096376,14.6508
OPD,2025-06-01 03:00:00+00:00,2025-06-01 04:00:00+00:00,11.1622,10.3432495146534,8.990769945829921,11.695729083476877,10.5847
WARD_A,2025-06-01 03:00:00+00:00,2025-06-01 04:00:00+00:00,12.8042,12.832715700729224,11.480236131905746,14.185195269552702,12.2232
WARD_B,2025-06-01 03:00:00+00:00,2025-06-01 04:00:00+00:00,13.8048,13.457225457970496,12.104745889147019,14.809705026793974,13.0734
ICU,2025-06-01 04:00:00+00:00,2025-06-01 05:00:00+00:00,14.5905,15.133278167639046,13.780798598815569,16.485757736462524,14.9529
OPD,2025-06-01 04:00:00+00:00,2025-06-01 05:00:00+00:00,10.3726,10.747868342959922,9.395388774136444,12.1003479117834,9.5598
WARD_A,2025-06-01 04:00:00+00:00,2025-06-01 05:00:00+00:00,13.5703,13.202763740706148,11.85028417188267,14.555243309529626,13.4484
WARD_B,2025-06-01 04:00:00+00:00,2025-06-01 05:00:00+00:00,13.0787,13.801092436727194,12.448612867903716,15.153572005550672,12.8785
OPD,2025-06-01 05:00:00+00:00,2025-06-01 06:00:00+00:00,12.5558,12.520737344655373,11.168257775831895,13.873216913478851,12.0166
WARD_A,2025-06-01 05:00:00+00:00,2025-06-01 06:00:00+00:00,15.2576,15.257826378889026,13.905346810065549,16.610305947712504,16.0147
WARD_B,2025-06-01 05:00:00+00:00,2025-06-01 06:00:00+00:00,15.8313,15.675896272395379,14.323416703571901,17.028375841218857,14.9012
ICU,2025-06-01 06:00:00+00:00,2025-06-01 07:00:00+00:00,16.4654,15.855827596011654,14.503348027188176,17.208307164835134,16.8572
OPD,2025-06-01 06:00:00+00:00,2025-06-01 07:00:00+00:00,12.4493,12.085608064326925,10.733128495503447,13.438087633150403,10.7291
WARD_B,2025-06-01 06:00:00+00:00,2025-06-01 07:00:00+00:00,16.8145,15.065413220879055,13.712933652055577,16.417892789702535,13.1205
ICU,2025-06-01 07:00:00+00:00,2025-06-01 08:00:00+00:00,16.0025,17.25475715993122,15.902277591107742,18.6072367287547,17.0308
OPD,2025-06-01 07:00:00+00:00,2025-06-01 08:00:00+00:00,12.1087,13.590005641358822,12.237526072535344,14.9424852101823,12.1875
WARD_A,2025-06-01 07:00:00+00:00,2025-06-01 08:00:00+00:00,14.4502,15.002693706294634,13.650214137471156,16.355173275118112,16.1119
WARD_B,2025-06-01 07:00:00+00:00,2025-06-01 08:00:00+00:00,15.1684,16.65808902399692,15.30560945517344,18.0105685928204,15.3443
ICU,2025-06-01 08:00:00+00:00,2025-06-01 09:00:00+00:00,16.483,17.19879591070672,15.846316341883243,18.5512754795302,18.7156
OPD,2025-06-01 08:00:00+00:00,2025-06-01 09:00:00+00:00,12.2434,13.519737648317887,12.16725807949441,14.872217217141365,13.5219
WARD_A,2025-06-01 08:00:00+00:00,2025-06-01 09:00:00+00:00,15.445,15.378940185663971,14.026460616840494,16.73141975448745,16.7239
WARD_B,2025-06-01 08:00:00+00:00,2025-06-01 09:00:00+00:00,15.5078,15.791053835136983,14.438574266313505,17.14353340396046,16.491
ICU,2025-06-01 09:00:00+00:00,2025-06-01 10:00:00+00:00,17.0721,17.33484526999246,15.982365701168982,18.68732483881594,18.5938
OPD,2025-06-01 09:00:00+00:00,2025-06-01 10:00:00+00:00,12.1985,13.685331125272915,12.332851556449437,15.037810694096393,13.7781
WARD_A,2025-06-01 09:00:00+00:00,2025-06-01 10:00:00+00:00,15.8982,16.04509662035688,14.692617051533402,17.39757618918036,17.6979
WARD_B,2025-06-01 09:00:00+00:00,2025-06-01 10:00:00+00:00,16.4542,16.475395277273453,15.122915708449975,17.827874846096933,16.3323
ICU,2025-06-01 10:00:00+00:00,2025-06-01 11:00:00+00:00,17.5497,18.022594923870923,16.670115355047443,19.375074492694402,17.4997
OPD,2025-06-01 10:00:00+00:00,2025-06-01 11:00:00+00:00,13.0244,13.693921682607122,12.341442113783645,15.0464012514306,14.1231
WARD_A,2025-06-01 10:00:00+00:00,2025-06-01 11:00:00+00:00,15.7021,16.736127696741224,15.383648127917747,18.088607265564704,15.8595
WARD_B,2025-06-01 10:00:00+00:00,2025-06-01 11:00:00+00:00,16.5454,16.823776416431386,15.471296847607908,18.176255985254866,15.9768
ICU,2025-06-01 11:00:00+00:00,2025-06-01 12:00:00+00:00,17.737,17.97514964680285,16.62267007797937,19.32762921562633,19.8113
OPD,2025-06-01 11:00:00+00:00,2025-06-01 12:00:00+00:00,13.8121,13.994850309160567,12.642370740337089,15.347329877984045,14.6502
WARD_A,2025-06-01 11:00:00+00:00,2025-06-01 12:00:00+00:00,16.8244,16.577435785763793,15.224956216940315,17.929915354587273,18.1775
WARD_B,2025-06-01 11:00:00+00:00,2025-06-01 12:00:00+00:00,17.2092,17.36424431927385,16.01176475045037,18.71672388809733,17.0057
ICU,2025-06-01 12:00:00+00:00,2025-06-01 13:00:00+00:00,18.9698,18.35452536608078,17.0020457972573,19.70700493490426,18.8672
OPD,2025-06-01 12:00:00+00:00,2025-06-01 13:00:00+00:00,15.6776,14.05447225610235,12.701992687278873,15.406951824925828,14.0204
WARD_A,2025-06-01 12:00:00+00:00,2025-06-01 13:00:00+00:00,17.4261,17.349292994792297,15.996813425968819,18.701772563615776,17.7685
WARD_B,2025-06-01 12:00:00+00:00,2025-06-01 13:00:00+00:00,17.4272,17.533593368561647,16.181113799738167,18.886072937385126,16.902
ICU,2025-06-01 13:00:00+00:00,2025-06-01 14:00:00+00:00,19.9993,20.739152347261353,19.386672778437873,22.091631916084832,19.1694
OPD,2025-06-01 13:00:00+00:00,2025-06-01 14:00:00+00:00,15.5401,16.788775002675223,15.436295433851745,18.141254571498703,16.0408
WARD_A,2025-06-01 13:00:00+00:00,2025-06-01 14:00:00+00:00,19.5901,19.123794079456275,17.771314510632795,20.476273648279754,17.8031
WARD_B,2025-06-01 13:00:00+00:00,2025-06-01 14:00:00+00:00,18.5655,18.96383972753321,17.61136015870973,20.31631929635669,17.1819
ICU,2025-06-01 14:00:00+00:00,2025-06-01 15:00:00+00:00,18.1257,18.45557812158788,17.1030985527644,19.80805769041136,18.6627
OPD,2025-06-01 14:00:00+00:00,2025-06-01 15:00:00+00:00,13.5172,14.893717208279307,13.54123763945583,16.246196777102785,14.4101
WARD_A,2025-06-01 14:00:00+00:00,2025-06-01 15:00:00+00:00,16.6336,17.132049791867892,15.779570223044415,18.484529360691372,17.0408
WARD_B,2025-06-01 14:00:00+00:00,2025-06-01 15:00:00+00:00,16.8216,17.22069011916391,15.86821055034043,18.573169687987388,15.9354
ICU,2025-06-01 15:00:00+00:00,2025-06-01 16:00:00+00:00,17.2778,18.324242412106177,16.971762843282697,19.676721980929656,19.6013
OPD,2025-06-01 15:00:00+00:00,2025-06-01 16:00:00+00:00,13.2631,14.162158819782636,12.809679250959158,15.514638388606114,15.133
WARD_A,2025-06-01 15:00:00+00:00,2025-06-01 16:00:00+00:00,17.0104,17.047012640221144,15.694533071397666,18.399492209044624,17.519
WARD_B,2025-06-01 15:00:00+00:00,2025-06-01 16:00:00+00:00,16.4773,17.305385068973166,15.952905500149688,18.657864637796646,16.523
ICU,2025-06-01 16:00:00+00:00,2025-06-01 17:00:00+00:00,17.9647,17.927826986819543,16.575347417996063,19.280306555643023,18.382
OPD,2025-06-01 16:00:00+00:00,2025-06-01 17:00:00+00:00,14.3463,13.949697850643528,12.59721828182005,15.302177419467005,14.1242
WARD_A,2025-06-01 16:00:00+00:00,2025-06-01 17:00:00+00:00,17.4077,16.957340108099828,15.60486053927635,18.309819676923308,16.5094
WARD_B,2025-06-01 16:00:00+00:00,2025-06-01 17:00:00+00:00,17.7374,17.007387541971084,15.654907973147607,18.359867110794564,15.8003
ICU,2025-06-01 17:00:00+00:00,2025-06-01 18:00:00+00:00,17.5221,16.956038226911545,15.603558658088067,18.308517795735025,17.5618
OPD,2025-06-01 17:00:00+00:00,2025-06-01 18:00:00+00:00,12.8666,13.804076671304655,12.451597102481177,15.156556240128133,13.4856
WARD_A,2025-06-01 17:00:00+00:00,2025-06-01 18:00:00+00:00,15.1035,16.0329927069298,14.680513138106322,17.38547227575328,16.0087
WARD_B,2025-06-01 17:00:00+00:00,2025-06-01 18:00:00+00:00,16.2524,16.596744769031456,15.244265200207979,17.949224337854936,15.3743
ICU,2025-06-01 18:00:00+00:00,2025-06-01 19:00:00+00:00,16.303,16.70090510600577,15.348425537182292,18.05338467482925,17.0211
OPD,2025-06-01 18:00:00+00:00,2025-06-01 19:00:00+00:00,12.142,12.710685407195903,11.358205838372426,14.063164976019381,13.2705
WARD_A,2025-06-01 18:00:00+00:00,2025-06-01 19:00:00+00:00,15.7639,14.982268667977298,13.62978909915382,16.334748236800777,16.015
WARD_B,2025-06-01 18:00:00+00:00,2025-06-01 19:00:00+00:00,15.3486,15.82496201705908,14.472482448235603,17.17744158588256,15.447
ICU,2025-06-01 19:00:00+00:00,2025-06-01 20:00:00+00:00,18.5513,17.78358497993058,16.4311054111071,19.13606454875406,17.9685
OPD,2025-06-01 19:00:00+00:00,2025-06-01 20:00:00+00:00,13.5873,13.364045628510793,12.011566059687315,14.71652519733427,13.5494
WARD_A,2025-06-01 19:00:00+00:00,2025-06-01 20:00:00+00:00,17.5069,16.348552919122767,14.99607335029929,17.701032487946247,15.8472
ICU,2025-06-01 20:00:00+00:00,2025-06-01 21:00:00+00:00,14.884,15.943405342402407,14.59092577357893,17.295884911225887,16.3551
OPD,2025-06-01 20:00:00+00:00,2025-06-01 21:00:00+00:00,11.0004,11.649015107932872,10.296535539109394,13.00149467675635,12.1046
WARD_A,2025-06-01 20:00:00+00:00,2025-06-01 21:00:00+00:00,13.1604,14.713765248113567,13.36128567929009,16.066244816937047,13.2221
WARD_B,2025-06-01 20:00:00+00:00,2025-06-01 21:00:00+00:00,14.6382,14.881934876408435,13.529455307584957,16.234414445231913,13.2294
ICU,2025-06-01 21:00:00+00:00,2025-06-01 22:00:00+00:00,15.1358,14.72880316390864,13.376323595085163,16.08128273273212,16.3572
OPD,2025-06-01 21:00:00+00:00,2025-06-01 22:00:00+00:00,12.0091,10.514159356895222,9.161679788071744,11.8666389257187,11.5883
WARD_A,2025-06-01 21:00:00+00:00,2025-06-01 22:00:00+00:00,14.766,13.19775550418154,11.845275935358062,14.550235073005018,12.7831
WARD_B,2025-06-01 21:00:00+00:00,2025-06-01 22:00:00+00:00,15.1895,13.617171738394724,12.264692169571246,14.969651307218202,14.1869
ICU,2025-06-01 22:00:00+00:00,2025-06-01 23:00:00+00:00,14.7259,14.351903686837044,12.999424118013566,15.704383255660522,15.2544
OPD,2025-06-01 22:00:00+00:00,2025-06-01 23:00:00+00:00,10.4897,10.83966450234854,9.487184933525063,12.192144071172018,10.895
WARD_A,2025-06-01 22:00:00+00:00,2025-06-01 23:00:00+00:00,12.9652,13.225347772154693,11.872868203331215,14.577827340978171,14.1861
WARD_B,2025-06-01 22:00:00+00:00,2025-06-01 23:00:00+00:00,14.4164,13.518428717970975,12.165949149147497,14.870908286794453,12.9784
ICU,2025-06-01 23:00:00+00:00,2025-06-02 00:00:00+00:00,15.6186,14.218999781609478,12.866520212786,15.571479350432956,14.0826
OPD,2025-06-01 23:00:00+00:00,2025-06-02 00:00:00+00:00,10.5253,10.477894658259725,9.125415089436247,11.830374227083203,10.7522
WARD_A,2025-06-01 23:00:00+00:00,2025-06-02 00:00:00+00:00,13.9716,12.997800164979248,11.64532059615577,14.350279733802726,13.7362
WARD_B,2025-06-01 23:00:00+00:00,2025-06-02 00:00:00+00:00,14.2907,13.535232823523382,12.182753254699904,14.88771239234686,12.4176
ICU,2025-06-02 00:00:00+00:00,2025-06-02 01:00:00+00:00,14.773,14.466861638283964,13.114382069460486,15.819341207107442,14.6022
OPD,2025-06-02 00:00:00+00:00,2025-06-02 01:00:00+00:00,10.4733,10.180630946067026,8.828151377243548,11.533110514890504,10.8405
WARD_A,2025-06-02 00:00:00+00:00,2025-06-02 01:00:00+00:00,12.6635,13.133527067181573,11.781047498358095,14.486006636005051,12.3564
WARD_B,2025-06-02 00:00:00+00:00,2025-06-02 01:00:00+00:00,12.9842,13.281326052050256,11.928846483226778,14.633805620873733,12.706
ICU,2025-06-02 01:00:00+00:00,2025-06-02 02:00:00+00:00,14.1577,14.039355823855532,12.686876255032054,15.39183539267901,15.0053
OPD,2025-06-02 01:00:00+00:00,2025-06-02 02:00:00+00:00,10.6399,10.042348444988095,8.689868876164617,11.394828013811573,11.0346
WARD_A,2025-06-02 01:00:00+00:00,2025-06-02 02:00:00+00:00,14.0703,12.721686461039322,11.369206892215844,14.0741660298628,13.4384
WARD_B,2025-06-02 01:00:00+00:00,2025-06-02 02:00:00+00:00,13.5351,13.094971772549485,11.742492203726007,14.447451341372963,12.3487
ICU,2025-06-02 02:00:00+00:00,2025-06-02 03:00:00+00:00,14.0903,14.012231834523893,12.659752265700416,15.364711403347371,15.2923
OPD,2025-06-02 02:00:00+00:00,2025-06-02 03:00:00+00:00,10.187,10.382836542901389,9.030356974077911,11.735316111724867,11.8896
WARD_A,2025-06-02 02:00:00+00:00,2025-06-02 03:00:00+00:00,13.6567,13.099481417651296,11.747001848827818,14.451960986474774,13.5689
WARD_B,2025-06-02 02:00:00+00:00,2025-06-02 03:00:00+00:00,12.8699,13.172107923921962,11.819628355098484,14.52458749274544,13.6992
ICU,2025-06-02 03:00:00+00:00,2025-06-02 04:00:00+00:00,14.6779,14.406431438190081,13.053951869366603,15.758911007013559,15.3416
OPD,2025-06-02 03:00:00+00:00,2025-06-02 04:00:00+00:00,10.1783,10.534844083763058,9.18236451493958,11.887323652586536,10.6053
WARD_A,2025-06-02 03:00:00+00:00,2025-06-02 04:00:00+00:00,13.5091,12.940459642062635,11.587980073239157,14.292939210886113,13.1218
WARD_B,2025-06-02 03:00:00+00:00,2025-06-02 04:00:00+00:00,13.3167,13.348868111358232,11.996388542534755,14.70134768018171,12.7186
ICU,2025-06-02 04:00:00+00:00,2025-06-02 05:00:00+00:00,15.0823,15.015341306966812,13.662861738143334,16.36782087579029,15.6934
OPD,2025-06-02 04:00:00+00:00,2025-06-02 05:00:00+00:00,11.3614,10.769719529353303,9.417239960529825,12.12219909817678,11.1202
WARD_A,2025-06-02 04:00:00+00:00,2025-06-02 05:00:00+00:00,14.0125,13.494371475313734,12.141891906490256,14.846851044137212,14.0108
WARD_B,2025-06-02 04:00:00+00:00,2025-06-02 05:00:00+00:00,15.7795,13.729218353943974,12.376738785120496,15.081697922767452,14.4079
OPD,2025-06-02 05:00:00+00:00,2025-06-02 06:00:00+00:00,12.9752,12.888413602787228,11.53593403396375,14.240893171610706,12.5679
WARD_A,2025-06-02 05:00:00+00:00,2025-06-02 06:00:00+00:00,16.1277,15.841880263835149,14.489400695011671,17.194359832658627,16.5597
WARD_B,2025-06-02 05:00:00+00:00,2025-06-02 06:00:00+00:00,17.0979,16.552349919615605,15.199870350792127,17.904829488439084,15.059
ICU,2025-06-02 06:00:00+00:00,2025-06-02 07:00:00+00:00,15.6453,15.875422158576786,14.522942589753308,17.227901727400265,17.0102
OPD,2025-06-02 06:00:00+00:00,2025-06-02 07:00:00+00:00,12.0439,12.219078150730736,10.866598581907258,13.571557719554214,11.4146
WARD_A,2025-06-02 06:00:00+00:00,2025-06-02 07:00:00+00:00,13.5988,14.920222539729286,13.567742970905808,16.272702108552764,14.7076
WARD_B,2025-06-02 06:00:00+00:00,2025-06-02 07:00:00+00:00,15.1547,15.371002990259163,14.018523421435685,16.72348255908264,13.6693
ICU,2025-06-02 07:00:00+00:00,2025-06-02 08:00:00+00:00,17.0203,17.38370971351875,16.03123014469527,18.73618928234223,17.7713
OPD,2025-06-02 07:00:00+00:00,2025-06-02 08:00:00+00:00,15.4352,16.343458049022235,14.990978480198757,17.695937617845715,18.1084
WARD_A,2025-06-02 07:00:00+00:00,2025-06-02 08:00:00+00:00,14.3855,15.931289609626855,14.578810040803377,17.283769178450335,16.6064
WARD_B,2025-06-02 07:00:00+00:00,2025-06-02 08:00:00+00:00,16.2917,16.38540158516062,15.03292201633714,17.737881153984098,15.7518
ICU,2025-06-02 08:00:00+00:00,2025-06-02 09:00:00+00:00,19.3435,17.91857301984017,16.56609345101669,19.27105258866365,18.3746
OPD,2025-06-02 08:00:00+00:00,2025-06-02 09:00:00+00:00,17.3862,16.591823168101026,15.239343599277548,17.944302736924506,18.1088
WARD_A,2025-06-02 08:00:00+00:00,2025-06-02 09:00:00+00:00,17.689,16.16274911901613,14.810269550192652,17.51522868783961,16.8353
WARD_B,2025-06-02 08:00:00+00:00,2025-06-02 09:00:00+00:00,18.4186,17.038226970091362,15.685747401267884,18.39070653891484,17.2496
ICU,2025-06-02 09:00:00+00:00,2025-06-02 10:00:00+00:00,17.3167,19.025418434648234,17.672938865824754,20.377898003471714,18.6917
OPD,2025-06-02 09:00:00+00:00,2025-06-02 10:00:00+00:00,16.0249,17.8072901398636,16.45481057104012,19.15976970868708,17.1967
WARD_A,2025-06-02 09:00:00+00:00,2025-06-02 10:00:00+00:00,15.7544,17.8222116727579,16.46973210393442,19.174691241581378,16.5211
WARD_B,2025-06-02 09:00:00+00:00,2025-06-02 10:00:00+00:00,16.9638,18.236871457789476,16.884391888965997,19.589351026612956,15.899
ICU,2025-06-02 10:00:00+00:00,2025-06-02 11:00:00+00:00,18.9162,18.684237576777605,17.331758007954125,20.036717145601084,18.7355
OPD,2025-06-02 10:00:00+00:00,2025-06-02 11:00:00+00:00,18.2115,17.600720760524162,16.248241191700682,18.95320032934764,17.0142
WARD_A,2025-06-02 10:00:00+00:00,2025-06-02 11:00:00+00:00,17.2727,17.12560742566891,15.773127856845433,18.47808699449239,17.3602
WARD_B,2025-06-02 10:00:00+00:00,2025-06-02 11:00:00+00:00,18.5266,17.95489330046604,16.60241373164256,19.30737286928952,16.8312
ICU,2025-06-02 11:00:00+00:00,2025-06-02 12:00:00+00:00,18.9013,19.146346524003064,17.793866955179585,20.498826092826544,19.663
OPD,2025-06-02 11:00:00+00:00,2025-06-02 12:00:00+00:00,17.6194,18.497848050254973,17.145368481431493,19.850327619078453,18.1289
WARD_A,2025-06-02 11:00:00+00:00,2025-06-02 12:00:00+00:00,17.9014,18.012218029769716,16.659738460946237,19.364697598593196,17.5801
WARD_B,2025-06-02 11:00:00+00:00,2025-06-02 12:00:00+00:00,18.6985,18.417854280634266,17.065374711810787,19.770333849457746,16.8625
ICU,2025-06-02 12:00:00+00:00,2025-06-02 13:00:00+00:00,20.1838,19.35425138900001,18.00177182017653,20.70673095782349,20.9117
OPD,2025-06-02 12:00:00+00:00,2025-06-02 13:00:00+00:00,17.5587,18.39847376566478,17.0459941968413,19.75095333448826,18.8539
WARD_A,2025-06-02 12:00:00+00:00,2025-06-02 13:00:00+00:00,19.2483,18.38248829882293,17.03000872999945,19.73496786764641,18.3187
WARD_B,2025-06-02 12:00:00+00:00,2025-06-02 13:00:00+00:00,18.2412,18.61703351180922,17.26455394298574,19.969513080632698,17.4833
ICU,2025-06-02 13:00:00+00:00,2025-06-02 14:00:00+00:00,21.0634,21.54735674386279,20.19487717503931,22.89983631268627,22.5982
OPD,2025-06-02 13:00:00+00:00,2025-06-02 14:00:00+00:00,20.7072,19.912048144901608,18.559568576078128,21.264527713725087,20.2314
WARD_A,2025-06-02 13:00:00+00:00,2025-06-02 14:00:00+00:00,18.9669,20.59178475259928,19.2393051837758,21.94426432142276,20.6733
WARD_B,2025-06-02 13:00:00+00:00,2025-06-02 14:00:00+00:00,21.1136,20.082324081921687,18.729844513098207,21.434803650745167,20.949
ICU,2025-06-02 14:00:00+00:00,2025-06-02 15:00:00+00:00,20.4538,19.63017756955084,18.27769800072736,20.982657138374318,19.9087
OPD,2025-06-02 14:00:00+00:00,2025-06-02 15:00:00+00:00,18.9388,19.05471991872392,17.70224034990044,20.4071994875474,18.922
WARD_A,2025-06-02 14:00:00+00:00,2025-06-02 15:00:00+00:00,19.2548,17.947918810498148,16.59543924167467,19.300398379321628,17.1128
WARD_B,2025-06-02 14:00:00+00:00,2025-06-02 15:00:00+00:00,19.3621,18.923895173388185,17.571415604564706,20.276374742211665,17.0437
ICU,2025-06-02 15:00:00+00:00,2025-06-02 16:00:00+00:00,19.1886,19.627685232498745,18.275205663675266,20.980164801322225,20.2017
OPD,2025-06-02 15:00:00+00:00,2025-06-02 16:00:00+00:00,18.187,18.426924354945633,17.074444786122154,19.779403923769113,18.9415
WARD_A,2025-06-02 15:00:00+00:00,2025-06-02 16:00:00+00:00,18.6393,18.24009448483052,16.887614916007042,19.592574053654,18.0717
WARD_B,2025-06-02 15:00:00+00:00,2025-06-02 16:00:00+00:00,19.4399,18.338446227104285,16.985966658280805,19.690925795927765,17.7116
ICU,2025-06-02 16:00:00+00:00,2025-06-02 17:00:00+00:00,17.595,19.243079138827134,17.890599570003655,20.595558707650614,19.4639
OPD,2025-06-02 16:00:00+00:00,2025-06-02 17:00:00+00:00,17.4355,17.872477122666535,16.519997553843055,19.224956691490014,19.2453
WARD_A,2025-06-02 16:00:00+00:00,2025-06-02 17:00:00+00:00,16.2054,17.88221082407086,16.52973125524738,19.23469039289434,18.231
WARD_B,2025-06-02 16:00:00+00:00,2025-06-02 17:00:00+00:00,17.0541,18.160297413536842,16.807817844713362,19.51277698236032,17.6261
ICU,2025-06-02 17:00:00+00:00,2025-06-02 18:00:00+00:00,17.102,17.15491674526273,15.802437176439254,18.50739631408621,17.9794
OPD,2025-06-02 17:00:00+00:00,2025-06-02 18:00:00+00:00,12.6044,13.656368150976247,12.30388858215277,15.008847719799725,13.0539
WARD_A,2025-06-02 17:00:00+00:00,2025-06-02 18:00:00+00:00,16.2064,15.992394678272825,14.639915109449348,17.344874247096303,16.7483
WARD_B,2025-06-02 17:00:00+00:00,2025-06-02 18:00:00+00:00,15.7574,16.602321043995413,15.249841475171936,17.954800612818893,15.4704
ICU,2025-06-02 18:00:00+00:00,2025-06-02 19:00:00+00:00,16.1989,17.115406808432184,15.762927239608706,18.467886377255663,18.3051
OPD,2025-06-02 18:00:00+00:00,2025-06-02 19:00:00+00:00,13.0831,12.33664398419466,10.984164415371183,13.689123553018138,13.0405
WARD_A,2025-06-02 18:00:00+00:00,2025-06-02 19:00:00+00:00,14.1614,15.744917676630653,14.392438107807175,17.097397245454133,15.1055
WARD_B,2025-06-02 18:00:00+00:00,2025-06-02 19:00:00+00:00,15.142,16.100528684657366,14.748049115833888,17.453008253480846,15.4879
ICU,2025-06-02 19:00:00+00:00,2025-06-02 20:00:00+00:00,17.2251,17.87232079176284,16.51984122293936,19.22480036058632,19.0612
OPD,2025-06-02 19:00:00+00:00,2025-06-02 20:00:00+00:00,13.0337,13.621234641050995,12.268755072227517,14.973714209874473,13.5174
WARD_A,2025-06-02 19:00:00+00:00,2025-06-02 20:00:00+00:00,15.3854,16.09201180602534,14.739532237201862,17.44449137484882,17.0424
WARD_B,2025-06-02 19:00:00+00:00,2025-06-02 20:00:00+00:00,16.0191,16.818989269807354,15.466509700983876,18.171468838630833,15.0743
ICU,2025-06-02 20:00:00+00:00,2025-06-02 21:00:00+00:00,14.9262,15.856551773177253,14.504072204353776,17.20903134200073,15.7098
OPD,2025-06-02 20:00:00+00:00,2025-06-02 21:00:00+00:00,11.2066,11.556518579712568,10.20403901088909,12.908998148536046,12.8337
WARD_A,2025-06-02 20:00:00+00:00,2025-06-02 21:00:00+00:00,14.427,14.008598681676771,12.656119112853293,15.361078250500249,14.5205
WARD_B,2025-06-02 20:00:00+00:00,2025-06-02 21:00:00+00:00,15.0335,14.820296798985122,13.467817230161645,16.172776367808602,14.3521
ICU,2025-06-02 21:00:00+00:00,2025-06-02 22:00:00+00:00,15.6308,15.006408070176528,13.65392850135305,16.358887639000006,16.9702
OPD,2025-06-02 21:00:00+00:00,2025-06-02 22:00:00+00:00,11.5043,11.053405054557492,9.700925485734015,12.40588462338097,10.8561
WARD_A,2025-06-02 21:00:00+00:00,2025-06-02 22:00:00+00:00,14.3248,13.599211619309171,12.246732050485694,14.95169118813265,13.4632
WARD_B,2025-06-02 21:00:00+00:00,2025-06-02 22:00:00+00:00,14.1114,14.48062280439885,13.128143235575372,15.833102373222328,12.8572
ICU,2025-06-02 22:00:00+00:00,2025-06-02 23:00:00+00:00,14.4627,15.150544989608857,13.79806542078538,16.503024558432337,15.0162
OPD,2025-06-02 22:00:00+00:00,2025-06-02 23:00:00+00:00,10.3982,11.000734756118607,9.64825518729513,12.353214324942085,10.2814
WARD_A,2025-06-02 22:00:00+00:00,2025-06-02 23:00:00+00:00,14.1994,13.508365788076992,12.155886219253514,14.86084535690047,13.5074
WARD_B,2025-06-02 22:00:00+00:00,2025-06-02 23:00:00+00:00,14.7109,14.07921154894424,12.726731980120762,15.431691117767718,12.6041
ICU,2025-06-02 23:00:00+00:00,2025-06-03 00:00:00+00:00,14.5702,14.405941220989673,13.053461652166195,15.758420789813151,15.1512
OPD,2025-06-02 23:00:00+00:00,2025-06-03 00:00:00+00:00,9.9273,10.221615879601348,8.86913631077787,11.574095448424826,11.2065
WARD_A,2025-06-02 23:00:00+00:00,2025-06-03 00:00:00+00:00,13.7874,13.177629099045149,11.82514953022167,14.530108667868626,12.3338
WARD_B,2025-06-02 23:00:00+00:00,2025-06-03 00:00:00+00:00,13.7956,13.937138097193959,12.58465852837048,15.289617666017437,12.6566
ICU,2025-06-03 00:00:00+00:00,2025-06-03 01:00:00+00:00,13.6283,14.59653484001296,13.244055271189483,15.949014408836439,14.502
OPD,2025-06-03 00:00:00+00:00,2025-06-03 01:00:00+00:00,9.1638,10.20197617495031,8.849496606126833,11.554455743773788,10.5625
WARD_A,2025-06-03 00:00:00+00:00,2025-06-03 01:00:00+00:00,11.5951,13.113872935253163,11.761393366429685,14.46635250407664,13.8697
WARD_B,2025-06-03 00:00:00+00:00,2025-06-03 01:00:00+00:00,11.926,13.670911439701324,12.318431870877847,15.023391008524802,13.2522
ICU,2025-06-03 01:00:00+00:00,2025-06-03 02:00:00+00:00,12.4025,14.180402682678492,12.827923113855014,15.53288225150197,14.4069
OPD,2025-06-03 01:00:00+00:00,2025-06-03 02:00:00+00:00,9.2761,9.85405509052754,8.501575521704062,11.206534659351018,9.0762
WARD_A,2025-06-03 01:00:00+00:00,2025-06-03 02:00:00+00:00,13.1783,12.471220034134618,11.11874046531114,13.823699602958095,12.7636
WARD_B,2025-06-03 01:00:00+00:00,2025-06-03 02:00:00+00:00,12.6674,13.087875498301598,11.73539592947812,14.440355067125076,12.4649
ICU,2025-06-03 02:00:00+00:00,2025-06-03 03:00:00+00:00,15.0705,13.695405737840106,12.342926169016629,15.047885306663584,15.1239
OPD,2025-06-03 02:00:00+00:00,2025-06-03 03:00:00+00:00,10.1678,9.721517159001023,8.369037590177545,11.0739967278245,10.3214
WARD_A,2025-06-03 02:00:00+00:00,2025-06-03 03:00:00+00:00,13.5865,13.073112715459288,11.72063314663581,14.425592284282766,12.5361
WARD_B,2025-06-03 02:00:00+00:00,2025-06-03 03:00:00+00:00,14.3576,13.384486535143955,12.032006966320477,14.736966103967433,13.0676
ICU,2025-06-03 03:00:00+00:00,2025-06-03 04:00:00+00:00,14.2878,14.99187306669779,13.639393497874313,16.34435263552127,14.5963
OPD,2025-06-03 03:00:00+00:00,2025-06-03 04:00:00+00:00,9.5156,10.633137526362312,9.280657957538834,11.98561709518579,10.5551
WARD_A,2025-06-03 03:00:00+00:00,2025-06-03 04:00:00+00:00,13.0352,13.475233265640751,12.122753696817274,14.82771283446423,13.1314
WARD_B,2025-06-03 03:00:00+00:00,2025-06-03 04:00:00+00:00,12.5595,14.216091799314256,12.863612230490778,15.568571368137734,12.0858
ICU,2025-06-03 04:00:00+00:00,2025-06-03 05:00:00+00:00,14.4133,14.848395935369272,13.495916366545794,16.20087550419275,13.3669
OPD,2025-06-03 04:00:00+00:00,2025-06-03 05:00:00+00:00,10.2586,10.350079445681034,8.997599876857556,11.702559014504512,10.2327
WARD_A,2025-06-03 04:00:00+00:00,2025-06-03 05:00:00+00:00,12.9856,13.508740984740257,12.156261415916779,14.861220553563735,12.6546
WARD_B,2025-06-03 04:00:00+00:00,2025-06-03 05:00:00+00:00,12.7631,13.626581876288885,12.274102307465407,14.979061445112363,12.5776
ICU,2025-06-03 05:00:00+00:00,2025-06-03 06:00:00+00:00,16.3835,16.711655638265626,15.359176069442148,18.064135207089105,17.8725
OPD,2025-06-03 05:00:00+00:00,2025-06-03 06:00:00+00:00,12.4667,12.632792194848102,11.280312626024624,13.98527176367158,12.8431
WARD_A,2025-06-03 05:00:00+00:00,2025-06-03 06:00:00+00:00,16.2416,15.418871977624574,14.066392408801097,16.771351546448052,16.2291
WARD_B,2025-06-03 05:00:00+00:00,2025-06-03 06:00:00+00:00,15.3645,16.083528125594007,14.73104855677053,17.436007694417487,14.7287
ICU,2025-06-03 06:00:00+00:00,2025-06-03 07:00:00+00:00,16.3003,15.705244311050548,14.35276474222707,17.057723879874025,15.6901
OPD,2025-06-03 06:00:00+00:00,2025-06-03 07:00:00+00:00,11.4189,12.046708062417618,10.69422849359414,13.399187631241096,11.2329
WARD_A,2025-06-03 06:00:00+00:00,2025-06-03 07:00:00+00:00,15.6143,14.976717059222771,13.624237490399294,16.32919662804625,14.3543
WARD_B,2025-06-03 06:00:00+00:00,2025-06-03 07:00:00+00:00,14.5785,14.942657304455754,13.590177735632276,16.295136873279233,12.7667
ICU,2025-06-03 07:00:00+00:00,2025-06-03 08:00:00+00:00,17.9881,17.514052755046418,16.161573186222938,18.866532323869897,17.8469
OPD,2025-06-03 07:00:00+00:00,2025-06-03 08:00:00+00:00,16.0115,15.763439175817284,14.410959606993806,17.115918744640762,16.6517
WARD_A,2025-06-03 07:00:00+00:00,2025-06-03 08:00:00+00:00,16.6025,16.381407525660133,15.028927956836656,17.733887094483613,15.9379
WARD_B,2025-06-03 07:00:00+00:00,2025-06-03 08:00:00+00:00,16.9033,16.166127886530496,14.813648317707019,17.518607455353976,15.0071
ICU,2025-06-03 08:00:00+00:00,2025-06-03 09:00:00+00:00,18.9373,18.2852645974538,16.93278502863032,19.63774416627728,18.7428
OPD,2025-06-03 08:00:00+00:00,2025-06-03 09:00:00+00:00,16.9845,17.09649679457099,15.74401722574751,18.44897636339447,16.5785
WARD_A,2025-06-03 08:00:00+00:00,2025-06-03 09:00:00+00:00,17.1905,17.03515934021171,15.682679771388232,18.38763890903519,15.8435
WARD_B,2025-06-03 08:00:00+00:00,2025-06-03 09:00:00+00:00,17.3889,17.21967700050485,15.86719743168137,18.572156569328328,17.146
ICU,2025-06-03 09:00:00+00:00,2025-06-03 10:00:00+00:00,19.4988,18.969342780336138,17.61686321151266,20.321822349159618,19.0984
OPD,2025-06-03 09:00:00+00:00,2025-06-03 10:00:00+00:00,18.4659,17.526334985703507,16.173855416880027,18.878814554526986,17.5997
WARD_A,2025-06-03 09:00:00+00:00,2025-06-03 10:00:00+00:00,16.899,17.733421376554453,16.380941807730974,19.085900945377933,16.9673
WARD_B,2025-06-03 09:00:00+00:00,2025-06-03 10:00:00+00:00,17.4037,17.78159883556996,16.42911926674648,19.13407840439344,15.9407
ICU,2025-06-03 10:00:00+00:00,2025-06-03 11:00:00+00:00,18.1655,19.290710262904707,17.938230694081227,20.643189831728186,19.8444
OPD,2025-06-03 10:00:00+00:00,2025-06-03 11:00:00+00:00,16.5939,18.328816179946124,16.976336611122644,19.681295748769603,17.7936
WARD_A,2025-06-03 10:00:00+00:00,2025-06-03 11:00:00+00:00,18.7911,17.934870045521425,16.582390476697945,19.287349614344905,17.3557
WARD_B,2025-06-03 10:00:00+00:00,2025-06-03 11:00:00+00:00,19.2581,17.940853586139543,16.588374017316063,19.293333154963022,16.2867
ICU,2025-06-03 11:00:00+00:00,2025-06-03 12:00:00+00:00,18.2587,19.272219619978703,17.919740051155223,20.624699188802182,20.264
OPD,2025-06-03 11:00:00+00:00,2025-06-03 12:00:00+00:00,19.3803,18.08923831594867,16.73675874712519,19.44171788477215,19.5925
WARD_A,2025-06-03 11:00:00+00:00,2025-06-03 12:00:00+00:00,16.8573,18.51454430623855,17.162064737415072,19.86702387506203,18.1236
WARD_B,2025-06-03 11:00:00+00:00,2025-06-03 12:00:00+00:00,17.6225,18.57476418139037,17.22228461256689,19.92724375021385,16.5511
ICU,2025-06-03 12:00:00+00:00,2025-06-03 13:00:00+00:00,19.224,19.23709959833116,17.88462002950768,20.58957916715464,19.8053
OPD,2025-06-03 12:00:00+00:00,2025-06-03 13:00:00+00:00,17.6655,18.580037797410604,17.227558228587124,19.932517366234084,20.6151
WARD_A,2025-06-03 12:00:00+00:00,2025-06-03 13:00:00+00:00,18.3846,18.079685576926,16.72720600810252,19.43216514574948,17.4743
WARD_B,2025-06-03 12:00:00+00:00,2025-06-03 13:00:00+00:00,19.0645,18.084934721708418,16.73245515288494,19.437414290531898,16.7886
ICU,2025-06-03 13:00:00+00:00,2025-06-03 14:00:00+00:00,20.9516,21.380573145591036,20.028093576767557,22.733052714414516,22.0945
OPD,2025-06-03 13:00:00+00:00,2025-06-03 14:00:00+00:00,21.9722,19.784318109657686,18.431838540834207,21.136797678481166,21.6086
WARD_A,2025-06-03 13:00:00+00:00,2025-06-03 14:00:00+00:00,19.1477,19.925952881545932,18.573473312722452,21.27843245036941,20.3721
WARD_B,2025-06-03 13:00:00+00:00,2025-06-03 14:00:00+00:00,19.7916,20.389448284378105,19.036968715554625,21.741927853201584,20.8407
ICU,2025-06-03 14:00:00+00:00,2025-06-03 15:00:00+00:00,18.8898,19.622358634305954,18.269879065482474,20.974838203129433,19.8316
OPD,2025-06-03 14:00:00+00:00,2025-06-03 15:00:00+00:00,20.7754,19.306675457772783,17.954195888949304,20.659155026596263,20.1022
WARD_A,2025-06-03 14:00:00+00:00,2025-06-03 15:00:00+00:00,19.9073,18.050339576806273,16.697860007982793,19.402819145629753,19.4542
WARD_B,2025-06-03 14:00:00+00:00,2025-06-03 15:00:00+00:00,18.6848,18.418961247759288,17.06648167893581,19.771440816582768,16.7915
ICU,2025-06-03 15:00:00+00:00,2025-06-03 16:00:00+00:00,20.1636,19.031672757360862,17.679193188537383,20.384152326184342,19.9534
OPD,2025-06-03 15:00:00+00:00,2025-06-03 16:00:00+00:00,19.2445,18.80410860578997,17.45162903696649,20.15658817461345,18.8925
WARD_A,2025-06-03 15:00:00+00:00,2025-06-03 16:00:00+00:00,19.6673,18.56447573162895,17.21199616280547,19.91695530045243,18.0498
WARD_B,2025-06-03 15:00:00+00:00,2025-06-03 16:00:00+00:00,18.5732,18.001795275667234,16.649315706843755,19.354274844490714,15.8665
ICU,2025-06-03 16:00:00+00:00,2025-06-03 17:00:00+00:00,19.0806,19.489831167953227,18.137351599129747,20.842310736776707,19.0044
OPD,2025-06-03 16:00:00+00:00,2025-06-03 17:00:00+00:00,18.674,18.697170326270374,17.344690757446894,20.049649895093854,17.7771
WARD_A,2025-06-03 16:00:00+00:00,2025-06-03 17:00:00+00:00,18.5303,18.64071833235089,17.28823876352741,19.99319790117437,18.139
WARD_B,2025-06-03 16:00:00+00:00,2025-06-03 17:00:00+00:00,18.1856,18.1805998573462,16.82812028852272,19.533079426169678,17.1294
ICU,2025-06-03 17:00:00+00:00,2025-06-03 18:00:00+00:00,17.8426,17.69306315022603,16.34058358140255,19.04554271904951,17.8905
OPD,2025-06-03 17:00:00+00:00,2025-06-03 18:00:00+00:00,13.1987,13.342148716034464,11.989669147210986,14.694628284857941,13.5528
WARD_A,2025-06-03 17:00:00+00:00,2025-06-03 18:00:00+00:00,16.5508,16.260212695274685,14.907733126451207,17.612692264098165,15.3959
WARD_B,2025-06-03 17:00:00+00:00,2025-06-03 18:00:00+00:00,16.3553,16.243440938946023,14.890961370122545,17.595920507769502,15.2267
ICU,2025-06-03 18:00:00+00:00,2025-06-03 19:00:00+00:00,16.7885,17.38007184115611,16.02759227233263,18.73255140997959,16.5609
OPD,2025-06-03 18:00:00+00:00,2025-06-03 19:00:00+00:00,13.1653,12.63603248759679,11.283552918773312,13.988512056420268,12.0126
WARD_A,2025-06-03 18:00:00+00:00,2025-06-03 19:00:00+00:00,15.9468,16.027274482656267,14.67479491383279,17.379754051479747,14.2654
WARD_B,2025-06-03 18:00:00+00:00,2025-06-03 19:00:00+00:00,15.7458,15.887351311601277,14.5348717427778,17.239830880424755,14.2097
ICU,2025-06-03 19:00:00+00:00,2025-06-03 20:00:00+00:00,16.7608,18.035313134422978,16.6828335655995,19.387792703246458,17.4631
OPD,2025-06-03 19:00:00+00:00,2025-06-03 20:00:00+00:00,13.1643,13.800752854989256,12.448273286165778,15.153232423812733,13.8823
WARD_A,2025-06-03 19:00:00+00:00,2025-06-03 20:00:00+00:00,15.6584,17.112511281203904,15.760031712380426,18.464990850027384,16.2251
WARD_B,2025-06-03 19:00:00+00:00,2025-06-03 20:00:00+00:00,16.7035,16.6461732159598,15.29369364713632,17.99865278478328,15.4472
ICU,2025-06-03 20:00:00+00:00,2025-06-03 21:00:00+00:00,15.0806,15.501034988964133,14.148555420140655,16.853514557787612,15.9317
OPD,2025-06-03 20:00:00+00:00,2025-06-03 21:00:00+00:00,10.7615,11.578985029851738,10.22650546102826,12.931464598675216,12.3154
WARD_A,2025-06-03 20:00:00+00:00,2025-06-03 21:00:00+00:00,15.0397,14.27422881544756,12.921749246624081,15.626708384271037,14.1785
WARD_B,2025-06-03 20:00:00+00:00,2025-06-03 21:00:00+00:00,14.2969,14.90955193815165,13.557072369328171,16.262031506975127,14.7873
ICU,2025-06-03 21:00:00+00:00,2025-06-03 22:00:00+00:00,15.0984,15.052988075970767,13.700508507147289,16.405467644794246,15.6358
OPD,2025-06-03 21:00:00+00:00,2025-06-03 22:00:00+00:00,12.1816,10.833313041400842,9.480833472577364,12.18579261022432,11.7119
WARD_A,2025-06-03 21:00:00+00:00,2025-06-03 22:00:00+00:00,14.5934,14.383172935641364,13.030693366817886,15.735652504464841,13.6041
WARD_B,2025-06-03 21:00:00+00:00,2025-06-03 22:00:00+00:00,14.4366,14.003083721311386,12.650604152487908,15.355563290134864,13.8535
ICU,2025-06-03 22:00:00+00:00,2025-06-03 23:00:00+00:00,14.2724,14.795458424742028,13.44297885591855,16.147937993565506,14.9486
OPD,2025-06-03 22:00:00+00:00,2025-06-03 23:00:00+00:00,10.2509,11.29913602243574,9.946656453612261,12.651615591259217,11.0245
WARD_A,2025-06-03 22:00:00+00:00,2025-06-03 23:00:00+00:00,13.1208,13.989858943746256,12.637379374922778,15.342338512569734,12.336
WARD_B,2025-06-03 22:00:00+00:00,2025-06-03 23:00:00+00:00,13.0038,13.733406400498813,12.380926831675335,15.085885969322291,11.1618
ICU,2025-06-03 23:00:00+00:00,2025-06-04 00:00:00+00:00,13.5836,14.243567408292439,12.89108783946896,15.596046977115916,14.0472
OPD,2025-06-03 23:00:00+00:00,2025-06-04 00:00:00+00:00,9.6523,10.187594721287281,8.835115152463803,11.54007429011076,9.0974
WARD_A,2025-06-03 23:00:00+00:00,2025-06-04 00:00:00+00:00,12.9601,13.408052764790094,12.055573195966616,14.760532333613572,12.2214
WARD_B,2025-06-03 23:00:00+00:00,2025-06-04 00:00:00+00:00,13.432,13.413470600184455,12.060991031360977,14.765950169007933,11.6023
ICU,2025-06-04 00:00:00+00:00,2025-06-04 01:00:00+00:00,14.0984,14.014890464389369,12.662410895565891,15.367370033212847,14.5808
OPD,2025-06-04 00:00:00+00:00,2025-06-04 01:00:00+00:00,10.1716,9.865521505162624,8.513041936339146,11.218001073986102,9.3743
WARD_A,2025-06-04 00:00:00+00:00,2025-06-04 01:00:00+00:00,12.9644,13.444700071931146,12.092220503107669,14.797179640754624,12.3528
WARD_B,2025-06-04 00:00:00+00:00,2025-06-04 01:00:00+00:00,13.6861,13.444700071931146,12.092220503107669,14.797179640754624,12.7795
ICU,2025-06-04 01:00:00+00:00,2025-06-04 02:00:00+00:00,13.4447,14.034752833523365,12.682273264699887,15.387232402346843,15.1284
OPD,2025-06-04 01:00:00+00:00,2025-06-04 02:00:00+00:00,9.1564,9.928014225029557,8.575534656206079,11.280493793853035,10.6375
WARD_A,2025-06-04 01:00:00+00:00,2025-06-04 02:00:00+00:00,12.7164,12.948980209322634,11.596500640499157,14.301459778146112,13.1653
WARD_B,2025-06-04 01:00:00+00:00,2025-06-04 02:00:00+00:00,12.6099,12.994982919815818,11.64250335099234,14.347462488639296,12.2248
ICU,2025-06-04 02:00:00+00:00,2025-06-04 03:00:00+00:00,13.8963,13.757323415138202,12.404843846314725,15.10980298396168,14.5749
OPD,2025-06-04 02:00:00+00:00,2025-06-04 03:00:00+00:00,8.829,9.87561115749327,8.523131588669791,11.228090726316747,10.0398
WARD_A,2025-06-04 02:00:00+00:00,2025-06-04 03:00:00+00:00,12.5064,13.228751156421213,11.876271587597735,14.58123072524469,11.4275
WARD_B,2025-06-04 02:00:00+00:00,2025-06-04 03:00:00+00:00,12.6193,13.160325367647355,11.807845798823877,14.512804936470832,12.4219
ICU,2025-06-04 03:00:00+00:00,2025-06-04 04:00:00+00:00,14.5295,14.46304574575615,13.110566176932672,15.815525314579627,14.9739
OPD,2025-06-04 03:00:00+00:00,2025-06-04 04:00:00+00:00,10.2241,9.995467484346612,8.642987915523134,11.34794705317009,10.7019
WARD_A,2025-06-04 03:00:00+00:00,2025-06-04 04:00:00+00:00,13.6978,13.468504153666435,12.116024584842958,14.820983722489913,13.0481
WARD_B,2025-06-04 03:00:00+00:00,2025-06-04 04:00:00+00:00,13.3462,13.642930428881803,12.290450860058325,14.99540999770528,13.336
ICU,2025-06-04 04:00:00+00:00,2025-06-04 05:00:00+00:00,14.087,14.902728069106029,13.550248500282551,16.25520763792951,15.3701
OPD,2025-06-04 04:00:00+00:00,2025-06-04 05:00:00+00:00,10.1746,10.457771042844385,9.105291474020907,11.810250611667863,11.0408
WARD_A,2025-06-04 04:00:00+00:00,2025-06-04 05:00:00+00:00,14.2114,13.745170437451195,12.392690868627717,15.097650006274673,13.4099
WARD_B,2025-06-04 04:00:00+00:00,2025-06-04 05:00:00+00:00,13.0233,13.709288980414266,12.356809411590788,15.061768549237744,12.5248
ICU,2025-06-04 05:00:00+00:00,2025-06-04 06:00:00+00:00,17.4248,17.040574080094125,15.688094511270647,18.393053648917604,17.7164
OPD,2025-06-04 05:00:00+00:00,2025-06-04 06:00:00+00:00,12.2953,12.12768833966913,10.775208770845651,13.480167908492607,12.923
WARD_A,2025-06-04 05:00:00+00:00,2025-06-04 06:00:00+00:00,16.4258,16.143439687614332,14.790960118790855,17.495919256437812,15.1135
WARD_B,2025-06-04 05:00:00+00:00,2025-06-04 06:00:00+00:00,15.2474,15.456978619931677,14.1044990511082,16.809458188755155,16.0026
ICU,2025-06-04 06:00:00+00:00,2025-06-04 07:00:00+00:00,15.5028,15.815461838910107,14.462982270086629,17.167941407733586,15.0996
OPD,2025-06-04 06:00:00+00:00,2025-06-04 07:00:00+00:00,11.0552,11.922435175058418,10.56995560623494,13.274914743881896,10.7471
WARD_A,2025-06-04 06:00:00+00:00,2025-06-04 07:00:00+00:00,13.5639,15.218091000099198,13.86561143127572,16.570570568922676,12.1734
WARD_B,2025-06-04 06:00:00+00:00,2025-06-04 07:00:00+00:00,14.372,14.82179453287984,13.469314964056363,16.17427410170332,13.2077
ICU,2025-06-04 07:00:00+00:00,2025-06-04 08:00:00+00:00,17.4059,17.106104435433885,15.753624866610407,18.458584004257364,18.2341
OPD,2025-06-04 07:00:00+00:00,2025-06-04 08:00:00+00:00,17.7351,15.631505718496847,14.279026149673369,16.983985287320326,18.0973
WARD_A,2025-06-04 07:00:00+00:00,2025-06-04 08:00:00+00:00,16.8185,16.285138621588608,14.93265905276513,17.637618190412088,15.3021
WARD_B,2025-06-04 07:00:00+00:00,2025-06-04 08:00:00+00:00,16.0678,16.115076133783752,14.762596564960274,17.467555702607232,16.1717
ICU,2025-06-04 08:00:00+00:00,2025-06-04 09:00:00+00:00,17.6546,18.083001908974975,16.730522340151495,19.435481477798454,16.9729
OPD,2025-06-04 08:00:00+00:00,2025-06-04 09:00:00+00:00,15.8851,17.129311479334618,15.77683191051114,18.481791048158097,15.9398
WARD_A,2025-06-04 08:00:00+00:00,2025-06-04 09:00:00+00:00,16.7142,17.133711836124757,15.781232267301279,18.486191404948237,16.4992
WARD_B,2025-06-04 08:00:00+00:00,2025-06-04 09:00:00+00:00,16.0754,17.17406785234347,15.821588283519992,18.52654742116695,16.1192
ICU,2025-06-04 09:00:00+00:00,2025-06-04 10:00:00+00:00,18.1982,18.23323467540061,16.88075510657713,19.58571424422409,19.3325
OPD,2025-06-04 09:00:00+00:00,2025-06-04 10:00:00+00:00,17.5686,17.0437619779448,15.691282409121323,18.39624154676828,17.0369
WARD_A,2025-06-04 09:00:00+00:00,2025-06-04 10:00:00+00:00,16.8293,17.65453319125552,16.30205362243204,19.007012760079,17.5984
WARD_B,2025-06-04 09:00:00+00:00,2025-06-04 10:00:00+00:00,17.2202,17.26636453585763,15.913884967034152,18.61884410468111,17.301
ICU,2025-06-04 10:00:00+00:00,2025-06-04 11:00:00+00:00,19.4952,18.975458936279946,17.622979367456466,20.327938505103425,18.7175
OPD,2025-06-04 10:00:00+00:00,2025-06-04 11:00:00+00:00,18.569,17.98822450073328,16.6357449319098,19.34070406955676,18.7132
WARD_A,2025-06-04 10:00:00+00:00,2025-06-04 11:00:00+00:00,17.2544,18.001359435667258,16.648879866843778,19.353839004490737,15.9828
WARD_B,2025-06-04 10:00:00+00:00,2025-06-04 11:00:00+00:00,18.6214,18.038051755340952,16.685572186517472,19.39053132416443,17.328
ICU,2025-06-04 11:00:00+00:00,2025-06-04 12:00:00+00:00,19.4259,19.181023756684887,17.828544187861407,20.533503325508367,19.9082
OPD,2025-06-04 11:00:00+00:00,2025-06-04 12:00:00+00:00,18.8576,18.928177039328325,17.575697470504846,20.280656608151805,19.5394
WARD_A,2025-06-04 11:00:00+00:00,2025-06-04 12:00:00+00:00,18.8199,18.050857666241082,16.698378097417603,19.403337235064562,17.0216
WARD_B,2025-06-04 11:00:00+00:00,2025-06-04 12:00:00+00:00,17.8821,18.487192145138323,17.134712576314843,19.839671713961803,17.1856
ICU,2025-06-04 12:00:00+00:00,2025-06-04 13:00:00+00:00,18.5842,19.401342515738445,18.048862946914966,20.753822084561925,20.1473
OPD,2025-06-04 12:00:00+00:00,2025-06-04 13:00:00+00:00,16.6964,18.7234034317442,17.37092386292072,20.07588300056768,18.0827
WARD_A,2025-06-04 12:00:00+00:00,2025-06-04 13:00:00+00:00,18.4781,18.553288032795805,17.200808463972326,19.905767601619285,18.3702
WARD_B,2025-06-04 12:00:00+00:00,2025-06-04 13:00:00+00:00,18.2805,18.32401994652772,16.97154037770424,19.6764995153512,17.8663
ICU,2025-06-04 13:00:00+00:00,2025-06-04 14:00:00+00:00,21.2345,21.00856910405292,19.65608953522944,22.3610486728764,21.5783
OPD,2025-06-04 13:00:00+00:00,2025-06-04 14:00:00+00:00,22.9318,19.617428287985323,18.264948719161843,20.969907856808803,20.6068
WARD_A,2025-06-04 13:00:00+00:00,2025-06-04 14:00:00+00:00,20.1139,20.186581978244593,18.834102409421114,21.539061547068073,18.9023
WARD_B,2025-06-04 13:00:00+00:00,2025-06-04 14:00:00+00:00,20.3248,19.99918245459949,18.646702885776012,21.35166202342297,19.8046
ICU,2025-06-04 14:00:00+00:00,2025-06-04 15:00:00+00:00,19.6263,19.73546118998071,18.38298162115723,21.08794075880419,19.6306
OPD,2025-06-04 14:00:00+00:00,2025-06-04 15:00:00+00:00,17.4334,19.170260058659764,17.817780489836284,20.522739627483244,17.2619
WARD_A,2025-06-04 14:00:00+00:00,2025-06-04 15:00:00+00:00,19.6498,18.393570719217546,17.041091150394067,19.746050288041026,17.921
WARD_B,2025-06-04 14:00:00+00:00,2025-06-04 15:00:00+00:00,19.7906,18.563432867480117,17.210953298656637,19.915912436303596,19.3099
ICU,2025-06-04 15:00:00+00:00,2025-06-04 16:00:00+00:00,18.7841,19.278576800458975,17.926097231635495,20.631056369282454,18.4112
OPD,2025-06-04 15:00:00+00:00,2025-06-04 16:00:00+00:00,19.1785,17.879820821880188,16.527341253056708,19.232300390703667,19.6295
WARD_A,2025-06-04 15:00:00+00:00,2025-06-04 16:00:00+00:00,18.9206,18.54464565543775,17.19216608661427,19.89712522426123,17.7469
WARD_B,2025-06-04 15:00:00+00:00,2025-06-04 16:00:00+00:00,17.4492,18.5762876265941,17.223808057770622,19.92876719541758,16.4905
ICU,2025-06-04 16:00:00+00:00,2025-06-04 17:00:00+00:00,19.1966,18.84520852276128,17.4927289539378,20.19768809158476,19.0789
OPD,2025-06-04 16:00:00+00:00,2025-06-04 17:00:00+00:00,19.7186,17.93189498581159,16.57941541698811,19.284374554635068,17.7712
WARD_A,2025-06-04 16:00:00+00:00,2025-06-04 17:00:00+00:00,18.4003,18.09277609291282,16.74029652408934,19.4452556617363,16.7376
WARD_B,2025-06-04 16:00:00+00:00,2025-06-04 17:00:00+00:00,17.9999,17.409951443879805,16.057471875056326,18.762431012703285,16.0064
ICU,2025-06-04 17:00:00+00:00,2025-06-04 18:00:00+00:00,17.2822,17.33573739739938,15.983257828575903,18.68821696622286,18.4036
OPD,2025-06-04 17:00:00+00:00,2025-06-04 18:00:00+00:00,12.399,13.258564792066819,11.906085223243341,14.611044360890297,14.6528
WARD_A,2025-06-04 17:00:00+00:00,2025-06-04 18:00:00+00:00,15.5591,16.13984796962443,14.787368400800952,17.49232753844791,15.995
WARD_B,2025-06-04 17:00:00+00:00,2025-06-04 18:00:00+00:00,15.8326,16.500768486342505,15.148288917519027,17.853248055165984,15.6527
ICU,2025-06-04 18:00:00+00:00,2025-06-04 19:00:00+00:00,16.2482,16.932734531620802,15.580254962797325,18.285214100444282,17.4959
OPD,2025-06-04 18:00:00+00:00,2025-06-04 19:00:00+00:00,12.1515,12.378008969528178,11.0255294007047,13.730488538351656,12.2384
WARD_A,2025-06-04 18:00:00+00:00,2025-06-04 19:00:00+00:00,15.6247,15.669505521068023,14.317025952244546,17.0219850898915,16.2506
WARD_B,2025-06-04 18:00:00+00:00,2025-06-04 19:00:00+00:00,15.6189,15.864839403594981,14.512359834771503,17.21731897241846,16.1538
ICU,2025-06-04 19:00:00+00:00,2025-06-04 20:00:00+00:00,18.6168,17.92245579132403,16.56997622250055,19.27493536014751,17.9453
OPD,2025-06-04 19:00:00+00:00,2025-06-04 20:00:00+00:00,14.0513,13.64858992294775,12.296110354124272,15.001069491771228,13.4217
WARD_A,2025-06-04 19:00:00+00:00,2025-06-04 20:00:00+00:00,17.7691,16.88983517288972,15.53735560406624,18.242314741713198,15.8063
WARD_B,2025-06-04 19:00:00+00:00,2025-06-04 20:00:00+00:00,15.9266,16.88436675005161,15.53188718122813,18.236846318875088,15.1841
ICU,2025-06-04 20:00:00+00:00,2025-06-04 21:00:00+00:00,15.5822,16.11989030742215,14.767410738598672,17.47236987624563,15.9566
OPD,2025-06-04 20:00:00+00:00,2025-06-04 21:00:00+00:00,11.677,11.886459634338044,10.533980065514566,13.238939203161522,11.9087
WARD_A,2025-06-04 20:00:00+00:00,2025-06-04 21:00:00+00:00,15.8506,15.191212834531198,13.83873326570772,16.543692403354676,13.7586
WARD_B,2025-06-04 20:00:00+00:00,2025-06-04 21:00:00+00:00,16.5031,14.43344559370842,13.080966024884942,15.785925162531898,14.0908
ICU,2025-06-04 21:00:00+00:00,2025-06-04 22:00:00+00:00,15.4069,15.161321842222218,13.80884227339874,16.513801411045698,15.0397
OPD,2025-06-04 21:00:00+00:00,2025-06-04 22:00:00+00:00,11.1242,11.027368503739623,9.674888934916146,12.379848072563101,10.854
WARD_A,2025-06-04 21:00:00+00:00,2025-06-04 22:00:00+00:00,14.857,14.695750292105568,13.34327072328209,16.048229860929048,12.4042
WARD_B,2025-06-04 21:00:00+00:00,2025-06-04 22:00:00+00:00,13.6569,14.583856401301388,13.23137683247791,15.936335970124865,13.0068
ICU,2025-06-04 22:00:00+00:00,2025-06-04 23:00:00+00:00,14.6619,14.66608658265038,13.313607013826902,16.01856615147386,13.8068
OPD,2025-06-04 22:00:00+00:00,2025-06-04 23:00:00+00:00,10.665,10.865161854961572,9.512682286138094,12.21764142378505,10.4679
WARD_A,2025-06-04 22:00:00+00:00,2025-06-04 23:00:00+00:00,14.3552,14.096761758400946,12.744282189577469,15.449241327224424,12.0318
WARD_B,2025-06-04 22:00:00+00:00,2025-06-04 23:00:00+00:00,14.4879,13.603476180261666,12.250996611438188,14.955955749085144,12.7384
ICU,2025-06-04 23:00:00+00:00,2025-06-05 00:00:00+00:00,14.5669,14.223987487875728,12.87150791905225,15.576467056699206,14.04
OPD,2025-06-04 23:00:00+00:00,2025-06-05 00:00:00+00:00,10.4912,10.04897584620741,8.696496277383932,11.401455415030888,11.2658
WARD_A,2025-06-04 23:00:00+00:00,2025-06-05 00:00:00+00:00,13.5613,13.684311165565854,12.331831596742376,15.036790734389331,12.7335
WARD_B,2025-06-04 23:00:00+00:00,2025-06-05 00:00:00+00:00,13.1941,13.540327934595428,12.18784836577195,14.892807503418906,12.639
ICU,2025-06-05 00:00:00+00:00,2025-06-05 01:00:00+00:00,14.5375,14.195570819024312,12.843091250200834,15.54805038784779,13.4645
OPD,2025-06-05 00:00:00+00:00,2025-06-05 01:00:00+00:00,10.2566,10.179009147848234,8.826529579024756,11.531488716671712,10.0942
WARD_A,2025-06-05 00:00:00+00:00,2025-06-05 01:00:00+00:00,14.3749,13.579031269246169,12.226551700422691,14.931510838069647,11.2949
WARD_B,2025-06-05 00:00:00+00:00,2025-06-05 01:00:00+00:00,13.4076,13.394545740674774,12.042066171851296,14.747025309498252,11.5583
ICU,2025-06-05 01:00:00+00:00,2025-06-05 02:00:00+00:00,14.1023,14.17043868003663,12.817959111213153,15.522918248860108,14.2581
OPD,2025-06-05 01:00:00+00:00,2025-06-05 02:00:00+00:00,10.8504,10.084240663910196,8.731761095086718,11.436720232733673,10.7815
WARD_A,2025-06-05 01:00:00+00:00,2025-06-05 02:00:00+00:00,13.4224,13.650246656172316,12.297767087348838,15.002726224995794,12.0339
WARD_B,2025-06-05 01:00:00+00:00,2025-06-05 02:00:00+00:00,13.5075,13.367363245429472,12.014883676605994,14.71984281425295,12.4773
ICU,2025-06-05 02:00:00+00:00,2025-06-05 03:00:00+00:00,14.3046,14.23269909596305,12.880219527139571,15.585178664786527,14.7437
OPD,2025-06-05 02:00:00+00:00,2025-06-05 03:00:00+00:00,10.1179,10.163188145660747,8.81070857683727,11.515667714484225,9.9349
WARD_A,2025-06-05 02:00:00+00:00,2025-06-05 03:00:00+00:00,14.3755,13.602744161182992,12.250264592359514,14.95522373000647,11.0676
WARD_B,2025-06-05 02:00:00+00:00,2025-06-05 03:00:00+00:00,13.2774,13.443265663315177,12.0907860944917,14.795745232138655,12.828
ICU,2025-06-05 03:00:00+00:00,2025-06-05 04:00:00+00:00,14.3501,14.658817553083617,13.30633798426014,16.011297121907095,13.4021
OPD,2025-06-05 03:00:00+00:00,2025-06-05 04:00:00+00:00,10.0052,10.140120141074792,8.787640572251314,11.49259970989827,10.2152
WARD_A,2025-06-05 03:00:00+00:00,2025-06-05 04:00:00+00:00,13.398,13.789200156614255,12.436720587790777,15.141679725437733,13.1839
WARD_B,2025-06-05 03:00:00+00:00,2025-06-05 04:00:00+00:00,12.4682,13.695047896387416,12.342568327563939,15.047527465210894,11.3934
ICU,2025-06-05 04:00:00+00:00,2025-06-05 05:00:00+00:00,15.6061,14.871837122924923,13.519357554101445,16.224316691748403,15.2463
OPD,2025-06-05 04:00:00+00:00,2025-06-05 05:00:00+00:00,12.0205,10.443730571123123,9.091251002299645,11.7962101399466,11.1836
WARD_A,2025-06-05 04:00:00+00:00,2025-06-05 05:00:00+00:00,14.1088,13.777435739045714,12.424956170222236,15.129915307869192,13.6813
WARD_B,2025-06-05 04:00:00+00:00,2025-06-05 05:00:00+00:00,14.0985,13.513407814395816,12.160928245572338,14.865887383219293,12.9957
ICU,2025-06-05 05:00:00+00:00,2025-06-05 06:00:00+00:00,16.9369,17.513639343101488,16.16115977427801,18.866118911924968,18.1894
OPD,2025-06-05 05:00:00+00:00,2025-06-05 06:00:00+00:00,12.3214,12.739066244405466,11.386586675581988,14.091545813228944,12.5473
WARD_A,2025-06-05 05:00:00+00:00,2025-06-05 06:00:00+00:00,15.4642,16.450135099879624,15.097655531056146,17.802614668703104,15.8047
WARD_B,2025-06-05 05:00:00+00:00,2025-06-05 06:00:00+00:00,15.902,16.147646795598096,14.795167226774618,17.500126364421575,14.2445
ICU,2025-06-05 06:00:00+00:00,2025-06-05 07:00:00+00:00,15.5857,16.132951578593058,14.78047200976958,17.485431147416538,15.4721
OPD,2025-06-05 06:00:00+00:00,2025-06-05 07:00:00+00:00,11.3961,11.994427771288125,10.641948202464647,13.346907340111603,11.2183
WARD_A,2025-06-05 06:00:00+00:00,2025-06-05 07:00:00+00:00,14.9478,15.100264863230773,13.747785294407295,16.452744432054253,12.4757
WARD_B,2025-06-05 06:00:00+00:00,2025-06-05 07:00:00+00:00,14.4758,15.19818173800102,13.845702169177542,16.550661306824498,14.6191
ICU,2025-06-05 07:00:00+00:00,2025-06-05 08:00:00+00:00,17.8374,17.43244930936825,16.07996974054477,18.784928878191728,17.6403
OPD,2025-06-05 07:00:00+00:00,2025-06-05 08:00:00+00:00,15.7163,16.00737333765796,14.654893768834482,17.35985290648144,16.9252
WARD_A,2025-06-05 07:00:00+00:00,2025-06-05 08:00:00+00:00,16.7627,16.41114620717321,15.058666638349733,17.76362577599669,16.0078
WARD_B,2025-06-05 07:00:00+00:00,2025-06-05 08:00:00+00:00,17.2182,16.137903329731174,14.785423760907696,17.490382898554653,15.7322
ICU,2025-06-05 08:00:00+00:00,2025-06-05 09:00:00+00:00,18.5814,18.467162959225014,17.114683390401535,19.819642528048494,18.2453
OPD,2025-06-05 08:00:00+00:00,2025-06-05 09:00:00+00:00,18.3571,16.8048514069902,15.452371838166721,18.15733097581368,17.9929
WARD_A,2025-06-05 08:00:00+00:00,2025-06-05 09:00:00+00:00,17.6024,17.378311830643796,16.025832261820316,18.730791399467275,16.9735
WARD_B,2025-06-05 08:00:00+00:00,2025-06-05 09:00:00+00:00,16.4052,17.111147204603142,15.758667635779664,18.463626773426622,15.6902
ICU,2025-06-05 09:00:00+00:00,2025-06-05 10:00:00+00:00,17.8164,18.96387384884265,17.61139428001917,20.31635341766613,18.0969
OPD,2025-06-05 09:00:00+00:00,2025-06-05 10:00:00+00:00,17.9545,17.989287177166528,16.636807608343048,19.341766745990007,16.8988
WARD_A,2025-06-05 09:00:00+00:00,2025-06-05 10:00:00+00:00,17.0349,17.88401441361032,16.53153484478684,19.2364939824338,15.807
WARD_B,2025-06-05 09:00:00+00:00,2025-06-05 10:00:00+00:00,16.6752,17.371153979558123,16.018674410734643,18.723633548381603,16.7851
ICU,2025-06-05 10:00:00+00:00,2025-06-05 11:00:00+00:00,19.3144,18.79836007696086,17.445880508137382,20.15083964578434,18.6879
OPD,2025-06-05 10:00:00+00:00,2025-06-05 11:00:00+00:00,19.1867,18.44532890736764,17.09284933854416,19.79780847619112,18.3862
WARD_A,2025-06-05 10:00:00+00:00,2025-06-05 11:00:00+00:00,18.4635,17.962580064419594,16.610100495596114,19.315059633243074,17.4451
WARD_B,2025-06-05 10:00:00+00:00,2025-06-05 11:00:00+00:00,17.7084,17.84784554195791,16.49536597313443,19.20032511078139,16.4613
ICU,2025-06-05 11:00:00+00:00,2025-06-05 12:00:00+00:00,20.0781,19.34827169877654,17.99579212995306,20.70075126760002,19.4185
OPD,2025-06-05 11:00:00+00:00,2025-06-05 12:00:00+00:00,20.2745,18.792935271204485,17.440455702381005,20.145414840027964,20.4797
WARD_A,2025-06-05 11:00:00+00:00,2025-06-05 12:00:00+00:00,19.3543,18.49957897588114,17.14709940705766,19.85205854470462,18.2123
WARD_B,2025-06-05 11:00:00+00:00,2025-06-05 12:00:00+00:00,19.139,18.32401994652772,16.97154037770424,19.6764995153512,17.7445
ICU,2025-06-05 12:00:00+00:00,2025-06-05 13:00:00+00:00,18.5088,20.002410630262162,18.649931061438682,21.35489019908564,20.214
OPD,2025-06-05 12:00:00+00:00,2025-06-05 13:00:00+00:00,16.4147,19.53701348935914,18.18453392053566,20.88949305818262,19.4149
WARD_A,2025-06-05 12:00:00+00:00,2025-06-05 13:00:00+00:00,17.6351,18.966718719825565,17.614239151002085,20.319198288649044,18.6298
WARD_B,2025-06-05 12:00:00+00:00,2025-06-05 13:00:00+00:00,17.2683,18.76022928804789,17.40774971922441,20.112708856871368,18.6283
ICU,2025-06-05 13:00:00+00:00,2025-06-05 14:00:00+00:00,21.5739,21.020181623330686,19.667702054507206,22.372661192154165,20.5629
OPD,2025-06-05 13:00:00+00:00,2025-06-05 14:00:00+00:00,18.6286,19.440268534588455,18.087788965764975,20.792748103411935,22.2753
WARD_A,2025-06-05 13:00:00+00:00,2025-06-05 14:00:00+00:00,21.6312,19.9706403010084,18.618160732184922,21.32311986983188,19.8612
WARD_B,2025-06-05 13:00:00+00:00,2025-06-05 14:00:00+00:00,19.3764,19.787402170015056,18.434922601191577,21.139881738838536,20.1621
ICU,2025-06-05 14:00:00+00:00,2025-06-05 15:00:00+00:00,19.8186,19.562507885584644,18.210028316761164,20.914987454408124,19.18
OPD,2025-06-05 14:00:00+00:00,2025-06-05 15:00:00+00:00,17.9716,18.48146975133799,17.12899018251451,19.83394932016147,16.8264
WARD_A,2025-06-05 14:00:00+00:00,2025-06-05 15:00:00+00:00,18.746,19.012876688363498,17.66039711954002,20.365356257186978,18.2415
WARD_B,2025-06-05 14:00:00+00:00,2025-06-05 15:00:00+00:00,17.3501,18.071388679674296,16.718909110850817,19.423868248497776,18.4082
ICU,2025-06-05 15:00:00+00:00,2025-06-05 16:00:00+00:00,19.7258,19.53453542351917,18.18205585469569,20.88701499234265,19.2974
OPD,2025-06-05 15:00:00+00:00,2025-06-05 16:00:00+00:00,19.5342,17.498376297954668,16.145896729131188,18.850855866778147,18.8548
WARD_A,2025-06-05 15:00:00+00:00,2025-06-05 16:00:00+00:00,18.3718,18.06218172790441,16.70970215908093,19.41466129672789,18.3508
WARD_B,2025-06-05 15:00:00+00:00,2025-06-05 16:00:00+00:00,17.5652,17.818065141113813,16.465585572290333,19.170544709937293,17.3523
ICU,2025-06-05 16:00:00+00:00,2025-06-05 17:00:00+00:00,19.2088,19.461690402478137,18.109210833654657,20.814169971301617,20.2524
OPD,2025-06-05 16:00:00+00:00,2025-06-05 17:00:00+00:00,18.494,17.847163448928608,16.49468388010513,19.199643017752088,17.9102
WARD_A,2025-06-05 16:00:00+00:00,2025-06-05 17:00:00+00:00,18.9363,18.05398890958511,16.701509340761632,19.40646847840859,17.2594
WARD_B,2025-06-05 16:00:00+00:00,2025-06-05 17:00:00+00:00,19.0311,17.42886619920815,16.076386630384672,18.78134576803163,16.4147
ICU,2025-06-05 17:00:00+00:00,2025-06-05 18:00:00+00:00,17.67,18.041341607837794,16.688862039014314,19.393821176661273,17.5421
OPD,2025-06-05 17:00:00+00:00,2025-06-05 18:00:00+00:00,12.9062,13.065283396021023,11.712803827197545,14.417762964844501,13.6176
WARD_A,2025-06-05 17:00:00+00:00,2025-06-05 18:00:00+00:00,16.9766,16.887707109229773,15.535227540406295,18.240186678053252,16.0978
WARD_B,2025-06-05 17:00:00+00:00,2025-06-05 18:00:00+00:00,15.8134,16.38287633004561,15.030396761222134,17.73535589886909,15.5433
ICU,2025-06-05 18:00:00+00:00,2025-06-05 19:00:00+00:00,16.9091,17.12249086102721,15.770011292203732,18.47497042985069,17.8063
OPD,2025-06-05 18:00:00+00:00,2025-06-05 19:00:00+00:00,11.3911,12.48501791269234,11.132538343868863,13.837497481515818,13.5362
WARD_A,2025-06-05 18:00:00+00:00,2025-06-05 19:00:00+00:00,15.5445,16.404589030442516,15.052109461619038,17.757068599265995,15.1118
WARD_B,2025-06-05 18:00:00+00:00,2025-06-05 19:00:00+00:00,15.6583,15.770546165353169,14.418066596529691,17.123025734176647,16.5831
ICU,2025-06-05 19:00:00+00:00,2025-06-05 20:00:00+00:00,16.2118,18.13207630793685,16.77959673911337,19.48455587676033,18.3279
OPD,2025-06-05 19:00:00+00:00,2025-06-05 20:00:00+00:00,12.7559,12.883100835460708,11.53062126663723,14.235580404284185,14.6314
WARD_A,2025-06-05 19:00:00+00:00,2025-06-05 20:00:00+00:00,16.5442,16.759416003293474,15.406936434469996,18.111895572116953,15.9784
WARD_B,2025-06-05 19:00:00+00:00,2025-06-05 20:00:00+00:00,15.5022,16.742828546884724,15.390348978061246,18.095308115708203,15.6442
ICU,2025-06-05 20:00:00+00:00,2025-06-05 21:00:00+00:00,15.2344,15.506049601136427,14.153570032312949,16.858529169959905,15.4983
OPD,2025-06-05 20:00:00+00:00,2025-06-05 21:00:00+00:00,10.7263,11.485313316991121,10.132833748167643,12.837792885814599,11.6228
WARD_A,2025-06-05 20:00:00+00:00,2025-06-05 21:00:00+00:00,13.9709,15.107912982564327,13.75543341374085,16.460392551387805,13.3159
WARD_B,2025-06-05 20:00:00+00:00,2025-06-05 21:00:00+00:00,13.9869,13.99490588712841,12.642426318304933,15.347385455951889,13.6868
ICU,2025-06-05 21:00:00+00:00,2025-06-05 22:00:00+00:00,14.4536,15.277064908753538,13.92458533993006,16.629544477577017,14.9376
OPD,2025-06-05 21:00:00+00:00,2025-06-05 22:00:00+00:00,10.1739,10.891892664045685,9.539413095222207,12.244372232869162,11.4541
WARD_A,2025-06-05 21:00:00+00:00,2025-06-05 22:00:00+00:00,11.3187,14.330007820521528,12.97752825169805,15.682487389345006,12.3873
WARD_B,2025-06-05 21:00:00+00:00,2025-06-05 22:00:00+00:00,12.6054,14.007111437719292,12.654631868895814,15.35959100654277,13.5221
ICU,2025-06-05 22:00:00+00:00,2025-06-05 23:00:00+00:00,15.6604,14.598457179774455,13.245977610950977,15.950936748597933,13.7837
OPD,2025-06-05 22:00:00+00:00,2025-06-05 23:00:00+00:00,11.3985,10.373921965927165,9.021442397103687,11.726401534750643,9.9479
WARD_A,2025-06-05 22:00:00+00:00,2025-06-05 23:00:00+00:00,13.9689,13.13006393584003,11.777584367016551,14.482543504663507,13.2918
WARD_B,2025-06-05 22:00:00+00:00,2025-06-05 23:00:00+00:00,13.7131,12.81486458205665,11.462385013233172,14.167344150880128,12.3635
ICU,2025-06-05 23:00:00+00:00,2025-06-06 00:00:00+00:00,15.3261,14.939649001497129,13.587169432673651,16.292128570320607,15.5622
OPD,2025-06-05 23:00:00+00:00,2025-06-06 00:00:00+00:00,11.6919,10.189835831537525,8.837356262714048,11.542315400361003,9.9224
WARD_A,2025-06-05 23:00:00+00:00,2025-06-06 00:00:00+00:00,14.2937,13.833181385670304,12.480701816846826,15.185660954493782,12.6689
WARD_B,2025-06-05 23:00:00+00:00,2025-06-06 00:00:00+00:00,13.0922,13.175498588862002,11.823019020038524,14.52797815768548,12.4024
ICU,2025-06-06 00:00:00+00:00,2025-06-06 01:00:00+00:00,14.2467,15.014904056922099,13.66242448809862,16.36738362574558,13.8219
OPD,2025-06-06 00:00:00+00:00,2025-06-06 01:00:00+00:00,9.4144,10.506376489248492,9.153896920425014,11.85885605807197,10.5621
WARD_A,2025-06-06 00:00:00+00:00,2025-06-06 01:00:00+00:00,12.9488,13.700502771992241,12.348023203168763,15.052982340815719,12.586
WARD_B,2025-06-06 00:00:00+00:00,2025-06-06 01:00:00+00:00,12.147,13.055195409040254,11.702715840216776,14.407674977863731,12.85
ICU,2025-06-06 01:00:00+00:00,2025-06-06 02:00:00+00:00,13.4063,14.44378607261938,13.091306503795902,15.796265641442858,14.8787
OPD,2025-06-06 01:00:00+00:00,2025-06-06 02:00:00+00:00,8.3849,10.105012332083726,8.752532763260248,11.457491900907204,9.9785
WARD_A,2025-06-06 01:00:00+00:00,2025-06-06 02:00:00+00:00,12.1107,13.758571124512022,12.406091555688544,15.1110506933355,12.4076
WARD_B,2025-06-06 01:00:00+00:00,2025-06-06 02:00:00+00:00,12.0724,12.753194675838142,11.400715107014664,14.10567424466162,12.6328
ICU,2025-06-06 02:00:00+00:00,2025-06-06 03:00:00+00:00,13.8965,14.130289717333444,12.777810148509966,15.482769286156921,14.1065
OPD,2025-06-06 02:00:00+00:00,2025-06-06 03:00:00+00:00,10.3688,9.969450874989082,8.616971306165604,11.32193044381256,9.2853
WARD_A,2025-06-06 02:00:00+00:00,2025-06-06 03:00:00+00:00,14.1097,13.39781358772044,12.045334018896963,14.750293156543918,12.1329
WARD_B,2025-06-06 02:00:00+00:00,2025-06-06 03:00:00+00:00,12.8299,12.712944460058198,11.36046489123472,14.065424028881676,11.6006
ICU,2025-06-06 03:00:00+00:00,2025-06-06 04:00:00+00:00,14.0208,14.419343498698403,13.066863929874925,15.771823067521881,15.3043
OPD,2025-06-06 03:00:00+00:00,2025-06-06 04:00:00+00:00,9.7484,10.185516848666952,8.833037279843474,11.53799641749043,11.1619
WARD_A,2025-06-06 03:00:00+00:00,2025-06-06 04:00:00+00:00,14.1224,14.424485580599926,13.072006011776448,15.776965149423404,11.97
WARD_B,2025-06-06 03:00:00+00:00,2025-06-06 04:00:00+00:00,13.0602,13.50813916071882,12.155659591895342,14.860618729542297,13.6345
ICU,2025-06-06 04:00:00+00:00,2025-06-06 05:00:00+00:00,16.1979,15.11337130790708,13.760891739083602,16.46585087673056,16.0826
OPD,2025-06-06 04:00:00+00:00,2025-06-06 05:00:00+00:00,11.0142,10.427245084213471,9.074765515389993,11.779724653036949,12.1319
WARD_A,2025-06-06 04:00:00+00:00,2025-06-06 05:00:00+00:00,14.6907,14.156704297352446,12.804224728528968,15.509183866175924,14.1595
WARD_B,2025-06-06 04:00:00+00:00,2025-06-06 05:00:00+00:00,13.6108,13.244452445208175,11.891972876384697,14.596932014031653,13.7567
ICU,2025-06-06 05:00:00+00:00,2025-06-06 06:00:00+00:00,16.9987,17.81282061991336,16.46034105108988,19.16530018873684,17.0855
OPD,2025-06-06 05:00:00+00:00,2025-06-06 06:00:00+00:00,12.1373,13.095539321286672,11.743059752463195,14.44801889011015,13.0165
WARD_A,2025-06-06 05:00:00+00:00,2025-06-06 06:00:00+00:00,15.2522,16.432871839910952,15.080392271087474,17.78535140873443,14.502
WARD_B,2025-06-06 05:00:00+00:00,2025-06-06 06:00:00+00:00,14.7462,15.347352821067643,13.994873252244165,16.69983238989112,15.1742
ICU,2025-06-06 06:00:00+00:00,2025-06-06 07:00:00+00:00,16.0493,16.09955584326724,14.747076274443762,17.45203541209072,16.0903
OPD,2025-06-06 06:00:00+00:00,2025-06-06 07:00:00+00:00,11.3801,11.804349592362765,10.451870023539287,13.156829161186243,11.2602
WARD_A,2025-06-06 06:00:00+00:00,2025-06-06 07:00:00+00:00,13.581,14.9076234929779,13.555143924154422,16.260103061801377,13.1163
WARD_B,2025-06-06 06:00:00+00:00,2025-06-06 07:00:00+00:00,14.0199,14.340906304099008,12.98842673527553,15.693385872922486,15.0418
ICU,2025-06-06 07:00:00+00:00,2025-06-06 08:00:00+00:00,17.5219,17.661144413990318,16.308664845166838,19.013623982813797,17.5655
OPD,2025-06-06 07:00:00+00:00,2025-06-06 08:00:00+00:00,17.1658,15.722282747410716,14.369803178587238,17.074762316234196,15.9349
WARD_A,2025-06-06 07:00:00+00:00,2025-06-06 08:00:00+00:00,16.2751,16.289256343033404,14.936776774209926,17.641735911856884,16.0824
WARD_B,2025-06-06 07:00:00+00:00,2025-06-06 08:00:00+00:00,15.4672,15.94456399587801,14.592084427054532,17.29704356470149,16.3726
ICU,2025-06-06 08:00:00+00:00,2025-06-06 09:00:00+00:00,18.6266,18.1084459605502,16.75596639172672,19.46092552937368,19.2379
OPD,2025-06-06 08:00:00+00:00,2025-06-06 09:00:00+00:00,16.477,17.050792914066253,15.698313345242775,18.403272482889733,16.9194
WARD_A,2025-06-06 08:00:00+00:00,2025-06-06 09:00:00+00:00,17.9426,17.15150448646693,15.799024917643452,18.50398405529041,16.9261
WARD_B,2025-06-06 08:00:00+00:00,2025-06-06 09:00:00+00:00,16.0407,16.500182021760047,15.147702452936569,17.852661590583526,17.4194
ICU,2025-06-06 09:00:00+00:00,2025-06-06 10:00:00+00:00,18.1161,18.82480351632688,17.4723239475034,20.17728308515036,18.7251
OPD,2025-06-06 09:00:00+00:00,2025-06-06 10:00:00+00:00,18.0434,17.297085713109702,15.944606144286224,18.64956528193318,16.3066
WARD_A,2025-06-06 09:00:00+00:00,2025-06-06 10:00:00+00:00,16.657,17.990109792808333,16.637630223984853,19.342589361631813,16.1626
WARD_B,2025-06-06 09:00:00+00:00,2025-06-06 10:00:00+00:00,16.9043,17.434990780865515,16.082511212042036,18.787470349688995,16.8918
ICU,2025-06-06 10:00:00+00:00,2025-06-06 11:00:00+00:00,17.8807,18.972397189195913,17.619917620372433,20.324876758019393,18.5979
OPD,2025-06-06 10:00:00+00:00,2025-06-06 11:00:00+00:00,17.9147,18.380700637461725,17.028221068638246,19.733180206285205,19.8787
WARD_A,2025-06-06 10:00:00+00:00,2025-06-06 11:00:00+00:00,17.5544,17.889661425825732,16.537181857002253,19.242140994649212,17.4414
WARD_B,2025-06-06 10:00:00+00:00,2025-06-06 11:00:00+00:00,16.6438,17.91837092840124,16.565891359577762,19.27085049722472,17.2647
ICU,2025-06-06 11:00:00+00:00,2025-06-06 12:00:00+00:00,20.0912,18.845071673495614,17.492592104672134,20.197551242319093,18.3819
OPD,2025-06-06 11:00:00+00:00,2025-06-06 12:00:00+00:00,18.6518,18.785741558091996,17.433261989268516,20.138221126915475,18.0719
WARD_A,2025-06-06 11:00:00+00:00,2025-06-06 12:00:00+00:00,18.646,18.101809395435815,16.749329826612335,19.454288964259295,17.9389
WARD_B,2025-06-06 11:00:00+00:00,2025-06-06 12:00:00+00:00,18.084,17.78434498804828,16.4318654192248,19.13682455687176,17.7091
ICU,2025-06-06 12:00:00+00:00,2025-06-06 13:00:00+00:00,19.2121,19.601512720764784,18.249033151941305,20.953992289588264,18.9925
OPD,2025-06-06 12:00:00+00:00,2025-06-06 13:00:00+00:00,17.9219,18.713445492978533,17.360965924155053,20.065925061802012,19.8782
WARD_A,2025-06-06 12:00:00+00:00,2025-06-06 13:00:00+00:00,17.7087,18.368706345638113,17.016226776814634,19.721185914461593,16.9574
WARD_B,2025-06-06 12:00:00+00:00,2025-06-06 13:00:00+00:00,17.2611,18.24627174474012,16.89379217591664,19.5987513135636,17.7158
ICU,2025-06-06 13:00:00+00:00,2025-06-06 14:00:00+00:00,20.571,21.161981467913183,19.809501899089703,22.514461036736662,21.5071
OPD,2025-06-06 13:00:00+00:00,2025-06-06 14:00:00+00:00,20.7133,20.41883764423877,19.06635807541529,21.77131721306225,19.4683
WARD_A,2025-06-06 13:00:00+00:00,2025-06-06 14:00:00+00:00,19.9822,19.81419002287446,18.46171045405098,21.16666959169794,18.9421
WARD_B,2025-06-06 13:00:00+00:00,2025-06-06 14:00:00+00:00,20.318,19.432147276617226,18.079667707793746,20.784626845440705,19.8201
ICU,2025-06-06 14:00:00+00:00,2025-06-06 15:00:00+00:00,19.399,19.558513896684605,18.206034327861126,20.910993465508085,20.0872
OPD,2025-06-06 14:00:00+00:00,2025-06-06 15:00:00+00:00,19.4022,18.921471983305565,17.568992414482086,20.273951552129045,17.7649
WARD_A,2025-06-06 14:00:00+00:00,2025-06-06 15:00:00+00:00,17.2847,18.488575810577323,17.136096241753844,19.841055379400803,18.5537
WARD_B,2025-06-06 14:00:00+00:00,2025-06-06 15:00:00+00:00,16.2285,18.428383020515128,17.075903451691648,19.780862589338607,18.8212
ICU,2025-06-06 15:00:00+00:00,2025-06-06 16:00:00+00:00,17.9588,19.195287387024294,17.842807818200814,20.547766955847774,19.7031
OPD,2025-06-06 15:00:00+00:00,2025-06-06 16:00:00+00:00,17.2977,18.019896914481908,16.66741734565843,19.372376483305388,19.4001
WARD_A,2025-06-06 15:00:00+00:00,2025-06-06 16:00:00+00:00,19.4351,17.742426867648483,16.389947298825003,19.094906436471963,18.983
WARD_B,2025-06-06 15:00:00+00:00,2025-06-06 16:00:00+00:00,17.3277,17.446598714477716,16.094119145654236,18.799078283301196,19.0288
ICU,2025-06-06 16:00:00+00:00,2025-06-06 17:00:00+00:00,18.8692,18.60361871365099,17.251139144827512,19.95609828247447,18.3686
OPD,2025-06-06 16:00:00+00:00,2025-06-06 17:00:00+00:00,18.4835,17.880179063704567,16.527699494881087,19.232658632528047,18.7655
WARD_A,2025-06-06 16:00:00+00:00,2025-06-06 17:00:00+00:00,17.4808,18.170379440406812,16.817899871583332,19.52285900923029,16.7846
WARD_B,2025-06-06 16:00:00+00:00,2025-06-06 17:00:00+00:00,17.1786,17.31237550476436,15.959895935940883,18.66485507358784,18.5691
ICU,2025-06-06 17:00:00+00:00,2025-06-06 18:00:00+00:00,17.7394,17.546949108840472,16.194469540016993,18.899428677663952,17.2626
OPD,2025-06-06 17:00:00+00:00,2025-06-06 18:00:00+00:00,12.6658,12.707864607261145,11.355385038437667,14.060344176084623,12.9522
WARD_A,2025-06-06 17:00:00+00:00,2025-06-06 18:00:00+00:00,16.9472,16.213615517791137,14.861135948967659,17.566095086614617,14.9147
WARD_B,2025-06-06 17:00:00+00:00,2025-06-06 18:00:00+00:00,15.5459,15.953985252579917,14.60150568375644,17.306464821403395,15.4794
ICU,2025-06-06 18:00:00+00:00,2025-06-06 19:00:00+00:00,18.211,17.470711058335755,16.118231489512276,18.823190627159235,17.5356
OPD,2025-06-06 18:00:00+00:00,2025-06-06 19:00:00+00:00,12.5793,12.287501642724612,10.935022073901134,13.63998121154809,13.7962
WARD_A,2025-06-06 18:00:00+00:00,2025-06-06 19:00:00+00:00,16.5207,15.974524004603765,14.622044435780287,17.327003573427245,15.8817
WARD_B,2025-06-06 18:00:00+00:00,2025-06-06 19:00:00+00:00,15.4044,15.388441163753969,14.035961594930491,16.740920732577447,16.7192
ICU,2025-06-06 19:00:00+00:00,2025-06-06 20:00:00+00:00,18.3945,18.49833319117435,17.14585362235087,19.85081275999783,17.139
OPD,2025-06-06 19:00:00+00:00,2025-06-06 20:00:00+00:00,12.8952,13.104510582033305,11.752031013209827,14.456990150856782,13.6815
WARD_B,2025-06-06 19:00:00+00:00,2025-06-06 20:00:00+00:00,16.1992,16.67903467024929,15.326555101425813,18.03151423907277,16.2621
ICU,2025-06-06 20:00:00+00:00,2025-06-06 21:00:00+00:00,16.0823,16.198656249324515,14.846176680501037,17.551135818147994,14.994
OPD,2025-06-06 20:00:00+00:00,2025-06-06 21:00:00+00:00,11.2677,11.54322432111827,10.190744752294792,12.895703889941748,11.1032
WARD_A,2025-06-06 20:00:00+00:00,2025-06-06 21:00:00+00:00,14.7654,14.86948649257951,13.517006923756032,16.221966061402988,13.0251
WARD_B,2025-06-06 20:00:00+00:00,2025-06-06 21:00:00+00:00,14.4178,14.308335951824017,12.955856383000539,15.660815520647494,14.7461
ICU,2025-06-06 21:00:00+00:00,2025-06-06 22:00:00+00:00,15.7819,15.486104028158016,14.133624459334538,16.838583596981493,14.1749
OPD,2025-06-06 21:00:00+00:00,2025-06-06 22:00:00+00:00,11.7674,10.750037559342095,9.397557990518617,12.102517128165573,10.5671
WARD_A,2025-06-06 21:00:00+00:00,2025-06-06 22:00:00+00:00,14.1733,13.981044067783726,12.628564498960248,15.333523636607204,13.2017
WARD_B,2025-06-06 21:00:00+00:00,2025-06-06 22:00:00+00:00,13.103,13.398503718905928,12.04602415008245,14.750983287729406,12.246
ICU,2025-06-06 22:00:00+00:00,2025-06-06 23:00:00+00:00,15.5151,15.005177574192949,13.652698005369471,16.35765714301643,15.3737
OPD,2025-06-06 22:00:00+00:00,2025-06-06 23:00:00+00:00,10.8895,10.565681714637305,9.213202145813828,11.918161283460783,11.0732
WARD_A,2025-06-06 22:00:00+00:00,2025-06-06 23:00:00+00:00,12.8846,13.259560071988457,11.907080503164979,14.612039640811934,13.956
WARD_B,2025-06-06 22:00:00+00:00,2025-06-06 23:00:00+00:00,13.3276,12.854011528136686,11.501531959313208,14.206491096960164,13.7368
ICU,2025-06-06 23:00:00+00:00,2025-06-07 00:00:00+00:00,15.6015,14.984619168602476,13.632139599778998,16.337098737425954,14.8334
OPD,2025-06-06 23:00:00+00:00,2025-06-07 00:00:00+00:00,10.7389,10.482858564959914,9.130378996136436,11.835338133783392,10.8275
WARD_A,2025-06-06 23:00:00+00:00,2025-06-07 00:00:00+00:00,13.463,13.476932093383185,12.124452524559707,14.829411662206663,12.8101
WARD_B,2025-06-06 23:00:00+00:00,2025-06-07 00:00:00+00:00,13.508,12.829952259483939,11.477472690660461,14.182431828307417,13.2634
ICU,2025-06-07 00:00:00+00:00,2025-06-07 01:00:00+00:00,14.4407,15.109545258982795,13.757065690159317,16.462024827806275,15.2839
OPD,2025-06-07 00:00:00+00:00,2025-06-07 01:00:00+00:00,9.7782,10.49762634593185,9.145146777108373,11.850105914755328,10.7073
WARD_A,2025-06-07 00:00:00+00:00,2025-06-07 01:00:00+00:00,13.7885,13.516080775633021,12.163601206809544,14.8685603444565,13.1888
WARD_B,2025-06-07 00:00:00+00:00,2025-06-07 01:00:00+00:00,13.0217,12.972079568791063,11.619599999967585,14.324559137614541,14.5827
ICU,2025-06-07 01:00:00+00:00,2025-06-07 02:00:00+00:00,13.9634,14.440876372192788,13.08839680336931,15.793355941016266,13.5514
OPD,2025-06-07 01:00:00+00:00,2025-06-07 02:00:00+00:00,9.0687,9.989943248304735,8.637463679481257,11.342422817128213,9.1221
WARD_A,2025-06-07 01:00:00+00:00,2025-06-07 02:00:00+00:00,13.2026,13.465958145162409,12.113478576338931,14.818437713985887,12.4945
WARD_B,2025-06-07 01:00:00+00:00,2025-06-07 02:00:00+00:00,11.6812,12.667754363819629,11.315274794996151,14.020233932643107,12.483
ICU,2025-06-07 02:00:00+00:00,2025-06-07 03:00:00+00:00,13.6935,14.213268493594347,12.860788924770869,15.565748062417825,14.8038
OPD,2025-06-07 02:00:00+00:00,2025-06-07 03:00:00+00:00,9.0165,9.67368432930314,8.321204760479661,11.026163898126617,10.9123
WARD_A,2025-06-07 02:00:00+00:00,2025-06-07 03:00:00+00:00,12.9483,13.176860946766991,11.824381377943514,14.52934051559047,13.0743
WARD_B,2025-06-07 02:00:00+00:00,2025-06-07 03:00:00+00:00,11.8606,12.32052913257768,10.968049563754201,13.673008701401157,13.4604
ICU,2025-06-07 03:00:00+00:00,2025-06-07 04:00:00+00:00,15.0306,14.285122485951376,12.932642917127898,15.637602054774854,14.6516
OPD,2025-06-07 03:00:00+00:00,2025-06-07 04:00:00+00:00,10.588,10.124845714837784,8.772366146014306,11.477325283661262,9.6722
WARD_A,2025-06-07 03:00:00+00:00,2025-06-07 04:00:00+00:00,13.1482,13.82403294573327,12.471553376909792,15.176512514556748,12.3179
WARD_B,2025-06-07 03:00:00+00:00,2025-06-07 04:00:00+00:00,12.4881,12.972033740821328,11.61955417199785,14.324513309644805,12.8687
ICU,2025-06-07 04:00:00+00:00,2025-06-07 05:00:00+00:00,15.4861,15.016717338789787,13.66423776996631,16.369196907613265,14.0217
OPD,2025-06-07 04:00:00+00:00,2025-06-07 05:00:00+00:00,10.4686,10.279649865525508,8.92717029670203,11.632129434348986,11.5254
WARD_A,2025-06-07 04:00:00+00:00,2025-06-07 05:00:00+00:00,14.0136,13.912888171619933,12.560408602796455,15.265367740443411,14.158
WARD_B,2025-06-07 04:00:00+00:00,2025-06-07 05:00:00+00:00,13.0996,13.18494231247532,11.832462743651842,14.537421881298798,13.638
ICU,2025-06-07 05:00:00+00:00,2025-06-07 06:00:00+00:00,16.4354,17.40944668124716,16.05696711242368,18.76192625007064,15.5572
OPD,2025-06-07 05:00:00+00:00,2025-06-07 06:00:00+00:00,13.2829,12.965611717096925,11.613132148273447,14.318091285920403,12.2835
WARD_A,2025-06-07 05:00:00+00:00,2025-06-07 06:00:00+00:00,15.1074,16.314740517510472,14.962260948686994,17.667220086333952,14.27
WARD_B,2025-06-07 05:00:00+00:00,2025-06-07 06:00:00+00:00,15.1108,15.072863128209875,13.720383559386397,16.425342697033354,15.3863
ICU,2025-06-07 06:00:00+00:00,2025-06-07 07:00:00+00:00,15.1763,15.916947796167129,14.564468227343651,17.26942736499061,16.514
OPD,2025-06-07 06:00:00+00:00,2025-06-07 07:00:00+00:00,11.617,12.10000864500845,10.747529076184971,13.452488213831927,12.2431
WARD_A,2025-06-07 06:00:00+00:00,2025-06-07 07:00:00+00:00,14.2017,14.966813449348509,13.614333880525031,16.319293018171987,14.6568
WARD_B,2025-06-07 06:00:00+00:00,2025-06-07 07:00:00+00:00,13.4204,14.263541700849734,12.911062132026256,15.616021269673212,15.4652
ICU,2025-06-07 07:00:00+00:00,2025-06-07 08:00:00+00:00,16.7896,17.282948183942928,15.93046861511945,18.635427752766407,17.6173
OPD,2025-06-07 07:00:00+00:00,2025-06-07 08:00:00+00:00,14.8147,16.062556990088773,14.710077421265295,17.415036558912252,16.6748
WARD_A,2025-06-07 07:00:00+00:00,2025-06-07 08:00:00+00:00,16.1992,16.247769820214454,14.895290251390977,17.600249389037934,15.7862
WARD_B,2025-06-07 07:00:00+00:00,2025-06-07 08:00:00+00:00,14.848,16.178487005749144,14.826007436925666,17.530966574572624,16.461
ICU,2025-06-07 08:00:00+00:00,2025-06-07 09:00:00+00:00,18.1223,18.036178994612612,16.683699425789133,19.388658563436092,18.3463
OPD,2025-06-07 08:00:00+00:00,2025-06-07 09:00:00+00:00,16.3611,16.16071360758746,14.808234038763983,17.51319317641094,15.5045
WARD_A,2025-06-07 08:00:00+00:00,2025-06-07 09:00:00+00:00,17.5809,17.47818552889993,16.125705960076452,18.83066509772341,16.2995
WARD_B,2025-06-07 08:00:00+00:00,2025-06-07 09:00:00+00:00,16.5618,15.993396578930858,14.64091701010738,17.345876147754336,17.1628
ICU,2025-06-07 09:00:00+00:00,2025-06-07 10:00:00+00:00,17.9425,19.025055961362977,17.672576392539497,20.377535530186456,17.6718
OPD,2025-06-07 09:00:00+00:00,2025-06-07 10:00:00+00:00,18.289,17.434526383749294,16.082046814925814,18.787005952572773,18.9879
WARD_A,2025-06-07 09:00:00+00:00,2025-06-07 10:00:00+00:00,16.7053,17.744882194854643,16.392402626031163,19.097361763678123,16.4245
WARD_B,2025-06-07 09:00:00+00:00,2025-06-07 10:00:00+00:00,16.6458,17.466738276801937,16.114258707978458,18.819217845625417,17.35
ICU,2025-06-07 10:00:00+00:00,2025-06-07 11:00:00+00:00,17.6309,18.79836007696086,17.445880508137382,20.15083964578434,18.1761
OPD,2025-06-07 10:00:00+00:00,2025-06-07 11:00:00+00:00,17.656,18.76938006487706,17.41690049605358,20.121859633700538,16.5466
WARD_A,2025-06-07 10:00:00+00:00,2025-06-07 11:00:00+00:00,17.0405,17.94251345558592,16.59003388676244,19.2949930244094,16.6441
WARD_B,2025-06-07 10:00:00+00:00,2025-06-07 11:00:00+00:00,16.1221,17.682214891111677,16.329735322288197,19.034694459935157,17.1241
ICU,2025-06-07 11:00:00+00:00,2025-06-07 12:00:00+00:00,20.5632,18.555877935796747,17.203398366973268,19.908357504620227,19.2063
OPD,2025-06-07 11:00:00+00:00,2025-06-07 12:00:00+00:00,18.6579,17.693912863716264,16.341433294892784,19.046392432539744,17.406
WARD_A,2025-06-07 11:00:00+00:00,2025-06-07 12:00:00+00:00,18.1579,17.997235770122966,16.644756201299487,19.349715338946446,18.2306
WARD_B,2025-06-07 11:00:00+00:00,2025-06-07 12:00:00+00:00,17.3969,16.991373661080537,15.63889409225706,18.343853229904017,17.0351
ICU,2025-06-07 12:00:00+00:00,2025-06-07 13:00:00+00:00,18.8109,20.21258965090988,18.8601100820864,21.56506921973336,19.4238
OPD,2025-06-07 12:00:00+00:00,2025-06-07 13:00:00+00:00,16.7609,18.567153988933704,17.214674420110224,19.919633557757184,18.4971
WARD_A,2025-06-07 12:00:00+00:00,2025-06-07 13:00:00+00:00,16.8453,18.41860648006007,17.06612691123659,19.77108604888355,17.7917
WARD_B,2025-06-07 12:00:00+00:00,2025-06-07 13:00:00+00:00,16.0814,17.659076709434643,16.306597140611164,19.011556278258123,19.7566
ICU,2025-06-07 13:00:00+00:00,2025-06-07 14:00:00+00:00,21.5208,21.105875705089424,19.753396136265945,22.458355273912904,20.187
OPD,2025-06-07 13:00:00+00:00,2025-06-07 14:00:00+00:00,18.8531,19.51810459686484,18.16562502804136,20.87058416568832,19.535
WARD_A,2025-06-07 13:00:00+00:00,2025-06-07 14:00:00+00:00,20.144,19.35209325315282,17.99961368432934,20.7045728219763,18.5887
WARD_B,2025-06-07 13:00:00+00:00,2025-06-07 14:00:00+00:00,19.6,18.702074036165918,17.34959446734244,20.054553604989398,18.9035
ICU,2025-06-07 14:00:00+00:00,2025-06-07 15:00:00+00:00,21.1559,19.72520040119487,18.37272083237139,21.077679970018348,19.8396
OPD,2025-06-07 14:00:00+00:00,2025-06-07 15:00:00+00:00,17.5207,18.431517638583507,17.079038069760028,19.783997207406987,19.5007
WARD_A,2025-06-07 14:00:00+00:00,2025-06-07 15:00:00+00:00,19.4043,18.109692939461198,16.757213370637718,19.462172508284677,17.8227
WARD_B,2025-06-07 14:00:00+00:00,2025-06-07 15:00:00+00:00,17.4357,17.724430863201317,16.371951294377837,19.076910432024796,17.2012
ICU,2025-06-07 15:00:00+00:00,2025-06-07 16:00:00+00:00,20.4152,19.967984966528004,18.615505397704524,21.320464535351483,19.6506
OPD,2025-06-07 15:00:00+00:00,2025-06-07 16:00:00+00:00,18.1723,18.49493221663195,17.14245264780847,19.847411785455428,18.6825
WARD_A,2025-06-07 15:00:00+00:00,2025-06-07 16:00:00+00:00,19.0187,18.3287181551749,16.97623858635142,19.68119772399838,18.0022
WARD_B,2025-06-07 15:00:00+00:00,2025-06-07 16:00:00+00:00,17.8077,17.42950661270065,16.07702704387717,18.78198618152413,18.7021
ICU,2025-06-07 16:00:00+00:00,2025-06-07 17:00:00+00:00,17.8407,19.780251593831043,18.427772025007563,21.132731162654522,19.5456
OPD,2025-06-07 16:00:00+00:00,2025-06-07 17:00:00+00:00,16.5879,18.308659748051706,16.956180179228227,19.661139316875186,16.4656
WARD_A,2025-06-07 16:00:00+00:00,2025-06-07 17:00:00+00:00,16.9074,18.27599126235353,16.92351169353005,19.628470831177008,17.2742
WARD_B,2025-06-07 16:00:00+00:00,2025-06-07 17:00:00+00:00,16.0773,17.759917512790548,16.407437943967068,19.112397081614027,16.2997
ICU,2025-06-07 17:00:00+00:00,2025-06-07 18:00:00+00:00,17.2032,17.522182711305053,16.169703142481573,18.874662280128533,18.2935
OPD,2025-06-07 17:00:00+00:00,2025-06-07 18:00:00+00:00,13.1213,13.814314751692676,12.461835182869198,15.166794320516154,13.4059
WARD_A,2025-06-07 17:00:00+00:00,2025-06-07 18:00:00+00:00,16.2302,16.126032218234993,14.773552649411515,17.478511787058473,15.9083
WARD_B,2025-06-07 17:00:00+00:00,2025-06-07 18:00:00+00:00,15.5983,15.604711829619188,14.25223226079571,16.957191398442667,17.1944
ICU,2025-06-07 18:00:00+00:00,2025-06-07 19:00:00+00:00,16.8364,16.933993964502275,15.581514395678797,18.286473533325754,16.2271
OPD,2025-06-07 18:00:00+00:00,2025-06-07 19:00:00+00:00,12.6826,12.504764133976177,11.1522845651527,13.857243702799655,12.8434
WARD_A,2025-06-07 18:00:00+00:00,2025-06-07 19:00:00+00:00,15.772,15.982894405923656,14.630414837100178,17.335373974747135,14.0921
WARD_B,2025-06-07 18:00:00+00:00,2025-06-07 19:00:00+00:00,14.7975,15.093992009840655,13.741512441017177,16.446471578664134,16.1448
ICU,2025-06-07 19:00:00+00:00,2025-06-07 20:00:00+00:00,19.0633,18.08434253567537,16.73186296685189,19.436822104498848,18.0307
OPD,2025-06-07 19:00:00+00:00,2025-06-07 20:00:00+00:00,15.0626,13.426985985937746,12.074506417114268,14.779465554761224,13.4939
WARD_A,2025-06-07 19:00:00+00:00,2025-06-07 20:00:00+00:00,17.4836,16.784559071120125,15.432079502296647,18.137038639943604,16.1241
ICU,2025-06-07 20:00:00+00:00,2025-06-07 21:00:00+00:00,15.3842,16.869130320162313,15.516650751338835,18.221609888985792,15.7878
OPD,2025-06-07 20:00:00+00:00,2025-06-07 21:00:00+00:00,9.9092,12.07592461059517,10.723445041771692,13.428404179418648,10.4494
WARD_A,2025-06-07 20:00:00+00:00,2025-06-07 21:00:00+00:00,13.9856,14.936910262619751,13.584430693796273,16.28938983144323,14.276
WARD_B,2025-06-07 20:00:00+00:00,2025-06-07 21:00:00+00:00,13.205,14.514945295365045,13.162465726541567,15.867424864188523,13.7969
ICU,2025-06-07 21:00:00+00:00,2025-06-07 22:00:00+00:00,14.8685,15.381071618746121,14.028592049922644,16.7335511875696,15.0472
OPD,2025-06-07 21:00:00+00:00,2025-06-07 22:00:00+00:00,10.5658,10.446699615617991,9.094220046794513,11.799179184441469,10.3133
WARD_A,2025-06-07 21:00:00+00:00,2025-06-07 22:00:00+00:00,13.3875,13.998309963333709,12.64583039451023,15.350789532157187,13.5317
WARD_B,2025-06-07 21:00:00+00:00,2025-06-07 22:00:00+00:00,12.3922,13.31840889801511,11.965929329191631,14.670888466838587,14.1998
ICU,2025-06-07 22:00:00+00:00,2025-06-07 23:00:00+00:00,15.7192,14.901511258231432,13.549031689407954,16.25399082705491,14.9946
OPD,2025-06-07 22:00:00+00:00,2025-06-07 23:00:00+00:00,10.5809,10.34924859223971,8.996769023416233,11.701728161063189,11.5073
WARD_A,2025-06-07 22:00:00+00:00,2025-06-07 23:00:00+00:00,15.6123,13.443317942144503,12.090838373321025,14.795797510967981,13.9098
WARD_B,2025-06-07 22:00:00+00:00,2025-06-07 23:00:00+00:00,13.9549,12.629211817171534,11.276732248348056,13.981691385995012,14.701
ICU,2025-06-07 23:00:00+00:00,2025-06-08 00:00:00+00:00,15.0596,15.076128945686877,13.7236493768634,16.428608514510355,14.3405
OPD,2025-06-07 23:00:00+00:00,2025-06-08 00:00:00+00:00,9.1078,10.64504231491767,9.292562746094193,11.997521883741149,10.0116
WARD_A,2025-06-07 23:00:00+00:00,2025-06-08 00:00:00+00:00,12.9516,13.926514847038879,12.574035278215401,15.278994415862357,13.3788
WARD_B,2025-06-07 23:00:00+00:00,2025-06-08 00:00:00+00:00,12.9826,13.008309989657318,11.65583042083384,14.360789558480796,13.0478
ICU,2025-06-08 00:00:00+00:00,2025-06-08 01:00:00+00:00,14.4201,14.786225294393251,13.433745725569773,16.13870486321673,14.0996
OPD,2025-06-08 00:00:00+00:00,2025-06-08 01:00:00+00:00,9.9446,9.871530327086251,8.519050758262773,11.22400989590973,10.5972
WARD_A,2025-06-08 00:00:00+00:00,2025-06-08 01:00:00+00:00,13.5041,13.340778322339956,11.988298753516478,14.693257891163434,13.5131
WARD_B,2025-06-08 00:00:00+00:00,2025-06-08 01:00:00+00:00,12.0897,12.803009883510668,11.45053031468719,14.155489452334146,14.1704
ICU,2025-06-08 01:00:00+00:00,2025-06-08 02:00:00+00:00,13.4409,14.538334725256242,13.185855156432764,15.89081429407972,14.0776
OPD,2025-06-08 01:00:00+00:00,2025-06-08 02:00:00+00:00,9.1383,9.864569374201983,8.512089805378505,11.21704894302546,10.7503
WARD_A,2025-06-08 01:00:00+00:00,2025-06-08 02:00:00+00:00,12.3249,13.357841486914026,12.005361918090548,14.710321055737504,12.2454
WARD_B,2025-06-08 01:00:00+00:00,2025-06-08 02:00:00+00:00,10.6788,12.513726023741143,11.161246454917665,13.86620559256462,12.8377
ICU,2025-06-08 02:00:00+00:00,2025-06-08 03:00:00+00:00,14.9743,14.10587823071104,12.753398661887562,15.458357799534518,13.0745
OPD,2025-06-08 02:00:00+00:00,2025-06-08 03:00:00+00:00,10.0854,9.710433219568463,8.357953650744985,11.062912788391941,9.109
WARD_A,2025-06-08 02:00:00+00:00,2025-06-08 03:00:00+00:00,13.2974,13.19349365946479,11.841014090641313,14.545973228288268,11.9968
WARD_B,2025-06-08 02:00:00+00:00,2025-06-08 03:00:00+00:00,11.8946,11.791782007414986,10.439302438591508,13.144261576238463,12.3336
ICU,2025-06-08 03:00:00+00:00,2025-06-08 04:00:00+00:00,14.3715,14.742829132615176,13.390349563791698,16.095308701438654,15.0156
OPD,2025-06-08 03:00:00+00:00,2025-06-08 04:00:00+00:00,9.981,9.845528807776535,8.493049238953057,11.198008376600013,11.1622
WARD_A,2025-06-08 03:00:00+00:00,2025-06-08 04:00:00+00:00,12.9758,13.67902311233229,12.326543543508812,15.031502681155768,12.8042
WARD_B,2025-06-08 03:00:00+00:00,2025-06-08 04:00:00+00:00,11.7075,12.263913487796142,10.911433918972664,13.61639305661962,13.8048
ICU,2025-06-08 04:00:00+00:00,2025-06-08 05:00:00+00:00,14.6999,15.150954220484337,13.79847465166086,16.503433789307817,14.5905
OPD,2025-06-08 04:00:00+00:00,2025-06-08 05:00:00+00:00,9.341,10.15444229035159,8.801962721528112,11.506921859175067,10.3726
WARD_A,2025-06-08 04:00:00+00:00,2025-06-08 05:00:00+00:00,12.8641,13.664641701257557,12.312162132434079,15.017121270081034,13.5703
WARD_B,2025-06-08 04:00:00+00:00,2025-06-08 05:00:00+00:00,12.7644,12.390993617281133,11.038514048457655,13.74347318610461,13.0787
OPD,2025-06-08 05:00:00+00:00,2025-06-08 06:00:00+00:00,12.8997,11.84074005733175,10.488260488508272,13.193219626155228,12.5558
WARD_A,2025-06-08 05:00:00+00:00,2025-06-08 06:00:00+00:00,15.0207,15.846707614411523,14.494228045588045,17.199187183235,15.2576
WARD_B,2025-06-08 05:00:00+00:00,2025-06-08 06:00:00+00:00,15.5662,14.722370969866082,13.369891401042604,16.07485053868956,15.8313
ICU,2025-06-08 06:00:00+00:00,2025-06-08 07:00:00+00:00,15.5418,16.070531291991536,14.718051723168058,17.423010860815015,16.4654
OPD,2025-06-08 06:00:00+00:00,2025-06-08 07:00:00+00:00,10.9936,12.248863012320683,10.896383443497205,13.601342581144161,12.4493
WARD_A,2025-06-08 06:00:00+00:00,2025-06-08 07:00:00+00:00,13.8032,14.965301401914731,13.612821833091253,16.31778097073821,14.2322
WARD_B,2025-06-08 06:00:00+00:00,2025-06-08 07:00:00+00:00,13.4385,14.418805045623623,13.066325476800145,15.7712846144471,16.8145
ICU,2025-06-08 07:00:00+00:00,2025-06-08 08:00:00+00:00,15.3255,16.66305314701511,15.310573578191631,18.01553271583859,16.0025
OPD,2025-06-08 07:00:00+00:00,2025-06-08 08:00:00+00:00,11.0838,13.84668768990276,12.494208121079282,15.199167258726238,12.1087
WARD_A,2025-06-08 07:00:00+00:00,2025-06-08 08:00:00+00:00,15.0046,14.705054389073172,13.352574820249695,16.057533957896652,14.4502
WARD_B,2025-06-08 07:00:00+00:00,2025-06-08 08:00:00+00:00,14.0989,14.617256905275928,13.26477733645245,15.969736474099406,15.1684
ICU,2025-06-08 08:00:00+00:00,2025-06-08 09:00:00+00:00,17.0737,16.411168156367935,15.058688587544458,17.763647725191415,16.483
OPD,2025-06-08 08:00:00+00:00,2025-06-08 09:00:00+00:00,12.5841,13.43197648467822,12.079496915854742,14.784456053501698,12.2434
WARD_A,2025-06-08 08:00:00+00:00,2025-06-08 09:00:00+00:00,15.8221,15.15230441431702,13.799824845493543,16.5047839831405,15.445
WARD_B,2025-06-08 08:00:00+00:00,2025-06-08 09:00:00+00:00,14.5242,14.800370909873301,13.447891341049823,16.15285047869678,15.5078
ICU,2025-06-08 09:00:00+00:00,2025-06-08 10:00:00+00:00,17.3253,17.797770020591994,16.445290451768514,19.150249589415473,17.0721
OPD,2025-06-08 09:00:00+00:00,2025-06-08 10:00:00+00:00,13.2698,13.44154095525658,12.089061386433102,14.794020524080057,12.1985
WARD_A,2025-06-08 09:00:00+00:00,2025-06-08 10:00:00+00:00,15.6799,16.668468768427726,15.315989199604248,18.020948337251205,15.8982
WARD_B,2025-06-08 09:00:00+00:00,2025-06-08 10:00:00+00:00,14.3284,15.306800713196951,13.954321144373473,16.65928028202043,16.4542
ICU,2025-06-08 10:00:00+00:00,2025-06-08 11:00:00+00:00,17.0536,17.914927623560217,16.562448054736738,19.267407192383697,17.5497
OPD,2025-06-08 10:00:00+00:00,2025-06-08 11:00:00+00:00,13.6559,13.561476322785738,12.20899675396226,14.913955891609216,13.0244
WARD_A,2025-06-08 10:00:00+00:00,2025-06-08 11:00:00+00:00,17.2732,16.41675851937142,15.064278950547942,17.7692380881949,15.7021
WARD_B,2025-06-08 10:00:00+00:00,2025-06-08 11:00:00+00:00,15.2949,15.41514064319513,14.062661074371652,16.76762021201861,16.5454
ICU,2025-06-08 11:00:00+00:00,2025-06-08 12:00:00+00:00,19.2727,18.006176860635744,16.653697291812264,19.358656429459224,17.737
OPD,2025-06-08 11:00:00+00:00,2025-06-08 12:00:00+00:00,14.3784,13.705101957632555,12.352622388809078,15.057581526456033,13.8121
WARD_A,2025-06-08 11:00:00+00:00,2025-06-08 12:00:00+00:00,16.8421,17.471376863028297,16.118897294204817,18.823856431851777,16.8244
WARD_B,2025-06-08 11:00:00+00:00,2025-06-08 12:00:00+00:00,16.151,15.624651761021541,14.272172192198063,16.97713132984502,17.2092
ICU,2025-06-08 12:00:00+00:00,2025-06-08 13:00:00+00:00,16.9904,18.71035363591702,17.35787406709354,20.0628332047405,18.9698
OPD,2025-06-08 12:00:00+00:00,2025-06-08 13:00:00+00:00,12.6006,14.29052444744099,12.938044878617513,15.643004016264468,15.6776
WARD_A,2025-06-08 12:00:00+00:00,2025-06-08 13:00:00+00:00,15.7304,17.48877561356292,16.136296044739442,18.8412551823864,17.4261
WARD_B,2025-06-08 12:00:00+00:00,2025-06-08 13:00:00+00:00,14.2494,16.71456650263161,15.362086933808131,18.06704607145509,17.4272
ICU,2025-06-08 13:00:00+00:00,2025-06-08 14:00:00+00:00,19.8282,19.874350327722148,18.521870758898668,21.226829896545627,19.9993
OPD,2025-06-08 13:00:00+00:00,2025-06-08 14:00:00+00:00,15.4919,15.984222507728715,14.631742938905237,17.336702076552193,15.5401
WARD_A,2025-06-08 13:00:00+00:00,2025-06-08 14:00:00+00:00,17.4065,18.265320000605684,16.912840431782204,19.617799569429163,19.5901
WARD_B,2025-06-08 13:00:00+00:00,2025-06-08 14:00:00+00:00,17.2868,17.031120428274527,15.678640859451049,18.383599997098006,18.5655
ICU,2025-06-08 14:00:00+00:00,2025-06-08 15:00:00+00:00,17.9029,18.090424634217296,16.737945065393816,19.442904203040776,18.1257
OPD,2025-06-08 14:00:00+00:00,2025-06-08 15:00:00+00:00,14.0716,15.390679038827148,14.03819947000367,16.743158607650628,13.5172
WARD_A,2025-06-08 14:00:00+00:00,2025-06-08 15:00:00+00:00,17.2619,16.529744703117995,15.177265134294517,17.882224271941475,16.6336
WARD_B,2025-06-08 14:00:00+00:00,2025-06-08 15:00:00+00:00,16.6803,16.019376362358926,14.666896793535448,17.371855931182406,16.8216
ICU,2025-06-08 15:00:00+00:00,2025-06-08 16:00:00+00:00,18.4701,18.129375335249758,16.77689576642628,19.481854904073238,17.2778
OPD,2025-06-08 15:00:00+00:00,2025-06-08 16:00:00+00:00,13.5525,14.426203482382448,13.07372391355897,15.778683051205926,13.2631
WARD_A,2025-06-08 15:00:00+00:00,2025-06-08 16:00:00+00:00,16.8326,17.294978534552655,15.942498965729177,18.647458103376135,17.0104
WARD_B,2025-06-08 15:00:00+00:00,2025-06-08 16:00:00+00:00,15.3933,16.519485904941416,15.167006336117938,17.871965473764895,16.4773
ICU,2025-06-08 16:00:00+00:00,2025-06-08 17:00:00+00:00,18.124,17.842248616516784,16.489769047693304,19.194728185340264,17.9647
OPD,2025-06-08 16:00:00+00:00,2025-06-08 17:00:00+00:00,13.8692,13.63425741335351,12.281777844530032,14.986736982176987,14.3463
WARD_A,2025-06-08 16:00:00+00:00,2025-06-08 17:00:00+00:00,16.6497,17.0178825331044,15.665402964280924,18.37036210192788,17.4077
WARD_B,2025-06-08 16:00:00+00:00,2025-06-08 17:00:00+00:00,15.2958,15.656557965415413,14.304078396591935,17.009037534238892,17.7374
ICU,2025-06-08 17:00:00+00:00,2025-06-08 18:00:00+00:00,17.3594,17.118292450349234,15.765812881525756,18.470772019172713,17.5221
OPD,2025-06-08 17:00:00+00:00,2025-06-08 18:00:00+00:00,12.7463,13.430193303911429,12.07771373508795,14.782672872734906,12.8666
WARD_A,2025-06-08 17:00:00+00:00,2025-06-08 18:00:00+00:00,16.2642,16.10197884306017,14.749499274236692,17.45445841188365,15.1035
WARD_B,2025-06-08 17:00:00+00:00,2025-06-08 18:00:00+00:00,14.9999,14.645689331573587,13.29320976275011,15.998168900397065,16.2524
ICU,2025-06-08 18:00:00+00:00,2025-06-08 19:00:00+00:00,16.5185,16.705736482603267,15.35325691377979,18.058216051426747,16.303
OPD,2025-06-08 18:00:00+00:00,2025-06-08 19:00:00+00:00,12.6959,12.41903482615408,11.066555257330602,13.771514394977558,12.142
WARD_A,2025-06-08 18:00:00+00:00,2025-06-08 19:00:00+00:00,15.2511,15.583900181096682,14.231420612273205,16.93637974992016,15.7639
WARD_B,2025-06-08 18:00:00+00:00,2025-06-08 19:00:00+00:00,14.8523,14.697542107927058,13.34506253910358,16.050021676750536,15.3486
ICU,2025-06-08 19:00:00+00:00,2025-06-08 20:00:00+00:00,18.8097,18.162749881642153,16.810270312818673,19.515229450465633,18.5513
OPD,2025-06-08 19:00:00+00:00,2025-06-08 20:00:00+00:00,13.8335,13.466386146362579,12.113906577539101,14.818865715186057,13.5873
WARD_A,2025-06-08 19:00:00+00:00,2025-06-08 20:00:00+00:00,16.284,16.5794909852969,15.227011416473422,17.93197055412038,17.5069
WARD_B,2025-06-08 19:00:00+00:00,2025-06-08 20:00:00+00:00,15.9504,15.509287558518535,14.156807989695057,16.861767127342013,18.708
ICU,2025-06-08 20:00:00+00:00,2025-06-08 21:00:00+00:00,14.9389,16.215460830547084,14.862981261723606,17.567940399370563,14.884
OPD,2025-06-08 20:00:00+00:00,2025-06-08 21:00:00+00:00,11.3755,11.953265402333583,10.600785833510106,13.305744971157061,11.0004
WARD_A,2025-06-08 20:00:00+00:00,2025-06-08 21:00:00+00:00,14.1418,14.30062736819669,12.948147799373212,15.653106937020167,13.1604
WARD_B,2025-06-08 20:00:00+00:00,2025-06-08 21:00:00+00:00,12.3065,14.07357985551508,12.721100286691602,15.426059424338558,14.6382
ICU,2025-06-08 21:00:00+00:00,2025-06-08 22:00:00+00:00,15.3468,14.569479307420657,13.21699973859718,15.921958876244135,15.1358
OPD,2025-06-08 21:00:00+00:00,2025-06-08 22:00:00+00:00,11.2589,10.534472736736264,9.181993167912786,11.886952305559742,12.0091
WARD_A,2025-06-08 21:00:00+00:00,2025-06-08 22:00:00+00:00,13.5008,13.309308434561043,11.956828865737565,14.66178800338452,14.766
WARD_B,2025-06-08 21:00:00+00:00,2025-06-08 22:00:00+00:00,13.0945,12.280014129450727,10.92753456062725,13.632493698274205,15.1895
ICU,2025-06-08 22:00:00+00:00,2025-06-08 23:00:00+00:00,14.7052,14.327628565944156,12.975148997120678,15.680108134767634,14.7259
OPD,2025-06-08 22:00:00+00:00,2025-06-08 23:00:00+00:00,9.8047,10.49546154422563,9.142981975402153,11.847941113049108,10.4897
WARD_A,2025-06-08 22:00:00+00:00,2025-06-08 23:00:00+00:00,12.3744,12.9052568764973,11.552777307673821,14.257736445320777,12.9652
WARD_B,2025-06-08 22:00:00+00:00,2025-06-08 23:00:00+00:00,11.907,12.398803286402327,11.046323717578849,13.751282855225805,14.4164
ICU,2025-06-08 23:00:00+00:00,2025-06-09 00:00:00+00:00,13.763,14.432694530802095,13.080214961978617,15.785174099625573,15.6186
OPD,2025-06-08 23:00:00+00:00,2025-06-09 00:00:00+00:00,9.6674,9.995929691693698,8.64345012287022,11.348409260517176,10.5253
WARD_A,2025-06-08 23:00:00+00:00,2025-06-09 00:00:00+00:00,13.2035,12.878975691888392,11.526496123064915,14.23145526071187,13.9716
WARD_B,2025-06-08 23:00:00+00:00,2025-06-09 00:00:00+00:00,12.7952,12.223748335397197,10.871268766573719,13.576227904220675,14.2907
ICU,2025-06-09 00:00:00+00:00,2025-06-09 01:00:00+00:00,13.7265,14.224579068828383,12.872099500004905,15.577058637651861,14.773
OPD,2025-06-09 00:00:00+00:00,2025-06-09 01:00:00+00:00,9.8956,9.965952988068981,8.613473419245503,11.318432556892459,10.4733
WARD_A,2025-06-09 00:00:00+00:00,2025-06-09 01:00:00+00:00,12.1239,13.003553720912073,11.651074152088595,14.356033289735551,12.6635
WARD_B,2025-06-09 00:00:00+00:00,2025-06-09 01:00:00+00:00,12.4303,12.471075375001657,11.11859580617818,13.823554943825135,12.9842
ICU,2025-06-09 01:00:00+00:00,2025-06-09 02:00:00+00:00,15.2545,14.029168120886096,12.676688552062618,15.381647689709574,14.1577
OPD,2025-06-09 01:00:00+00:00,2025-06-09 02:00:00+00:00,9.8669,9.995929691693698,8.64345012287022,11.348409260517176,10.6399
WARD_A,2025-06-09 01:00:00+00:00,2025-06-09 02:00:00+00:00,12.455,12.84038301851522,11.487903449691743,14.192862587338698,14.0703
WARD_B,2025-06-09 01:00:00+00:00,2025-06-09 02:00:00+00:00,12.5528,11.900165574453407,10.547686005629929,13.252645143276885,13.5351
ICU,2025-06-09 02:00:00+00:00,2025-06-09 03:00:00+00:00,14.3821,14.115150901039653,12.762671332216176,15.467630469863131,14.0903
OPD,2025-06-09 02:00:00+00:00,2025-06-09 03:00:00+00:00,9.0834,9.993989636292453,8.641510067468975,11.34646920511593,10.187
WARD_A,2025-06-09 02:00:00+00:00,2025-06-09 03:00:00+00:00,12.5849,12.54931177068202,11.196832201858543,13.901791339505499,13.6567
WARD_B,2025-06-09 02:00:00+00:00,2025-06-09 03:00:00+00:00,11.6594,11.583273492309171,10.230793923485693,12.93575306113265,12.8699
ICU,2025-06-09 03:00:00+00:00,2025-06-09 04:00:00+00:00,14.9896,14.744567097987606,13.392087529164128,16.097046666811085,14.6779
OPD,2025-06-09 03:00:00+00:00,2025-06-09 04:00:00+00:00,9.8725,10.055283686231322,8.702804117407844,11.4077632550548,10.1783
WARD_A,2025-06-09 03:00:00+00:00,2025-06-09 04:00:00+00:00,13.8359,13.251255136681813,11.898775567858335,14.60373470550529,13.5091
WARD_B,2025-06-09 03:00:00+00:00,2025-06-09 04:00:00+00:00,12.2718,11.866872448650305,10.514392879826827,13.219352017473783,13.3167
ICU,2025-06-09 04:00:00+00:00,2025-06-09 05:00:00+00:00,22.3432,14.883215023266573,13.530735454443095,16.235694592090052,15.0823
OPD,2025-06-09 04:00:00+00:00,2025-06-09 05:00:00+00:00,10.5839,10.459339866311371,9.106860297487893,11.811819435134849,11.3614
WARD_A,2025-06-09 04:00:00+00:00,2025-06-09 05:00:00+00:00,14.4118,13.48195087246557,12.129471303642092,14.834430441289047,14.0125
WARD_B,2025-06-09 04:00:00+00:00,2025-06-09 05:00:00+00:00,13.7943,12.103421365793675,10.750941796970197,13.455900934617153,15.7795
ICU,2025-06-09 05:00:00+00:00,2025-06-09 06:00:00+00:00,23.4236,22.241116453788553,20.888636884965074,23.593596022612033,17.3738
OPD,2025-06-09 05:00:00+00:00,2025-06-09 06:00:00+00:00,11.9393,12.947200488712237,11.59472091988876,14.299680057535715,12.9752
WARD_A,2025-06-09 05:00:00+00:00,2025-06-09 06:00:00+00:00,15.3142,15.796778790955157,14.44429922213168,17.149258359778635,16.1277
WARD_B,2025-06-09 05:00:00+00:00,2025-06-09 06:00:00+00:00,14.4727,14.975048117692175,13.622568548868697,16.327527686515655,17.0979
ICU,2025-06-09 06:00:00+00:00,2025-06-09 07:00:00+00:00,22.4955,23.650779694644758,22.298300125821278,25.003259263468237,15.6453
OPD,2025-06-09 06:00:00+00:00,2025-06-09 07:00:00+00:00,10.578,11.872984362286077,10.5205047934626,13.225463931109555,12.0439
WARD_A,2025-06-09 06:00:00+00:00,2025-06-09 07:00:00+00:00,13.1363,14.481836137531072,13.129356568707594,15.83431570635455,13.5988
WARD_B,2025-06-09 06:00:00+00:00,2025-06-09 07:00:00+00:00,13.4472,13.961770761486642,12.609291192663164,15.31425033031012,15.1547
ICU,2025-06-09 07:00:00+00:00,2025-06-09 08:00:00+00:00,23.7091,23.48801510768062,22.13553553885714,24.8404946765041,17.0203
OPD,2025-06-09 07:00:00+00:00,2025-06-09 08:00:00+00:00,16.5979,16.029315797330277,14.676836228506799,17.381795366153757,15.4352
WARD_A,2025-06-09 07:00:00+00:00,2025-06-09 08:00:00+00:00,14.862,15.873724695209539,14.521245126386061,17.22620426403302,14.3855
WARD_B,2025-06-09 07:00:00+00:00,2025-06-09 08:00:00+00:00,13.4557,15.701243549222433,14.348763980398955,17.053723118045912,16.2917
ICU,2025-06-09 08:00:00+00:00,2025-06-09 09:00:00+00:00,25.1353,26.39716501880693,25.04468544998345,27.74964458763041,19.3435
OPD,2025-06-09 08:00:00+00:00,2025-06-09 09:00:00+00:00,17.1769,17.201908175920074,15.849428607096597,18.554387744743554,17.3862
WARD_A,2025-06-09 08:00:00+00:00,2025-06-09 09:00:00+00:00,16.1364,15.753975009069643,14.401495440246165,17.10645457789312,17.689
WARD_B,2025-06-09 08:00:00+00:00,2025-06-09 09:00:00+00:00,15.2169,15.693332871453027,14.340853302629549,17.045812440276507,18.4186
ICU,2025-06-09 09:00:00+00:00,2025-06-09 10:00:00+00:00,26.2234,25.387632307389435,24.035152738565955,26.740111876212914,17.3167
OPD,2025-06-09 09:00:00+00:00,2025-06-09 10:00:00+00:00,17.9576,17.454597762215567,16.102118193392087,18.807077331039046,16.0249
WARD_A,2025-06-09 09:00:00+00:00,2025-06-09 10:00:00+00:00,17.033,17.085241303832568,15.73276173500909,18.437720872656048,15.7544
WARD_B,2025-06-09 09:00:00+00:00,2025-06-09 10:00:00+00:00,15.4346,16.154382392242358,14.80190282341888,17.506861961065837,16.9638
ICU,2025-06-09 10:00:00+00:00,2025-06-09 11:00:00+00:00,25.0838,26.047978411047186,24.695498842223707,27.400457979870666,18.9162
OPD,2025-06-09 10:00:00+00:00,2025-06-09 11:00:00+00:00,16.7237,18.43415693107938,17.0816773622559,19.78663649990286,18.2115
WARD_A,2025-06-09 10:00:00+00:00,2025-06-09 11:00:00+00:00,17.728,17.767860808577012,16.415381239753533,19.120340377400492,17.2727
WARD_B,2025-06-09 10:00:00+00:00,2025-06-09 11:00:00+00:00,16.3889,16.014209979770122,14.661730410946644,17.3666895485936,18.5266
ICU,2025-06-09 11:00:00+00:00,2025-06-09 12:00:00+00:00,26.7663,25.68512349136234,24.33264392253886,27.03760306018582,18.9013
OPD,2025-06-09 11:00:00+00:00,2025-06-09 12:00:00+00:00,18.7722,18.63124456841116,17.27876499958768,19.98372413723464,17.6194
WARD_A,2025-06-09 11:00:00+00:00,2025-06-09 12:00:00+00:00,17.4137,18.054992577234593,16.702513008411113,19.407472146058073,17.9014
WARD_B,2025-06-09 11:00:00+00:00,2025-06-09 12:00:00+00:00,16.4597,16.880344423959734,15.527864855136256,18.232823992783214,18.6985
ICU,2025-06-09 12:00:00+00:00,2025-06-09 13:00:00+00:00,24.825,28.414213466893337,27.061733898069857,29.766693035716816,20.1838
OPD,2025-06-09 12:00:00+00:00,2025-06-09 13:00:00+00:00,17.9117,18.84255735065634,17.49007778183286,20.19503691947982,17.5587
WARD_A,2025-06-09 12:00:00+00:00,2025-06-09 13:00:00+00:00,15.794,17.825061237659938,16.472581668836458,19.177540806483417,19.2483
WARD_B,2025-06-09 12:00:00+00:00,2025-06-09 13:00:00+00:00,16.1572,16.80131512516621,15.44883555634273,18.15379469398969,18.2412
ICU,2025-06-09 13:00:00+00:00,2025-06-09 14:00:00+00:00,27.2787,25.776099860058,24.42362029123452,27.12857942888148,21.0634
OPD,2025-06-09 13:00:00+00:00,2025-06-09 14:00:00+00:00,18.8369,19.355741055875907,18.003261487052427,20.708220624699386,20.7072
WARD_A,2025-06-09 13:00:00+00:00,2025-06-09 14:00:00+00:00,19.3293,18.436211859274234,17.083732290450754,19.788691428097714,18.9669
WARD_B,2025-06-09 13:00:00+00:00,2025-06-09 14:00:00+00:00,18.8203,18.101190733575297,16.748711164751818,19.453670302398777,21.1136
ICU,2025-06-09 14:00:00+00:00,2025-06-09 15:00:00+00:00,26.691,26.58804516149162,25.23556559266814,27.9405247303151,20.4538
OPD,2025-06-09 14:00:00+00:00,2025-06-09 15:00:00+00:00,20.5816,18.131083578043174,16.778604009219695,19.483563146866654,18.9388
WARD_A,2025-06-09 14:00:00+00:00,2025-06-09 15:00:00+00:00,19.353,17.642724013465006,16.290244444641527,18.995203582288486,19.2548
WARD_B,2025-06-09 14:00:00+00:00,2025-06-09 15:00:00+00:00,18.669,17.458649919683705,16.106170350860225,18.811129488507184,19.3621
ICU,2025-06-09 15:00:00+00:00,2025-06-09 16:00:00+00:00,25.4263,28.03114390781338,26.6786643389899,29.38362347663686,19.1886
OPD,2025-06-09 15:00:00+00:00,2025-06-09 16:00:00+00:00,18.3807,19.29065307330726,17.938173504483782,20.64313264213074,18.187
WARD_A,2025-06-09 15:00:00+00:00,2025-06-09 16:00:00+00:00,16.2194,18.544331779474724,17.191852210651245,19.896811348298204,18.6393
WARD_B,2025-06-09 15:00:00+00:00,2025-06-09 16:00:00+00:00,16.4535,17.91330946756079,16.56082989873731,19.26578903638427,19.4399
ICU,2025-06-09 16:00:00+00:00,2025-06-09 17:00:00+00:00,26.3248,23.63367287620487,22.28119330738139,24.98615244502835,17.595
OPD,2025-06-09 16:00:00+00:00,2025-06-09 17:00:00+00:00,17.1789,17.493712326917393,16.141232758093913,18.846191895740873,17.4355
WARD_A,2025-06-09 16:00:00+00:00,2025-06-09 17:00:00+00:00,17.0453,17.087995362510068,15.73551579368659,18.440474931333547,16.2054
WARD_B,2025-06-09 16:00:00+00:00,2025-06-09 17:00:00+00:00,15.0684,16.71104106470881,15.358561495885331,18.06352063353229,17.0541
ICU,2025-06-09 17:00:00+00:00,2025-06-09 18:00:00+00:00,24.2092,22.86179111878309,21.50931154995961,24.214270687606568,17.102
OPD,2025-06-09 17:00:00+00:00,2025-06-09 18:00:00+00:00,13.6476,14.141139579265692,12.788660010442214,15.49361914808917,12.6044
WARD_A,2025-06-09 17:00:00+00:00,2025-06-09 18:00:00+00:00,16.7255,15.979794741036116,14.627315172212638,17.332274309859596,16.2064
WARD_B,2025-06-09 17:00:00+00:00,2025-06-09 18:00:00+00:00,15.3639,14.849800948283214,13.497321379459736,16.202280517106693,15.7574
ICU,2025-06-09 18:00:00+00:00,2025-06-09 19:00:00+00:00,23.2442,23.059849457924503,21.707369889101024,24.412329026747983,16.1989
OPD,2025-06-09 18:00:00+00:00,2025-06-09 19:00:00+00:00,12.542,12.609698916025478,11.257219347202,13.962178484848955,13.0831
WARD_A,2025-06-09 18:00:00+00:00,2025-06-09 19:00:00+00:00,13.6344,15.891379024568517,14.538899455745039,17.243858593391995,14.1614
WARD_B,2025-06-09 18:00:00+00:00,2025-06-09 19:00:00+00:00,13.9047,14.785473698819507,13.432994129996029,16.137953267642985,15.142
ICU,2025-06-09 19:00:00+00:00,2025-06-09 20:00:00+00:00,25.2117,21.353229737973546,20.000750169150066,22.705709306797026,17.2251
OPD,2025-06-09 19:00:00+00:00,2025-06-09 20:00:00+00:00,14.5099,13.449142969185612,12.096663400362134,14.80162253800909,13.0337
WARD_A,2025-06-09 19:00:00+00:00,2025-06-09 20:00:00+00:00,15.9712,15.228468110869715,13.875988542046237,16.580947679693192,15.3854
WARD_B,2025-06-09 19:00:00+00:00,2025-06-09 20:00:00+00:00,16.3566,15.14874132021059,13.796261751387112,16.50122088903407,16.0191
ICU,2025-06-09 20:00:00+00:00,2025-06-09 21:00:00+00:00,15.1625,21.899007927070066,20.546528358246587,23.251487495893546,14.9262
OPD,2025-06-09 20:00:00+00:00,2025-06-09 21:00:00+00:00,11.0524,12.14589401911771,10.793414450294232,13.498373587941188,11.2066
WARD_A,2025-06-09 20:00:00+00:00,2025-06-09 21:00:00+00:00,12.6264,14.28048934149474,12.928009772671262,15.632968910318217,14.427
WARD_B,2025-06-09 20:00:00+00:00,2025-06-09 21:00:00+00:00,13.8409,13.806686436683814,12.454206867860336,15.159166005507291,15.0335
ICU,2025-06-09 21:00:00+00:00,2025-06-09 22:00:00+00:00,14.9421,15.238824236256834,13.886344667433356,16.59130380508031,15.6308
OPD,2025-06-09 21:00:00+00:00,2025-06-09 22:00:00+00:00,10.945,10.83589644982192,9.483416880998442,12.188376018645398,11.5043
WARD_A,2025-06-09 21:00:00+00:00,2025-06-09 22:00:00+00:00,12.4041,12.999064032925052,11.646584464101574,14.35154360174853,14.3248
WARD_B,2025-06-09 21:00:00+00:00,2025-06-09 22:00:00+00:00,13.3637,12.737727779345205,11.385248210521727,14.090207348168683,14.1114
ICU,2025-06-09 22:00:00+00:00,2025-06-09 23:00:00+00:00,15.1236,15.225384228415834,13.872904659592356,16.577863797239313,14.4627
OPD,2025-06-09 22:00:00+00:00,2025-06-09 23:00:00+00:00,10.122,10.622580257256052,9.270100688432574,11.97505982607953,10.3982
WARD_A,2025-06-09 22:00:00+00:00,2025-06-09 23:00:00+00:00,12.7069,12.741404502305116,11.388924933481638,14.093884071128594,14.1994
WARD_B,2025-06-09 22:00:00+00:00,2025-06-09 23:00:00+00:00,12.1335,12.64106502686069,11.288585458037213,13.993544595684169,14.7109
ICU,2025-06-09 23:00:00+00:00,2025-06-10 00:00:00+00:00,13.8896,14.846722903879991,13.494243335056513,16.19920247270347,14.5702
OPD,2025-06-09 23:00:00+00:00,2025-06-10 00:00:00+00:00,9.2668,9.940205419546006,8.587725850722528,11.292684988369484,9.9273
WARD_A,2025-06-09 23:00:00+00:00,2025-06-10 00:00:00+00:00,19.8896,12.514089839877231,11.161610271053753,13.866569408700709,13.7874
WARD_B,2025-06-09 23:00:00+00:00,2025-06-10 00:00:00+00:00,10.7848,12.039400511727033,10.686920942903555,13.39188008055051,13.7956
ICU,2025-06-10 00:00:00+00:00,2025-06-10 01:00:00+00:00,13.9522,14.23988662248164,12.887407053658162,15.592366191305118,13.6283
OPD,2025-06-10 00:00:00+00:00,2025-06-10 01:00:00+00:00,9.4341,9.743988022628022,8.391508453804544,11.0964675914515,9.1638
WARD_A,2025-06-10 00:00:00+00:00,2025-06-10 01:00:00+00:00,20.6696,16.124679674213954,14.772200105390477,17.477159243037434,11.5951
WARD_B,2025-06-10 00:00:00+00:00,2025-06-10 01:00:00+00:00,11.9506,12.061719272555408,10.70923970373193,13.414198841378886,11.926
ICU,2025-06-10 01:00:00+00:00,2025-06-10 02:00:00+00:00,13.8651,14.30535924211725,12.952879673293772,15.657838810940728,12.4025
OPD,2025-06-10 01:00:00+00:00,2025-06-10 02:00:00+00:00,8.9876,9.75886362476182,8.406384055938343,11.111343193585299,9.2761
WARD_A,2025-06-10 01:00:00+00:00,2025-06-10 02:00:00+00:00,21.1617,17.92747315186223,16.57499358303875,19.27995272068571,13.1783
WARD_B,2025-06-10 01:00:00+00:00,2025-06-10 02:00:00+00:00,11.115,12.063432945590844,10.710953376767366,13.415912514414321,12.6674
ICU,2025-06-10 02:00:00+00:00,2025-06-10 03:00:00+00:00,15.1412,14.53130488765788,13.178825318834402,15.883784456481358,15.0705
OPD,2025-06-10 02:00:00+00:00,2025-06-10 03:00:00+00:00,10.6913,9.839532986729624,8.487053417906147,11.192012555553102,10.1678
WARD_A,2025-06-10 02:00:00+00:00,2025-06-10 03:00:00+00:00,21.1716,19.348303076341754,17.995823507518274,20.700782645165233,13.5865
WARD_B,2025-06-10 02:00:00+00:00,2025-06-10 03:00:00+00:00,12.8188,11.831112126491341,10.478632557667863,13.183591695314819,14.3576
ICU,2025-06-10 03:00:00+00:00,2025-06-10 04:00:00+00:00,14.7397,15.49291610765737,14.140436538833892,16.845395676480848,14.2878
OPD,2025-06-10 03:00:00+00:00,2025-06-10 04:00:00+00:00,10.1847,10.375361270258109,9.022881701434631,11.727840839081587,9.5156
WARD_A,2025-06-10 03:00:00+00:00,2025-06-10 04:00:00+00:00,21.3784,19.66664777727128,18.3141682084478,21.01912734609476,13.0352
WARD_B,2025-06-10 03:00:00+00:00,2025-06-10 04:00:00+00:00,12.1658,12.605515367214121,11.253035798390643,13.957994936037599,12.5595
ICU,2025-06-10 04:00:00+00:00,2025-06-10 05:00:00+00:00,13.6362,15.281123022595382,13.928643453771905,16.63360259141886,14.4133
OPD,2025-06-10 04:00:00+00:00,2025-06-10 05:00:00+00:00,7.9019,10.334771532608858,8.98229196378538,11.687251101432336,10.2586
WARD_A,2025-06-10 04:00:00+00:00,2025-06-10 05:00:00+00:00,20.2612,20.037006655655208,18.68452708683173,21.389486224478688,12.9856
WARD_B,2025-06-10 04:00:00+00:00,2025-06-10 05:00:00+00:00,11.0028,12.7198086769585,11.367329108135023,14.072288245781978,12.7631
ICU,2025-06-10 05:00:00+00:00,2025-06-10 06:00:00+00:00,16.8186,16.766116748544675,15.413637179721198,18.118596317368155,16.3835
OPD,2025-06-10 05:00:00+00:00,2025-06-10 06:00:00+00:00,12.269,11.819305306004752,10.466825737181274,13.17178487482823,12.4667
WARD_A,2025-06-10 05:00:00+00:00,2025-06-10 06:00:00+00:00,23.8317,18.89707726924284,17.54459770041936,20.24955683806632,16.2416
WARD_B,2025-06-10 05:00:00+00:00,2025-06-10 06:00:00+00:00,14.9957,14.127762753710085,12.775283184886607,15.480242322533563,15.3645
ICU,2025-06-10 06:00:00+00:00,2025-06-10 07:00:00+00:00,16.7846,15.905296562354811,14.552816993531334,17.25777613117829,16.3003
OPD,2025-06-10 06:00:00+00:00,2025-06-10 07:00:00+00:00,12.4087,11.812939221536556,10.460459652713078,13.165418790360034,11.4189
WARD_A,2025-06-10 06:00:00+00:00,2025-06-10 07:00:00+00:00,22.4763,24.219384405905906,22.866904837082426,25.571863974729386,15.6143
WARD_B,2025-06-10 06:00:00+00:00,2025-06-10 07:00:00+00:00,14.0437,14.021182819833376,12.668703251009898,15.373662388656854,14.5785
ICU,2025-06-10 07:00:00+00:00,2025-06-10 08:00:00+00:00,17.7238,18.212425525090012,16.859945956266532,19.56490509391349,17.9881
OPD,2025-06-10 07:00:00+00:00,2025-06-10 08:00:00+00:00,15.4494,15.964940539945925,14.612460971122447,17.317420108769404,16.0115
WARD_A,2025-06-10 07:00:00+00:00,2025-06-10 08:00:00+00:00,24.9743,23.110583396709256,21.758103827885776,24.463062965532735,16.6025
WARD_B,2025-06-10 07:00:00+00:00,2025-06-10 08:00:00+00:00,15.6422,15.643308671507876,14.290829102684398,16.995788240331354,16.9033
ICU,2025-06-10 08:00:00+00:00,2025-06-10 09:00:00+00:00,16.7225,18.588407170581295,17.235927601757815,19.940886739404775,18.9373
OPD,2025-06-10 08:00:00+00:00,2025-06-10 09:00:00+00:00,17.4359,16.704659434759623,15.352179865936145,18.057139003583103,16.9845
WARD_A,2025-06-10 08:00:00+00:00,2025-06-10 09:00:00+00:00,24.1871,25.303329495343903,23.950849926520423,26.655809064167382,17.1905
WARD_B,2025-06-10 08:00:00+00:00,2025-06-10 09:00:00+00:00,16.1147,15.941304118043497,14.58882454922002,17.293783686866977,17.3889
ICU,2025-06-10 09:00:00+00:00,2025-06-10 10:00:00+00:00,18.4747,18.630907006142035,17.278427437318555,19.983386574965515,19.4988
OPD,2025-06-10 09:00:00+00:00,2025-06-10 10:00:00+00:00,17.4535,17.32143875679459,15.96895918797111,18.673918325618068,18.4659
WARD_A,2025-06-10 09:00:00+00:00,2025-06-10 10:00:00+00:00,26.067,24.646093744947116,23.293614176123636,25.998573313770596,16.899
WARD_B,2025-06-10 09:00:00+00:00,2025-06-10 10:00:00+00:00,16.6259,16.629345971894928,15.27686640307145,17.981825540718408,17.4037
ICU,2025-06-10 10:00:00+00:00,2025-06-10 11:00:00+00:00,18.439,19.321256351605285,17.968776782781806,20.673735920428765,18.1655
OPD,2025-06-10 10:00:00+00:00,2025-06-10 11:00:00+00:00,18.0305,18.139129450374934,16.786649881551455,19.491609019198414,16.5939
WARD_A,2025-06-10 10:00:00+00:00,2025-06-10 11:00:00+00:00,25.1641,23.301142086000603,21.948662517177123,24.653621654824082,18.7911
WARD_B,2025-06-10 10:00:00+00:00,2025-06-10 11:00:00+00:00,16.2347,17.140549903749335,15.788070334925857,18.493029472572815,19.2581
ICU,2025-06-10 11:00:00+00:00,2025-06-10 12:00:00+00:00,17.8999,19.12167612850473,17.76919655968125,20.47415569732821,18.2587
OPD,2025-06-10 11:00:00+00:00,2025-06-10 12:00:00+00:00,19.1106,18.161495867492608,16.80901629866913,19.513975436316088,19.3803
WARD_A,2025-06-10 11:00:00+00:00,2025-06-10 12:00:00+00:00,24.5273,22.783050950696126,21.430571381872646,24.135530519519605,16.8573
WARD_B,2025-06-10 11:00:00+00:00,2025-06-10 12:00:00+00:00,15.5712,17.18739645786574,15.834916889042264,18.53987602668922,17.6225
ICU,2025-06-10 12:00:00+00:00,2025-06-10 13:00:00+00:00,18.785,19.044113313885436,17.691633745061957,20.396592882708916,19.224
OPD,2025-06-10 12:00:00+00:00,2025-06-10 13:00:00+00:00,16.1397,18.794428700035944,17.441949131212464,20.146908268859423,17.6655
WARD_A,2025-06-10 12:00:00+00:00,2025-06-10 13:00:00+00:00,25.7176,23.955420551750922,22.602940982927443,25.307900120574402,18.3846
WARD_B,2025-06-10 12:00:00+00:00,2025-06-10 13:00:00+00:00,16.8081,16.6505672949435,15.298087726120022,18.00304686376698,19.0645
ICU,2025-06-10 13:00:00+00:00,2025-06-10 14:00:00+00:00,21.357,21.526090429115435,20.173610860291955,22.878569997938914,20.9516
OPD,2025-06-10 13:00:00+00:00,2025-06-10 14:00:00+00:00,20.2864,19.04361763085283,17.69113806202935,20.39609719967631,21.9722
WARD_A,2025-06-10 13:00:00+00:00,2025-06-10 14:00:00+00:00,27.4041,23.997351066722256,22.644871497898777,25.349830635545736,19.1477
WARD_B,2025-06-10 13:00:00+00:00,2025-06-10 14:00:00+00:00,18.7657,18.99049683523896,17.63801726641548,20.34297640406244,19.7916
ICU,2025-06-10 14:00:00+00:00,2025-06-10 15:00:00+00:00,18.472,20.42579493464294,19.07331536581946,21.77827450346642,18.8898
OPD,2025-06-10 14:00:00+00:00,2025-06-10 15:00:00+00:00,18.9139,18.525101624305425,17.172622055481945,19.877581193128904,20.7754
WARD_A,2025-06-10 14:00:00+00:00,2025-06-10 15:00:00+00:00,26.0731,26.221192906881434,24.868713338057955,27.573672475704914,19.9073
WARD_B,2025-06-10 14:00:00+00:00,2025-06-10 15:00:00+00:00,16.3226,17.208640385966127,15.85616081714265,18.561119954789607,18.6848
ICU,2025-06-10 15:00:00+00:00,2025-06-10 16:00:00+00:00,19.1608,19.165092812602616,17.812613243779136,20.517572381426096,20.1636
OPD,2025-06-10 15:00:00+00:00,2025-06-10 16:00:00+00:00,17.2819,18.004204296761625,16.651724727938145,19.356683865585104,19.2445
WARD_A,2025-06-10 15:00:00+00:00,2025-06-10 16:00:00+00:00,24.5174,22.613850177839385,21.261370609015906,23.966329746662865,19.6673
WARD_B,2025-06-10 15:00:00+00:00,2025-06-10 16:00:00+00:00,16.4723,16.979508857522987,15.627029288699509,18.331988426346467,18.5732
ICU,2025-06-10 16:00:00+00:00,2025-06-10 17:00:00+00:00,19.7688,19.122598007902337,17.770118439078857,20.475077576725816,19.0806
OPD,2025-06-10 16:00:00+00:00,2025-06-10 17:00:00+00:00,18.8569,17.173719392991302,15.821239824167824,18.52619896181478,18.674
WARD_A,2025-06-10 16:00:00+00:00,2025-06-10 17:00:00+00:00,24.2101,22.6987161221369,21.34623655331342,24.05119569096038,18.5303
WARD_B,2025-06-10 16:00:00+00:00,2025-06-10 17:00:00+00:00,16.8436,16.654286241952164,15.301806673128686,18.006765810775644,18.1856
ICU,2025-06-10 17:00:00+00:00,2025-06-10 18:00:00+00:00,15.7797,17.898581549970334,16.546101981146855,19.251061118793814,17.8426
OPD,2025-06-10 17:00:00+00:00,2025-06-10 18:00:00+00:00,12.6582,12.989807824779918,11.63732825595644,14.342287393603396,13.1987
WARD_A,2025-06-10 17:00:00+00:00,2025-06-10 18:00:00+00:00,15.1009,21.568705444273967,20.216225875450487,22.921185013097446,16.5508
WARD_B,2025-06-10 17:00:00+00:00,2025-06-10 18:00:00+00:00,13.819,15.179072472651539,13.826592903828061,16.531552041475017,16.3553
ICU,2025-06-10 18:00:00+00:00,2025-06-10 19:00:00+00:00,17.064,16.295856043966165,14.943376475142687,17.648335612789644,16.7885
OPD,2025-06-10 18:00:00+00:00,2025-06-10 19:00:00+00:00,12.3604,12.282317732247416,10.929838163423938,13.634797301070893,13.1653
WARD_A,2025-06-10 18:00:00+00:00,2025-06-10 19:00:00+00:00,14.9398,15.827262844673202,14.474783275849724,17.17974241349668,15.9468
WARD_B,2025-06-10 18:00:00+00:00,2025-06-10 19:00:00+00:00,14.7172,14.214634533519373,12.862154964695895,15.56711410234285,15.7458
ICU,2025-06-10 19:00:00+00:00,2025-06-10 20:00:00+00:00,17.2689,18.029360216550117,16.676880647726637,19.381839785373597,16.7608
OPD,2025-06-10 19:00:00+00:00,2025-06-10 20:00:00+00:00,12.9283,13.213788554474624,11.861308985651146,14.566268123298102,13.1643
WARD_A,2025-06-10 19:00:00+00:00,2025-06-10 20:00:00+00:00,14.8148,15.604218683474457,14.251739114650979,16.956698252297937,15.6584
WARD_B,2025-06-10 19:00:00+00:00,2025-06-10 20:00:00+00:00,14.5166,15.495974354392537,14.14349478556906,16.848453923216017,16.7035
ICU,2025-06-10 20:00:00+00:00,2025-06-10 21:00:00+00:00,15.5138,15.299129437935642,13.946649869112164,16.65160900675912,15.0806
WARD_A,2025-06-10 20:00:00+00:00,2025-06-10 21:00:00+00:00,13.4385,14.216213578464064,12.863734009640586,15.568693147287542,15.0397
WARD_B,2025-06-10 20:00:00+00:00,2025-06-10 21:00:00+00:00,13.9604,13.114356062917551,11.761876494094073,14.466835631741029,14.2969
ICU,2025-06-10 21:00:00+00:00,2025-06-10 22:00:00+00:00,14.6919,14.781251894992055,13.428772326168577,16.133731463815533,15.0984
OPD,2025-06-10 21:00:00+00:00,2025-06-10 22:00:00+00:00,10.6453,10.676387167796426,9.323907598972948,12.028866736619904,12.1816
WARD_A,2025-06-10 21:00:00+00:00,2025-06-10 22:00:00+00:00,12.2746,13.44972828817661,12.097248719353132,14.802207857000088,14.5934
ICU,2025-06-10 22:00:00+00:00,2025-06-10 23:00:00+00:00,15.3011,14.322066688273216,12.969587119449738,15.674546257096694,14.2724
OPD,2025-06-10 22:00:00+00:00,2025-06-10 23:00:00+00:00,11.1093,10.377084072766804,9.024604503943326,11.729563641590282,10.2509
WARD_A,2025-06-10 22:00:00+00:00,2025-06-10 23:00:00+00:00,13.5069,12.774709336505177,11.4222297676817,14.127188905328655,13.1208
WARD_B,2025-06-10 22:00:00+00:00,2025-06-10 23:00:00+00:00,13.1224,12.585989529276768,11.23350996045329,13.938469098100246,13.0038
ICU,2025-06-10 23:00:00+00:00,2025-06-11 00:00:00+00:00,13.1319,14.422440841861288,13.06996127303781,15.774920410684766,13.5836
OPD,2025-06-10 23:00:00+00:00,2025-06-11 00:00:00+00:00,8.7419,10.150888021863286,8.798408453039809,11.503367590686764,9.6523
WARD_A,2025-06-10 23:00:00+00:00,2025-06-11 00:00:00+00:00,11.4353,13.085955057086496,11.733475488263018,14.438434625909974,12.9601
WARD_B,2025-06-10 23:00:00+00:00,2025-06-11 00:00:00+00:00,16.565,12.241152435854614,10.888672867031136,13.593632004678092,13.432
ICU,2025-06-11 00:00:00+00:00,2025-06-11 01:00:00+00:00,13.2503,13.714066088992285,12.361586520168807,15.066545657815762,14.0984
OPD,2025-06-11 00:00:00+00:00,2025-06-11 01:00:00+00:00,8.8708,9.670809642581355,8.318330073757878,11.023289211404833,10.1716
WARD_A,2025-06-11 00:00:00+00:00,2025-06-11 01:00:00+00:00,12.1407,13.017304785959578,11.6648252171361,14.369784354783055,12.9644
WARD_B,2025-06-11 00:00:00+00:00,2025-06-11 01:00:00+00:00,16.6455,14.339978216443575,12.987498647620097,15.692457785267052,13.6861
ICU,2025-06-11 01:00:00+00:00,2025-06-11 02:00:00+00:00,14.4051,13.782507500896994,12.430027932073516,15.134987069720472,13.4447
OPD,2025-06-11 01:00:00+00:00,2025-06-11 02:00:00+00:00,9.7009,9.688485140788922,8.336005571965444,11.0409647096124,9.1564
WARD_A,2025-06-11 01:00:00+00:00,2025-06-11 02:00:00+00:00,13.32,13.361429346544725,12.008949777721247,14.713908915368203,12.7164
WARD_B,2025-06-11 01:00:00+00:00,2025-06-11 02:00:00+00:00,18.0643,14.556031753952835,13.203552185129357,15.908511322776313,12.6099
ICU,2025-06-11 02:00:00+00:00,2025-06-11 03:00:00+00:00,14.6541,14.03230774175633,12.679828172932853,15.384787310579808,13.8963
OPD,2025-06-11 02:00:00+00:00,2025-06-11 03:00:00+00:00,10.6949,9.75534040030472,8.402860831481242,11.107819969128197,8.829
WARD_A,2025-06-11 02:00:00+00:00,2025-06-11 03:00:00+00:00,12.5886,13.557511865447323,12.205032296623845,14.9099914342708,12.5064
WARD_B,2025-06-11 02:00:00+00:00,2025-06-11 03:00:00+00:00,18.2935,15.110404161401918,13.75792459257844,16.462883730225396,12.6193
ICU,2025-06-11 03:00:00+00:00,2025-06-11 04:00:00+00:00,14.3756,14.749452722159395,13.396973153335917,16.101932290982873,14.5295
OPD,2025-06-11 03:00:00+00:00,2025-06-11 04:00:00+00:00,9.516,10.236827031358663,8.884347462535185,11.589306600182141,10.2241
WARD_A,2025-06-11 03:00:00+00:00,2025-06-11 04:00:00+00:00,11.4526,13.498694018060982,12.146214449237505,14.85117358688446,13.6978
WARD_B,2025-06-11 03:00:00+00:00,2025-06-11 04:00:00+00:00,19.4542,15.40896838004927,14.056488811225792,16.76144794887275,13.3462
ICU,2025-06-11 04:00:00+00:00,2025-06-11 05:00:00+00:00,14.375,14.796632685640727,13.44415311681725,16.149112254464207,14.087
OPD,2025-06-11 04:00:00+00:00,2025-06-11 05:00:00+00:00,10.0087,10.357517627174358,9.00503805835088,11.709997195997836,10.1746
WARD_A,2025-06-11 04:00:00+00:00,2025-06-11 05:00:00+00:00,12.6307,13.296898456553784,11.944418887730306,14.649378025377262,14.2114
WARD_B,2025-06-11 04:00:00+00:00,2025-06-11 05:00:00+00:00,19.2373,16.423303438619623,15.070823869796145,17.775783007443103,13.0233
ICU,2025-06-11 05:00:00+00:00,2025-06-11 06:00:00+00:00,17.93,16.438980705737325,15.086501136913848,17.791460274560805,17.4248
OPD,2025-06-11 05:00:00+00:00,2025-06-11 06:00:00+00:00,12.543,11.972105649664481,10.619626080841003,13.32458521848796,12.2953
WARD_A,2025-06-11 05:00:00+00:00,2025-06-11 06:00:00+00:00,15.5945,15.715945689669196,14.363466120845718,17.068425258492674,16.4258
WARD_B,2025-06-11 05:00:00+00:00,2025-06-11 06:00:00+00:00,20.7451,17.890182476025533,16.537702907202053,19.242662044849013,15.2474
ICU,2025-06-11 06:00:00+00:00,2025-06-11 07:00:00+00:00,15.3026,16.157902178496034,14.805422609672556,17.510381747319514,15.5028
OPD,2025-06-11 06:00:00+00:00,2025-06-11 07:00:00+00:00,10.4087,11.869026630604848,10.51654706178137,13.221506199428326,11.0552
WARD_A,2025-06-11 06:00:00+00:00,2025-06-11 07:00:00+00:00,12.4447,15.222749251056603,13.870269682233126,16.57522881988008,13.5639
WARD_B,2025-06-11 06:00:00+00:00,2025-06-11 07:00:00+00:00,18.4661,19.480691116104467,18.128211547280987,20.833170684927946,14.372
ICU,2025-06-11 07:00:00+00:00,2025-06-11 08:00:00+00:00,17.4274,17.157642520386513,15.805162951563036,18.510122089209993,17.4059
OPD,2025-06-11 07:00:00+00:00,2025-06-11 08:00:00+00:00,14.8072,15.68261530050375,14.330135731680272,17.035094869327228,17.7351
WARD_A,2025-06-11 07:00:00+00:00,2025-06-11 08:00:00+00:00,15.3791,16.27237601274237,14.919896443918892,17.62485558156585,16.8185
WARD_B,2025-06-11 07:00:00+00:00,2025-06-11 08:00:00+00:00,22.5918,17.9235829108273,16.57110334200382,19.27606247965078,16.0678
ICU,2025-06-11 08:00:00+00:00,2025-06-11 09:00:00+00:00,16.8858,17.92622342450682,16.57374385568334,19.2787029933303,17.6546
OPD,2025-06-11 08:00:00+00:00,2025-06-11 09:00:00+00:00,16.2598,16.24720418627225,14.894724617448771,17.59968375509573,15.8851
WARD_A,2025-06-11 08:00:00+00:00,2025-06-11 09:00:00+00:00,14.1538,16.970860848137644,15.618381279314166,18.323340416961123,16.7142
WARD_B,2025-06-11 08:00:00+00:00,2025-06-11 09:00:00+00:00,22.0501,23.29706792402065,21.94458835519717,24.64954749284413,16.0754
ICU,2025-06-11 09:00:00+00:00,2025-06-11 10:00:00+00:00,17.769,18.159667145546898,16.80718757672342,19.512146714370378,18.1982
OPD,2025-06-11 09:00:00+00:00,2025-06-11 10:00:00+00:00,16.0537,17.05820763893029,15.705728070106813,18.41068720775377,17.5686
WARD_A,2025-06-11 09:00:00+00:00,2025-06-11 10:00:00+00:00,15.9464,16.90666130146077,15.554181732637291,18.25914087028425,16.8293
WARD_B,2025-06-11 09:00:00+00:00,2025-06-11 10:00:00+00:00,21.7009,22.08869693927405,20.73621737045057,23.44117650809753,17.2202
ICU,2025-06-11 10:00:00+00:00,2025-06-11 11:00:00+00:00,18.4386,18.63775940297814,17.28527983415466,19.99023897180162,19.4952
OPD,2025-06-11 10:00:00+00:00,2025-06-11 11:00:00+00:00,17.8871,17.16624208084973,15.813762512026253,18.51872164967321,18.569
WARD_A,2025-06-11 10:00:00+00:00,2025-06-11 11:00:00+00:00,16.0839,17.337736807213293,15.985257238389815,18.690216376036773,17.2544
WARD_B,2025-06-11 10:00:00+00:00,2025-06-11 11:00:00+00:00,24.0288,21.16467879439184,19.81219922556836,22.51715836321532,18.6214
ICU,2025-06-11 11:00:00+00:00,2025-06-11 12:00:00+00:00,17.7333,19.09725646846922,17.74477689964574,20.4497360372927,19.4259
OPD,2025-06-11 11:00:00+00:00,2025-06-11 12:00:00+00:00,17.0333,18.517446522984038,17.16496695416056,19.869926091807518,18.8576
WARD_A,2025-06-11 11:00:00+00:00,2025-06-11 12:00:00+00:00,16.2659,17.282883845355656,15.930404276532178,18.635363414179135,18.8199
WARD_B,2025-06-11 11:00:00+00:00,2025-06-11 12:00:00+00:00,22.4352,24.50761286845488,23.1551332996314,25.86009243727836,17.8821
ICU,2025-06-11 12:00:00+00:00,2025-06-11 13:00:00+00:00,18.8639,18.930193401373895,17.577713832550415,20.282672970197375,18.5842
OPD,2025-06-11 12:00:00+00:00,2025-06-11 13:00:00+00:00,18.0097,18.11655616874148,16.764076599918,19.46903573756496,16.6964
WARD_A,2025-06-11 12:00:00+00:00,2025-06-11 13:00:00+00:00,17.3082,17.42226310815477,16.06978353933129,18.77474267697825,18.4781
WARD_B,2025-06-11 12:00:00+00:00,2025-06-11 13:00:00+00:00,16.5647,22.76040226120292,21.40792269237944,24.1128818300264,18.2805
ICU,2025-06-11 13:00:00+00:00,2025-06-11 14:00:00+00:00,19.7653,20.90005581607941,19.54757624725593,22.252535384902888,21.2345
OPD,2025-06-11 13:00:00+00:00,2025-06-11 14:00:00+00:00,20.5321,20.077740899600343,18.725261330776863,21.430220468423823,22.9318
WARD_A,2025-06-11 13:00:00+00:00,2025-06-11 14:00:00+00:00,18.5646,19.40134647144506,18.04886690262158,20.75382604026854,20.1139
WARD_B,2025-06-11 13:00:00+00:00,2025-06-11 14:00:00+00:00,17.6964,19.84133151538549,18.48885194656201,21.19381108420897,20.3248
ICU,2025-06-11 14:00:00+00:00,2025-06-11 15:00:00+00:00,19.1623,18.905208732251072,17.552729163427593,20.257688301074552,19.6263
OPD,2025-06-11 14:00:00+00:00,2025-06-11 15:00:00+00:00,19.1052,18.82658552630263,17.47410595747915,20.17906509512611,17.4334
WARD_A,2025-06-11 14:00:00+00:00,2025-06-11 15:00:00+00:00,16.9609,17.724692368948926,16.372212800125446,19.077171937772405,19.6498
WARD_B,2025-06-11 14:00:00+00:00,2025-06-11 15:00:00+00:00,16.6552,17.90531542633922,16.552835857515742,19.2577949951627,19.7906
ICU,2025-06-11 15:00:00+00:00,2025-06-11 16:00:00+00:00,18.384,18.973783403413226,17.621303834589746,20.326262972236705,18.7841
OPD,2025-06-11 15:00:00+00:00,2025-06-11 16:00:00+00:00,17.2594,18.263873482267158,16.91139391344368,19.616353051090638,19.1785
WARD_A,2025-06-11 15:00:00+00:00,2025-06-11 16:00:00+00:00,16.5423,17.512472441515474,16.159992872691994,18.864952010338953,18.9206
WARD_B,2025-06-11 15:00:00+00:00,2025-06-11 16:00:00+00:00,16.3894,18.36527094319298,17.0127913743695,19.71775051201646,17.4492
ICU,2025-06-11 16:00:00+00:00,2025-06-11 17:00:00+00:00,18.9977,18.395064888352668,17.042585319529188,19.747544457176147,19.1966
OPD,2025-06-11 16:00:00+00:00,2025-06-11 17:00:00+00:00,16.8652,17.211955717096945,15.859476148273467,18.564435285920425,19.7186
WARD_A,2025-06-11 16:00:00+00:00,2025-06-11 17:00:00+00:00,17.7062,16.687464676229435,15.334985107405958,18.039944245052915,18.4003
WARD_B,2025-06-11 16:00:00+00:00,2025-06-11 17:00:00+00:00,17.8374,17.282532787706575,15.930053218883097,18.635012356530055,17.9999
ICU,2025-06-11 17:00:00+00:00,2025-06-11 18:00:00+00:00,17.7928,17.239370339244218,15.88689077042074,18.591849908067697,17.2822
OPD,2025-06-11 17:00:00+00:00,2025-06-11 18:00:00+00:00,12.7971,13.944912181696896,12.592432612873418,15.297391750520374,12.399
WARD_A,2025-06-11 17:00:00+00:00,2025-06-11 18:00:00+00:00,14.1545,15.42584329529166,14.073363726468182,16.77832286411514,15.5591
WARD_B,2025-06-11 17:00:00+00:00,2025-06-11 18:00:00+00:00,14.6081,17.181707625685892,15.829228056862414,18.53418719450937,15.8326
ICU,2025-06-11 18:00:00+00:00,2025-06-11 19:00:00+00:00,16.9815,17.159118547454927,15.80663897863145,18.511598116278407,16.2482
OPD,2025-06-11 18:00:00+00:00,2025-06-11 19:00:00+00:00,13.1529,12.533744533455035,11.181264964631557,13.886224102278513,12.1515
WARD_A,2025-06-11 18:00:00+00:00,2025-06-11 19:00:00+00:00,14.4649,14.44695146643149,13.094471897608011,15.799431035254967,15.6247
WARD_B,2025-06-11 18:00:00+00:00,2025-06-11 19:00:00+00:00,14.8843,15.394139235986104,14.041659667162627,16.746618804809582,15.6189
ICU,2025-06-11 19:00:00+00:00,2025-06-11 20:00:00+00:00,16.8638,17.997078058020143,16.644598489196664,19.349557626843623,18.6168
OPD,2025-06-11 19:00:00+00:00,2025-06-11 20:00:00+00:00,13.3937,13.495437505788024,12.142957936964546,14.847917074611502,14.0513
WARD_A,2025-06-11 19:00:00+00:00,2025-06-11 20:00:00+00:00,15.2761,15.501778088861547,14.14929852003807,16.854257657685025,17.7691
WARD_B,2025-06-11 19:00:00+00:00,2025-06-11 20:00:00+00:00,15.1009,16.217823915546646,14.865344346723168,17.570303484370125,15.9266
ICU,2025-06-11 20:00:00+00:00,2025-06-11 21:00:00+00:00,14.7974,15.58308246526044,14.230602896436961,16.93556203408392,15.5822
WARD_A,2025-06-11 20:00:00+00:00,2025-06-11 21:00:00+00:00,12.9553,13.334677763700059,11.982198194876581,14.687157332523537,15.8506
WARD_B,2025-06-11 20:00:00+00:00,2025-06-11 21:00:00+00:00,12.4965,14.778455452005758,13.42597588318228,16.130935020829238,16.5031
ICU,2025-06-11 21:00:00+00:00,2025-06-11 22:00:00+00:00,13.9928,14.700543597727231,13.348064028903753,16.05302316655071,15.4069
OPD,2025-06-11 21:00:00+00:00,2025-06-11 22:00:00+00:00,9.0259,10.775816504920446,9.423336936096968,12.128296073743924,11.1242
WARD_A,2025-06-11 21:00:00+00:00,2025-06-11 22:00:00+00:00,11.2942,12.919672654229387,11.56719308540591,14.272152223052865,14.857
ICU,2025-06-11 22:00:00+00:00,2025-06-11 23:00:00+00:00,13.5376,14.147680943833699,12.79520137501022,15.500160512657176,14.6619
OPD,2025-06-11 22:00:00+00:00,2025-06-11 23:00:00+00:00,9.9815,9.925894873964449,8.573415305140971,11.278374442787927,10.665
WARD_A,2025-06-11 22:00:00+00:00,2025-06-11 23:00:00+00:00,12.3217,11.912314066286,10.559834497462521,13.264793635109477,14.3552
WARD_B,2025-06-11 22:00:00+00:00,2025-06-11 23:00:00+00:00,11.5921,13.189021921102391,11.836542352278913,14.541501489925869,14.4879
ICU,2025-06-11 23:00:00+00:00,2025-06-12 00:00:00+00:00,13.9169,13.92388776919095,12.571408200367472,15.276367338014428,14.5669
OPD,2025-06-11 23:00:00+00:00,2025-06-12 00:00:00+00:00,8.9323,9.998274578383437,8.64579500955996,11.350754147206915,10.4912
WARD_A,2025-06-11 23:00:00+00:00,2025-06-12 00:00:00+00:00,11.3502,12.25091663475199,10.898437065928512,13.603396203575468,13.5613
WARD_B,2025-06-11 23:00:00+00:00,2025-06-12 00:00:00+00:00,11.7445,13.267474158453542,11.914994589630064,14.61995372727702,13.1941
ICU,2025-06-12 00:00:00+00:00,2025-06-12 01:00:00+00:00,14.1831,13.723878686411014,12.371399117587536,15.076358255234492,14.5375
OPD,2025-06-12 00:00:00+00:00,2025-06-12 01:00:00+00:00,9.3268,9.718127748709753,8.365648179886275,11.07060731753323,10.2566
WARD_A,2025-06-12 00:00:00+00:00,2025-06-12 01:00:00+00:00,11.9232,11.713456664728648,10.36097709590517,13.065936233552126,14.3749
WARD_B,2025-06-12 00:00:00+00:00,2025-06-12 01:00:00+00:00,11.2325,13.62314305960506,12.270663490781581,14.975622628428537,13.4076
ICU,2025-06-12 01:00:00+00:00,2025-06-12 02:00:00+00:00,12.8028,13.803834051538525,12.451354482715047,15.156313620362003,14.1023
OPD,2025-06-12 01:00:00+00:00,2025-06-12 02:00:00+00:00,8.9042,9.634421690641371,8.281942121817893,10.98690125946485,10.8504
WARD_A,2025-06-12 01:00:00+00:00,2025-06-12 02:00:00+00:00,10.7933,11.954463610312425,10.601984041488947,13.306943179135903,13.4224
WARD_B,2025-06-12 01:00:00+00:00,2025-06-12 02:00:00+00:00,11.0423,13.337817525202315,11.985337956378837,14.690297094025793,13.5075
ICU,2025-06-12 02:00:00+00:00,2025-06-12 03:00:00+00:00,13.0822,13.951438803010763,12.598959234187285,15.303918371834241,14.3046
OPD,2025-06-12 02:00:00+00:00,2025-06-12 03:00:00+00:00,8.4368,9.779586319685254,8.427106750861777,11.132065888508732,10.1179
WARD_A,2025-06-12 02:00:00+00:00,2025-06-12 03:00:00+00:00,10.6727,11.944151256085018,10.59167168726154,13.296630824908496,14.3755
WARD_B,2025-06-12 02:00:00+00:00,2025-06-12 03:00:00+00:00,12.0342,13.41186523538365,12.059385666560171,14.764344804207127,13.2774
ICU,2025-06-12 03:00:00+00:00,2025-06-12 04:00:00+00:00,12.7752,14.058805036846824,12.706325468023346,15.411284605670302,14.3501
OPD,2025-06-12 03:00:00+00:00,2025-06-12 04:00:00+00:00,20.8951,9.896859244102673,8.544379675279195,11.249338812926151,10.0052
WARD_A,2025-06-12 03:00:00+00:00,2025-06-12 04:00:00+00:00,11.2866,12.125530082026321,10.773050513202843,13.478009650849799,13.398
WARD_B,2025-06-12 03:00:00+00:00,2025-06-12 04:00:00+00:00,10.4975,13.602128823912615,12.249649255089137,14.954608392736093,12.4682
ICU,2025-06-12 04:00:00+00:00,2025-06-12 05:00:00+00:00,13.3774,14.173360763520051,12.820881194696574,15.52584033234353,15.6061
OPD,2025-06-12 04:00:00+00:00,2025-06-12 05:00:00+00:00,21.0443,16.968571571396737,15.616092002573259,18.321051140220217,12.0205
WARD_A,2025-06-12 04:00:00+00:00,2025-06-12 05:00:00+00:00,11.8016,11.561881882626674,10.209402313803196,12.914361451450151,14.1088
WARD_B,2025-06-12 04:00:00+00:00,2025-06-12 05:00:00+00:00,12.6848,13.446105155902988,12.09362558707951,14.798584724726465,14.0985
ICU,2025-06-12 05:00:00+00:00,2025-06-12 06:00:00+00:00,16.6407,16.29024038652012,14.937760817696644,17.6427199553436,16.9369
OPD,2025-06-12 05:00:00+00:00,2025-06-12 06:00:00+00:00,24.2191,18.20269410971317,16.85021454088969,19.55517367853665,12.3214
WARD_A,2025-06-12 05:00:00+00:00,2025-06-12 06:00:00+00:00,15.2215,13.70494457086314,12.352465002039661,15.057424139686617,15.4642
WARD_B,2025-06-12 05:00:00+00:00,2025-06-12 06:00:00+00:00,14.715,15.515077975720741,14.162598406897263,16.86755754454422,15.902
ICU,2025-06-12 06:00:00+00:00,2025-06-12 07:00:00+00:00,14.3262,15.641955408659685,14.289475839836207,16.994434977483163,15.5857
OPD,2025-06-12 06:00:00+00:00,2025-06-12 07:00:00+00:00,22.2272,22.68505623049172,21.33257666166824,24.0375357993152,11.3961
WARD_A,2025-06-12 06:00:00+00:00,2025-06-12 07:00:00+00:00,12.9854,14.164807981013542,12.812328412190064,15.51728754983702,14.9478
WARD_B,2025-06-12 06:00:00+00:00,2025-06-12 07:00:00+00:00,13.0618,14.944745897537631,13.592266328714153,16.29722546636111,14.4758
ICU,2025-06-12 07:00:00+00:00,2025-06-12 08:00:00+00:00,16.1099,16.74757967650687,15.395100107683392,18.10005924533035,17.8374
OPD,2025-06-12 07:00:00+00:00,2025-06-12 08:00:00+00:00,26.9262,23.474869805791972,22.122390236968492,24.82734937461545,15.7163
WARD_A,2025-06-12 07:00:00+00:00,2025-06-12 08:00:00+00:00,15.2472,15.457883130959717,14.105403562136239,16.810362699783195,16.7627
WARD_B,2025-06-12 07:00:00+00:00,2025-06-12 08:00:00+00:00,14.1231,15.903824579875128,14.55134501105165,17.256304148698607,17.2182
ICU,2025-06-12 08:00:00+00:00,2025-06-12 09:00:00+00:00,17.1025,17.462464226512818,16.10998465768934,18.814943795336298,18.5814
OPD,2025-06-12 08:00:00+00:00,2025-06-12 09:00:00+00:00,28.1452,28.416525485965916,27.064045917142437,29.769005054789396,18.3571
WARD_A,2025-06-12 08:00:00+00:00,2025-06-12 09:00:00+00:00,16.1789,15.876442883687346,14.523963314863868,17.228922452510826,17.6024
WARD_B,2025-06-12 08:00:00+00:00,2025-06-12 09:00:00+00:00,16.7343,16.074452195905053,14.721972627081575,17.426931764728533,16.4052
ICU,2025-06-12 09:00:00+00:00,2025-06-12 10:00:00+00:00,17.9909,18.48923943623441,17.13675986741093,19.84171900505789,17.8164
OPD,2025-06-12 09:00:00+00:00,2025-06-12 10:00:00+00:00,27.8906,28.761755579289865,27.409276010466385,30.114235148113345,17.9545
WARD_A,2025-06-12 09:00:00+00:00,2025-06-12 10:00:00+00:00,17.0338,16.64195909252074,15.289479523697262,17.99443866134422,17.0349
WARD_B,2025-06-12 09:00:00+00:00,2025-06-12 10:00:00+00:00,16.4541,17.251393529040943,15.898913960217465,18.603873097864422,16.6752
ICU,2025-06-12 10:00:00+00:00,2025-06-12 11:00:00+00:00,19.1671,18.474330266632165,17.121850697808686,19.826809835455645,19.3144
OPD,2025-06-12 10:00:00+00:00,2025-06-12 11:00:00+00:00,28.4611,28.522048462808783,27.169568893985304,29.874528031632263,19.1867
WARD_A,2025-06-12 10:00:00+00:00,2025-06-12 11:00:00+00:00,16.7372,17.03296018606965,15.680480617246173,18.38543975489313,18.4635
WARD_B,2025-06-12 10:00:00+00:00,2025-06-12 11:00:00+00:00,16.0893,16.748190551450637,15.39571098262716,18.100670120274117,17.7084
ICU,2025-06-12 11:00:00+00:00,2025-06-12 12:00:00+00:00,19.1244,19.227178231447475,17.874698662623995,20.579657800270954,20.0781
OPD,2025-06-12 11:00:00+00:00,2025-06-12 12:00:00+00:00,28.6771,29.29229137767671,27.939811808853232,30.64477094650019,20.2745
WARD_A,2025-06-12 11:00:00+00:00,2025-06-12 12:00:00+00:00,17.2786,17.445986779495534,16.093507210672055,18.798466348319014,19.3543
WARD_B,2025-06-12 11:00:00+00:00,2025-06-12 12:00:00+00:00,17.6288,16.99063144605182,15.638151877228344,18.3431110148753,19.139
ICU,2025-06-12 12:00:00+00:00,2025-06-12 13:00:00+00:00,19.8143,19.304874018553384,17.952394449729905,20.657353587376864,18.5088
OPD,2025-06-12 12:00:00+00:00,2025-06-12 13:00:00+00:00,19.1503,29.393693095529514,28.041213526706034,30.746172664352994,16.4147
WARD_A,2025-06-12 12:00:00+00:00,2025-06-12 13:00:00+00:00,17.072,17.639045571074554,16.286566002251075,18.991525139898034,17.6351
WARD_B,2025-06-12 12:00:00+00:00,2025-06-12 13:00:00+00:00,17.2603,17.42063299658957,16.06815342776609,18.77311256541305,17.2683
ICU,2025-06-12 13:00:00+00:00,2025-06-12 14:00:00+00:00,19.3911,21.096819844978317,19.744340276154837,22.449299413801796,21.5739
OPD,2025-06-12 13:00:00+00:00,2025-06-12 14:00:00+00:00,20.0878,21.11568043622683,19.763200867403352,22.46816000505031,18.6286
WARD_A,2025-06-12 13:00:00+00:00,2025-06-12 14:00:00+00:00,18.2126,18.96469783810029,17.61221826927681,20.31717740692377,21.6312
WARD_B,2025-06-12 13:00:00+00:00,2025-06-12 14:00:00+00:00,17.2567,18.64713434293919,17.29465477411571,19.99961391176267,19.3764
ICU,2025-06-12 14:00:00+00:00,2025-06-12 15:00:00+00:00,19.3489,18.441837163676208,17.08935759485273,19.794316732499688,19.8186
OPD,2025-06-12 14:00:00+00:00,2025-06-12 15:00:00+00:00,17.0907,19.277118085819065,17.924638516995586,20.629597654642545,17.9716
WARD_A,2025-06-12 14:00:00+00:00,2025-06-12 15:00:00+00:00,18.3722,17.363035961568553,16.010556392745073,18.715515530392032,18.746
WARD_B,2025-06-12 14:00:00+00:00,2025-06-12 15:00:00+00:00,16.8714,16.55126424035368,15.198784671530204,17.90374380917716,17.3501
ICU,2025-06-12 15:00:00+00:00,2025-06-12 16:00:00+00:00,17.5278,19.021679925802804,17.669200356979324,20.374159494626284,19.7258
OPD,2025-06-12 15:00:00+00:00,2025-06-12 16:00:00+00:00,17.1802,18.523015600403244,17.170536031579765,19.875495169226724,19.5342
WARD_A,2025-06-12 15:00:00+00:00,2025-06-12 16:00:00+00:00,16.081,17.474916423066897,16.122436854243418,18.827395991890377,18.3718
WARD_B,2025-06-12 15:00:00+00:00,2025-06-12 16:00:00+00:00,16.6597,16.770634619763864,15.418155050940387,18.123114188587344,17.5652
ICU,2025-06-12 16:00:00+00:00,2025-06-12 17:00:00+00:00,19.5201,17.84215665890058,16.4896770900771,19.19463622772406,19.2088
OPD,2025-06-12 16:00:00+00:00,2025-06-12 17:00:00+00:00,18.2787,18.25412779179374,16.90164822297026,19.606607360617218,18.494
WARD_A,2025-06-12 16:00:00+00:00,2025-06-12 17:00:00+00:00,17.7039,16.738985742098144,15.386506173274666,18.091465310921624,18.9363
WARD_B,2025-06-12 16:00:00+00:00,2025-06-12 17:00:00+00:00,18.5961,16.438467428312922,15.085987859489444,17.790946997136402,19.0311
ICU,2025-06-12 17:00:00+00:00,2025-06-12 18:00:00+00:00,17.0152,17.182873417247897,15.83039384842442,18.535352986071377,17.67
OPD,2025-06-12 17:00:00+00:00,2025-06-12 18:00:00+00:00,11.9645,16.27781504745275,14.925335478629274,17.63029461627623,12.9062
WARD_A,2025-06-12 17:00:00+00:00,2025-06-12 18:00:00+00:00,15.371,15.12971399963838,13.777234430814902,16.48219356846186,16.9766
WARD_B,2025-06-12 17:00:00+00:00,2025-06-12 18:00:00+00:00,14.6226,15.259151051099703,13.906671482276225,16.611630619923183,15.8134
ICU,2025-06-12 18:00:00+00:00,2025-06-12 19:00:00+00:00,15.9878,16.508064481739506,15.155584912916028,17.860544050562986,16.9091
OPD,2025-06-12 18:00:00+00:00,2025-06-12 19:00:00+00:00,12.8729,13.353033008654075,12.000553439830597,14.705512577477553,11.3911
WARD_A,2025-06-12 18:00:00+00:00,2025-06-12 19:00:00+00:00,13.5609,14.646585824766925,13.294106255943447,15.999065393590403,15.5445
WARD_B,2025-06-12 18:00:00+00:00,2025-06-12 19:00:00+00:00,14.1161,14.558122118499856,13.205642549676378,15.910601687323334,15.6583
ICU,2025-06-12 19:00:00+00:00,2025-06-12 20:00:00+00:00,17.6433,17.735209498290107,16.382729929466628,19.087689067113587,16.2118
OPD,2025-06-12 19:00:00+00:00,2025-06-12 20:00:00+00:00,12.3476,14.540808845226294,13.188329276402817,15.893288414049772,12.7559
WARD_A,2025-06-12 19:00:00+00:00,2025-06-12 20:00:00+00:00,14.4522,15.210980739614406,13.858501170790928,16.563460308437886,16.5442
WARD_B,2025-06-12 19:00:00+00:00,2025-06-12 20:00:00+00:00,14.9826,15.579636535905557,14.22715696708208,16.932116104729037,15.5022
ICU,2025-06-12 20:00:00+00:00,2025-06-12 21:00:00+00:00,14.2641,15.084946810710372,13.732467241886894,16.43742637953385,15.2344
OPD,2025-06-12 20:00:00+00:00,2025-06-12 21:00:00+00:00,9.8183,12.921121519512612,11.568641950689134,14.27360108833609,10.7263
WARD_A,2025-06-12 20:00:00+00:00,2025-06-12 21:00:00+00:00,12.4129,13.184093408123736,11.831613839300259,14.536572976947214,13.9709
WARD_B,2025-06-12 20:00:00+00:00,2025-06-12 21:00:00+00:00,12.627,13.332052133887878,11.9795725650644,14.684531702711356,13.9869
ICU,2025-06-12 21:00:00+00:00,2025-06-12 22:00:00+00:00,15.1943,14.16015841726193,12.807678848438453,15.512637986085409,14.4536
OPD,2025-06-12 21:00:00+00:00,2025-06-12 22:00:00+00:00,11.7634,11.239752546605956,9.887272977782478,12.592232115429434,10.1739
WARD_A,2025-06-12 21:00:00+00:00,2025-06-12 22:00:00+00:00,12.4006,12.539151559750325,11.186671990926847,13.891631128573803,11.3187
WARD_B,2025-06-12 21:00:00+00:00,2025-06-12 22:00:00+00:00,13.8997,12.37110359422021,11.018624025396733,13.723583163043688,12.6054
ICU,2025-06-12 22:00:00+00:00,2025-06-12 23:00:00+00:00,14.8559,13.911092323009209,12.55861275418573,15.263571891832687,15.6604
OPD,2025-06-12 22:00:00+00:00,2025-06-12 23:00:00+00:00,11.5285,11.111148745984487,9.758669177161009,12.463628314807965,11.3985
WARD_A,2025-06-12 22:00:00+00:00,2025-06-12 23:00:00+00:00,14.4778,11.993922723543829,10.641443154720351,13.346402292367307,13.9689
WARD_B,2025-06-12 22:00:00+00:00,2025-06-12 23:00:00+00:00,14.0504,12.449673831115465,11.097194262291987,13.802153399938943,13.7131
ICU,2025-06-12 23:00:00+00:00,2025-06-13 00:00:00+00:00,13.6569,13.969470032436808,12.61699046361333,15.321949601260286,15.3261
OPD,2025-06-12 23:00:00+00:00,2025-06-13 00:00:00+00:00,10.0071,11.313831929318933,9.961352360495455,12.666311498142411,11.6919
WARD_A,2025-06-12 23:00:00+00:00,2025-06-13 00:00:00+00:00,11.7288,12.624500267746612,11.272020698923134,13.97697983657009,14.2937
WARD_B,2025-06-12 23:00:00+00:00,2025-06-13 00:00:00+00:00,12.1289,12.54312310493137,11.190643536107892,13.895602673754848,13.0922
ICU,2025-06-13 00:00:00+00:00,2025-06-13 01:00:00+00:00,13.1693,13.710819691397573,12.358340122574095,15.06329926022105,14.2467
OPD,2025-06-13 00:00:00+00:00,2025-06-13 01:00:00+00:00,9.5497,11.18108571091801,9.828606142094532,12.533565279741488,9.4144
WARD_A,2025-06-13 00:00:00+00:00,2025-06-13 01:00:00+00:00,11.0343,11.787630084391006,10.435150515567528,13.140109653214484,12.9488
WARD_B,2025-06-13 00:00:00+00:00,2025-06-13 01:00:00+00:00,11.608,12.015983270113958,10.66350370129048,13.368462838937436,12.147
ICU,2025-06-13 01:00:00+00:00,2025-06-13 02:00:00+00:00,12.6617,13.53219697116224,12.179717402338762,14.884676539985717,13.4063
OPD,2025-06-13 01:00:00+00:00,2025-06-13 02:00:00+00:00,9.1284,10.629901397468155,9.277421828644677,11.982380966291633,8.3849
WARD_A,2025-06-13 01:00:00+00:00,2025-06-13 02:00:00+00:00,10.9718,11.692112264320563,10.339632695497086,13.044591833144041,12.1107
WARD_B,2025-06-13 01:00:00+00:00,2025-06-13 02:00:00+00:00,10.1134,11.670672088606475,10.318192519782997,13.023151657429953,12.0724
ICU,2025-06-13 02:00:00+00:00,2025-06-13 03:00:00+00:00,13.1945,13.285612094258429,11.933132525434951,14.638091663081907,13.8965
OPD,2025-06-13 02:00:00+00:00,2025-06-13 03:00:00+00:00,9.004,10.539370881213994,9.186891312390516,11.891850450037472,10.3688
WARD_A,2025-06-13 02:00:00+00:00,2025-06-13 03:00:00+00:00,11.0393,11.531584612684194,10.179105043860716,12.884064181507672,14.1097
WARD_B,2025-06-13 02:00:00+00:00,2025-06-13 03:00:00+00:00,12.035,11.642472645379788,10.28999307655631,12.994952214203266,12.8299
ICU,2025-06-13 03:00:00+00:00,2025-06-13 04:00:00+00:00,13.3731,13.652836105523123,12.300356536699645,15.005315674346601,14.0208
OPD,2025-06-13 03:00:00+00:00,2025-06-13 04:00:00+00:00,9.4935,10.760022801972783,9.407543233149305,12.11250237079626,9.7484
WARD_A,2025-06-13 03:00:00+00:00,2025-06-13 04:00:00+00:00,11.6165,11.727740590368244,10.375261021544766,13.080220159191722,14.1224
WARD_B,2025-06-13 03:00:00+00:00,2025-06-13 04:00:00+00:00,11.1885,12.249762981286528,10.89728341246305,13.602242550110006,13.0602
ICU,2025-06-13 04:00:00+00:00,2025-06-13 05:00:00+00:00,14.0597,13.796077709896284,12.443598141072806,15.148557278719762,16.1979
OPD,2025-06-13 04:00:00+00:00,2025-06-13 05:00:00+00:00,10.0763,12.50219270573917,11.149713136915691,13.854672274562647,11.0142
WARD_A,2025-06-13 04:00:00+00:00,2025-06-13 05:00:00+00:00,12.5918,12.001812150708878,10.6493325818854,13.354291719532355,14.6907
WARD_B,2025-06-13 04:00:00+00:00,2025-06-13 05:00:00+00:00,12.4202,11.740403016644771,10.387923447821294,13.09288258546825,13.6108
ICU,2025-06-13 05:00:00+00:00,2025-06-13 06:00:00+00:00,16.3704,16.368727156040702,15.016247587217224,17.72120672486418,16.9987
OPD,2025-06-13 05:00:00+00:00,2025-06-13 06:00:00+00:00,11.6958,14.699861198287056,13.347381629463579,16.052340767110536,12.1373
WARD_A,2025-06-13 05:00:00+00:00,2025-06-13 06:00:00+00:00,16.2879,13.877934563351324,12.525454994527847,15.230414132174802,15.2522
WARD_B,2025-06-13 05:00:00+00:00,2025-06-13 06:00:00+00:00,13.9401,14.262330536333055,12.909850967509577,15.614810105156533,14.7462
ICU,2025-06-13 06:00:00+00:00,2025-06-13 07:00:00+00:00,14.829,15.492783143018979,14.140303574195501,16.84526271184246,16.0493
OPD,2025-06-13 06:00:00+00:00,2025-06-13 07:00:00+00:00,10.8841,13.14367680110635,11.791197232282872,14.496156369929828,11.3801
WARD_A,2025-06-13 06:00:00+00:00,2025-06-13 07:00:00+00:00,13.1413,14.488964799788445,13.136485230964967,15.841444368611922,13.581
WARD_B,2025-06-13 06:00:00+00:00,2025-06-13 07:00:00+00:00,13.9441,13.744651173447542,12.392171604624064,15.09713074227102,14.0199
ICU,2025-06-13 07:00:00+00:00,2025-06-13 08:00:00+00:00,15.7193,16.75374443880755,15.401264869984074,18.10622400763103,17.5219
OPD,2025-06-13 07:00:00+00:00,2025-06-13 08:00:00+00:00,15.4407,16.558488276544626,15.206008707721148,17.910967845368106,17.1658
WARD_A,2025-06-13 07:00:00+00:00,2025-06-13 08:00:00+00:00,14.6166,15.673736268813304,14.321256699989826,17.026215837636784,16.2751
WARD_B,2025-06-13 07:00:00+00:00,2025-06-13 08:00:00+00:00,15.7689,15.651625875767303,14.299146306943825,17.00410544459078,15.4672
ICU,2025-06-13 08:00:00+00:00,2025-06-13 09:00:00+00:00,16.7414,17.425444871397445,16.072965302573966,18.777924440220925,18.6266
OPD,2025-06-13 08:00:00+00:00,2025-06-13 09:00:00+00:00,16.1968,16.89597184816775,15.543492279344273,18.24845141699123,16.477
WARD_A,2025-06-13 08:00:00+00:00,2025-06-13 09:00:00+00:00,15.9624,15.74581753569459,14.393337966871112,17.098297104518068,17.9426
WARD_B,2025-06-13 08:00:00+00:00,2025-06-13 09:00:00+00:00,16.6872,16.222601478554342,14.870121909730864,17.57508104737782,16.0407
ICU,2025-06-13 09:00:00+00:00,2025-06-13 10:00:00+00:00,17.2805,18.204801106490297,16.852321537666818,19.557280675313777,18.1161
OPD,2025-06-13 09:00:00+00:00,2025-06-13 10:00:00+00:00,17.4327,17.345719496712753,15.993239927889276,18.698199065536233,18.0434
WARD_A,2025-06-13 09:00:00+00:00,2025-06-13 10:00:00+00:00,16.5907,16.940911321487707,15.58843175266423,18.293390890311187,16.657
WARD_B,2025-06-13 09:00:00+00:00,2025-06-13 10:00:00+00:00,15.9961,17.11550096376138,15.763021394937903,18.46798053258486,16.9043
ICU,2025-06-13 10:00:00+00:00,2025-06-13 11:00:00+00:00,18.568,18.19759680743967,16.84511723861619,19.55007637626315,17.8807
OPD,2025-06-13 10:00:00+00:00,2025-06-13 11:00:00+00:00,17.2626,17.864437707135842,16.511958138312362,19.21691727595932,17.9147
WARD_A,2025-06-13 10:00:00+00:00,2025-06-13 11:00:00+00:00,17.6894,17.265795404619386,15.913315835795908,18.618274973442865,17.5544
WARD_B,2025-06-13 10:00:00+00:00,2025-06-13 11:00:00+00:00,17.7238,16.922934361916756,15.570454793093278,18.275413930740235,16.6438
ICU,2025-06-13 11:00:00+00:00,2025-06-13 12:00:00+00:00,18.4038,18.80883599856349,17.456356429740012,20.16131556738697,20.0912
OPD,2025-06-13 11:00:00+00:00,2025-06-13 12:00:00+00:00,18.2545,18.19860006235271,16.84612049352923,19.55107963117619,18.6518
WARD_A,2025-06-13 11:00:00+00:00,2025-06-13 12:00:00+00:00,17.529,17.393227221513893,16.040747652690413,18.745706790337373,18.646
WARD_B,2025-06-13 11:00:00+00:00,2025-06-13 12:00:00+00:00,17.336,17.67649798611135,16.32401841728787,19.02897755493483,18.084
ICU,2025-06-13 12:00:00+00:00,2025-06-13 13:00:00+00:00,19.4718,19.104996053894347,17.752516485070867,20.457475622717826,19.2121
OPD,2025-06-13 12:00:00+00:00,2025-06-13 13:00:00+00:00,17.9418,18.602575419946398,17.250095851122918,19.955054988769877,17.9219
WARD_A,2025-06-13 12:00:00+00:00,2025-06-13 13:00:00+00:00,17.6896,17.56876309284409,16.21628352402061,18.92124266166757,17.7087
WARD_B,2025-06-13 12:00:00+00:00,2025-06-13 13:00:00+00:00,17.6441,17.528986489072437,16.176506920248958,18.881466057895917,17.2611
ICU,2025-06-13 13:00:00+00:00,2025-06-13 14:00:00+00:00,20.6277,21.137993703959975,19.785514135136495,22.490473272783454,20.571
OPD,2025-06-13 13:00:00+00:00,2025-06-13 14:00:00+00:00,20.1542,19.67682542365296,18.32434585482948,21.02930499247644,20.7133
WARD_A,2025-06-13 13:00:00+00:00,2025-06-13 14:00:00+00:00,19.6752,19.14565798218904,17.79317841336556,20.49813755101252,19.9822
WARD_B,2025-06-13 13:00:00+00:00,2025-06-13 14:00:00+00:00,19.4717,18.836296537676137,17.483816968852658,20.188776106499617,20.318
ICU,2025-06-13 14:00:00+00:00,2025-06-13 15:00:00+00:00,19.0934,19.017948789862707,17.665469221039228,20.370428358686187,19.399
OPD,2025-06-13 14:00:00+00:00,2025-06-13 15:00:00+00:00,17.9182,18.525282492027333,17.172802923203854,19.877762060850813,19.4022
WARD_A,2025-06-13 14:00:00+00:00,2025-06-13 15:00:00+00:00,16.1065,17.850100189799573,16.497620620976093,19.202579758623052,17.2847
WARD_B,2025-06-13 14:00:00+00:00,2025-06-13 15:00:00+00:00,16.5117,17.65519052530851,16.30271095648503,19.00767009413199,16.2285
ICU,2025-06-13 15:00:00+00:00,2025-06-13 16:00:00+00:00,17.4927,18.838022602204706,17.485543033381227,20.190502171028186,17.9588
OPD,2025-06-13 15:00:00+00:00,2025-06-13 16:00:00+00:00,18.0042,17.640743417799747,16.288263848976268,18.993222986623227,17.2977
WARD_A,2025-06-13 15:00:00+00:00,2025-06-13 16:00:00+00:00,15.6349,16.718611233814844,15.366131664991366,18.071090802638324,19.4351
WARD_B,2025-06-13 15:00:00+00:00,2025-06-13 16:00:00+00:00,16.4234,16.867926451767065,15.515446882943587,18.220406020590545,17.3277
ICU,2025-06-13 16:00:00+00:00,2025-06-13 17:00:00+00:00,19.0415,17.698488365020925,16.346008796197445,19.050967933844404,18.8692
OPD,2025-06-13 16:00:00+00:00,2025-06-13 17:00:00+00:00,16.2441,17.1697471142291,15.817267545405622,18.52222668305258,18.4835
WARD_A,2025-06-13 16:00:00+00:00,2025-06-13 17:00:00+00:00,15.4167,16.159395896025103,14.806916327201625,17.511875464848583,17.4808
WARD_B,2025-06-13 16:00:00+00:00,2025-06-13 17:00:00+00:00,15.6346,16.603454368824103,15.250974800000625,17.955933937647583,17.1786
ICU,2025-06-13 17:00:00+00:00,2025-06-13 18:00:00+00:00,16.1744,16.820324833651743,15.467845264828265,18.172804402475222,17.7394
OPD,2025-06-13 17:00:00+00:00,2025-06-13 18:00:00+00:00,12.3159,13.644127460153817,12.291647891330339,14.996607028977294,12.6658
WARD_A,2025-06-13 17:00:00+00:00,2025-06-13 18:00:00+00:00,14.3386,14.972140855646785,13.619661286823307,16.324620424470265,16.9472
WARD_B,2025-06-13 17:00:00+00:00,2025-06-13 18:00:00+00:00,15.0736,15.134391100849182,13.781911532025704,16.486870669672662,15.5459
ICU,2025-06-13 18:00:00+00:00,2025-06-13 19:00:00+00:00,16.2162,16.229401658037972,14.876922089214494,17.58188122686145,18.211
OPD,2025-06-13 18:00:00+00:00,2025-06-13 19:00:00+00:00,13.0217,11.919974980223433,10.567495411399955,13.27245454904691,12.5793
WARD_A,2025-06-13 18:00:00+00:00,2025-06-13 19:00:00+00:00,14.1051,14.639821080747943,13.287341511924465,15.99230064957142,16.5207
WARD_B,2025-06-13 18:00:00+00:00,2025-06-13 19:00:00+00:00,13.9833,14.936324732283163,13.583845163459685,16.28880430110664,15.4044
ICU,2025-06-13 19:00:00+00:00,2025-06-13 20:00:00+00:00,17.7275,17.623788892189662,16.271309323366182,18.97626846101314,18.3945
OPD,2025-06-13 19:00:00+00:00,2025-06-13 20:00:00+00:00,13.0349,13.72951383330444,12.377034264480962,15.081993402127917,12.8952
WARD_A,2025-06-13 19:00:00+00:00,2025-06-13 20:00:00+00:00,16.6,15.199091549223116,13.846611980399638,16.551571118046596,17.0441
WARD_B,2025-06-13 19:00:00+00:00,2025-06-13 20:00:00+00:00,16.2488,15.304492278040463,13.952012709216985,16.656971846863943,16.1992
ICU,2025-06-13 20:00:00+00:00,2025-06-13 21:00:00+00:00,15.5371,15.831056322349683,14.478576753526205,17.18353589117316,16.0823
OPD,2025-06-13 20:00:00+00:00,2025-06-13 21:00:00+00:00,11.8969,11.44416186546952,10.091682296646042,12.796641434292997,11.2677
WARD_A,2025-06-13 20:00:00+00:00,2025-06-13 21:00:00+00:00,13.1728,14.094357685369774,12.741878116546296,15.446837254193252,14.7654
WARD_B,2025-06-13 20:00:00+00:00,2025-06-13 21:00:00+00:00,15.1482,14.300450419752867,12.947970850929389,15.652929988576345,14.4178
ICU,2025-06-13 21:00:00+00:00,2025-06-13 22:00:00+00:00,14.3161,14.480002559917825,13.127522991094347,15.832482128741303,15.7819
OPD,2025-06-13 21:00:00+00:00,2025-06-13 22:00:00+00:00,11.2808,10.740676980406981,9.388197411583503,12.093156549230459,11.7674
WARD_A,2025-06-13 21:00:00+00:00,2025-06-13 22:00:00+00:00,13.3542,12.620825113135757,11.268345544312279,13.973304681959235,14.1733
WARD_B,2025-06-13 21:00:00+00:00,2025-06-13 22:00:00+00:00,14.1795,13.276091465642905,11.923611896819427,14.628571034466383,13.103
ICU,2025-06-13 22:00:00+00:00,2025-06-13 23:00:00+00:00,15.0545,14.274767524099344,12.922287955275866,15.627247092922822,15.5151
OPD,2025-06-13 22:00:00+00:00,2025-06-13 23:00:00+00:00,9.7713,10.571218537065759,9.218738968242281,11.923698105889237,10.8895
WARD_A,2025-06-13 22:00:00+00:00,2025-06-13 23:00:00+00:00,12.7693,12.510757276641732,11.158277707818254,13.86323684546521,12.8846
WARD_B,2025-06-13 22:00:00+00:00,2025-06-13 23:00:00+00:00,12.783,12.969920250335559,11.61744068151208,14.322399819159036,13.3276
ICU,2025-06-13 23:00:00+00:00,2025-06-14 00:00:00+00:00,13.3462,14.146852648033954,12.794373079210477,15.499332216857432,15.6015
OPD,2025-06-13 23:00:00+00:00,2025-06-14 00:00:00+00:00,9.4406,10.193588829041607,8.84110926021813,11.546068397865085,10.7389
WARD_A,2025-06-13 23:00:00+00:00,2025-06-14 00:00:00+00:00,12.3907,12.704284380461814,11.351804811638337,14.056763949285292,13.463
WARD_B,2025-06-13 23:00:00+00:00,2025-06-14 00:00:00+00:00,12.132,12.677776499856375,11.325296931032897,14.030256068679853,13.508
ICU,2025-06-14 00:00:00+00:00,2025-06-14 01:00:00+00:00,13.5706,13.65773043091721,12.305250862093732,15.010209999740688,14.4407
OPD,2025-06-14 00:00:00+00:00,2025-06-14 01:00:00+00:00,9.4955,9.892718282152693,8.540238713329215,11.24519785097617,9.7782
WARD_A,2025-06-14 00:00:00+00:00,2025-06-14 01:00:00+00:00,12.0123,12.004851407434002,10.652371838610524,13.35733097625748,13.7885
WARD_B,2025-06-14 00:00:00+00:00,2025-06-14 01:00:00+00:00,13.2711,12.270803981812858,10.91832441298938,13.623283550636335,13.0217
ICU,2025-06-14 01:00:00+00:00,2025-06-14 02:00:00+00:00,13.6228,13.517795782012044,12.165316213188566,14.870275350835522,13.9634
OPD,2025-06-14 01:00:00+00:00,2025-06-14 02:00:00+00:00,9.9122,9.680132755920011,8.327653187096534,11.03261232474349,9.0687
WARD_A,2025-06-14 01:00:00+00:00,2025-06-14 02:00:00+00:00,11.1621,11.833576038659187,10.481096469835709,13.186055607482665,13.2026
WARD_B,2025-06-14 01:00:00+00:00,2025-06-14 02:00:00+00:00,12.0811,12.337081308957877,10.9846017401344,13.689560877781355,11.6812
ICU,2025-06-14 02:00:00+00:00,2025-06-14 03:00:00+00:00,14.8654,13.470223561698301,12.117743992874823,14.822703130521779,13.6935
OPD,2025-06-14 02:00:00+00:00,2025-06-14 03:00:00+00:00,10.6505,9.564338785599546,8.211859216776068,10.916818354423024,9.0165
WARD_A,2025-06-14 02:00:00+00:00,2025-06-14 03:00:00+00:00,13.1308,11.600402943776423,10.247923374952945,12.952882512599901,12.9483
WARD_B,2025-06-14 02:00:00+00:00,2025-06-14 03:00:00+00:00,12.1766,11.946663805895776,10.594184237072298,13.299143374719254,11.8606
ICU,2025-06-14 03:00:00+00:00,2025-06-14 04:00:00+00:00,13.4497,14.447810656282511,13.095331087459034,15.80029022510599,15.0306
OPD,2025-06-14 03:00:00+00:00,2025-06-14 04:00:00+00:00,9.3783,9.955199790420032,8.602720221596554,11.30767935924351,10.588
WARD_A,2025-06-14 03:00:00+00:00,2025-06-14 04:00:00+00:00,12.283,12.568437012851698,11.21595744402822,13.920916581675176,13.1482
WARD_B,2025-06-14 03:00:00+00:00,2025-06-14 04:00:00+00:00,13.9675,12.695587879355255,11.343108310531777,14.048067448178733,12.4881
ICU,2025-06-14 04:00:00+00:00,2025-06-14 05:00:00+00:00,15.2096,14.051665510968261,12.699185942144783,15.40414507979174,15.4861
OPD,2025-06-14 04:00:00+00:00,2025-06-14 05:00:00+00:00,9.9342,10.185594921432733,8.833115352609255,11.53807449025621,10.4686
WARD_A,2025-06-14 04:00:00+00:00,2025-06-14 05:00:00+00:00,11.8811,12.420056183896962,11.067576615073484,13.77253575272044,14.0136
WARD_B,2025-06-14 04:00:00+00:00,2025-06-14 05:00:00+00:00,13.1099,13.312120762752077,11.959641193928599,14.664600331575555,13.0996
ICU,2025-06-14 05:00:00+00:00,2025-06-14 06:00:00+00:00,16.1628,16.65252656029483,15.300046991471353,18.00500612911831,16.4354
OPD,2025-06-14 05:00:00+00:00,2025-06-14 06:00:00+00:00,12.1142,11.897362178102668,10.54488260927919,13.249841746926146,13.2829
WARD_A,2025-06-14 05:00:00+00:00,2025-06-14 06:00:00+00:00,13.1032,13.988649854665987,12.636170285842509,15.341129423489464,15.1074
WARD_B,2025-06-14 05:00:00+00:00,2025-06-14 06:00:00+00:00,13.8692,14.724913454829126,13.372433886005648,16.077393023652604,15.1108
ICU,2025-06-14 06:00:00+00:00,2025-06-14 07:00:00+00:00,14.3726,15.318667581492788,13.96618801266931,16.671147150316266,15.1763
OPD,2025-06-14 06:00:00+00:00,2025-06-14 07:00:00+00:00,11.742,11.60222847229908,10.249748903475602,12.954708041122558,11.617
WARD_A,2025-06-14 06:00:00+00:00,2025-06-14 07:00:00+00:00,14.5419,13.496089995856602,12.143610427033124,14.84856956468008,14.2017
WARD_B,2025-06-14 06:00:00+00:00,2025-06-14 07:00:00+00:00,14.7526,13.812127243713592,12.459647674890114,15.16460681253707,13.4204
ICU,2025-06-14 07:00:00+00:00,2025-06-14 08:00:00+00:00,16.4262,16.710876327481664,15.358396758658186,18.063355896305143,16.7896
OPD,2025-06-14 07:00:00+00:00,2025-06-14 08:00:00+00:00,16.9754,16.105396304328348,14.75291673550487,17.457875873151828,14.8147
WARD_A,2025-06-14 07:00:00+00:00,2025-06-14 08:00:00+00:00,15.4693,15.604633309405376,14.252153740581898,16.957112878228855,16.1992
WARD_B,2025-06-14 07:00:00+00:00,2025-06-14 08:00:00+00:00,15.8894,15.646998438106966,14.294518869283488,16.999478006930445,14.848
ICU,2025-06-14 08:00:00+00:00,2025-06-14 09:00:00+00:00,17.2979,17.49888735988907,16.14640779106559,18.85136692871255,18.1223
OPD,2025-06-14 08:00:00+00:00,2025-06-14 09:00:00+00:00,18.3333,17.099769894294813,15.747290325471335,18.452249463118292,16.3611
WARD_A,2025-06-14 08:00:00+00:00,2025-06-14 09:00:00+00:00,15.7926,15.72699840184066,14.374518833017182,17.07947797066414,17.5809
WARD_B,2025-06-14 08:00:00+00:00,2025-06-14 09:00:00+00:00,15.6382,16.476808229029615,15.124328660206137,17.829287797853095,16.5618
ICU,2025-06-14 09:00:00+00:00,2025-06-14 10:00:00+00:00,18.213,18.251084288639,16.89860471981552,19.60356385746248,17.9425
OPD,2025-06-14 09:00:00+00:00,2025-06-14 10:00:00+00:00,17.8286,17.46937555890707,16.11689599008359,18.82185512773055,18.289
WARD_A,2025-06-14 09:00:00+00:00,2025-06-14 10:00:00+00:00,17.2791,16.740925671338534,15.388446102515056,18.093405240162014,16.7053
WARD_B,2025-06-14 09:00:00+00:00,2025-06-14 10:00:00+00:00,16.54,16.458463831592194,15.105984262768716,17.810943400415674,16.6458
ICU,2025-06-14 10:00:00+00:00,2025-06-14 11:00:00+00:00,17.6558,18.752596168811692,17.400116599988213,20.105075737635172,17.6309
OPD,2025-06-14 10:00:00+00:00,2025-06-14 11:00:00+00:00,15.4141,18.502620473267203,17.150140904443724,19.855100042090683,17.656
WARD_A,2025-06-14 10:00:00+00:00,2025-06-14 11:00:00+00:00,15.7448,17.192795614258873,15.840316045435396,18.545275183082353,17.0405
WARD_B,2025-06-14 10:00:00+00:00,2025-06-14 11:00:00+00:00,16.9354,17.547044724770302,16.194565155946822,18.89952429359378,16.1221
ICU,2025-06-14 11:00:00+00:00,2025-06-14 12:00:00+00:00,18.5052,18.422183363826477,17.069703795002997,19.774662932649957,20.5632
OPD,2025-06-14 11:00:00+00:00,2025-06-14 12:00:00+00:00,17.1908,17.147809701975806,15.795330133152328,18.500289270799286,18.6579
WARD_A,2025-06-14 11:00:00+00:00,2025-06-14 12:00:00+00:00,16.9503,16.688438606658643,15.335959037835165,18.040918175482123,18.1579
WARD_B,2025-06-14 11:00:00+00:00,2025-06-14 12:00:00+00:00,17.5588,17.607374982353793,16.254895413530313,18.959854551177273,17.3969
ICU,2025-06-14 12:00:00+00:00,2025-06-14 13:00:00+00:00,18.5058,19.079469345123616,17.726989776300137,20.431948913947096,18.8109
OPD,2025-06-14 12:00:00+00:00,2025-06-14 13:00:00+00:00,18.0,18.356642006644556,17.004162437821076,19.709121575468036,16.7609
WARD_A,2025-06-14 12:00:00+00:00,2025-06-14 13:00:00+00:00,16.7124,17.510678460824675,16.158198892001195,18.863158029648154,16.8453
WARD_B,2025-06-14 12:00:00+00:00,2025-06-14 13:00:00+00:00,18.51,17.75698726383402,16.40450769501054,19.1094668326575,16.0814
ICU,2025-06-14 13:00:00+00:00,2025-06-14 14:00:00+00:00,19.9308,20.701698197453545,19.349218628630066,22.054177766277025,21.5208
OPD,2025-06-14 13:00:00+00:00,2025-06-14 14:00:00+00:00,19.5243,19.70986084633521,18.35738127751173,21.06234041515869,18.8531
WARD_A,2025-06-14 13:00:00+00:00,2025-06-14 14:00:00+00:00,19.092,18.5453778604168,17.19289829159332,19.89785742924028,20.144
WARD_B,2025-06-14 13:00:00+00:00,2025-06-14 14:00:00+00:00,19.0406,19.63937592023621,18.28689635141273,20.991855489059688,19.6
ICU,2025-06-14 14:00:00+00:00,2025-06-14 15:00:00+00:00,20.1902,18.706125425402057,17.353645856578577,20.058604994225536,21.1559
OPD,2025-06-14 14:00:00+00:00,2025-06-14 15:00:00+00:00,17.8702,17.978555945345683,16.626076376522203,19.331035514169162,17.5207
WARD_A,2025-06-14 14:00:00+00:00,2025-06-14 15:00:00+00:00,18.2852,17.373665802614493,16.021186233791013,18.726145371437973,19.4043
WARD_B,2025-06-14 14:00:00+00:00,2025-06-14 15:00:00+00:00,17.7762,17.568118982152043,16.215639413328564,18.920598550975523,17.4357
ICU,2025-06-14 15:00:00+00:00,2025-06-14 16:00:00+00:00,17.9668,19.53557045891396,18.18309089009048,20.88805002773744,20.4152
OPD,2025-06-14 15:00:00+00:00,2025-06-14 16:00:00+00:00,17.694,18.009605417812573,16.657125848989093,19.362084986636052,18.1723
WARD_A,2025-06-14 15:00:00+00:00,2025-06-14 16:00:00+00:00,16.9752,17.714056066951894,16.361576498128414,19.066535635775374,19.0187
WARD_B,2025-06-14 15:00:00+00:00,2025-06-14 16:00:00+00:00,17.8386,17.691621898586327,16.339142329762847,19.044101467409806,17.8077
ICU,2025-06-14 16:00:00+00:00,2025-06-14 17:00:00+00:00,18.9257,18.46050816504973,17.10802859622625,19.81298773387321,17.8407
OPD,2025-06-14 16:00:00+00:00,2025-06-14 17:00:00+00:00,16.2674,17.245701345003436,15.893221776179958,18.598180913826916,16.5879
WARD_A,2025-06-14 16:00:00+00:00,2025-06-14 17:00:00+00:00,16.1672,16.869385849302773,15.516906280479295,18.221865418126253,16.9074
WARD_B,2025-06-14 16:00:00+00:00,2025-06-14 17:00:00+00:00,17.436,17.538133295954463,16.185653727130983,18.890612864777943,16.0773
ICU,2025-06-14 17:00:00+00:00,2025-06-14 18:00:00+00:00,17.2722,17.133539733402763,15.781060164579285,18.486019302226243,17.2032
OPD,2025-06-14 17:00:00+00:00,2025-06-14 18:00:00+00:00,13.0362,13.85457793078889,12.502098361965412,15.207057499612368,13.1213
WARD_A,2025-06-14 17:00:00+00:00,2025-06-14 18:00:00+00:00,14.9652,15.261685550251423,13.909205981427945,16.6141651190749,16.2302
WARD_B,2025-06-14 17:00:00+00:00,2025-06-14 18:00:00+00:00,15.8357,15.862766795593139,14.51028722676966,17.21524636441662,15.5983
ICU,2025-06-14 18:00:00+00:00,2025-06-14 19:00:00+00:00,15.1044,16.603666087087866,15.251186518264388,17.956145655911346,16.8364
OPD,2025-06-14 18:00:00+00:00,2025-06-14 19:00:00+00:00,11.6409,12.36946178696681,11.016982218143331,13.721941355790287,12.6826
WARD_A,2025-06-14 18:00:00+00:00,2025-06-14 19:00:00+00:00,15.4356,14.776589197090704,13.424109628267226,16.129068765914184,15.772
WARD_B,2025-06-14 18:00:00+00:00,2025-06-14 19:00:00+00:00,14.0641,15.398266041217505,14.045786472394028,16.750745610040983,14.7975
ICU,2025-06-14 19:00:00+00:00,2025-06-14 20:00:00+00:00,16.1872,16.839163960258517,15.48668439143504,18.191643529081997,19.0633
OPD,2025-06-14 19:00:00+00:00,2025-06-14 20:00:00+00:00,11.8298,13.171937087674173,11.819457518850696,14.524416656497651,15.0626
WARD_A,2025-06-14 19:00:00+00:00,2025-06-14 20:00:00+00:00,15.6684,16.20793195060943,14.855452381785954,17.56041151943291,17.4836
WARD_B,2025-06-14 19:00:00+00:00,2025-06-14 20:00:00+00:00,15.5915,15.556928688026886,14.204449119203408,16.909408256850366,16.9097
ICU,2025-06-14 20:00:00+00:00,2025-06-14 21:00:00+00:00,15.675,15.198854592870958,13.84637502404748,16.551334161694438,15.3842
OPD,2025-06-14 20:00:00+00:00,2025-06-14 21:00:00+00:00,11.934,11.306395558524018,9.95391598970054,12.658875127347496,9.9092
WARD_A,2025-06-14 20:00:00+00:00,2025-06-14 21:00:00+00:00,14.8478,13.740159107467276,12.387679538643798,15.092638676290754,13.9856
WARD_B,2025-06-14 20:00:00+00:00,2025-06-14 21:00:00+00:00,15.6048,14.203278193282303,12.850798624458825,15.555757762105781,13.205
ICU,2025-06-14 21:00:00+00:00,2025-06-14 22:00:00+00:00,14.0741,14.881101164251026,13.528621595427548,16.233580733074504,14.8685
OPD,2025-06-14 21:00:00+00:00,2025-06-14 22:00:00+00:00,10.211,11.018085221562494,9.665605652739016,12.370564790385972,10.5658
WARD_A,2025-06-14 21:00:00+00:00,2025-06-14 22:00:00+00:00,12.6295,13.33217521108139,11.979695642257912,14.684654779904868,13.3875
WARD_B,2025-06-14 21:00:00+00:00,2025-06-14 22:00:00+00:00,12.8766,14.110177625202656,12.757698056379178,15.462657194026134,12.3922
ICU,2025-06-14 22:00:00+00:00,2025-06-14 23:00:00+00:00,13.0657,13.89424188080357,12.541762311980092,15.246721449627048,15.7192
OPD,2025-06-14 22:00:00+00:00,2025-06-14 23:00:00+00:00,8.921,10.06273238300325,8.710252814179771,11.415211951826727,10.5809
WARD_A,2025-06-14 22:00:00+00:00,2025-06-14 23:00:00+00:00,12.0741,12.439778254000567,11.087298685177089,13.792257822824045,15.6123
WARD_B,2025-06-14 22:00:00+00:00,2025-06-14 23:00:00+00:00,11.6153,12.989310002756994,11.636830433933516,14.341789571580472,13.9549
ICU,2025-06-14 23:00:00+00:00,2025-06-15 00:00:00+00:00,15.196,13.836616393514557,12.48413682469108,15.189095962338035,15.0596
OPD,2025-06-14 23:00:00+00:00,2025-06-15 00:00:00+00:00,9.886,9.6462501426522,8.293770573828722,10.998729711475677,9.1078
WARD_A,2025-06-14 23:00:00+00:00,2025-06-15 00:00:00+00:00,13.6841,12.335892797088183,10.983413228264705,13.688372365911661,12.9516
WARD_B,2025-06-14 23:00:00+00:00,2025-06-15 00:00:00+00:00,13.5658,12.320647963521775,10.968168394698298,13.673127532345253,12.9826
ICU,2025-06-15 00:00:00+00:00,2025-06-15 01:00:00+00:00,13.6208,13.951628826731202,12.599149257907724,15.30410839555468,14.4201
OPD,2025-06-15 00:00:00+00:00,2025-06-15 01:00:00+00:00,9.2568,9.76027075926617,8.407791190442692,11.112750328089648,9.9446
WARD_A,2025-06-15 00:00:00+00:00,2025-06-15 01:00:00+00:00,12.5826,12.644877276560724,11.292397707737246,13.997356845384202,13.5041
WARD_B,2025-06-15 00:00:00+00:00,2025-06-15 01:00:00+00:00,13.0406,12.679094544713585,11.326614975890108,14.031574113537063,12.0897
ICU,2025-06-15 01:00:00+00:00,2025-06-15 02:00:00+00:00,12.9172,13.63283181692778,12.280352248104302,14.985311385751258,13.4409
OPD,2025-06-15 01:00:00+00:00,2025-06-15 02:00:00+00:00,9.6962,9.748745939768092,8.396266370944614,11.10122550859157,9.1383
WARD_A,2025-06-15 01:00:00+00:00,2025-06-15 02:00:00+00:00,12.2144,12.228198633182988,10.87571906435951,13.580678202006466,12.3249
WARD_B,2025-06-15 01:00:00+00:00,2025-06-15 02:00:00+00:00,12.8962,12.896781499180817,11.544301930357339,14.249261068004294,10.6788
ICU,2025-06-15 02:00:00+00:00,2025-06-15 03:00:00+00:00,13.3533,13.629524445036008,12.27704487621253,14.982004013859486,14.9743
OPD,2025-06-15 02:00:00+00:00,2025-06-15 03:00:00+00:00,9.0147,9.622890119430826,8.270410550607348,10.975369688254304,10.0854
WARD_A,2025-06-15 02:00:00+00:00,2025-06-15 03:00:00+00:00,12.6836,12.268498299939465,10.916018731115987,13.620977868762942,13.2974
WARD_B,2025-06-15 02:00:00+00:00,2025-06-15 03:00:00+00:00,13.2912,12.489073927512754,11.136594358689276,13.841553496336232,11.8946
ICU,2025-06-15 03:00:00+00:00,2025-06-15 04:00:00+00:00,13.6173,14.085163758439066,12.732684189615588,15.437643327262544,14.3715
OPD,2025-06-15 03:00:00+00:00,2025-06-15 04:00:00+00:00,9.278,9.799578525662255,8.447098956838778,11.152058094485733,9.981
WARD_A,2025-06-15 03:00:00+00:00,2025-06-15 04:00:00+00:00,11.4021,12.928951695643258,11.57647212681978,14.281431264466736,12.9758
WARD_B,2025-06-15 03:00:00+00:00,2025-06-15 04:00:00+00:00,12.3408,13.16182292141195,11.809343352588472,14.514302490235428,11.7075
ICU,2025-06-15 04:00:00+00:00,2025-06-15 05:00:00+00:00,14.4159,13.795965662383502,12.443486093560024,15.14844523120698,14.6999
OPD,2025-06-15 04:00:00+00:00,2025-06-15 05:00:00+00:00,10.6183,9.948697668020978,8.5962180991975,11.301177236844456,9.341
WARD_A,2025-06-15 04:00:00+00:00,2025-06-15 05:00:00+00:00,12.2245,12.419602452619753,11.067122883796275,13.77208202144323,12.8641
WARD_B,2025-06-15 04:00:00+00:00,2025-06-15 05:00:00+00:00,13.3563,13.286769323775538,11.93428975495206,14.639248892599015,12.7644
ICU,2025-06-15 05:00:00+00:00,2025-06-15 06:00:00+00:00,15.5357,16.41816941598476,15.065689847161282,17.77064898480824,16.9289
OPD,2025-06-15 05:00:00+00:00,2025-06-15 06:00:00+00:00,11.9265,11.659058001382796,10.306578432559318,13.011537570206274,12.8997
WARD_A,2025-06-15 05:00:00+00:00,2025-06-15 06:00:00+00:00,14.2188,13.889545153138911,12.537065584315433,15.24202472196239,15.0207
WARD_B,2025-06-15 05:00:00+00:00,2025-06-15 06:00:00+00:00,15.1099,15.118145066962686,13.765665498139208,16.470624635786166,15.5662
ICU,2025-06-15 06:00:00+00:00,2025-06-15 07:00:00+00:00,14.4573,15.283192566419547,13.93071299759607,16.635672135243027,15.5418
OPD,2025-06-15 06:00:00+00:00,2025-06-15 07:00:00+00:00,10.9353,11.084174077013797,9.73169450819032,12.436653645837275,10.9936
WARD_A,2025-06-15 06:00:00+00:00,2025-06-15 07:00:00+00:00,12.9639,14.036372729254271,12.683893160430793,15.38885229807775,13.8032
WARD_B,2025-06-15 06:00:00+00:00,2025-06-15 07:00:00+00:00,14.1575,14.291316268655997,12.93883669983252,15.643795837479475,13.4385
ICU,2025-06-15 07:00:00+00:00,2025-06-15 08:00:00+00:00,15.4198,15.545901151200317,14.193421582376839,16.898380720023795,15.3255
OPD,2025-06-15 07:00:00+00:00,2025-06-15 08:00:00+00:00,11.1284,13.351569443083255,11.999089874259777,14.704049011906733,11.0838
WARD_A,2025-06-15 07:00:00+00:00,2025-06-15 08:00:00+00:00,14.2477,14.34511331524125,12.992633746417772,15.697592884064727,15.0046
WARD_B,2025-06-15 07:00:00+00:00,2025-06-15 08:00:00+00:00,13.2747,14.752019761578195,13.399540192754717,16.104499330401673,14.0989
ICU,2025-06-15 08:00:00+00:00,2025-06-15 09:00:00+00:00,15.8529,16.138606498238733,14.786126929415255,17.491086067062213,17.0737
OPD,2025-06-15 08:00:00+00:00,2025-06-15 09:00:00+00:00,11.636,13.075581464906815,11.723101896083337,14.428061033730293,12.5841
WARD_A,2025-06-15 08:00:00+00:00,2025-06-15 09:00:00+00:00,13.0112,14.963569405193654,13.611089836370176,16.316048974017132,15.8221
WARD_B,2025-06-15 08:00:00+00:00,2025-06-15 09:00:00+00:00,14.8523,14.624670255405054,13.272190686581576,15.977149824228531,14.5242
ICU,2025-06-15 09:00:00+00:00,2025-06-15 10:00:00+00:00,16.0526,16.783688320219586,15.431208751396108,18.136167889043065,17.3253
OPD,2025-06-15 09:00:00+00:00,2025-06-15 10:00:00+00:00,11.8799,13.48184441188415,12.129364843060673,14.834323980707628,13.2698
WARD_A,2025-06-15 09:00:00+00:00,2025-06-15 10:00:00+00:00,14.9282,14.95491422606649,13.602434657243013,16.30739379488997,15.6799
WARD_B,2025-06-15 09:00:00+00:00,2025-06-15 10:00:00+00:00,14.9965,15.19622138720266,13.843741818379183,16.54870095602614,14.3284
ICU,2025-06-15 10:00:00+00:00,2025-06-15 11:00:00+00:00,17.5298,17.05810907544699,15.705629506623511,18.41058864427047,17.0536
OPD,2025-06-15 10:00:00+00:00,2025-06-15 11:00:00+00:00,13.5841,13.861992374321067,12.50951280549759,15.214471943144545,13.6559
WARD_A,2025-06-15 10:00:00+00:00,2025-06-15 11:00:00+00:00,15.6807,15.707382184522503,14.354902615699025,17.05986175334598,17.2732
WARD_B,2025-06-15 10:00:00+00:00,2025-06-15 11:00:00+00:00,16.0677,15.324915816273004,13.972436247449526,16.67739538509648,15.2949
ICU,2025-06-15 11:00:00+00:00,2025-06-15 12:00:00+00:00,17.6159,17.5729665405178,16.22048697169432,18.92544610934128,19.2727
OPD,2025-06-15 11:00:00+00:00,2025-06-15 12:00:00+00:00,13.9333,13.837781915807005,12.485302346983527,15.190261484630483,14.3784
WARD_A,2025-06-15 11:00:00+00:00,2025-06-15 12:00:00+00:00,16.3559,16.07176956478315,14.719289995959672,17.42424913360663,16.8421
WARD_B,2025-06-15 11:00:00+00:00,2025-06-15 12:00:00+00:00,16.2048,16.55519699861638,15.202717429792903,17.90767656743986,16.151
ICU,2025-06-15 12:00:00+00:00,2025-06-15 13:00:00+00:00,18.3274,17.77215512918537,16.419675560361892,19.12463469800885,16.9904
OPD,2025-06-15 12:00:00+00:00,2025-06-15 13:00:00+00:00,14.425,14.185179693566855,12.832700124743377,15.537659262390333,12.6006
WARD_A,2025-06-15 12:00:00+00:00,2025-06-15 13:00:00+00:00,17.3874,16.469952330771836,15.117472761948358,17.822431899595315,15.7304
WARD_B,2025-06-15 12:00:00+00:00,2025-06-15 13:00:00+00:00,18.7349,16.780433856955806,15.427954288132328,18.132913425779286,14.2494
ICU,2025-06-15 13:00:00+00:00,2025-06-15 14:00:00+00:00,19.6202,19.81382230366607,18.46134273484259,21.166301872489548,19.8282
OPD,2025-06-15 13:00:00+00:00,2025-06-15 14:00:00+00:00,14.7141,15.605293307562286,14.252813738738809,16.957772876385764,15.4919
WARD_A,2025-06-15 13:00:00+00:00,2025-06-15 14:00:00+00:00,17.6107,18.82992799012098,17.4774484212975,20.18240755894446,17.4065
WARD_B,2025-06-15 13:00:00+00:00,2025-06-15 14:00:00+00:00,18.6497,19.382368048227296,18.029888479403816,20.734847617050775,17.2868
ICU,2025-06-15 14:00:00+00:00,2025-06-15 15:00:00+00:00,17.621,18.070256466110667,16.717776897287187,19.422736034934147,17.9029
OPD,2025-06-15 14:00:00+00:00,2025-06-15 15:00:00+00:00,14.3638,14.437803771125125,13.085324202301647,15.790283339948603,14.0716
WARD_A,2025-06-15 14:00:00+00:00,2025-06-15 15:00:00+00:00,17.0948,15.8573307106402,14.504851141816722,17.209810279463678,17.2619
WARD_B,2025-06-15 14:00:00+00:00,2025-06-15 15:00:00+00:00,16.6239,16.793161498867075,15.440681930043597,18.145641067690555,16.6803
ICU,2025-06-15 15:00:00+00:00,2025-06-15 16:00:00+00:00,18.0406,17.61226820535548,16.259788636532,18.96474777417896,18.4701
OPD,2025-06-15 15:00:00+00:00,2025-06-15 16:00:00+00:00,13.5891,14.601911618632194,13.249432049808716,15.954391187455672,13.5525
WARD_A,2025-06-15 15:00:00+00:00,2025-06-15 16:00:00+00:00,15.5646,16.713365027374802,15.360885458551325,18.065844596198282,16.8326
WARD_B,2025-06-15 15:00:00+00:00,2025-06-15 16:00:00+00:00,17.1167,17.090263094089824,15.737783525266346,18.442742662913304,15.3933
ICU,2025-06-15 16:00:00+00:00,2025-06-15 17:00:00+00:00,17.5923,17.856411302864604,16.503931734041124,19.208890871688084,18.124
OPD,2025-06-15 16:00:00+00:00,2025-06-15 17:00:00+00:00,12.118,13.51543409673584,12.162954527912362,14.867913665559318,13.8692
WARD_A,2025-06-15 16:00:00+00:00,2025-06-15 17:00:00+00:00,15.054,15.879368719130731,14.526889150307253,17.23184828795421,16.6497
WARD_B,2025-06-15 16:00:00+00:00,2025-06-15 17:00:00+00:00,16.3747,16.60294787611803,15.250468307294552,17.95542744494151,15.2958
ICU,2025-06-15 17:00:00+00:00,2025-06-15 18:00:00+00:00,16.6446,16.279030178742723,14.926550609919245,17.631509747566202,17.3594
OPD,2025-06-15 17:00:00+00:00,2025-06-15 18:00:00+00:00,14.0302,12.846902607651574,11.494423038828096,14.199382176475051,12.7463
WARD_A,2025-06-15 17:00:00+00:00,2025-06-15 18:00:00+00:00,15.7313,14.766473041529178,13.4139934727057,16.118952610352657,16.2642
WARD_B,2025-06-15 17:00:00+00:00,2025-06-15 18:00:00+00:00,16.2075,15.423886422441457,14.07140685361798,16.776365991264935,14.9999
ICU,2025-06-15 18:00:00+00:00,2025-06-15 19:00:00+00:00,17.5126,16.18536152584698,14.8328819570235,17.53784109467046,16.5185
OPD,2025-06-15 18:00:00+00:00,2025-06-15 19:00:00+00:00,12.5626,13.20863928505512,11.856159716231643,14.561118853878599,12.6959
WARD_A,2025-06-15 18:00:00+00:00,2025-06-15 19:00:00+00:00,15.7609,15.038227370156958,13.68574780133348,16.390706938980436,15.2511
WARD_B,2025-06-15 18:00:00+00:00,2025-06-15 19:00:00+00:00,15.1478,15.345294304875672,13.992814736052194,16.697773873699152,14.8523
ICU,2025-06-15 19:00:00+00:00,2025-06-15 20:00:00+00:00,17.2616,17.636004214136214,16.283524645312735,18.988483782959694,18.8097
OPD,2025-06-15 19:00:00+00:00,2025-06-15 20:00:00+00:00,13.3699,12.923975204607714,11.571495635784236,14.276454773431192,13.8335
WARD_A,2025-06-15 19:00:00+00:00,2025-06-15 20:00:00+00:00,16.3832,16.360371039516217,15.007891470692739,17.712850608339696,16.284
WARD_B,2025-06-15 19:00:00+00:00,2025-06-15 20:00:00+00:00,17.348,15.812400582625505,14.459921013802028,17.164880151448983,15.9504
ICU,2025-06-15 20:00:00+00:00,2025-06-15 21:00:00+00:00,14.517,15.158327379357232,13.805847810533754,16.51080694818071,14.9389
OPD,2025-06-15 20:00:00+00:00,2025-06-15 21:00:00+00:00,9.9655,11.359594284543585,10.007114715720107,12.712073853367063,11.3755
WARD_A,2025-06-15 20:00:00+00:00,2025-06-15 21:00:00+00:00,13.5484,13.888385701412957,12.53590613258948,15.240865270236435,14.1418
WARD_B,2025-06-15 20:00:00+00:00,2025-06-15 21:00:00+00:00,13.7471,14.746922894776691,13.394443325953214,16.09940246360017,12.3065
ICU,2025-06-15 21:00:00+00:00,2025-06-15 22:00:00+00:00,14.6101,14.075330169058319,12.72285060023484,15.427809737881796,15.3468
OPD,2025-06-15 21:00:00+00:00,2025-06-15 22:00:00+00:00,10.5886,10.757541346007482,9.405061777184004,12.11002091483096,11.2589
WARD_A,2025-06-15 21:00:00+00:00,2025-06-15 22:00:00+00:00,13.3841,12.984326924416608,11.63184735559313,14.336806493240086,13.5008
WARD_B,2025-06-15 21:00:00+00:00,2025-06-15 22:00:00+00:00,13.2888,13.298476226339558,11.94599665751608,14.650955795163036,13.0945
ICU,2025-06-15 22:00:00+00:00,2025-06-15 23:00:00+00:00,13.6638,13.791013790279935,12.438534221456457,15.143493359103413,14.7052
OPD,2025-06-15 22:00:00+00:00,2025-06-15 23:00:00+00:00,8.6948,9.960816773257433,8.608337204433955,11.31329634208091,9.8047
WARD_A,2025-06-15 22:00:00+00:00,2025-06-15 23:00:00+00:00,12.4453,12.454391014744209,11.10191144592073,13.806870583567687,12.3744
WARD_B,2025-06-15 22:00:00+00:00,2025-06-15 23:00:00+00:00,13.3449,12.909351480816284,11.556871911992806,14.261831049639762,11.907
ICU,2025-06-15 23:00:00+00:00,2025-06-16 00:00:00+00:00,13.1731,13.451014335645686,12.098534766822208,14.803493904469164,13.763
OPD,2025-06-15 23:00:00+00:00,2025-06-16 00:00:00+00:00,10.0257,9.733494488432235,8.381014919608758,11.085974057255713,9.6674
WARD_A,2025-06-15 23:00:00+00:00,2025-06-16 00:00:00+00:00,12.2881,12.204489164178867,10.852009595355389,13.556968733002345,13.2035
WARD_B,2025-06-15 23:00:00+00:00,2025-06-16 00:00:00+00:00,13.1192,12.692684310281292,11.340204741457814,14.04516387910477,12.7952
ICU,2025-06-16 00:00:00+00:00,2025-06-16 01:00:00+00:00,13.5882,13.571428173642051,12.218948604818573,14.923907742465529,13.7265
OPD,2025-06-16 00:00:00+00:00,2025-06-16 01:00:00+00:00,8.0674,9.793316596368337,8.440837027544859,11.145796165191815,9.8956
WARD_A,2025-06-16 00:00:00+00:00,2025-06-16 01:00:00+00:00,11.2796,12.38013534151547,11.027655772691991,13.732614910338947,12.1239
WARD_B,2025-06-16 00:00:00+00:00,2025-06-16 01:00:00+00:00,11.5889,13.014885470009071,11.662405901185593,14.36736503883255,12.4303
ICU,2025-06-16 01:00:00+00:00,2025-06-16 02:00:00+00:00,12.926,13.365593937032346,12.013114368208868,14.718073505855823,15.2545
OPD,2025-06-16 01:00:00+00:00,2025-06-16 02:00:00+00:00,9.1547,9.80950302577943,8.457023456955952,11.161982594602907,9.8669
WARD_A,2025-06-16 01:00:00+00:00,2025-06-16 02:00:00+00:00,12.1935,11.854105859697896,10.501626290874418,13.206585428521374,12.455
WARD_B,2025-06-16 01:00:00+00:00,2025-06-16 02:00:00+00:00,11.2199,12.511841016229948,11.15936144740647,13.864320585053425,12.5528
ICU,2025-06-16 02:00:00+00:00,2025-06-16 03:00:00+00:00,14.6131,13.46754430915847,12.115064740334992,14.820023877981948,14.3821
OPD,2025-06-16 02:00:00+00:00,2025-06-16 03:00:00+00:00,10.2228,9.817915180248363,8.465435611424885,11.170394749071841,9.0834
WARD_A,2025-06-16 02:00:00+00:00,2025-06-16 03:00:00+00:00,12.4656,12.090677956524152,10.738198387700674,13.44315752534763,12.5849
WARD_B,2025-06-16 02:00:00+00:00,2025-06-16 03:00:00+00:00,12.3033,12.42368285622177,11.071203287398292,13.776162425045248,11.6594
ICU,2025-06-16 03:00:00+00:00,2025-06-16 04:00:00+00:00,14.1004,14.321994072925381,12.969514504101904,15.67447364174886,14.9896
OPD,2025-06-16 03:00:00+00:00,2025-06-16 04:00:00+00:00,10.1993,9.967624154258116,8.615144585434638,11.320103723081594,9.8725
WARD_A,2025-06-16 03:00:00+00:00,2025-06-16 04:00:00+00:00,12.6617,12.652967590704394,11.300488021880916,14.005447159527872,13.8359
WARD_B,2025-06-16 03:00:00+00:00,2025-06-16 04:00:00+00:00,13.8338,13.132181358083187,11.77970178925971,14.484660926906665,12.2718
ICU,2025-06-16 04:00:00+00:00,2025-06-16 05:00:00+00:00,13.2715,14.320623950318655,12.968144381495177,15.673103519142133,22.3432
OPD,2025-06-16 04:00:00+00:00,2025-06-16 05:00:00+00:00,9.5675,10.270791041522576,8.918311472699099,11.623270610346054,10.5839
WARD_A,2025-06-16 04:00:00+00:00,2025-06-16 05:00:00+00:00,12.3124,12.393153023513493,11.040673454690015,13.745632592336971,14.4118
WARD_B,2025-06-16 04:00:00+00:00,2025-06-16 05:00:00+00:00,12.7669,13.099770276884835,11.747290708061357,14.452249845708312,13.7943
ICU,2025-06-16 05:00:00+00:00,2025-06-16 06:00:00+00:00,15.9757,16.191653896876083,14.839174328052605,17.544133465699563,23.4236
OPD,2025-06-16 05:00:00+00:00,2025-06-16 06:00:00+00:00,12.3273,11.986800012650981,10.634320443827503,13.33927958147446,11.9393
WARD_A,2025-06-16 05:00:00+00:00,2025-06-16 06:00:00+00:00,15.1244,14.20102362030699,12.848544051483513,15.553503189130469,15.3142
WARD_B,2025-06-16 05:00:00+00:00,2025-06-16 06:00:00+00:00,15.5982,14.912021303277564,13.559541734454086,16.264500872101042,14.4727
ICU,2025-06-16 06:00:00+00:00,2025-06-16 07:00:00+00:00,14.7951,15.690306519292648,14.33782695046917,17.042786088116127,22.4955
OPD,2025-06-16 06:00:00+00:00,2025-06-16 07:00:00+00:00,9.6441,11.82179633739628,10.469316768572803,13.174275906219759,10.578
WARD_A,2025-06-16 06:00:00+00:00,2025-06-16 07:00:00+00:00,13.0927,14.042474045650817,12.689994476827339,15.394953614474295,13.1363
WARD_B,2025-06-16 06:00:00+00:00,2025-06-16 07:00:00+00:00,13.4359,14.473696756503754,13.121217187680276,15.826176325327232,13.4472
ICU,2025-06-16 07:00:00+00:00,2025-06-16 08:00:00+00:00,16.6,16.909302866089604,15.556823297266126,18.261782434913084,23.7091
OPD,2025-06-16 07:00:00+00:00,2025-06-16 08:00:00+00:00,15.9268,15.397957923373193,14.045478354549715,16.75043749219667,16.5979
WARD_A,2025-06-16 07:00:00+00:00,2025-06-16 08:00:00+00:00,15.6355,15.636814212043141,14.284334643219664,16.98929378086662,14.862
WARD_B,2025-06-16 07:00:00+00:00,2025-06-16 08:00:00+00:00,14.8283,15.623081308327613,14.270601739504135,16.975560877151093,13.4557
ICU,2025-06-16 08:00:00+00:00,2025-06-16 09:00:00+00:00,16.8021,17.873308720644307,16.520829151820827,19.225788289467786,25.1353
OPD,2025-06-16 08:00:00+00:00,2025-06-16 09:00:00+00:00,16.4026,17.241928489084867,15.889448920261389,18.594408057908346,17.1769
WARD_A,2025-06-16 08:00:00+00:00,2025-06-16 09:00:00+00:00,16.7733,16.03139674321754,14.678917174394064,17.38387631204102,16.1364
WARD_B,2025-06-16 08:00:00+00:00,2025-06-16 09:00:00+00:00,16.3503,15.813239790300589,14.460760221477111,17.16571935912407,15.2169
ICU,2025-06-16 09:00:00+00:00,2025-06-16 10:00:00+00:00,17.2742,18.20518633419839,16.85270676537491,19.55766590302187,26.2234
OPD,2025-06-16 09:00:00+00:00,2025-06-16 10:00:00+00:00,16.7101,17.10223214265297,15.749752573829491,18.45471171147645,17.9576
WARD_A,2025-06-16 09:00:00+00:00,2025-06-16 10:00:00+00:00,17.1932,17.178521330253577,15.8260417614301,18.531000899077057,17.033
WARD_B,2025-06-16 09:00:00+00:00,2025-06-16 10:00:00+00:00,17.9985,16.7257685338268,15.37328896500332,18.078248102650278,15.4346
ICU,2025-06-16 10:00:00+00:00,2025-06-16 11:00:00+00:00,18.5656,18.644271495875525,17.291791927052046,19.996751064699005,25.0838
OPD,2025-06-16 10:00:00+00:00,2025-06-16 11:00:00+00:00,17.9561,18.228023649945673,16.875544081122193,19.580503218769152,16.7237
WARD_A,2025-06-16 10:00:00+00:00,2025-06-16 11:00:00+00:00,16.3372,17.63911643533252,16.286636866509042,18.991596004156,17.728
WARD_B,2025-06-16 10:00:00+00:00,2025-06-16 11:00:00+00:00,17.5184,17.986080977763837,16.633601408940358,19.338560546587317,16.3889
ICU,2025-06-16 11:00:00+00:00,2025-06-16 12:00:00+00:00,19.8799,19.06949109815345,17.71701152932997,20.42197066697693,26.7663
OPD,2025-06-16 11:00:00+00:00,2025-06-16 12:00:00+00:00,17.8974,18.386813011451757,17.034333442628277,19.739292580275237,18.7722
WARD_A,2025-06-16 11:00:00+00:00,2025-06-16 12:00:00+00:00,17.0501,17.173768565068265,15.821288996244787,18.526248133891745,17.4137
WARD_B,2025-06-16 11:00:00+00:00,2025-06-16 12:00:00+00:00,17.8844,18.02426821374654,16.671788644923062,19.37674778257002,16.4597
ICU,2025-06-16 12:00:00+00:00,2025-06-16 13:00:00+00:00,18.3561,19.579936585472513,18.227457016649034,20.932416154295993,24.825
OPD,2025-06-16 12:00:00+00:00,2025-06-16 13:00:00+00:00,17.6155,18.32175657100784,16.96927700218436,19.67423613983132,17.9117
WARD_A,2025-06-16 12:00:00+00:00,2025-06-16 13:00:00+00:00,16.9771,17.50289037105802,16.15041080223454,18.8553699398815,15.794
WARD_B,2025-06-16 12:00:00+00:00,2025-06-16 13:00:00+00:00,18.1437,18.35033779504683,16.99785822622335,19.70281736387031,16.1572
ICU,2025-06-16 13:00:00+00:00,2025-06-16 14:00:00+00:00,21.643,20.79067416390153,19.438194595078052,22.14315373272501,27.2787
OPD,2025-06-16 13:00:00+00:00,2025-06-16 14:00:00+00:00,20.6806,19.40506529696645,18.05258572814297,20.757544865789928,18.8369
WARD_A,2025-06-16 13:00:00+00:00,2025-06-16 14:00:00+00:00,19.7819,18.880781344475594,17.528301775652114,20.233260913299073,19.3293
WARD_B,2025-06-16 13:00:00+00:00,2025-06-16 14:00:00+00:00,19.3293,19.915109682062962,18.562630113239482,21.26758925088644,18.8203
ICU,2025-06-16 14:00:00+00:00,2025-06-16 15:00:00+00:00,18.7656,19.347673501915963,17.995193933092484,20.700153070739443,26.691
OPD,2025-06-16 14:00:00+00:00,2025-06-16 15:00:00+00:00,15.7479,18.83153190308409,17.47905233426061,20.18401147190757,20.5816
WARD_A,2025-06-16 14:00:00+00:00,2025-06-16 15:00:00+00:00,17.7168,18.201312209275887,16.848832640452407,19.553791778099367,19.353
WARD_B,2025-06-16 14:00:00+00:00,2025-06-16 15:00:00+00:00,17.1716,17.92818631270048,16.575706743877,19.28066588152396,18.669
ICU,2025-06-16 15:00:00+00:00,2025-06-16 16:00:00+00:00,19.5154,18.762653972781973,17.410174403958493,20.115133541605452,25.4263
OPD,2025-06-16 15:00:00+00:00,2025-06-16 16:00:00+00:00,17.6169,17.048424469425107,15.69594490060163,18.400904038248587,18.3807
WARD_A,2025-06-16 15:00:00+00:00,2025-06-16 16:00:00+00:00,18.7621,17.715624816126365,16.363145247302885,19.068104384949844,16.2194
WARD_B,2025-06-16 15:00:00+00:00,2025-06-16 16:00:00+00:00,17.5205,17.667853642976254,16.315374074152775,19.020333211799734,16.4535
ICU,2025-06-16 16:00:00+00:00,2025-06-16 17:00:00+00:00,18.8506,18.98602121844641,17.63354164962293,20.33850078726989,26.3248
OPD,2025-06-16 16:00:00+00:00,2025-06-16 17:00:00+00:00,18.5114,17.55044229955773,16.19796273073425,18.90292186838121,17.1789
WARD_A,2025-06-16 16:00:00+00:00,2025-06-16 17:00:00+00:00,16.7112,17.827713250465933,16.475233681642454,19.180192819289413,17.0453
WARD_B,2025-06-16 16:00:00+00:00,2025-06-16 17:00:00+00:00,16.837,17.32419934582265,15.971719776999171,18.67667891464613,15.0684
ICU,2025-06-16 17:00:00+00:00,2025-06-16 18:00:00+00:00,16.7582,17.25522434398011,15.902744775156632,18.60770391280359,24.2092
OPD,2025-06-16 17:00:00+00:00,2025-06-16 18:00:00+00:00,12.6612,13.436980694753464,12.084501125929986,14.789460263576942,13.6476
WARD_A,2025-06-16 17:00:00+00:00,2025-06-16 18:00:00+00:00,15.4549,15.735692712897654,14.383213144074176,17.088172281721132,16.7255
WARD_B,2025-06-16 17:00:00+00:00,2025-06-16 18:00:00+00:00,15.6205,15.781385052651357,14.42890548382788,17.133864621474835,15.3639
ICU,2025-06-16 18:00:00+00:00,2025-06-16 19:00:00+00:00,17.6282,16.58852333364158,15.2360437648181,17.94100290246506,23.2442
OPD,2025-06-16 18:00:00+00:00,2025-06-16 19:00:00+00:00,13.5033,12.43461284645248,11.082133277629001,13.787092415275957,12.542
WARD_A,2025-06-16 18:00:00+00:00,2025-06-16 19:00:00+00:00,16.445,15.165681843238913,13.813202274415435,16.51816141206239,13.6344
WARD_B,2025-06-16 18:00:00+00:00,2025-06-16 19:00:00+00:00,15.3441,15.171632869832623,13.819153301009145,16.5241124386561,13.9047
ICU,2025-06-16 19:00:00+00:00,2025-06-16 20:00:00+00:00,17.7167,18.060297488013177,16.707817919189697,19.412777056836656,25.2117
OPD,2025-06-16 19:00:00+00:00,2025-06-16 20:00:00+00:00,14.6458,13.720149856353245,12.367670287529767,15.072629425176723,14.5099
WARD_A,2025-06-16 19:00:00+00:00,2025-06-16 20:00:00+00:00,16.8437,16.882363080534383,15.529883511710905,18.234842649357862,15.9712
WARD_B,2025-06-16 19:00:00+00:00,2025-06-16 20:00:00+00:00,17.387,16.05936726691,14.706887698086524,17.41184683573348,16.3566
ICU,2025-06-16 20:00:00+00:00,2025-06-16 21:00:00+00:00,15.1693,15.802550502395226,14.450070933571748,17.155030071218704,15.1625
OPD,2025-06-16 20:00:00+00:00,2025-06-16 21:00:00+00:00,11.3054,12.125134216273485,10.772654647450008,13.477613785096963,11.0524
WARD_A,2025-06-16 20:00:00+00:00,2025-06-16 21:00:00+00:00,14.1793,14.631137327746877,13.2786577589234,15.983616896570355,12.6264
WARD_B,2025-06-16 20:00:00+00:00,2025-06-16 21:00:00+00:00,15.1418,15.012971756669726,13.660492187846248,16.365451325493204,13.8409
ICU,2025-06-16 21:00:00+00:00,2025-06-16 22:00:00+00:00,14.9378,14.443301337607508,13.09082176878403,15.795780906430986,14.9421
OPD,2025-06-16 21:00:00+00:00,2025-06-16 22:00:00+00:00,9.9682,10.403993152472578,9.0515135836491,11.756472721296056,10.945
WARD_A,2025-06-16 21:00:00+00:00,2025-06-16 22:00:00+00:00,13.5134,13.318598203357656,11.966118634534178,14.671077772181134,12.4041
WARD_B,2025-06-16 21:00:00+00:00,2025-06-16 22:00:00+00:00,13.3751,13.572754094331739,12.22027452550826,14.925233663155216,13.3637
ICU,2025-06-16 22:00:00+00:00,2025-06-16 23:00:00+00:00,14.7068,14.36658957426572,13.014110005442243,15.719069143089198,15.1236
OPD,2025-06-16 22:00:00+00:00,2025-06-16 23:00:00+00:00,9.8933,10.161158640163176,8.808679071339698,11.513638208986654,10.122
WARD_A,2025-06-16 22:00:00+00:00,2025-06-16 23:00:00+00:00,14.0668,13.00157256656992,11.649092997746441,14.354052135393397,12.7069
WARD_B,2025-06-16 22:00:00+00:00,2025-06-16 23:00:00+00:00,12.7368,13.088848665632133,11.736369096808655,14.44132823445561,12.1335
ICU,2025-06-16 23:00:00+00:00,2025-06-17 00:00:00+00:00,13.2872,13.902788767615654,12.550309198792176,15.255268336439132,13.8896
OPD,2025-06-16 23:00:00+00:00,2025-06-17 00:00:00+00:00,9.1111,9.65381657184813,8.301337003024653,11.006296140671608,9.2668
WARD_A,2025-06-16 23:00:00+00:00,2025-06-17 00:00:00+00:00,13.1052,12.922743191250989,11.570263622427511,14.275222760074467,19.8896
WARD_B,2025-06-16 23:00:00+00:00,2025-06-17 00:00:00+00:00,12.7683,12.635232482794054,11.282752913970576,13.987712051617532,10.7848
ICU,2025-06-17 00:00:00+00:00,2025-06-17 01:00:00+00:00,14.1615,13.64105968126969,12.288580112446212,14.993539250093168,13.9522
OPD,2025-06-17 00:00:00+00:00,2025-06-17 01:00:00+00:00,10.0784,9.590308266592999,8.23782869776952,10.942787835416476,9.4341
WARD_A,2025-06-17 00:00:00+00:00,2025-06-17 01:00:00+00:00,13.3395,13.167127977588457,11.81464840876498,14.519607546411935,20.6696
WARD_B,2025-06-17 00:00:00+00:00,2025-06-17 01:00:00+00:00,13.1338,12.801930555474641,11.449450986651163,14.154410124298119,11.9506
ICU,2025-06-17 01:00:00+00:00,2025-06-17 02:00:00+00:00,13.7613,13.825709310712714,12.473229741889236,15.178188879536192,13.8651
OPD,2025-06-17 01:00:00+00:00,2025-06-17 02:00:00+00:00,9.9326,9.65872463279318,8.306245063969703,11.011204201616659,8.9876
WARD_A,2025-06-17 01:00:00+00:00,2025-06-17 02:00:00+00:00,11.6419,13.020712518008878,11.6682329491854,14.373192086832356,21.1617
WARD_B,2025-06-17 01:00:00+00:00,2025-06-17 02:00:00+00:00,13.2522,12.613570247230767,11.261090678407289,13.966049816054245,11.115
ICU,2025-06-17 02:00:00+00:00,2025-06-17 03:00:00+00:00,14.2132,13.74909592897739,12.396616360153912,15.101575497800868,15.1412
OPD,2025-06-17 02:00:00+00:00,2025-06-17 03:00:00+00:00,8.6434,9.561144431081688,8.20866486225821,10.913623999905166,10.6913
WARD_A,2025-06-17 02:00:00+00:00,2025-06-17 03:00:00+00:00,13.1664,12.730943919507462,11.378464350683984,14.08342348833094,21.1716
WARD_B,2025-06-17 02:00:00+00:00,2025-06-17 03:00:00+00:00,12.6444,12.522876912751446,11.170397343927968,13.875356481574924,12.8188
ICU,2025-06-17 03:00:00+00:00,2025-06-17 04:00:00+00:00,14.632,14.647489325194648,13.29500975637117,15.999968894018126,14.7397
OPD,2025-06-17 03:00:00+00:00,2025-06-17 04:00:00+00:00,9.8791,9.881224229173213,8.528744660349735,11.233703797996691,10.1847
WARD_A,2025-06-17 03:00:00+00:00,2025-06-17 04:00:00+00:00,12.3808,13.657596931293865,12.305117362470387,15.010076500117343,21.3784
WARD_B,2025-06-17 03:00:00+00:00,2025-06-17 04:00:00+00:00,13.5279,12.963259892658362,11.610780323834884,14.31573946148184,12.1658
ICU,2025-06-17 04:00:00+00:00,2025-06-17 05:00:00+00:00,15.1407,14.58992631717909,13.237446748355612,15.942405886002568,13.6362
OPD,2025-06-17 04:00:00+00:00,2025-06-17 05:00:00+00:00,11.0434,10.139311380976023,8.786831812152545,11.491790949799501,7.9019
WARD_A,2025-06-17 04:00:00+00:00,2025-06-17 05:00:00+00:00,15.0263,13.647512790370682,12.295033221547204,14.99999235919416,20.2612
WARD_B,2025-06-17 04:00:00+00:00,2025-06-17 05:00:00+00:00,14.0178,13.548546434851676,12.196066866028199,14.901026003675154,11.0028
ICU,2025-06-17 05:00:00+00:00,2025-06-17 06:00:00+00:00,16.0878,16.565050854749305,15.212571285925828,17.917530423572785,16.8186
OPD,2025-06-17 05:00:00+00:00,2025-06-17 06:00:00+00:00,12.6718,12.110649352122556,10.758169783299078,13.463128920946033,12.269
WARD_A,2025-06-17 05:00:00+00:00,2025-06-17 06:00:00+00:00,14.9199,15.488976166995513,14.136496598172036,16.841455735818993,23.8317
WARD_B,2025-06-17 05:00:00+00:00,2025-06-17 06:00:00+00:00,15.8772,15.394556042352242,14.042076473528764,16.747035611175722,14.9957
ICU,2025-06-17 06:00:00+00:00,2025-06-17 07:00:00+00:00,14.7533,15.830420009804225,14.477940440980747,17.182899578627705,16.7846
OPD,2025-06-17 06:00:00+00:00,2025-06-17 07:00:00+00:00,11.3727,11.648861783095672,10.296382214272194,13.00134135191915,12.4087
WARD_A,2025-06-17 06:00:00+00:00,2025-06-17 07:00:00+00:00,14.0984,14.71447695378961,13.361997384966132,16.06695652261309,22.4763
WARD_B,2025-06-17 06:00:00+00:00,2025-06-17 07:00:00+00:00,14.3287,14.792657561291085,13.440177992467607,16.145137130114563,14.0437
ICU,2025-06-17 07:00:00+00:00,2025-06-17 08:00:00+00:00,17.7512,16.8975992567418,15.545119687918321,18.25007882556528,17.7238
OPD,2025-06-17 07:00:00+00:00,2025-06-17 08:00:00+00:00,16.0098,15.935427100942286,14.582947532118808,17.287906669765764,15.4494
WARD_A,2025-06-17 07:00:00+00:00,2025-06-17 08:00:00+00:00,17.0157,16.393460154066364,15.040980585242886,17.745939722889844,24.9743
WARD_B,2025-06-17 07:00:00+00:00,2025-06-17 08:00:00+00:00,16.9097,15.956384078308146,14.603904509484668,17.308863647131624,15.6422
ICU,2025-06-17 08:00:00+00:00,2025-06-17 09:00:00+00:00,17.8372,18.14133001911269,16.78885045028921,19.49380958793617,16.7225
OPD,2025-06-17 08:00:00+00:00,2025-06-17 09:00:00+00:00,16.3266,16.96331985906685,15.610840290243372,18.31579942789033,17.4359
WARD_A,2025-06-17 08:00:00+00:00,2025-06-17 09:00:00+00:00,17.6522,17.461191076937453,16.108711508113974,18.813670645760933,24.1871
WARD_B,2025-06-17 08:00:00+00:00,2025-06-17 09:00:00+00:00,18.0497,17.043507718631773,15.691028149808295,18.395987287455252,16.1147
ICU,2025-06-17 09:00:00+00:00,2025-06-17 10:00:00+00:00,18.4207,18.44436716253295,17.09188759370947,19.79684673135643,18.4747
OPD,2025-06-17 09:00:00+00:00,2025-06-17 10:00:00+00:00,15.6414,16.931285834790263,15.578806265966785,18.283765403613742,17.4535
WARD_A,2025-06-17 09:00:00+00:00,2025-06-17 10:00:00+00:00,16.3437,17.682890840827525,16.330411272004046,19.035370409651005,26.067
WARD_B,2025-06-17 09:00:00+00:00,2025-06-17 10:00:00+00:00,16.6335,17.671938616775407,16.319459047951927,19.024418185598886,16.6259
ICU,2025-06-17 10:00:00+00:00,2025-06-17 11:00:00+00:00,18.2782,18.883989075949852,17.531509507126373,20.236468644773332,18.439
OPD,2025-06-17 10:00:00+00:00,2025-06-17 11:00:00+00:00,17.8547,17.136086315712824,15.783606746889346,18.488565884536303,18.0305
WARD_A,2025-06-17 10:00:00+00:00,2025-06-17 11:00:00+00:00,18.1088,17.509220004739745,16.156740435916266,18.861699573563225,25.1641
WARD_B,2025-06-17 10:00:00+00:00,2025-06-17 11:00:00+00:00,16.4977,17.682452453590905,16.329972884767425,19.034932022414385,16.2347
ICU,2025-06-17 11:00:00+00:00,2025-06-17 12:00:00+00:00,19.2454,18.963835650664688,17.61135608184121,20.316315219488168,17.8999
OPD,2025-06-17 11:00:00+00:00,2025-06-17 12:00:00+00:00,17.3222,18.359016139034214,17.006536570210734,19.711495707857694,19.1106
WARD_A,2025-06-17 11:00:00+00:00,2025-06-17 12:00:00+00:00,18.1322,18.481390194007503,17.128910625184023,19.833869762830982,24.5273
WARD_B,2025-06-17 11:00:00+00:00,2025-06-17 12:00:00+00:00,17.8558,17.41090506941111,16.05842550058763,18.76338463823459,15.5712
ICU,2025-06-17 12:00:00+00:00,2025-06-17 13:00:00+00:00,18.3661,19.08821867211851,17.735739103295032,20.44069824094199,18.785
OPD,2025-06-17 12:00:00+00:00,2025-06-17 13:00:00+00:00,17.7824,18.30273023965333,16.95025067082985,19.65520980847681,16.1397
WARD_A,2025-06-17 12:00:00+00:00,2025-06-17 13:00:00+00:00,18.3334,18.631046067501128,17.278566498677648,19.983525636324607,25.7176
WARD_B,2025-06-17 12:00:00+00:00,2025-06-17 13:00:00+00:00,17.9529,18.261607399032798,16.909127830209318,19.614086967856277,16.8081
ICU,2025-06-17 13:00:00+00:00,2025-06-17 14:00:00+00:00,19.0254,20.722283987282825,19.369804418459346,22.074763556106305,21.357
OPD,2025-06-17 13:00:00+00:00,2025-06-17 14:00:00+00:00,17.9712,19.413130403849873,18.060650835026394,20.765609972673353,20.2864
WARD_A,2025-06-17 13:00:00+00:00,2025-06-17 14:00:00+00:00,20.1917,20.30135927872664,18.94887970990316,21.65383884755012,27.4041
WARD_B,2025-06-17 13:00:00+00:00,2025-06-17 14:00:00+00:00,18.6247,19.81391019774372,18.46143062892024,21.1663897665672,18.7657
ICU,2025-06-17 14:00:00+00:00,2025-06-17 15:00:00+00:00,18.2795,18.496952056193226,17.144472487369747,19.849431625016706,18.472
OPD,2025-06-17 14:00:00+00:00,2025-06-17 15:00:00+00:00,18.4325,17.719165352680275,16.366685783856795,19.071644921503754,18.9139
WARD_A,2025-06-17 14:00:00+00:00,2025-06-17 15:00:00+00:00,16.3651,18.371141600093928,17.01866203127045,19.723621168917408,26.0731
WARD_B,2025-06-17 14:00:00+00:00,2025-06-17 15:00:00+00:00,17.3818,17.64028288694662,16.28780331812314,18.992762455770098,16.3226
ICU,2025-06-17 15:00:00+00:00,2025-06-17 16:00:00+00:00,18.6606,18.61891977737709,17.26644020855361,19.97139934620057,19.1608
OPD,2025-06-17 15:00:00+00:00,2025-06-17 16:00:00+00:00,16.4504,17.675533689231635,16.323054120408155,19.028013258055115,17.2819
WARD_A,2025-06-17 15:00:00+00:00,2025-06-17 16:00:00+00:00,17.0065,17.724686806378138,16.372207237554658,19.077166375201617,24.5174
WARD_B,2025-06-17 15:00:00+00:00,2025-06-17 16:00:00+00:00,17.0943,17.555581004426124,16.203101435602644,18.908060573249603,16.4723
ICU,2025-06-17 16:00:00+00:00,2025-06-17 17:00:00+00:00,18.1887,18.777557788354564,17.425078219531084,20.130037357178043,19.7688
OPD,2025-06-17 16:00:00+00:00,2025-06-17 17:00:00+00:00,16.0641,16.589674125681267,15.237194556857789,17.942153694504746,18.8569
WARD_A,2025-06-17 16:00:00+00:00,2025-06-17 17:00:00+00:00,17.1008,17.47165797520375,16.11917840638027,18.82413754402723,24.2101
WARD_B,2025-06-17 16:00:00+00:00,2025-06-17 17:00:00+00:00,16.721,17.27179657556394,15.919317006740462,18.62427614438742,16.8436
ICU,2025-06-17 17:00:00+00:00,2025-06-17 18:00:00+00:00,17.2162,17.166282548982245,15.813802980158767,18.518762117805725,15.7797
OPD,2025-06-17 17:00:00+00:00,2025-06-17 18:00:00+00:00,11.9293,13.723510767576798,12.37103119875332,15.075990336400276,12.6582
WARD_A,2025-06-17 17:00:00+00:00,2025-06-17 18:00:00+00:00,15.7909,16.195130103767358,14.84265053494388,17.547609672590838,15.1009
WARD_B,2025-06-17 17:00:00+00:00,2025-06-17 18:00:00+00:00,16.05,16.013457456815917,14.66097788799244,17.365937025639397,13.819
ICU,2025-06-17 18:00:00+00:00,2025-06-17 19:00:00+00:00,16.4237,16.822562717819626,15.470083148996148,18.175042286643105,17.064
OPD,2025-06-17 18:00:00+00:00,2025-06-17 19:00:00+00:00,12.5121,12.240299518312046,10.887819949488568,13.592779087135524,12.3604
WARD_A,2025-06-17 18:00:00+00:00,2025-06-17 19:00:00+00:00,15.3641,15.576246170396109,14.223766601572631,16.928725739219587,14.9398
WARD_B,2025-06-17 18:00:00+00:00,2025-06-17 19:00:00+00:00,15.9691,15.737756054781144,14.385276485957666,17.090235623604624,14.7172
ICU,2025-06-17 19:00:00+00:00,2025-06-17 20:00:00+00:00,17.1767,17.91679808713734,16.56431851831386,19.26927765596082,17.2689
OPD,2025-06-17 19:00:00+00:00,2025-06-17 20:00:00+00:00,13.5935,13.571568126124463,12.219088557300985,14.92404769494794,12.9283
WARD_A,2025-06-17 19:00:00+00:00,2025-06-17 20:00:00+00:00,16.4984,16.59740188451327,15.244922315689793,17.94988145333675,14.8148
WARD_B,2025-06-17 19:00:00+00:00,2025-06-17 20:00:00+00:00,16.4803,17.214340963570184,15.861861394746706,18.566820532393663,14.5166
ICU,2025-06-17 20:00:00+00:00,2025-06-17 21:00:00+00:00,14.6061,15.480687515766839,14.12820794694336,16.83316708459032,15.5138
WARD_A,2025-06-17 20:00:00+00:00,2025-06-17 21:00:00+00:00,13.5883,14.353361409080662,13.000881840257184,15.70584097790414,13.4385
WARD_B,2025-06-17 20:00:00+00:00,2025-06-17 21:00:00+00:00,13.6461,14.428311304972468,13.07583173614899,15.780790873795945,13.9604
ICU,2025-06-17 21:00:00+00:00,2025-06-17 22:00:00+00:00,13.8482,14.699260848019392,13.346781279195914,16.051740416842872,14.6919
OPD,2025-06-17 21:00:00+00:00,2025-06-17 22:00:00+00:00,9.5157,10.699786068536834,9.347306499713357,12.052265637360312,10.6453
WARD_A,2025-06-17 21:00:00+00:00,2025-06-17 22:00:00+00:00,12.8668,13.350727418934953,11.998247850111476,14.703206987758431,12.2746
ICU,2025-06-17 22:00:00+00:00,2025-06-17 23:00:00+00:00,13.347,13.979436233807556,12.626956664984078,15.331915802631034,15.3011
OPD,2025-06-17 22:00:00+00:00,2025-06-17 23:00:00+00:00,9.3649,9.826030753088107,8.473551184264629,11.178510321911585,11.1093
WARD_A,2025-06-17 22:00:00+00:00,2025-06-17 23:00:00+00:00,12.7561,13.023307322477606,11.670827753654129,14.375786891301084,13.5069
WARD_B,2025-06-17 22:00:00+00:00,2025-06-17 23:00:00+00:00,12.4901,13.023307322477606,11.670827753654129,14.375786891301084,13.1224
ICU,2025-06-17 23:00:00+00:00,2025-06-18 00:00:00+00:00,13.407,13.890810947582374,12.538331378758896,15.243290516405851,13.1319
OPD,2025-06-17 23:00:00+00:00,2025-06-18 00:00:00+00:00,10.5336,9.86567051769749,8.513190948874012,11.218150086520968,8.7419
WARD_A,2025-06-17 23:00:00+00:00,2025-06-18 00:00:00+00:00,13.2858,12.683982714612078,11.3315031457886,14.036462283435556,11.4353
WARD_B,2025-06-17 23:00:00+00:00,2025-06-18 00:00:00+00:00,13.0195,12.626991895128992,11.274512326305514,13.97947146395247,16.565
ICU,2025-06-18 00:00:00+00:00,2025-06-18 01:00:00+00:00,13.1363,13.58184366693062,12.229364098107142,14.934323235754098,13.2503
OPD,2025-06-18 00:00:00+00:00,2025-06-18 01:00:00+00:00,9.0195,9.623950330110791,8.271470761287313,10.976429898934269,8.8708
WARD_A,2025-06-18 00:00:00+00:00,2025-06-18 01:00:00+00:00,12.7291,12.947503825157874,11.595024256334396,14.299983393981352,12.1407
WARD_B,2025-06-18 00:00:00+00:00,2025-06-18 01:00:00+00:00,12.3615,13.187993157312707,11.83551358848923,14.540472726136185,16.6455
ICU,2025-06-18 01:00:00+00:00,2025-06-18 02:00:00+00:00,13.155,13.66244859727736,12.309969028453882,15.014928166100837,14.4051
OPD,2025-06-18 01:00:00+00:00,2025-06-18 02:00:00+00:00,8.9333,9.54893769477407,8.196458125950592,10.901417263597548,9.7009
WARD_A,2025-06-18 01:00:00+00:00,2025-06-18 02:00:00+00:00,11.2889,12.721386740870791,11.368907172047313,14.073866309694269,13.32
WARD_B,2025-06-18 01:00:00+00:00,2025-06-18 02:00:00+00:00,12.4969,13.036827492596094,11.684347923772616,14.389307061419572,18.0643
ICU,2025-06-18 02:00:00+00:00,2025-06-18 03:00:00+00:00,13.0282,13.664699657733765,12.312220088910287,15.017179226557243,14.6541
OPD,2025-06-18 02:00:00+00:00,2025-06-18 03:00:00+00:00,8.819,9.579530915435306,8.227051346611828,10.932010484258784,10.6949
WARD_A,2025-06-18 02:00:00+00:00,2025-06-18 03:00:00+00:00,13.6417,12.136066999174416,10.783587430350938,13.488546567997894,12.5886
WARD_B,2025-06-18 02:00:00+00:00,2025-06-18 03:00:00+00:00,12.2796,13.120454116444948,11.76797454762147,14.472933685268426,18.2935
ICU,2025-06-18 03:00:00+00:00,2025-06-18 04:00:00+00:00,14.249,13.81075196335149,12.458272394528013,15.163231532174969,14.3756
OPD,2025-06-18 03:00:00+00:00,2025-06-18 04:00:00+00:00,9.5797,9.762773522589857,8.410293953766379,11.115253091413335,9.516
WARD_A,2025-06-18 03:00:00+00:00,2025-06-18 04:00:00+00:00,14.5366,13.434781142564844,12.082301573741367,14.787260711388322,11.4526
WARD_B,2025-06-18 03:00:00+00:00,2025-06-18 04:00:00+00:00,13.3531,13.615728459448809,12.26324889062533,14.968208028272286,19.4542
ICU,2025-06-18 04:00:00+00:00,2025-06-18 05:00:00+00:00,14.4708,14.431723039835317,13.07924347101184,15.784202608658795,14.375
OPD,2025-06-18 04:00:00+00:00,2025-06-18 05:00:00+00:00,9.6198,10.22280600957777,8.870326440754292,11.575285578401248,10.0087
WARD_A,2025-06-18 04:00:00+00:00,2025-06-18 05:00:00+00:00,13.6496,13.605210798682297,12.252731229858819,14.957690367505775,12.6307
WARD_B,2025-06-18 04:00:00+00:00,2025-06-18 05:00:00+00:00,14.136,13.863570789308298,12.51109122048482,15.216050358131776,19.2373
ICU,2025-06-18 05:00:00+00:00,2025-06-18 06:00:00+00:00,15.5559,16.386595862708276,15.034116293884798,17.739075431531756,17.93
OPD,2025-06-18 05:00:00+00:00,2025-06-18 06:00:00+00:00,11.7012,11.869587988624142,10.517108419800664,13.22206755744762,12.543
WARD_A,2025-06-18 05:00:00+00:00,2025-06-18 06:00:00+00:00,15.7065,15.402646709776198,14.05016714095272,16.755126278599676,15.5945
WARD_B,2025-06-18 05:00:00+00:00,2025-06-18 06:00:00+00:00,16.0759,15.891861627195286,14.539382058371809,17.244341196018766,20.7451
ICU,2025-06-18 06:00:00+00:00,2025-06-18 07:00:00+00:00,15.1265,15.660667099559735,14.308187530736257,17.013146668383214,15.3026
OPD,2025-06-18 06:00:00+00:00,2025-06-18 07:00:00+00:00,10.3121,11.285537482270247,9.933057913446769,12.638017051093724,10.4087
WARD_A,2025-06-18 06:00:00+00:00,2025-06-18 07:00:00+00:00,14.6935,14.652239469342014,13.299759900518536,16.004719038165494,12.4447
WARD_B,2025-06-18 06:00:00+00:00,2025-06-18 07:00:00+00:00,13.9159,15.243458668410137,13.890979099586659,16.595938237233614,18.4661
ICU,2025-06-18 07:00:00+00:00,2025-06-18 08:00:00+00:00,17.1462,16.651502086840342,15.299022518016864,18.00398165566382,17.4274
OPD,2025-06-18 07:00:00+00:00,2025-06-18 08:00:00+00:00,16.1089,15.454711903421892,14.102232334598414,16.80719147224537,14.8072
WARD_A,2025-06-18 07:00:00+00:00,2025-06-18 08:00:00+00:00,15.811,15.811420396134013,14.458940827310535,17.16389996495749,15.3791
WARD_B,2025-06-18 07:00:00+00:00,2025-06-18 08:00:00+00:00,16.3885,16.18035361183134,14.827874043007862,17.53283318065482,22.5918
ICU,2025-06-18 08:00:00+00:00,2025-06-18 09:00:00+00:00,17.6455,17.769111190120935,16.416631621297455,19.121590758944414,16.8858
OPD,2025-06-18 08:00:00+00:00,2025-06-18 09:00:00+00:00,15.4196,16.762437788536147,15.409958219712669,18.114917357359626,16.2598
WARD_A,2025-06-18 08:00:00+00:00,2025-06-18 09:00:00+00:00,17.2743,16.9935908266273,15.641111257803823,18.34607039545078,14.1538
WARD_B,2025-06-18 08:00:00+00:00,2025-06-18 09:00:00+00:00,16.5671,17.38567098765114,16.03319141882766,18.73815055647462,22.0501
ICU,2025-06-18 09:00:00+00:00,2025-06-18 10:00:00+00:00,18.2588,18.064342965689747,16.711863396866267,19.416822534513226,17.769
OPD,2025-06-18 09:00:00+00:00,2025-06-18 10:00:00+00:00,18.0767,16.3800374747976,15.027557905974122,17.73251704362108,16.0537
WARD_A,2025-06-18 09:00:00+00:00,2025-06-18 10:00:00+00:00,16.2737,17.457494705340444,16.105015136516965,18.809974274163924,15.9464
WARD_B,2025-06-18 09:00:00+00:00,2025-06-18 10:00:00+00:00,15.9919,17.827090698075125,16.474611129251645,19.179570266898605,21.7009
ICU,2025-06-18 10:00:00+00:00,2025-06-18 11:00:00+00:00,17.7653,18.571573373845975,17.219093805022496,19.924052942669455,18.4386
OPD,2025-06-18 10:00:00+00:00,2025-06-18 11:00:00+00:00,17.6466,17.65692036540585,16.30444079658237,19.00939993422933,17.8871
WARD_A,2025-06-18 10:00:00+00:00,2025-06-18 11:00:00+00:00,16.6212,17.311755062466847,15.95927549364337,18.664234631290327,16.0839
WARD_B,2025-06-18 10:00:00+00:00,2025-06-18 11:00:00+00:00,17.8265,17.499253277774777,16.146773708951297,18.851732846598257,24.0288
ICU,2025-06-18 11:00:00+00:00,2025-06-18 12:00:00+00:00,18.4774,18.623056767564684,17.270577198741204,19.975536336388164,17.7333
OPD,2025-06-18 11:00:00+00:00,2025-06-18 12:00:00+00:00,18.339,17.70866843792181,16.35618886909833,19.061148006745288,17.0333
WARD_A,2025-06-18 11:00:00+00:00,2025-06-18 12:00:00+00:00,18.1571,17.80321031331799,16.45073074449451,19.15568988214147,16.2659
WARD_B,2025-06-18 11:00:00+00:00,2025-06-18 12:00:00+00:00,16.5509,18.341720353415788,16.989240784592308,19.694199922239267,22.4352
ICU,2025-06-18 12:00:00+00:00,2025-06-18 13:00:00+00:00,18.8467,18.75435209465907,17.40187252583559,20.10683166348255,18.8639
OPD,2025-06-18 12:00:00+00:00,2025-06-18 13:00:00+00:00,19.4114,18.303861162844484,16.951381594021004,19.656340731667964,18.0097
WARD_A,2025-06-18 12:00:00+00:00,2025-06-18 13:00:00+00:00,18.0847,18.32934762236136,16.97686805353788,19.68182719118484,17.3082
WARD_B,2025-06-18 12:00:00+00:00,2025-06-18 13:00:00+00:00,17.6307,18.12890451533607,16.77642494651259,19.48138408415955,16.5647
ICU,2025-06-18 13:00:00+00:00,2025-06-18 14:00:00+00:00,21.2839,20.72970126915951,19.37722170033603,22.08218083798299,19.7653
OPD,2025-06-18 13:00:00+00:00,2025-06-18 14:00:00+00:00,19.8554,19.997581130944127,18.645101562120647,21.350060699767607,20.5321
WARD_A,2025-06-18 13:00:00+00:00,2025-06-18 14:00:00+00:00,19.5828,19.69949091313985,18.34701134431637,21.05197048196333,18.5646
WARD_B,2025-06-18 13:00:00+00:00,2025-06-18 14:00:00+00:00,18.9632,19.487143592406287,18.134664023582808,20.839623161229767,17.6964
ICU,2025-06-18 14:00:00+00:00,2025-06-18 15:00:00+00:00,18.7094,19.26820095251957,17.91572138369609,20.62068052134305,19.1623
OPD,2025-06-18 14:00:00+00:00,2025-06-18 15:00:00+00:00,16.7462,18.389594529639997,17.037114960816517,19.742074098463476,19.1052
WARD_A,2025-06-18 14:00:00+00:00,2025-06-18 15:00:00+00:00,18.8131,17.783023012576393,16.430543443752914,19.135502581399873,16.9609
WARD_B,2025-06-18 14:00:00+00:00,2025-06-18 15:00:00+00:00,17.3694,17.480734363289148,16.12825479446567,18.833213932112628,16.6552
ICU,2025-06-18 15:00:00+00:00,2025-06-18 16:00:00+00:00,18.598,18.67179505696567,17.31931548814219,20.02427462578915,18.384
OPD,2025-06-18 15:00:00+00:00,2025-06-18 16:00:00+00:00,16.2867,17.581182513382053,16.228702944558574,18.933662082205533,17.2594
WARD_A,2025-06-18 15:00:00+00:00,2025-06-18 16:00:00+00:00,18.3306,17.896785998866722,16.544306430043243,19.249265567690202,16.5423
WARD_B,2025-06-18 15:00:00+00:00,2025-06-18 16:00:00+00:00,17.212,17.487101796373953,16.134622227550473,18.839581365197432,16.3894
ICU,2025-06-18 16:00:00+00:00,2025-06-18 17:00:00+00:00,18.6929,18.525889866593715,17.173410297770236,19.878369435417195,18.9977
OPD,2025-06-18 16:00:00+00:00,2025-06-18 17:00:00+00:00,17.7059,16.547239241316735,15.194759672493257,17.899718810140214,16.8652
WARD_A,2025-06-18 16:00:00+00:00,2025-06-18 17:00:00+00:00,16.6428,17.4496685274554,16.09718895863192,18.80214809627888,17.7062
WARD_B,2025-06-18 16:00:00+00:00,2025-06-18 17:00:00+00:00,17.7785,17.24433115581215,15.891851586988674,18.59681072463563,17.8374
ICU,2025-06-18 17:00:00+00:00,2025-06-18 18:00:00+00:00,17.2286,16.966864662337777,15.614385093514299,18.319344231161256,17.7928
OPD,2025-06-18 17:00:00+00:00,2025-06-18 18:00:00+00:00,13.8568,13.456642421163078,12.1041628523396,14.809121989986556,12.7971
WARD_A,2025-06-18 17:00:00+00:00,2025-06-18 18:00:00+00:00,15.9267,16.012853201240677,14.6603736324172,17.365332770064157,14.1545
WARD_B,2025-06-18 17:00:00+00:00,2025-06-18 18:00:00+00:00,15.4239,16.311942663257632,14.959463094434154,17.66442223208111,14.6081
ICU,2025-06-18 18:00:00+00:00,2025-06-18 19:00:00+00:00,16.3403,16.525926919140254,15.173447350316776,17.878406487963733,16.9815
OPD,2025-06-18 18:00:00+00:00,2025-06-18 19:00:00+00:00,11.7664,12.248084460349505,10.895604891526027,13.600564029172983,13.1529
WARD_A,2025-06-18 18:00:00+00:00,2025-06-18 19:00:00+00:00,15.2893,15.662945972192064,14.310466403368586,17.015425541015542,14.4649
WARD_B,2025-06-18 18:00:00+00:00,2025-06-18 19:00:00+00:00,14.8074,15.034462863836012,13.681983295012534,16.38694243265949,14.8843
ICU,2025-06-18 19:00:00+00:00,2025-06-18 20:00:00+00:00,17.4756,17.734572532332706,16.382092963509226,19.087052101156186,16.8638
OPD,2025-06-18 19:00:00+00:00,2025-06-18 20:00:00+00:00,12.4365,13.048123638072699,11.695644069249221,14.400603206896177,13.3937
WARD_A,2025-06-18 19:00:00+00:00,2025-06-18 20:00:00+00:00,16.517,16.167813525307427,14.815333956483949,17.520293094130906,15.2761
WARD_B,2025-06-18 19:00:00+00:00,2025-06-18 20:00:00+00:00,15.7588,16.122094127461747,14.769614558638269,17.474573696285226,15.1009
ICU,2025-06-18 20:00:00+00:00,2025-06-18 21:00:00+00:00,14.8247,15.28649028471463,13.934010715891151,16.638969853538107,14.7974
OPD,2025-06-18 20:00:00+00:00,2025-06-18 21:00:00+00:00,10.8368,11.472629298168401,10.120149729344924,12.82510886699188,11.0331
WARD_A,2025-06-18 20:00:00+00:00,2025-06-18 21:00:00+00:00,14.2123,14.332048985403397,12.979569416579919,15.684528554226874,12.9553
WARD_B,2025-06-18 20:00:00+00:00,2025-06-18 21:00:00+00:00,13.9013,14.076762678529098,12.72428310970562,15.429242247352576,12.4965
ICU,2025-06-18 21:00:00+00:00,2025-06-18 22:00:00+00:00,15.3071,14.395334577863037,13.04285500903956,15.747814146686515,13.9928
OPD,2025-06-18 21:00:00+00:00,2025-06-18 22:00:00+00:00,11.0142,10.43543737147264,9.082957802649162,11.787916940296117,9.0259
WARD_A,2025-06-18 21:00:00+00:00,2025-06-18 22:00:00+00:00,15.1788,13.495555991052315,12.143076422228837,14.848035559875793,11.2942
WARD_B,2025-06-18 21:00:00+00:00,2025-06-18 22:00:00+00:00,12.9842,13.151704932904707,11.799225364081229,14.504184501728185,11.9649
ICU,2025-06-18 22:00:00+00:00,2025-06-18 23:00:00+00:00,13.5473,14.089638678644318,12.73715910982084,15.442118247467796,13.5376
OPD,2025-06-18 22:00:00+00:00,2025-06-18 23:00:00+00:00,10.0936,9.795893386631821,8.443413817808343,11.148372955455299,9.9815
WARD_A,2025-06-18 22:00:00+00:00,2025-06-18 23:00:00+00:00,14.0849,13.355115476036739,12.00263590721326,14.707595044860216,12.3217
WARD_B,2025-06-18 22:00:00+00:00,2025-06-18 23:00:00+00:00,13.211,12.912777577657526,11.560298008834048,14.265257146481003,11.5921
ICU,2025-06-18 23:00:00+00:00,2025-06-19 00:00:00+00:00,14.1744,13.591466310073052,12.238986741249574,14.94394587889653,13.9169
OPD,2025-06-18 23:00:00+00:00,2025-06-19 00:00:00+00:00,9.7816,9.706808888532803,8.354329319709326,11.059288457356281,8.9323
WARD_A,2025-06-18 23:00:00+00:00,2025-06-19 00:00:00+00:00,13.5278,13.104578490899227,11.75209892207575,14.457058059722705,11.3502
WARD_B,2025-06-18 23:00:00+00:00,2025-06-19 00:00:00+00:00,12.7167,12.773724841035168,11.42124527221169,14.126204409858646,11.7445
ICU,2025-06-19 00:00:00+00:00,2025-06-19 01:00:00+00:00,13.6758,13.770289108140215,12.417809539316737,15.122768676963693,14.1831
OPD,2025-06-19 00:00:00+00:00,2025-06-19 01:00:00+00:00,9.1759,9.633625902429644,8.281146333606166,10.986105471253122,9.3268
WARD_A,2025-06-19 00:00:00+00:00,2025-06-19 01:00:00+00:00,12.3608,13.130671848820052,11.778192279996574,14.48315141764353,11.9232
WARD_B,2025-06-19 00:00:00+00:00,2025-06-19 01:00:00+00:00,12.6241,12.723082588816244,11.370603019992766,14.075562157639721,11.2325
ICU,2025-06-19 01:00:00+00:00,2025-06-19 02:00:00+00:00,12.9012,13.596719316062792,12.244239747239314,14.94919888488627,12.8028
OPD,2025-06-19 01:00:00+00:00,2025-06-19 02:00:00+00:00,8.9773,9.523803347420092,8.171323778596614,10.87628291624357,8.9042
WARD_A,2025-06-19 01:00:00+00:00,2025-06-19 02:00:00+00:00,12.6307,12.743113595217341,11.390634026393863,14.09559316404082,10.7933
WARD_B,2025-06-19 01:00:00+00:00,2025-06-19 02:00:00+00:00,12.0646,12.399377022603618,11.04689745378014,13.751856591427096,11.0423
ICU,2025-06-19 02:00:00+00:00,2025-06-19 03:00:00+00:00,13.3107,13.629477224317899,12.276997655494421,14.981956793141377,13.0822
OPD,2025-06-19 02:00:00+00:00,2025-06-19 03:00:00+00:00,9.3584,9.463758399315388,8.11127883049191,10.816237968138866,8.4368
WARD_A,2025-06-19 02:00:00+00:00,2025-06-19 03:00:00+00:00,11.5473,12.332141861551687,10.979662292728209,13.684621430375165,10.6727
WARD_B,2025-06-19 02:00:00+00:00,2025-06-19 03:00:00+00:00,12.2953,12.380938562655617,11.028458993832139,13.733418131479095,12.0342
ICU,2025-06-19 03:00:00+00:00,2025-06-19 04:00:00+00:00,13.662,13.743541080392117,12.391061511568639,15.096020649215594,12.7752
OPD,2025-06-19 03:00:00+00:00,2025-06-19 04:00:00+00:00,9.1215,9.61561105671642,8.263131487892942,10.968090625539897,20.8951
WARD_A,2025-06-19 03:00:00+00:00,2025-06-19 04:00:00+00:00,13.8393,12.764236383181718,11.41175681435824,14.116715952005196,11.2866
WARD_B,2025-06-19 03:00:00+00:00,2025-06-19 04:00:00+00:00,12.8031,12.976242711579353,11.623763142755875,14.32872228040283,10.4975
ICU,2025-06-19 04:00:00+00:00,2025-06-19 05:00:00+00:00,14.6517,13.998174038683194,12.645694469859716,15.350653607506672,13.3774
OPD,2025-06-19 04:00:00+00:00,2025-06-19 05:00:00+00:00,10.3877,11.033654195592243,9.681174626768765,12.386133764415721,21.0443
WARD_A,2025-06-19 04:00:00+00:00,2025-06-19 05:00:00+00:00,13.5262,13.643512218881812,12.291032650058334,14.99599178770529,11.8016
WARD_B,2025-06-19 04:00:00+00:00,2025-06-19 05:00:00+00:00,12.9682,13.265247691327122,11.912768122503644,14.6177272601506,12.6848
ICU,2025-06-19 05:00:00+00:00,2025-06-19 06:00:00+00:00,16.5579,16.643804013703384,15.291324444879907,17.996283582526864,16.6407
OPD,2025-06-19 05:00:00+00:00,2025-06-19 06:00:00+00:00,11.2708,12.84298453303688,11.490504964213402,14.195464101860358,24.2191
WARD_A,2025-06-19 05:00:00+00:00,2025-06-19 06:00:00+00:00,14.8552,15.105678773669386,13.753199204845908,16.458158342492865,15.2215
WARD_B,2025-06-19 05:00:00+00:00,2025-06-19 06:00:00+00:00,15.8611,15.339469163933009,13.98698959510953,16.691948732756487,14.715
ICU,2025-06-19 06:00:00+00:00,2025-06-19 07:00:00+00:00,15.2076,15.738883651467832,14.386404082644354,17.09136322029131,14.3262
OPD,2025-06-19 06:00:00+00:00,2025-06-19 07:00:00+00:00,10.8964,12.078950374194829,10.726470805371351,13.431429943018307,22.2272
WARD_A,2025-06-19 06:00:00+00:00,2025-06-19 07:00:00+00:00,14.3636,14.40619979185808,13.053720223034603,15.758679360681558,12.9854
WARD_B,2025-06-19 06:00:00+00:00,2025-06-19 07:00:00+00:00,12.1871,14.51635561998329,13.163876051159813,15.868835188806768,13.0618
ICU,2025-06-19 07:00:00+00:00,2025-06-19 08:00:00+00:00,16.3218,16.682312610564342,15.329833041740864,18.03479217938782,16.1099
OPD,2025-06-19 07:00:00+00:00,2025-06-19 08:00:00+00:00,15.015,15.758939191678193,14.406459622854715,17.11141876050167,26.9262
WARD_A,2025-06-19 07:00:00+00:00,2025-06-19 08:00:00+00:00,16.5837,15.744001187292554,14.391521618469076,17.096480756116033,15.2472
WARD_B,2025-06-19 07:00:00+00:00,2025-06-19 08:00:00+00:00,15.3267,15.71885507374078,14.366375504917302,17.07133464256426,14.1231
ICU,2025-06-19 08:00:00+00:00,2025-06-19 09:00:00+00:00,18.2681,17.430243089900554,16.077763521077074,18.782722658724033,17.1025
OPD,2025-06-19 08:00:00+00:00,2025-06-19 09:00:00+00:00,16.5685,16.531627999467293,15.179148430643815,17.884107568290773,28.1452
WARD_A,2025-06-19 08:00:00+00:00,2025-06-19 09:00:00+00:00,17.3342,17.096834650095108,15.74435508127163,18.449314218918587,16.1789
WARD_B,2025-06-19 08:00:00+00:00,2025-06-19 09:00:00+00:00,15.7964,15.99904365949823,14.646564090674753,17.35152322832171,16.7343
ICU,2025-06-19 09:00:00+00:00,2025-06-19 10:00:00+00:00,18.2594,18.286246794378016,16.933767225554536,19.638726363201496,17.9909
OPD,2025-06-19 09:00:00+00:00,2025-06-19 10:00:00+00:00,15.4546,17.794815601783547,16.442336032960068,19.147295170607027,27.8906
WARD_B,2025-06-19 09:00:00+00:00,2025-06-19 10:00:00+00:00,15.0341,16.927302008516,15.574822439692523,18.27978157733948,16.4541
ICU,2025-06-19 10:00:00+00:00,2025-06-19 11:00:00+00:00,18.4735,18.68766683274938,17.3351872639259,20.04014640157286,19.1671
OPD,2025-06-19 10:00:00+00:00,2025-06-19 11:00:00+00:00,17.47,17.265658615522565,15.913179046699087,18.618138184346044,28.4611
WARD_A,2025-06-19 10:00:00+00:00,2025-06-19 11:00:00+00:00,16.8197,17.797363101110225,16.444883532286745,19.149842669933705,16.7372
WARD_B,2025-06-19 10:00:00+00:00,2025-06-19 11:00:00+00:00,16.8172,16.09513596259844,14.742656393774963,17.44761553142192,16.0893
ICU,2025-06-19 11:00:00+00:00,2025-06-19 12:00:00+00:00,18.8303,19.103996972146597,17.751517403323117,20.456476540970076,19.1244
OPD,2025-06-19 11:00:00+00:00,2025-06-19 12:00:00+00:00,17.0198,18.07437966526892,16.72190009644544,19.4268592340924,28.6771
WARD_A,2025-06-19 11:00:00+00:00,2025-06-19 12:00:00+00:00,17.4817,17.958654223905707,16.606174655082228,19.311133792729187,17.2786
WARD_B,2025-06-19 11:00:00+00:00,2025-06-19 12:00:00+00:00,17.4903,17.594427010007216,16.241947441183736,18.946906578830696,17.6288
ICU,2025-06-19 12:00:00+00:00,2025-06-19 13:00:00+00:00,16.979,19.202041271997164,17.849561703173684,20.554520840820643,19.8143
OPD,2025-06-19 12:00:00+00:00,2025-06-19 13:00:00+00:00,17.5016,18.28031096858064,16.92783139975716,19.63279053740412,19.1503
WARD_A,2025-06-19 12:00:00+00:00,2025-06-19 13:00:00+00:00,17.3152,18.050387229599696,16.697907660776217,19.402866798423176,17.072
WARD_B,2025-06-19 12:00:00+00:00,2025-06-19 13:00:00+00:00,16.1394,17.844061724873836,16.491582156050356,19.196541293697315,17.2603
ICU,2025-06-19 13:00:00+00:00,2025-06-19 14:00:00+00:00,20.2842,20.20762022432293,18.85514065549945,21.56009979314641,19.3911
OPD,2025-06-19 13:00:00+00:00,2025-06-19 14:00:00+00:00,18.9338,19.44103055002645,18.08855098120297,20.79351011884993,20.0878
WARD_A,2025-06-19 13:00:00+00:00,2025-06-19 14:00:00+00:00,19.725,19.41924317042682,18.06676360160334,20.7717227392503,18.2126
WARD_B,2025-06-19 13:00:00+00:00,2025-06-19 14:00:00+00:00,18.4491,18.253480300916017,16.901000732092538,19.605959869739497,17.2567
ICU,2025-06-19 14:00:00+00:00,2025-06-19 15:00:00+00:00,19.1451,18.647239662552053,17.294760093728573,19.999719231375533,19.3489
OPD,2025-06-19 14:00:00+00:00,2025-06-19 15:00:00+00:00,16.2099,18.07815736433588,16.7256777955124,19.43063693315936,17.0907
WARD_A,2025-06-19 14:00:00+00:00,2025-06-19 15:00:00+00:00,17.3273,18.05225065225408,16.6997710834306,19.40473022107756,18.3722
WARD_B,2025-06-19 14:00:00+00:00,2025-06-19 15:00:00+00:00,17.8902,16.990729019659746,15.638249450836268,18.343208588483225,16.8714
ICU,2025-06-19 15:00:00+00:00,2025-06-19 16:00:00+00:00,18.4814,19.013430462582782,17.660950893759303,20.365910031406262,17.5278
OPD,2025-06-19 15:00:00+00:00,2025-06-19 16:00:00+00:00,17.5738,17.43498499190724,16.08250542308376,18.78746456073072,17.1802
WARD_A,2025-06-19 15:00:00+00:00,2025-06-19 16:00:00+00:00,18.3261,17.662313834619304,16.309834265795825,19.014793403442784,16.081
WARD_B,2025-06-19 15:00:00+00:00,2025-06-19 16:00:00+00:00,16.6311,17.351648264993617,15.99916869617014,18.704127833817097,16.6597
ICU,2025-06-19 16:00:00+00:00,2025-06-19 17:00:00+00:00,19.7997,18.43352797421178,17.0810484053883,19.78600754303526,19.5201
OPD,2025-06-19 16:00:00+00:00,2025-06-19 17:00:00+00:00,19.1282,16.83250309408861,15.480023525265134,18.18498266291209,18.2787
WARD_A,2025-06-19 16:00:00+00:00,2025-06-19 17:00:00+00:00,17.9779,17.6203627362055,16.26788316738202,18.97284230502898,17.7039
WARD_B,2025-06-19 16:00:00+00:00,2025-06-19 17:00:00+00:00,17.1246,16.883284215662353,15.530804646838876,18.235763784485833,18.5961
ICU,2025-06-19 17:00:00+00:00,2025-06-19 18:00:00+00:00,15.7685,17.57225493608613,16.21977536726265,18.92473450490961,17.0152
OPD,2025-06-19 17:00:00+00:00,2025-06-19 18:00:00+00:00,11.9215,13.089169498132582,11.736689929309104,14.44164906695606,11.9645
WARD_A,2025-06-19 17:00:00+00:00,2025-06-19 18:00:00+00:00,16.152,16.352269077928256,14.999789509104778,17.704748646751735,15.371
WARD_B,2025-06-19 17:00:00+00:00,2025-06-19 18:00:00+00:00,14.5333,15.519115422430165,14.166635853606687,16.871594991253644,14.6226
ICU,2025-06-19 18:00:00+00:00,2025-06-19 19:00:00+00:00,16.5771,16.071647273820485,14.719167704997007,17.424126842643965,15.9878
OPD,2025-06-19 18:00:00+00:00,2025-06-19 19:00:00+00:00,11.167,12.13704905244419,10.784569483620713,13.489528621267668,12.8729
WARD_A,2025-06-19 18:00:00+00:00,2025-06-19 19:00:00+00:00,14.4162,15.696451551293595,14.343971982470118,17.048931120117075,13.5609
WARD_B,2025-06-19 18:00:00+00:00,2025-06-19 19:00:00+00:00,13.8265,14.588881618283432,13.236402049459954,15.94136118710691,14.1161
ICU,2025-06-19 19:00:00+00:00,2025-06-19 20:00:00+00:00,15.9407,18.08696897515029,16.73448940632681,19.439448543973768,17.6433
OPD,2025-06-19 19:00:00+00:00,2025-06-19 20:00:00+00:00,12.1896,12.38630449720576,11.033824928382282,13.738784066029238,12.3476
WARD_A,2025-06-19 19:00:00+00:00,2025-06-19 20:00:00+00:00,14.9216,15.750465515797837,14.397985946974359,17.102945084621314,14.4522
WARD_B,2025-06-19 19:00:00+00:00,2025-06-19 20:00:00+00:00,14.6308,15.088780207052778,13.7363006382293,16.441259775876258,14.9826
ICU,2025-06-19 20:00:00+00:00,2025-06-19 21:00:00+00:00,15.3801,15.025134695780396,13.672655126956919,16.377614264603874,14.2641
OPD,2025-06-19 20:00:00+00:00,2025-06-19 21:00:00+00:00,10.5943,10.664942791711422,9.312463222887944,12.0174223605349,9.8183
WARD_A,2025-06-19 20:00:00+00:00,2025-06-19 21:00:00+00:00,14.1748,13.649154928782087,12.29667535995861,15.001634497605565,12.4129
WARD_B,2025-06-19 20:00:00+00:00,2025-06-19 21:00:00+00:00,13.3989,13.140205459706984,11.787725890883506,14.492685028530461,12.627
ICU,2025-06-19 21:00:00+00:00,2025-06-19 22:00:00+00:00,14.254,14.462404084844875,13.109924516021398,15.814883653668353,15.1943
OPD,2025-06-19 21:00:00+00:00,2025-06-19 22:00:00+00:00,9.1601,10.19375344598614,8.841273877162662,11.546233014809618,11.7634
WARD_A,2025-06-19 21:00:00+00:00,2025-06-19 22:00:00+00:00,13.5691,13.515799162915778,12.1633195940923,14.868278731739256,12.4006
WARD_B,2025-06-19 21:00:00+00:00,2025-06-19 22:00:00+00:00,12.7906,12.804369328675579,11.4518897598521,14.156848897499057,13.8997
ICU,2025-06-19 22:00:00+00:00,2025-06-19 23:00:00+00:00,14.1511,14.121538088340158,12.76905851951668,15.474017657163635,14.8559
OPD,2025-06-19 22:00:00+00:00,2025-06-19 23:00:00+00:00,9.1234,10.240041560217495,8.887561991394017,11.592521129040973,11.5285
WARD_A,2025-06-19 22:00:00+00:00,2025-06-19 23:00:00+00:00,12.1968,13.201951002795196,11.849471433971718,14.554430571618674,14.4778
WARD_B,2025-06-19 22:00:00+00:00,2025-06-19 23:00:00+00:00,12.0263,12.73307213929428,11.380592570470801,14.085551708117757,14.0504
ICU,2025-06-19 23:00:00+00:00,2025-06-20 00:00:00+00:00,14.5073,13.741088513630462,12.388608944806984,15.09356808245394,13.6569
OPD,2025-06-19 23:00:00+00:00,2025-06-20 00:00:00+00:00,9.3297,9.914197768942811,8.561718200119333,11.26667733776629,10.0071
WARD_A,2025-06-19 23:00:00+00:00,2025-06-20 00:00:00+00:00,12.484,12.750432872671619,11.39795330384814,14.102912441495096,11.7288
WARD_B,2025-06-19 23:00:00+00:00,2025-06-20 00:00:00+00:00,12.0426,12.308262405969204,10.955782837145726,13.660741974792682,12.1289
ICU,2025-06-20 00:00:00+00:00,2025-06-20 01:00:00+00:00,13.8529,13.921160091772988,12.56868052294951,15.273639660596466,13.1693
OPD,2025-06-20 00:00:00+00:00,2025-06-20 01:00:00+00:00,9.0731,9.652277020375973,8.299797451552495,11.00475658919945,9.5497
WARD_A,2025-06-20 00:00:00+00:00,2025-06-20 01:00:00+00:00,12.6399,12.721042507215296,11.368562938391818,14.073522076038774,11.0343
WARD_B,2025-06-20 00:00:00+00:00,2025-06-20 01:00:00+00:00,13.2255,12.207609829015553,10.855130260192075,13.56008939783903,11.608
ICU,2025-06-20 01:00:00+00:00,2025-06-20 02:00:00+00:00,13.8481,13.619161086891744,12.266681518068266,14.971640655715222,12.6617
WARD_A,2025-06-20 01:00:00+00:00,2025-06-20 02:00:00+00:00,13.3594,12.402988850390098,11.05050928156662,13.755468419213576,10.9718
WARD_B,2025-06-20 01:00:00+00:00,2025-06-20 02:00:00+00:00,12.1196,12.57059593889905,11.218116370075572,13.923075507722528,10.1134
ICU,2025-06-20 02:00:00+00:00,2025-06-20 03:00:00+00:00,13.3537,13.653879382813328,12.30139981398985,15.006358951636805,13.1945
OPD,2025-06-20 02:00:00+00:00,2025-06-20 03:00:00+00:00,9.2769,9.492023237548443,8.139543668724965,10.84450280637192,9.004
WARD_A,2025-06-20 02:00:00+00:00,2025-06-20 03:00:00+00:00,11.6811,12.78564132997734,11.433161761153862,14.138120898800818,11.0393
WARD_B,2025-06-20 02:00:00+00:00,2025-06-20 03:00:00+00:00,10.9886,11.951669420219755,10.599189851396277,13.304148989043233,12.035
ICU,2025-06-20 03:00:00+00:00,2025-06-20 04:00:00+00:00,14.3859,13.743541080392117,12.391061511568639,15.096020649215594,13.3731
OPD,2025-06-20 03:00:00+00:00,2025-06-20 04:00:00+00:00,9.392,9.67079477980142,8.318315210977943,11.023274348624899,9.4935
WARD_A,2025-06-20 03:00:00+00:00,2025-06-20 04:00:00+00:00,12.7849,12.175894480589909,10.823414911766431,13.528374049413387,11.6165
WARD_B,2025-06-20 03:00:00+00:00,2025-06-20 04:00:00+00:00,12.8367,12.26141788800915,10.908938319185673,13.613897456832628,11.1885
ICU,2025-06-20 04:00:00+00:00,2025-06-20 05:00:00+00:00,13.1129,14.320878425027038,12.96839885620356,15.673357993850516,14.0597
OPD,2025-06-20 04:00:00+00:00,2025-06-20 05:00:00+00:00,9.1114,9.967273836340677,8.6147942675172,11.319753405164155,10.0763
WARD_A,2025-06-20 04:00:00+00:00,2025-06-20 05:00:00+00:00,12.2885,13.507204662453615,12.154725093630137,14.859684231277093,12.5918
WARD_B,2025-06-20 04:00:00+00:00,2025-06-20 05:00:00+00:00,11.947,13.058639735347567,11.70616016652409,14.411119304171045,12.4202
ICU,2025-06-20 05:00:00+00:00,2025-06-20 06:00:00+00:00,15.8438,16.22019947190283,14.867719903079353,17.57267904072631,16.3704
OPD,2025-06-20 05:00:00+00:00,2025-06-20 06:00:00+00:00,11.8475,11.63110953729412,10.278629968470643,12.983589106117599,11.6958
WARD_A,2025-06-20 05:00:00+00:00,2025-06-20 06:00:00+00:00,14.2721,14.796011736222995,13.443532167399518,16.148491305046473,16.2879
WARD_B,2025-06-20 05:00:00+00:00,2025-06-20 06:00:00+00:00,15.2169,14.124664241513212,12.772184672689734,15.47714381033669,13.9401
ICU,2025-06-20 06:00:00+00:00,2025-06-20 07:00:00+00:00,14.7777,15.584437680359526,14.231958111536049,16.936917249183004,14.829
OPD,2025-06-20 06:00:00+00:00,2025-06-20 07:00:00+00:00,9.893,11.184397029258134,9.831917460434656,12.536876598081612,10.8841
WARD_A,2025-06-20 06:00:00+00:00,2025-06-20 07:00:00+00:00,13.8163,14.469307646763271,13.116828077939793,15.821787215586749,13.1413
WARD_B,2025-06-20 06:00:00+00:00,2025-06-20 07:00:00+00:00,12.8921,14.033480421135883,12.681000852312405,15.38595998995936,13.9441
ICU,2025-06-20 07:00:00+00:00,2025-06-20 08:00:00+00:00,17.2302,16.897706188777214,15.545226619953736,18.250185757600693,15.7193
OPD,2025-06-20 07:00:00+00:00,2025-06-20 08:00:00+00:00,16.0111,15.038512412771814,13.686032843948336,16.390991981595292,15.4407
WARD_A,2025-06-20 07:00:00+00:00,2025-06-20 08:00:00+00:00,16.8437,15.743761946034192,14.391282377210715,17.09624151485767,14.6166
WARD_B,2025-06-20 07:00:00+00:00,2025-06-20 08:00:00+00:00,14.6494,15.661115028900563,14.308635460077085,17.01359459772404,15.7689
ICU,2025-06-20 08:00:00+00:00,2025-06-20 09:00:00+00:00,18.0002,17.58300768440251,16.23052811557903,18.93548725322599,16.7414
OPD,2025-06-20 08:00:00+00:00,2025-06-20 09:00:00+00:00,16.6298,16.678748612358785,15.326269043535307,18.031228181182264,16.1968
WARD_A,2025-06-20 08:00:00+00:00,2025-06-20 09:00:00+00:00,17.0233,17.046049571606893,15.693570002783416,18.398529140430373,15.9624
WARD_B,2025-06-20 08:00:00+00:00,2025-06-20 09:00:00+00:00,15.5246,15.72969137872763,14.377211809904152,17.08217094755111,16.6872
ICU,2025-06-20 09:00:00+00:00,2025-06-20 10:00:00+00:00,18.9336,18.405442091790846,17.052962522967366,19.757921660614326,17.2805
OPD,2025-06-20 09:00:00+00:00,2025-06-20 10:00:00+00:00,19.7438,17.196350381236552,15.843870812413074,18.548829950060032,17.4327
WARD_B,2025-06-20 09:00:00+00:00,2025-06-20 10:00:00+00:00,16.874,16.216284991119803,14.863805422296325,17.568764559943283,15.9961
ICU,2025-06-20 10:00:00+00:00,2025-06-20 11:00:00+00:00,19.143,18.845987752442586,17.493508183619106,20.198467321266065,18.568
OPD,2025-06-20 10:00:00+00:00,2025-06-20 11:00:00+00:00,18.6779,18.585490167214296,17.233010598390816,19.937969736037775,17.2626
WARD_A,2025-06-20 10:00:00+00:00,2025-06-20 11:00:00+00:00,17.5769,18.018674612236218,16.66619504341274,19.371154181059698,17.6894
WARD_B,2025-06-20 10:00:00+00:00,2025-06-20 11:00:00+00:00,16.4092,17.222998211388152,15.870518642564674,18.57547778021163,17.7238
ICU,2025-06-20 11:00:00+00:00,2025-06-20 12:00:00+00:00,18.5823,19.198552871314302,17.846073302490822,20.55103244013778,18.4038
OPD,2025-06-20 11:00:00+00:00,2025-06-20 12:00:00+00:00,16.1046,17.865424407374476,16.512944838550997,19.217903976197956,18.2545
WARD_A,2025-06-20 11:00:00+00:00,2025-06-20 12:00:00+00:00,17.4912,18.082307184376095,16.729827615552615,19.434786753199575,17.529
WARD_B,2025-06-20 11:00:00+00:00,2025-06-20 12:00:00+00:00,15.2596,17.014421952599566,15.661942383776088,18.366901521423046,17.336
ICU,2025-06-20 12:00:00+00:00,2025-06-20 13:00:00+00:00,18.0387,19.065392258892842,17.712912690069363,20.417871827716322,19.4718
OPD,2025-06-20 12:00:00+00:00,2025-06-20 13:00:00+00:00,17.5264,17.52697304002633,16.17449347120285,18.87945260884981,17.9418
WARD_A,2025-06-20 12:00:00+00:00,2025-06-20 13:00:00+00:00,18.5063,18.08042556395012,16.72794599512664,19.432905132773598,17.6896
WARD_B,2025-06-20 12:00:00+00:00,2025-06-20 13:00:00+00:00,15.9722,16.549144133725598,15.19666456490212,17.901623702549077,17.6441
ICU,2025-06-20 13:00:00+00:00,2025-06-20 14:00:00+00:00,21.3278,20.693750945617506,19.341271376794026,22.046230514440985,20.6277
OPD,2025-06-20 13:00:00+00:00,2025-06-20 14:00:00+00:00,20.5565,19.37665252844817,18.02417295962469,20.72913209727165,20.1542
WARD_A,2025-06-20 13:00:00+00:00,2025-06-20 14:00:00+00:00,19.6151,20.058220355116763,18.705740786293283,21.410699923940243,19.6752
WARD_B,2025-06-20 13:00:00+00:00,2025-06-20 14:00:00+00:00,18.2469,18.45892364328222,17.10644407445874,19.8114032121057,19.4717
ICU,2025-06-20 14:00:00+00:00,2025-06-20 15:00:00+00:00,18.452,19.441206812819395,18.088727243995915,20.793686381642875,19.0934
OPD,2025-06-20 14:00:00+00:00,2025-06-20 15:00:00+00:00,17.4566,18.834488217676416,17.482008648852936,20.186967786499896,17.9182
WARD_A,2025-06-20 14:00:00+00:00,2025-06-20 15:00:00+00:00,17.2016,18.207889492958166,16.855409924134687,19.560369061781646,16.1065
WARD_B,2025-06-20 14:00:00+00:00,2025-06-20 15:00:00+00:00,15.8997,17.34437929685361,15.991899728030132,18.69685886567709,16.5117
ICU,2025-06-20 15:00:00+00:00,2025-06-20 16:00:00+00:00,19.227,18.73759397215645,17.38511440333297,20.09007354097993,17.4927
OPD,2025-06-20 15:00:00+00:00,2025-06-20 16:00:00+00:00,17.3609,17.263238306266334,15.910758737442857,18.615717875089814,18.0042
WARD_A,2025-06-20 15:00:00+00:00,2025-06-20 16:00:00+00:00,18.4268,17.50804703687025,16.15556746804677,18.860526605693728,15.6349
WARD_B,2025-06-20 15:00:00+00:00,2025-06-20 16:00:00+00:00,16.4378,16.70289482032386,15.350415251500381,18.05537438914734,16.4234
ICU,2025-06-20 16:00:00+00:00,2025-06-20 17:00:00+00:00,18.5685,18.74063974709939,17.38816017827591,20.09311931592287,19.0415
OPD,2025-06-20 16:00:00+00:00,2025-06-20 17:00:00+00:00,17.5121,17.38580052837174,16.03332095954826,18.73828009719522,16.2441
WARD_A,2025-06-20 16:00:00+00:00,2025-06-20 17:00:00+00:00,17.9466,17.90391018056411,16.55143061174063,19.25638974938759,15.4167
WARD_B,2025-06-20 16:00:00+00:00,2025-06-20 17:00:00+00:00,16.6863,16.561663923071965,15.209184354248487,17.914143491895445,15.6346
ICU,2025-06-20 17:00:00+00:00,2025-06-20 18:00:00+00:00,17.2611,17.16007797145689,15.807598402633412,18.51255754028037,16.1744
OPD,2025-06-20 17:00:00+00:00,2025-06-20 18:00:00+00:00,13.1102,13.980819427677876,12.628339858854398,15.333298996501354,12.3159
WARD_A,2025-06-20 17:00:00+00:00,2025-06-20 18:00:00+00:00,16.5976,16.103421846084256,14.750942277260778,17.455901414907736,14.3386
WARD_B,2025-06-20 17:00:00+00:00,2025-06-20 18:00:00+00:00,15.2611,15.178140409752023,13.825660840928546,16.5306199785755,15.0736
ICU,2025-06-20 18:00:00+00:00,2025-06-20 19:00:00+00:00,16.9403,16.602386615507267,15.24990704668379,17.954866184330747,16.2162
OPD,2025-06-20 18:00:00+00:00,2025-06-20 19:00:00+00:00,11.4542,12.07990848103203,10.727428912208552,13.432388049855508,13.0217
WARD_A,2025-06-20 18:00:00+00:00,2025-06-20 19:00:00+00:00,15.4944,15.607548006775069,14.255068437951591,16.96002757559855,14.1051
WARD_B,2025-06-20 18:00:00+00:00,2025-06-20 19:00:00+00:00,14.6176,14.478087812987452,13.125608244163974,15.83056738181093,13.9833
ICU,2025-06-20 19:00:00+00:00,2025-06-20 20:00:00+00:00,17.8921,18.087538984711653,16.735059415888173,19.440018553535133,17.7275
OPD,2025-06-20 19:00:00+00:00,2025-06-20 20:00:00+00:00,13.5172,12.399078389499357,11.046598820675879,13.751557958322834,13.0349
WARD_A,2025-06-20 19:00:00+00:00,2025-06-20 20:00:00+00:00,16.141,16.40265529002316,15.05017572119968,17.75513485884664,16.6
WARD_B,2025-06-20 19:00:00+00:00,2025-06-20 20:00:00+00:00,15.1993,15.341301547244107,13.98882197842063,16.693781116067587,16.2488
ICU,2025-06-20 20:00:00+00:00,2025-06-20 21:00:00+00:00,14.5675,15.956178309663988,14.60369874084051,17.308657878487466,15.5371
OPD,2025-06-20 20:00:00+00:00,2025-06-20 21:00:00+00:00,11.1533,11.417142909570305,10.064663340746828,12.769622478393783,11.8969
WARD_A,2025-06-20 20:00:00+00:00,2025-06-20 21:00:00+00:00,13.7235,14.402918466976857,13.050438898153379,15.755398035800335,13.1728
WARD_B,2025-06-20 20:00:00+00:00,2025-06-20 21:00:00+00:00,14.348,13.46249725843627,12.110017689612793,14.814976827259748,15.1482
ICU,2025-06-20 21:00:00+00:00,2025-06-20 22:00:00+00:00,13.9994,14.679045907855382,13.326566339031904,16.031525476678862,14.3161
OPD,2025-06-20 21:00:00+00:00,2025-06-20 22:00:00+00:00,10.2726,10.481617413342619,9.129137844519141,11.834096982166097,11.2808
WARD_A,2025-06-20 21:00:00+00:00,2025-06-20 22:00:00+00:00,13.8539,13.295590801228151,11.943111232404673,14.648070370051629,13.3542
WARD_B,2025-06-20 21:00:00+00:00,2025-06-20 22:00:00+00:00,11.4503,13.123192385555106,11.770712816731628,14.475671954378583,14.1795
ICU,2025-06-20 22:00:00+00:00,2025-06-20 23:00:00+00:00,14.7875,13.963262917044663,12.610783348221185,15.31574248586814,15.0545
OPD,2025-06-20 22:00:00+00:00,2025-06-20 23:00:00+00:00,9.8795,10.039889477758196,8.687409908934718,11.392369046581674,9.7713
WARD_A,2025-06-20 22:00:00+00:00,2025-06-20 23:00:00+00:00,14.1906,12.970439672298118,11.61796010347464,14.322919241121596,12.7693
WARD_B,2025-06-20 22:00:00+00:00,2025-06-20 23:00:00+00:00,13.3004,12.164688549656118,10.81220898083264,13.517168118479596,12.783
ICU,2025-06-20 23:00:00+00:00,2025-06-21 00:00:00+00:00,13.3214,14.040916040126517,12.688436471303039,15.393395608949994,13.3462
OPD,2025-06-20 23:00:00+00:00,2025-06-21 00:00:00+00:00,9.3697,9.765293092394398,8.41281352357092,11.117772661217876,9.4406
WARD_A,2025-06-20 23:00:00+00:00,2025-06-21 00:00:00+00:00,12.5603,13.043972458771542,11.691492889948064,14.39645202759502,12.3907
WARD_B,2025-06-20 23:00:00+00:00,2025-06-21 00:00:00+00:00,12.1807,12.353854764776818,11.00137519595334,13.706334333600296,12.132
ICU,2025-06-21 00:00:00+00:00,2025-06-21 01:00:00+00:00,13.0951,13.861270415956318,12.50879084713284,15.213749984779795,13.5706
OPD,2025-06-21 00:00:00+00:00,2025-06-21 01:00:00+00:00,8.9865,9.54124097805961,8.188761409236132,10.893720546883088,9.4955
WARD_A,2025-06-21 00:00:00+00:00,2025-06-21 01:00:00+00:00,12.526,12.643199902871592,11.290720334048114,13.99567947169507,12.0123
WARD_B,2025-06-21 00:00:00+00:00,2025-06-21 01:00:00+00:00,11.5,12.087763100371099,10.735283531547621,13.440242669194577,13.2711
ICU,2025-06-21 01:00:00+00:00,2025-06-21 02:00:00+00:00,13.8308,13.70311231719801,12.350632748374531,15.055591886021487,13.6228
WARD_A,2025-06-21 01:00:00+00:00,2025-06-21 02:00:00+00:00,11.5706,12.71295825635496,11.360478687531483,14.065437825178439,11.1621
WARD_B,2025-06-21 01:00:00+00:00,2025-06-21 02:00:00+00:00,10.8814,12.212220132306426,10.859740563482948,13.564699701129904,12.0811
ICU,2025-06-21 02:00:00+00:00,2025-06-21 03:00:00+00:00,13.7573,13.817430907011593,12.464951338188115,15.16991047583507,14.8654
OPD,2025-06-21 02:00:00+00:00,2025-06-21 03:00:00+00:00,9.7145,9.555022200612354,8.202542631788877,10.907501769435832,10.6505
WARD_A,2025-06-21 02:00:00+00:00,2025-06-21 03:00:00+00:00,12.533,12.358947845805764,11.006468276982286,13.711427414629242,13.1308
WARD_B,2025-06-21 02:00:00+00:00,2025-06-21 03:00:00+00:00,11.6351,11.719530617603061,10.367051048779583,13.072010186426539,12.1766
ICU,2025-06-21 03:00:00+00:00,2025-06-21 04:00:00+00:00,14.3123,14.139808053312702,12.787328484489224,15.49228762213618,13.4497
OPD,2025-06-21 03:00:00+00:00,2025-06-21 04:00:00+00:00,9.6955,9.965262377419664,8.612782808596187,11.317741946243142,9.3783
WARD_A,2025-06-21 03:00:00+00:00,2025-06-21 04:00:00+00:00,14.0556,12.706485720784805,11.354006151961327,14.058965289608283,12.283
WARD_B,2025-06-21 03:00:00+00:00,2025-06-21 04:00:00+00:00,12.4167,11.998832906231351,10.646353337407874,13.35131247505483,13.9675
ICU,2025-06-21 04:00:00+00:00,2025-06-21 05:00:00+00:00,13.4049,14.654276973727308,13.30179740490383,16.006756542550786,15.2096
OPD,2025-06-21 04:00:00+00:00,2025-06-21 05:00:00+00:00,9.6942,10.100067320666762,8.747587751843284,11.45254688949024,9.9342
WARD_A,2025-06-21 04:00:00+00:00,2025-06-21 05:00:00+00:00,12.5729,13.892120544073247,12.53964097524977,15.244600112896725,11.8811
WARD_B,2025-06-21 04:00:00+00:00,2025-06-21 05:00:00+00:00,12.7852,13.0123581907072,11.659878621883722,14.364837759530678,13.1099
ICU,2025-06-21 05:00:00+00:00,2025-06-21 06:00:00+00:00,16.945,16.052269002764508,14.69978943394103,17.404748571587987,16.1628
OPD,2025-06-21 05:00:00+00:00,2025-06-21 06:00:00+00:00,12.4594,11.6771280419955,10.324648473172022,13.029607610818978,12.1142
WARD_A,2025-06-21 05:00:00+00:00,2025-06-21 06:00:00+00:00,15.1289,14.565361236034068,13.21288166721059,15.917840804857546,13.1032
WARD_B,2025-06-21 05:00:00+00:00,2025-06-21 06:00:00+00:00,14.158,14.17120606490704,12.818726496083562,15.523685633730517,13.8692
ICU,2025-06-21 06:00:00+00:00,2025-06-21 07:00:00+00:00,15.3428,15.668840251841598,14.31636068301812,17.021319820665077,14.3726
OPD,2025-06-21 06:00:00+00:00,2025-06-21 07:00:00+00:00,11.0408,11.506761797904185,10.154282229080707,12.859241366727662,11.742
WARD_A,2025-06-21 06:00:00+00:00,2025-06-21 07:00:00+00:00,14.6816,14.248485111798178,12.8960055429747,15.600964680621656,14.5419
WARD_B,2025-06-21 06:00:00+00:00,2025-06-21 07:00:00+00:00,13.111,13.89764954589764,12.545169977074162,15.250129114721117,14.7526
ICU,2025-06-21 07:00:00+00:00,2025-06-21 08:00:00+00:00,16.3646,16.839554673996613,15.487075105173135,18.192034242820093,16.4262
OPD,2025-06-21 07:00:00+00:00,2025-06-21 08:00:00+00:00,14.8318,15.841865262209224,14.489385693385746,17.1943448310327,16.9754
WARD_A,2025-06-21 07:00:00+00:00,2025-06-21 08:00:00+00:00,15.3879,15.832207510480485,14.479727941657007,17.184687079303963,15.4693
WARD_B,2025-06-21 07:00:00+00:00,2025-06-21 08:00:00+00:00,13.5676,15.738824593078135,14.386345024254657,17.091304161901615,15.8894
ICU,2025-06-21 08:00:00+00:00,2025-06-21 09:00:00+00:00,17.4795,17.537477454243067,16.184997885419588,18.889957023066547,17.2979
OPD,2025-06-21 08:00:00+00:00,2025-06-21 09:00:00+00:00,14.7145,15.936150647481288,14.58367107865781,17.288630216304767,18.3333
WARD_A,2025-06-21 08:00:00+00:00,2025-06-21 09:00:00+00:00,15.8284,16.524496931720883,15.172017362897405,17.876976500544362,15.7926
WARD_B,2025-06-21 08:00:00+00:00,2025-06-21 09:00:00+00:00,15.4119,15.77649287815395,14.424013309330473,17.12897244697743,15.6382
ICU,2025-06-21 09:00:00+00:00,2025-06-21 10:00:00+00:00,17.7702,18.2463921273413,16.89391255851782,19.598871696164778,18.213
OPD,2025-06-21 09:00:00+00:00,2025-06-21 10:00:00+00:00,15.713,16.65942336766031,15.306943798836832,18.01190293648379,17.8286
WARD_A,2025-06-21 09:00:00+00:00,2025-06-21 10:00:00+00:00,17.0664,17.202271999109414,15.849792430285936,18.554751567932893,17.2791
WARD_B,2025-06-21 09:00:00+00:00,2025-06-21 10:00:00+00:00,15.1075,16.04755524662104,14.695075677797563,17.40003481544452,16.54
ICU,2025-06-21 10:00:00+00:00,2025-06-21 11:00:00+00:00,17.8313,18.628611942840216,17.276132374016736,19.981091511663696,17.6558
OPD,2025-06-21 10:00:00+00:00,2025-06-21 11:00:00+00:00,17.6155,16.988507512878247,15.636027944054769,18.340987081701726,15.4141
WARD_A,2025-06-21 10:00:00+00:00,2025-06-21 11:00:00+00:00,17.0387,17.88611246958224,16.53363290075876,19.23859203840572,15.7448
WARD_B,2025-06-21 10:00:00+00:00,2025-06-21 11:00:00+00:00,16.6062,16.21530331588512,14.862823747061642,17.5677828847086,16.9354
ICU,2025-06-21 11:00:00+00:00,2025-06-21 12:00:00+00:00,18.4137,18.66198116854307,17.30950159971959,20.014460737366548,18.5052
OPD,2025-06-21 11:00:00+00:00,2025-06-21 12:00:00+00:00,17.2895,17.557664291023233,16.205184722199753,18.910143859846713,17.1908
WARD_A,2025-06-21 11:00:00+00:00,2025-06-21 12:00:00+00:00,18.0717,17.910675921486508,16.55819635266303,19.263155490309988,16.9503
WARD_B,2025-06-21 11:00:00+00:00,2025-06-21 12:00:00+00:00,17.3096,16.970233895785114,15.617754326961636,18.322713464608594,17.5588
ICU,2025-06-21 12:00:00+00:00,2025-06-21 13:00:00+00:00,18.6584,18.775081229089487,17.422601660266007,20.127560797912967,18.5058
OPD,2025-06-21 12:00:00+00:00,2025-06-21 13:00:00+00:00,18.9454,17.919298403848245,16.566818835024765,19.271777972671725,18.0
WARD_A,2025-06-21 12:00:00+00:00,2025-06-21 13:00:00+00:00,17.7132,18.24858434496444,16.89610477614096,19.601063913787918,16.7124
WARD_B,2025-06-21 12:00:00+00:00,2025-06-21 13:00:00+00:00,17.1993,17.244416230827213,15.891936662003735,18.596895799650692,18.51
ICU,2025-06-21 13:00:00+00:00,2025-06-21 14:00:00+00:00,19.7384,20.74974509468637,19.397265525862892,22.10222466350985,19.9308
OPD,2025-06-21 13:00:00+00:00,2025-06-21 14:00:00+00:00,19.8108,20.333688169654828,18.981208600831348,21.686167738478307,19.5243
WARD_A,2025-06-21 13:00:00+00:00,2025-06-21 14:00:00+00:00,19.0611,19.831523671586858,18.47904410276338,21.184003240410338,19.092
WARD_B,2025-06-21 13:00:00+00:00,2025-06-21 14:00:00+00:00,18.1309,19.209541735843597,17.857062167020118,20.562021304667077,19.0406
ICU,2025-06-21 14:00:00+00:00,2025-06-21 15:00:00+00:00,18.568,18.776953565575123,17.424473996751644,20.129433134398603,20.1902
OPD,2025-06-21 14:00:00+00:00,2025-06-21 15:00:00+00:00,18.2763,18.23801996835986,16.88554039953638,19.59049953718334,17.8702
WARD_A,2025-06-21 14:00:00+00:00,2025-06-21 15:00:00+00:00,17.4716,17.884652145790398,16.532172576966918,19.237131714613877,18.2852
WARD_B,2025-06-21 14:00:00+00:00,2025-06-21 15:00:00+00:00,15.1268,17.16463457127366,15.812155002450181,18.51711414009714,17.7762
ICU,2025-06-21 15:00:00+00:00,2025-06-21 16:00:00+00:00,19.0196,18.915690248350938,17.563210679527458,20.268169817174417,17.9668
OPD,2025-06-21 15:00:00+00:00,2025-06-21 16:00:00+00:00,16.4295,17.586106111516763,16.233626542693283,18.938585680340243,17.694
WARD_A,2025-06-21 15:00:00+00:00,2025-06-21 16:00:00+00:00,16.8675,17.545394759014435,16.192915190190956,18.897874327837915,16.9752
WARD_B,2025-06-21 15:00:00+00:00,2025-06-21 16:00:00+00:00,15.4434,16.115209445962638,14.76272987713916,17.467689014786117,17.8386
ICU,2025-06-21 16:00:00+00:00,2025-06-21 17:00:00+00:00,19.5455,18.471695520996292,17.119215952172812,19.82417508981977,18.9257
OPD,2025-06-21 16:00:00+00:00,2025-06-21 17:00:00+00:00,16.259,16.664138484440176,15.311658915616698,18.016618053263656,16.2674
WARD_A,2025-06-21 16:00:00+00:00,2025-06-21 17:00:00+00:00,17.8894,17.093175136749228,15.74069556792575,18.445654705572707,16.1672
WARD_B,2025-06-21 16:00:00+00:00,2025-06-21 17:00:00+00:00,18.0767,15.904089365648964,14.551609796825486,17.256568934472444,17.436
ICU,2025-06-21 17:00:00+00:00,2025-06-21 18:00:00+00:00,15.8303,17.312761459476853,15.960281890653375,18.665241028300333,17.2722
OPD,2025-06-21 17:00:00+00:00,2025-06-21 18:00:00+00:00,11.6422,13.89261005207363,12.540130483250152,15.245089620897108,13.0362
WARD_A,2025-06-21 17:00:00+00:00,2025-06-21 18:00:00+00:00,15.223,16.22157600804306,14.86909643921958,17.574055576866538,14.9652
WARD_B,2025-06-21 17:00:00+00:00,2025-06-21 18:00:00+00:00,13.3831,15.437095968204261,14.084616399380783,16.78957553702774,15.8357
ICU,2025-06-21 18:00:00+00:00,2025-06-21 19:00:00+00:00,16.6895,16.180919951326334,14.828440382502857,17.533399520149814,15.1044
OPD,2025-06-21 18:00:00+00:00,2025-06-21 19:00:00+00:00,11.4709,11.922275356849495,10.569795788026017,13.274754925672973,11.6409
WARD_A,2025-06-21 18:00:00+00:00,2025-06-21 19:00:00+00:00,15.394,15.054272240261184,13.701792671437707,16.406751809084664,15.4356
WARD_B,2025-06-21 18:00:00+00:00,2025-06-21 19:00:00+00:00,13.9678,13.960739127200208,12.60825955837673,15.313218696023686,14.0641
ICU,2025-06-21 19:00:00+00:00,2025-06-21 20:00:00+00:00,17.5439,17.895896771821132,16.543417202997652,19.24837634064461,16.1872
OPD,2025-06-21 19:00:00+00:00,2025-06-21 20:00:00+00:00,13.415,12.506814093946057,11.154334525122579,13.859293662769534,11.8298
WARD_A,2025-06-21 19:00:00+00:00,2025-06-21 20:00:00+00:00,16.0956,16.751849811056555,15.399370242233077,18.104329379880035,15.6684
WARD_B,2025-06-21 19:00:00+00:00,2025-06-21 20:00:00+00:00,15.5255,15.027785868005651,13.675306299182173,16.38026543682913,15.5915
ICU,2025-06-21 20:00:00+00:00,2025-06-21 21:00:00+00:00,16.4975,15.44299012102697,14.090510552203492,16.79546968985045,15.675
OPD,2025-06-21 20:00:00+00:00,2025-06-21 21:00:00+00:00,10.3323,11.518105474123736,10.165625905300258,12.870585042947214,11.934
WARD_A,2025-06-21 20:00:00+00:00,2025-06-21 21:00:00+00:00,14.0968,14.402962789976758,13.05048322115328,15.755442358800236,14.8478
WARD_B,2025-06-21 20:00:00+00:00,2025-06-21 21:00:00+00:00,12.8426,13.530052272056944,12.177572703233466,14.882531840880421,15.6048
ICU,2025-06-21 21:00:00+00:00,2025-06-21 22:00:00+00:00,15.8653,15.081340666007268,13.72886109718379,16.433820234830748,14.0741
OPD,2025-06-21 21:00:00+00:00,2025-06-21 22:00:00+00:00,10.9912,10.47998675862416,9.127507189800681,11.832466327447637,10.211
WARD_A,2025-06-21 21:00:00+00:00,2025-06-21 22:00:00+00:00,14.2361,13.446251234631132,12.093771665807655,14.79873080345461,12.6295
WARD_B,2025-06-21 21:00:00+00:00,2025-06-21 22:00:00+00:00,13.2028,12.980204999651722,11.627725430828244,14.3326845684752,12.8766
ICU,2025-06-21 22:00:00+00:00,2025-06-21 23:00:00+00:00,14.8626,14.49955104799342,13.147071479169941,15.852030616816897,13.0657
OPD,2025-06-21 22:00:00+00:00,2025-06-21 23:00:00+00:00,9.1446,9.924319497962218,8.57183992913874,11.276799066785696,8.921
WARD_A,2025-06-21 22:00:00+00:00,2025-06-21 23:00:00+00:00,12.537,13.23395131636664,11.881471747543163,14.586430885190119,12.0741
WARD_B,2025-06-21 22:00:00+00:00,2025-06-21 23:00:00+00:00,12.7077,12.0437833444199,10.691303775596422,13.396262913243378,11.6153
ICU,2025-06-21 23:00:00+00:00,2025-06-22 00:00:00+00:00,13.9261,14.108740283955344,12.756260715131866,15.461219852778822,15.196
OPD,2025-06-21 23:00:00+00:00,2025-06-22 00:00:00+00:00,9.1527,9.53127186665197,8.178792297828492,10.883751435475448,9.886
WARD_A,2025-06-21 23:00:00+00:00,2025-06-22 00:00:00+00:00,11.7942,12.718010128056305,11.365530559232827,14.070489696879783,13.6841
WARD_B,2025-06-21 23:00:00+00:00,2025-06-22 00:00:00+00:00,11.3993,12.055946300453465,10.703466731629987,13.408425869276943,13.5658
ICU,2025-06-22 00:00:00+00:00,2025-06-22 01:00:00+00:00,13.5092,13.71072905276939,12.358249483945912,15.063208621592867,13.6208
OPD,2025-06-22 00:00:00+00:00,2025-06-22 01:00:00+00:00,8.7544,9.560086426483652,8.207606857660174,10.91256599530713,9.2568
WARD_B,2025-06-22 00:00:00+00:00,2025-06-22 01:00:00+00:00,10.5606,11.714613424496601,10.362133855673124,13.06709299332008,13.0406
ICU,2025-06-22 01:00:00+00:00,2025-06-22 02:00:00+00:00,13.8469,13.649194891665344,12.296715322841866,15.001674460488822,12.9172
OPD,2025-06-22 01:00:00+00:00,2025-06-22 02:00:00+00:00,9.4348,9.482809018202028,8.13032944937855,10.835288587025506,9.6962
WARD_A,2025-06-22 01:00:00+00:00,2025-06-22 02:00:00+00:00,13.3699,12.56257663786494,11.210097069041462,13.915056206688417,12.2144
WARD_B,2025-06-22 01:00:00+00:00,2025-06-22 02:00:00+00:00,12.5408,11.433888449267016,10.081408880443538,12.786368018090494,12.8962
ICU,2025-06-22 02:00:00+00:00,2025-06-22 03:00:00+00:00,12.9365,13.800540412290072,12.448060843466594,15.15301998111355,13.3533
OPD,2025-06-22 02:00:00+00:00,2025-06-22 03:00:00+00:00,8.0929,9.640992824658221,8.288513255834744,10.9934723934817,9.0147
WARD_A,2025-06-22 02:00:00+00:00,2025-06-22 03:00:00+00:00,12.3565,12.65648629296941,11.304006724145932,14.008965861792888,12.6836
WARD_B,2025-06-22 02:00:00+00:00,2025-06-22 03:00:00+00:00,10.8884,11.6266079571815,10.274128388358022,12.979087526004978,13.2912
ICU,2025-06-22 03:00:00+00:00,2025-06-22 04:00:00+00:00,13.4452,13.801034425957157,12.44855485713368,15.153513994780635,13.6173
OPD,2025-06-22 03:00:00+00:00,2025-06-22 04:00:00+00:00,8.8393,9.65491097335065,8.302431404527173,11.007390542174129,9.278
WARD_A,2025-06-22 03:00:00+00:00,2025-06-22 04:00:00+00:00,12.6548,12.985826645010766,11.633347076187288,14.338306213834244,11.4021
WARD_B,2025-06-22 03:00:00+00:00,2025-06-22 04:00:00+00:00,12.2255,11.62569052637392,10.273210957550441,12.978170095197397,12.3408
ICU,2025-06-22 04:00:00+00:00,2025-06-22 05:00:00+00:00,14.4655,14.060965487050648,12.70848591822717,15.413445055874126,14.4159
OPD,2025-06-22 04:00:00+00:00,2025-06-22 05:00:00+00:00,9.8174,9.856138039361886,8.503658470538408,11.208617608185364,10.6183
WARD_A,2025-06-22 04:00:00+00:00,2025-06-22 05:00:00+00:00,12.601,13.313179977991805,11.960700409168327,14.665659546815283,12.2245
WARD_B,2025-06-22 04:00:00+00:00,2025-06-22 05:00:00+00:00,11.7093,12.384909100676314,11.032429531852836,13.737388669499792,13.3563
ICU,2025-06-22 05:00:00+00:00,2025-06-22 06:00:00+00:00,16.5017,16.276073909516064,14.923594340692587,17.628553478339544,15.5357
OPD,2025-06-22 05:00:00+00:00,2025-06-22 06:00:00+00:00,11.8827,11.563388686543199,10.210909117719721,12.915868255366677,11.9265
WARD_A,2025-06-22 05:00:00+00:00,2025-06-22 06:00:00+00:00,14.4683,14.703111642692479,13.350632073869,16.055591211515956,14.2188
WARD_B,2025-06-22 05:00:00+00:00,2025-06-22 06:00:00+00:00,14.0393,13.677226453508272,12.324746884684794,15.02970602233175,15.1099
ICU,2025-06-22 06:00:00+00:00,2025-06-22 07:00:00+00:00,14.6628,15.715237088305507,14.36275751948203,17.067716657128987,14.4573
OPD,2025-06-22 06:00:00+00:00,2025-06-22 07:00:00+00:00,9.7808,11.154631369339878,9.8021518005164,12.507110938163356,10.9353
WARD_A,2025-06-22 06:00:00+00:00,2025-06-22 07:00:00+00:00,12.8354,14.226868006974602,12.874388438151124,15.57934757579808,12.9639
WARD_B,2025-06-22 06:00:00+00:00,2025-06-22 07:00:00+00:00,11.0609,13.665459815137304,12.312980246313826,15.017939383960782,14.1575
ICU,2025-06-22 07:00:00+00:00,2025-06-22 08:00:00+00:00,16.0522,15.720323553071344,14.367843984247866,17.07280312189482,15.4198
OPD,2025-06-22 07:00:00+00:00,2025-06-22 08:00:00+00:00,10.7274,13.100797744993372,11.748318176169894,14.45327731381685,11.1284
WARD_A,2025-06-22 07:00:00+00:00,2025-06-22 08:00:00+00:00,14.5179,14.354007321239301,13.001527752415823,15.706486890062779,14.2477
WARD_B,2025-06-22 07:00:00+00:00,2025-06-22 08:00:00+00:00,13.0621,13.826061279126234,12.473581710302756,15.178540847949712,13.2747
ICU,2025-06-22 08:00:00+00:00,2025-06-22 09:00:00+00:00,15.6474,16.839271908305765,15.486792339482287,18.191751477129245,15.8529
OPD,2025-06-22 08:00:00+00:00,2025-06-22 09:00:00+00:00,12.0211,13.103096274173954,11.750616705350476,14.455575842997431,11.636
WARD_A,2025-06-22 08:00:00+00:00,2025-06-22 09:00:00+00:00,15.1182,14.983632437447513,13.631152868624035,16.33611200627099,13.0112
WARD_B,2025-06-22 08:00:00+00:00,2025-06-22 09:00:00+00:00,15.2391,13.987941409507558,12.63546184068408,15.340420978331036,14.8523
ICU,2025-06-22 09:00:00+00:00,2025-06-22 10:00:00+00:00,16.311,16.676307287318245,15.323827718494767,18.028786856141725,16.0526
OPD,2025-06-22 09:00:00+00:00,2025-06-22 10:00:00+00:00,12.088,13.595680346091626,12.243200777268148,14.948159914915104,11.8799
WARD_A,2025-06-22 09:00:00+00:00,2025-06-22 10:00:00+00:00,14.5872,15.074224899667934,13.721745330844456,16.426704468491412,14.9282
WARD_B,2025-06-22 09:00:00+00:00,2025-06-22 10:00:00+00:00,13.7311,15.297470729856594,13.944991161033116,16.64995029868007,14.9965
ICU,2025-06-22 10:00:00+00:00,2025-06-22 11:00:00+00:00,17.8961,17.07736280002611,15.72488323120263,18.429842368849588,17.5298
OPD,2025-06-22 10:00:00+00:00,2025-06-22 11:00:00+00:00,13.235,13.676122478074953,12.323642909251475,15.028602046898431,13.5841
WARD_A,2025-06-22 10:00:00+00:00,2025-06-22 11:00:00+00:00,16.5087,15.428970063861888,14.07649049503841,16.781449632685366,15.6807
WARD_B,2025-06-22 10:00:00+00:00,2025-06-22 11:00:00+00:00,14.7201,14.71320010658524,13.360720537761763,16.06567967540872,16.0677
ICU,2025-06-22 11:00:00+00:00,2025-06-22 12:00:00+00:00,18.0677,17.936570514608633,16.584090945785153,19.289050083432112,17.6159
OPD,2025-06-22 11:00:00+00:00,2025-06-22 12:00:00+00:00,13.1897,13.748844489362694,12.396364920539217,15.101324058186172,13.9333
WARD_A,2025-06-22 11:00:00+00:00,2025-06-22 12:00:00+00:00,15.4672,16.736656319763703,15.384176750940226,18.089135888587183,16.3559
WARD_B,2025-06-22 11:00:00+00:00,2025-06-22 12:00:00+00:00,14.8903,15.318033656025941,13.965554087202463,16.67051322484942,16.2048
ICU,2025-06-22 12:00:00+00:00,2025-06-22 13:00:00+00:00,19.9142,17.888099160397235,16.535619591573756,19.240578729220715,18.3274
OPD,2025-06-22 12:00:00+00:00,2025-06-22 13:00:00+00:00,15.1244,13.956479707778115,12.604000138954637,15.308959276601593,14.425
WARD_A,2025-06-22 12:00:00+00:00,2025-06-22 13:00:00+00:00,18.506,16.115691217116122,14.763211648292645,17.468170785939602,17.3874
WARD_B,2025-06-22 12:00:00+00:00,2025-06-22 13:00:00+00:00,16.4763,15.49400315173372,14.141523582910242,16.846482720557198,18.7349
ICU,2025-06-22 13:00:00+00:00,2025-06-22 14:00:00+00:00,19.7496,20.769416966689906,19.416937397866427,22.121896535513386,19.6202
OPD,2025-06-22 13:00:00+00:00,2025-06-22 14:00:00+00:00,16.0703,16.1454214746447,14.792941905821221,17.49790104346818,14.7141
WARD_A,2025-06-22 13:00:00+00:00,2025-06-22 14:00:00+00:00,18.6582,19.37124172885918,18.0187621600357,20.72372129768266,17.6107
WARD_B,2025-06-22 13:00:00+00:00,2025-06-22 14:00:00+00:00,16.6546,18.04711134811785,16.69463177929437,19.399590916941328,18.6497
ICU,2025-06-22 14:00:00+00:00,2025-06-22 15:00:00+00:00,17.6434,18.2378228842745,16.88534331545102,19.59030245309798,17.621
OPD,2025-06-22 14:00:00+00:00,2025-06-22 15:00:00+00:00,12.8363,15.175556537650222,13.823076968826744,16.5280361064737,14.3638
WARD_A,2025-06-22 14:00:00+00:00,2025-06-22 15:00:00+00:00,15.3843,16.605453112650004,15.252973543826526,17.957932681473483,17.0948
WARD_B,2025-06-22 14:00:00+00:00,2025-06-22 15:00:00+00:00,15.3484,15.75119437489289,14.398714806069412,17.10367394371637,16.6239
ICU,2025-06-22 15:00:00+00:00,2025-06-22 16:00:00+00:00,18.8604,17.954920015929932,16.602440447106453,19.307399584753412,18.0406
OPD,2025-06-22 15:00:00+00:00,2025-06-22 16:00:00+00:00,14.2172,14.325272440526103,12.972792871702625,15.67775200934958,13.5891
WARD_A,2025-06-22 15:00:00+00:00,2025-06-22 16:00:00+00:00,17.2815,15.740664922690174,14.388185353866696,17.09314449151365,15.5646
WARD_B,2025-06-22 15:00:00+00:00,2025-06-22 16:00:00+00:00,15.4976,15.81161743014988,14.459137861326402,17.16409699897336,17.1167
ICU,2025-06-22 16:00:00+00:00,2025-06-22 17:00:00+00:00,15.9974,18.31004687898181,16.957567310158332,19.66252644780529,17.5923
OPD,2025-06-22 16:00:00+00:00,2025-06-22 17:00:00+00:00,12.733,14.17893142279168,12.826451853968202,15.531410991615157,12.118
WARD_A,2025-06-22 16:00:00+00:00,2025-06-22 17:00:00+00:00,14.4841,16.564903348920357,15.212423780096879,17.917382917743836,15.054
WARD_B,2025-06-22 16:00:00+00:00,2025-06-22 17:00:00+00:00,13.6062,15.558669023352534,14.206189454529056,16.911148592176012,16.3747
ICU,2025-06-22 17:00:00+00:00,2025-06-22 18:00:00+00:00,16.4725,16.25025191521565,14.897772346392172,17.60273148403913,16.6446
OPD,2025-06-22 17:00:00+00:00,2025-06-22 18:00:00+00:00,12.3484,12.85146803751213,11.498988468688653,14.203947606335609,14.0302
WARD_A,2025-06-22 17:00:00+00:00,2025-06-22 18:00:00+00:00,15.9149,14.521623969122436,13.169144400298958,15.874103537945913,15.7313
WARD_B,2025-06-22 17:00:00+00:00,2025-06-22 18:00:00+00:00,15.2935,14.057039427898413,12.704559859074935,15.409518996721891,16.2075
ICU,2025-06-22 18:00:00+00:00,2025-06-22 19:00:00+00:00,17.7443,16.118575993679176,14.766096424855698,17.471055562502656,17.5126
OPD,2025-06-22 18:00:00+00:00,2025-06-22 19:00:00+00:00,12.5105,12.031853787865668,10.67937421904219,13.384333356689146,12.5626
WARD_A,2025-06-22 18:00:00+00:00,2025-06-22 19:00:00+00:00,16.613,15.608750265130096,14.256270696306618,16.961229833953574,15.7609
WARD_B,2025-06-22 18:00:00+00:00,2025-06-22 19:00:00+00:00,15.5829,14.368522082438325,13.016042513614847,15.721001651261803,15.1478
ICU,2025-06-22 19:00:00+00:00,2025-06-22 20:00:00+00:00,16.8008,18.189618580475102,16.837139011651622,19.54209814929858,17.2616
OPD,2025-06-22 19:00:00+00:00,2025-06-22 20:00:00+00:00,12.5414,12.888359796725773,11.535880227902295,14.24083936554925,13.3699
WARD_A,2025-06-22 19:00:00+00:00,2025-06-22 20:00:00+00:00,16.5226,16.970485543673416,15.618005974849938,18.322965112496895,16.3832
WARD_B,2025-06-22 19:00:00+00:00,2025-06-22 20:00:00+00:00,15.1209,15.652024729183227,14.299545160359749,17.004504298006704,17.348
ICU,2025-06-22 20:00:00+00:00,2025-06-22 21:00:00+00:00,14.286,15.128782652911207,13.77630308408773,16.481262221734685,14.517
OPD,2025-06-22 20:00:00+00:00,2025-06-22 21:00:00+00:00,9.2252,11.302861133606084,9.950381564782607,12.655340702429562,9.9655
WARD_A,2025-06-22 20:00:00+00:00,2025-06-22 21:00:00+00:00,12.7545,14.264213385184728,12.91173381636125,15.616692954008206,13.5484
WARD_B,2025-06-22 20:00:00+00:00,2025-06-22 21:00:00+00:00,11.4522,13.164507461608991,11.812027892785514,14.51698703043247,13.7471
ICU,2025-06-22 21:00:00+00:00,2025-06-22 22:00:00+00:00,14.6415,14.276423581279944,12.923944012456467,15.628903150103422,14.6101
OPD,2025-06-22 21:00:00+00:00,2025-06-22 22:00:00+00:00,8.5014,9.902271378429088,8.54979180960561,11.254750947252566,10.5886
WARD_A,2025-06-22 21:00:00+00:00,2025-06-22 22:00:00+00:00,12.4124,12.733452720365204,11.380973151541726,14.085932289188682,13.3841
WARD_B,2025-06-22 21:00:00+00:00,2025-06-22 22:00:00+00:00,11.6719,11.866953078962682,10.514473510139204,13.21943264778616,13.2888
ICU,2025-06-22 22:00:00+00:00,2025-06-22 23:00:00+00:00,14.6412,14.213112838679095,12.860633269855617,15.565592407502573,13.6638
OPD,2025-06-22 22:00:00+00:00,2025-06-22 23:00:00+00:00,10.7472,10.01240003983323,8.659920471009752,11.364879608656707,8.6948
WARD_A,2025-06-22 22:00:00+00:00,2025-06-22 23:00:00+00:00,13.2294,12.484274169550826,11.131794600727348,13.836753738374304,12.4453
WARD_B,2025-06-22 22:00:00+00:00,2025-06-22 23:00:00+00:00,12.6059,11.69399568273908,10.341516113915603,13.046475251562558,13.3449
ICU,2025-06-22 23:00:00+00:00,2025-06-23 00:00:00+00:00,14.4052,14.012247655204186,12.659768086380708,15.364727224027664,13.1731
OPD,2025-06-22 23:00:00+00:00,2025-06-23 00:00:00+00:00,9.2026,9.74019418368937,8.387714614865892,11.092673752512848,10.0257
WARD_A,2025-06-22 23:00:00+00:00,2025-06-23 00:00:00+00:00,13.4762,12.522213257395869,11.169733688572391,13.874692826219347,12.2881
WARD_B,2025-06-22 23:00:00+00:00,2025-06-23 00:00:00+00:00,10.771,11.979359356306167,10.62687978748269,13.331838925129645,13.1192
ICU,2025-06-23 00:00:00+00:00,2025-06-23 01:00:00+00:00,13.9282,13.89618642133586,12.543706852512383,15.248665990159338,13.5882
OPD,2025-06-23 00:00:00+00:00,2025-06-23 01:00:00+00:00,8.5786,9.80950302577943,8.457023456955952,11.161982594602907,8.0674
WARD_B,2025-06-23 00:00:00+00:00,2025-06-23 01:00:00+00:00,11.3371,11.49244081698689,10.139961248163413,12.844920385810369,11.5889
ICU,2025-06-23 01:00:00+00:00,2025-06-23 02:00:00+00:00,13.3382,13.663683835215235,12.311204266391757,15.016163404038712,12.926
OPD,2025-06-23 01:00:00+00:00,2025-06-23 02:00:00+00:00,8.1966,9.63653452475434,8.284054955930863,10.989014093577818,9.1547
WARD_A,2025-06-23 01:00:00+00:00,2025-06-23 02:00:00+00:00,11.2489,11.823267383889444,10.470787815065966,13.175746952712922,12.1935
WARD_B,2025-06-23 01:00:00+00:00,2025-06-23 02:00:00+00:00,10.9358,11.264469385457565,9.911989816634087,12.616948954281042,11.2199
ICU,2025-06-23 02:00:00+00:00,2025-06-23 03:00:00+00:00,13.6561,13.74881843563253,12.396338866809051,15.101298004456007,14.6131
OPD,2025-06-23 02:00:00+00:00,2025-06-23 03:00:00+00:00,8.6997,9.79409689470836,8.441617325884883,11.146576463531838,10.2228
WARD_A,2025-06-23 02:00:00+00:00,2025-06-23 03:00:00+00:00,12.5194,12.302184754198013,10.949705185374535,13.65466432302149,12.4656
WARD_B,2025-06-23 02:00:00+00:00,2025-06-23 03:00:00+00:00,11.2423,11.39476573276402,10.042286163940542,12.747245301587498,12.3033
ICU,2025-06-23 03:00:00+00:00,2025-06-23 04:00:00+00:00,13.4557,13.786930773983448,12.43445120515997,15.139410342806926,14.1004
OPD,2025-06-23 03:00:00+00:00,2025-06-23 04:00:00+00:00,9.8852,9.986753744048428,8.63427417522495,11.339233312871906,10.1993
WARD_A,2025-06-23 03:00:00+00:00,2025-06-23 04:00:00+00:00,12.5806,12.79174153846783,11.439261969644352,14.144221107291308,12.6617
WARD_B,2025-06-23 03:00:00+00:00,2025-06-23 04:00:00+00:00,12.2532,11.530060118629304,10.177580549805826,12.882539687452782,13.8338
ICU,2025-06-23 04:00:00+00:00,2025-06-23 05:00:00+00:00,14.8003,13.948192238961244,12.595712670137766,15.300671807784722,13.2715
OPD,2025-06-23 04:00:00+00:00,2025-06-23 05:00:00+00:00,9.8818,10.079307326974673,8.726827758151195,11.431786895798151,9.5675
WARD_A,2025-06-23 04:00:00+00:00,2025-06-23 05:00:00+00:00,14.2216,13.03101742179709,11.678537852973612,14.383496990620568,12.3124
WARD_B,2025-06-23 04:00:00+00:00,2025-06-23 05:00:00+00:00,13.1322,12.423738289291766,11.071258720468288,13.776217858115244,12.7669
ICU,2025-06-23 05:00:00+00:00,2025-06-23 06:00:00+00:00,17.5414,16.712673309777326,15.360193740953848,18.065152878600806,15.9757
OPD,2025-06-23 05:00:00+00:00,2025-06-23 06:00:00+00:00,13.0486,12.096615671188005,10.744136102364527,13.449095240011482,12.3273
WARD_A,2025-06-23 05:00:00+00:00,2025-06-23 06:00:00+00:00,14.1604,15.248591300477814,13.896111731654337,16.601070869301292,15.1244
WARD_B,2025-06-23 05:00:00+00:00,2025-06-23 06:00:00+00:00,14.0569,14.096684693775176,12.744205124951698,15.449164262598654,15.5982
ICU,2025-06-23 06:00:00+00:00,2025-06-23 07:00:00+00:00,16.1197,15.897045845724184,14.544566276900706,17.249525414547662,14.7951
OPD,2025-06-23 06:00:00+00:00,2025-06-23 07:00:00+00:00,10.6678,11.986844963007236,10.634365394183758,13.339324531830714,9.6441
WARD_A,2025-06-23 06:00:00+00:00,2025-06-23 07:00:00+00:00,13.8115,14.15161204519238,12.799132476368902,15.504091614015858,13.0927
WARD_B,2025-06-23 06:00:00+00:00,2025-06-23 07:00:00+00:00,12.3576,13.873922518450415,12.521442949626937,15.226402087273893,13.4359
ICU,2025-06-23 07:00:00+00:00,2025-06-23 08:00:00+00:00,15.5916,17.115814148191376,15.763334579367898,18.468293717014856,16.6
OPD,2025-06-23 07:00:00+00:00,2025-06-23 08:00:00+00:00,16.7961,15.38625939890455,14.033779830081071,16.73873896772803,15.9268
WARD_A,2025-06-23 07:00:00+00:00,2025-06-23 08:00:00+00:00,14.7064,15.723503504974591,14.371023936151113,17.07598307379807,15.6355
WARD_B,2025-06-23 07:00:00+00:00,2025-06-23 08:00:00+00:00,13.8833,15.061232174720704,13.708752605897226,16.413711743544184,14.8283
ICU,2025-06-23 08:00:00+00:00,2025-06-23 09:00:00+00:00,16.9896,17.081421373407046,15.728941804583568,18.433900942230526,16.8021
OPD,2025-06-23 08:00:00+00:00,2025-06-23 09:00:00+00:00,15.9693,17.045971490303657,15.69349192148018,18.398451059127137,16.4026
WARD_A,2025-06-23 08:00:00+00:00,2025-06-23 09:00:00+00:00,14.5498,15.555756346668298,14.20327677784482,16.908235915491776,16.7733
WARD_B,2025-06-23 08:00:00+00:00,2025-06-23 09:00:00+00:00,14.5443,15.393269860670944,14.040790291847467,16.745749429494424,16.3503
ICU,2025-06-23 09:00:00+00:00,2025-06-23 10:00:00+00:00,17.9541,18.002621076396395,16.650141507572915,19.355100645219874,17.2742
OPD,2025-06-23 09:00:00+00:00,2025-06-23 10:00:00+00:00,15.9068,17.27155864672095,15.919079077897473,18.62403821554443,16.7101
WARD_A,2025-06-23 09:00:00+00:00,2025-06-23 10:00:00+00:00,15.3119,15.832383582545512,14.479904013722035,17.18486315136899,17.1932
WARD_B,2025-06-23 09:00:00+00:00,2025-06-23 10:00:00+00:00,14.4252,15.708168526734624,14.355688957911147,17.060648095558104,17.9985
ICU,2025-06-23 10:00:00+00:00,2025-06-23 11:00:00+00:00,18.1174,18.691472039969973,17.338992471146494,20.043951608793453,18.5656
OPD,2025-06-23 10:00:00+00:00,2025-06-23 11:00:00+00:00,17.1937,17.731475089203265,16.378995520379785,19.083954658026745,17.9561
WARD_A,2025-06-23 10:00:00+00:00,2025-06-23 11:00:00+00:00,16.6535,16.202119990168647,14.84964042134517,17.554599558992127,16.3372
WARD_B,2025-06-23 10:00:00+00:00,2025-06-23 11:00:00+00:00,16.4962,15.91658001076174,14.564100441938262,17.269059579585218,17.5184
ICU,2025-06-23 11:00:00+00:00,2025-06-23 12:00:00+00:00,18.9337,18.935181482794174,17.582701913970695,20.287661051617654,19.8799
OPD,2025-06-23 11:00:00+00:00,2025-06-23 12:00:00+00:00,18.3337,17.902655325332297,16.550175756508818,19.255134894155777,17.8974
WARD_A,2025-06-23 11:00:00+00:00,2025-06-23 12:00:00+00:00,17.3483,17.383616614917543,16.031137046094063,18.736096183741022,17.0501
WARD_B,2025-06-23 11:00:00+00:00,2025-06-23 12:00:00+00:00,16.5583,16.414709984809694,15.062230415986216,17.767189553633173,17.8844
ICU,2025-06-23 12:00:00+00:00,2025-06-23 13:00:00+00:00,19.7489,19.238221889509873,17.885742320686393,20.590701458333353,18.3561
OPD,2025-06-23 12:00:00+00:00,2025-06-23 13:00:00+00:00,17.8727,18.620973390897074,17.268493822073594,19.973452959720554,17.6155
WARD_A,2025-06-23 12:00:00+00:00,2025-06-23 13:00:00+00:00,17.7877,17.64485828260883,16.29237871378535,18.99733785143231,16.9771
WARD_B,2025-06-23 12:00:00+00:00,2025-06-23 13:00:00+00:00,16.0807,17.27969456476896,15.927214995945482,18.63217413359244,18.1437
ICU,2025-06-23 13:00:00+00:00,2025-06-23 14:00:00+00:00,19.8567,21.18044711808362,19.82796754926014,22.5329266869071,21.643
OPD,2025-06-23 13:00:00+00:00,2025-06-23 14:00:00+00:00,17.9402,19.714121008536903,18.361641439713424,21.066600577360383,20.6806
WARD_A,2025-06-23 13:00:00+00:00,2025-06-23 14:00:00+00:00,17.7413,19.323740338930225,17.971260770106745,20.676219907753705,19.7819
WARD_B,2025-06-23 13:00:00+00:00,2025-06-23 14:00:00+00:00,17.7316,18.241895269976713,16.889415701153233,19.594374838800192,19.3293
ICU,2025-06-23 14:00:00+00:00,2025-06-23 15:00:00+00:00,18.6178,18.73270730684717,17.38022773802369,20.08518687567065,18.7656
OPD,2025-06-23 14:00:00+00:00,2025-06-23 15:00:00+00:00,18.1901,17.979573976297427,16.627094407473948,19.332053545120907,15.7479
WARD_A,2025-06-23 14:00:00+00:00,2025-06-23 15:00:00+00:00,17.0585,17.22744697079778,15.8749674019743,18.57992653962126,17.7168
WARD_B,2025-06-23 14:00:00+00:00,2025-06-23 15:00:00+00:00,15.9792,16.78680060473643,15.434321035912953,18.13928017355991,17.1716
ICU,2025-06-23 15:00:00+00:00,2025-06-23 16:00:00+00:00,18.7421,18.734008779503863,17.381529210680384,20.086488348327343,19.5154
OPD,2025-06-23 15:00:00+00:00,2025-06-23 16:00:00+00:00,17.3121,17.608440531011507,16.255960962188027,18.960920099834986,17.6169
WARD_A,2025-06-23 15:00:00+00:00,2025-06-23 16:00:00+00:00,16.956,17.00268236764735,15.650202798823871,18.35516193647083,18.7621
WARD_B,2025-06-23 15:00:00+00:00,2025-06-23 16:00:00+00:00,15.8274,16.613274148370806,15.260794579547328,17.965753717194286,17.5205
ICU,2025-06-23 16:00:00+00:00,2025-06-23 17:00:00+00:00,18.3923,18.695238200635437,17.342758631811957,20.047717769458917,18.8506
OPD,2025-06-23 16:00:00+00:00,2025-06-23 17:00:00+00:00,16.9301,16.711157161849194,15.358677593025716,18.063636730672673,18.5114
WARD_A,2025-06-23 16:00:00+00:00,2025-06-23 17:00:00+00:00,17.228,16.96062084791068,15.608141279087201,18.31310041673416,16.7112
WARD_B,2025-06-23 16:00:00+00:00,2025-06-23 17:00:00+00:00,15.7757,15.940591619436615,14.588112050613137,17.293071188260093,16.837
ICU,2025-06-23 17:00:00+00:00,2025-06-23 18:00:00+00:00,16.3955,17.10588441761158,15.753404848788103,18.45836398643506,16.7582
OPD,2025-06-23 17:00:00+00:00,2025-06-23 18:00:00+00:00,13.6801,13.660730502862068,12.30825093403859,15.013210071685545,12.6612
WARD_A,2025-06-23 17:00:00+00:00,2025-06-23 18:00:00+00:00,15.8231,15.739469474464402,14.386989905640924,17.09194904328788,15.4549
WARD_B,2025-06-23 17:00:00+00:00,2025-06-23 18:00:00+00:00,14.8139,14.322055418459456,12.969575849635978,15.674534987282934,15.6205
ICU,2025-06-23 18:00:00+00:00,2025-06-23 19:00:00+00:00,16.9955,16.296165520048103,14.943685951224625,17.648645088871582,17.6282
OPD,2025-06-23 18:00:00+00:00,2025-06-23 19:00:00+00:00,11.7707,12.40018036698091,11.047700798157432,13.752659935804388,13.5033
WARD_A,2025-06-23 18:00:00+00:00,2025-06-23 19:00:00+00:00,13.9665,15.38021777023064,14.027738201407162,16.73269733905412,16.445
WARD_B,2025-06-23 18:00:00+00:00,2025-06-23 19:00:00+00:00,13.584,14.370827337911017,13.018347769087539,15.723306906734495,15.3441
ICU,2025-06-23 19:00:00+00:00,2025-06-23 20:00:00+00:00,17.5935,18.148446591377304,16.795967022553825,19.500926160200784,17.7167
OPD,2025-06-23 19:00:00+00:00,2025-06-23 20:00:00+00:00,13.179,12.97223264777122,11.619753078947742,14.324712216594698,14.6458
WARD_A,2025-06-23 19:00:00+00:00,2025-06-23 20:00:00+00:00,15.5841,15.811453277590129,14.458973708766651,17.16393284641361,16.8437
WARD_B,2025-06-23 19:00:00+00:00,2025-06-23 20:00:00+00:00,15.1705,14.548721737075244,13.196242168251766,15.901201305898722,17.387
ICU,2025-06-23 20:00:00+00:00,2025-06-23 21:00:00+00:00,14.8644,15.357071901660284,14.004592332836806,16.709551470483763,15.1693
OPD,2025-06-23 20:00:00+00:00,2025-06-23 21:00:00+00:00,9.9549,11.427980840502375,10.075501271678897,12.780460409325853,11.3054
WARD_A,2025-06-23 20:00:00+00:00,2025-06-23 21:00:00+00:00,13.0903,13.964805752021265,12.612326183197787,15.317285320844743,14.1793
WARD_B,2025-06-23 20:00:00+00:00,2025-06-23 21:00:00+00:00,13.0022,13.167033879643085,11.814554310819608,14.519513448466563,15.1418
ICU,2025-06-23 21:00:00+00:00,2025-06-23 22:00:00+00:00,13.4621,14.379699351962929,13.02721978313945,15.732178920786406,14.9378
OPD,2025-06-23 21:00:00+00:00,2025-06-23 22:00:00+00:00,9.1469,10.082645590305168,8.73016602148169,11.435125159128646,9.9682
WARD_A,2025-06-23 21:00:00+00:00,2025-06-23 22:00:00+00:00,12.3201,12.869547493315116,11.517067924491638,14.222027062138594,13.5134
WARD_B,2025-06-23 21:00:00+00:00,2025-06-23 22:00:00+00:00,11.5028,12.225155014504242,10.872675445680764,13.57763458332772,13.3751
ICU,2025-06-23 22:00:00+00:00,2025-06-23 23:00:00+00:00,14.5741,14.04779571180298,12.695316142979502,15.400275280626458,14.7068
OPD,2025-06-23 22:00:00+00:00,2025-06-23 23:00:00+00:00,9.0943,9.757312773972238,8.40483320514876,11.109792342795716,9.8933
WARD_A,2025-06-23 22:00:00+00:00,2025-06-23 23:00:00+00:00,12.6387,12.503699555901667,11.15121998707819,13.856179124725145,14.0668
WARD_B,2025-06-23 22:00:00+00:00,2025-06-23 23:00:00+00:00,12.0031,11.643360831805484,10.290881262982007,12.995840400628962,12.7368
ICU,2025-06-23 23:00:00+00:00,2025-06-24 00:00:00+00:00,13.9247,14.061181778963883,12.708702210140405,15.413661347787361,13.2872
OPD,2025-06-23 23:00:00+00:00,2025-06-24 00:00:00+00:00,10.1429,9.697117904045449,8.34463833522197,11.049597472868927,9.1111
WARD_A,2025-06-23 23:00:00+00:00,2025-06-24 00:00:00+00:00,12.5915,12.435154522262383,11.082674953438906,13.787634091085861,13.1052
WARD_B,2025-06-23 23:00:00+00:00,2025-06-24 00:00:00+00:00,11.5648,11.822234192704206,10.469754623880728,13.174713761527684,12.7683
ICU,2025-06-24 00:00:00+00:00,2025-06-24 01:00:00+00:00,13.1985,13.871795493717265,12.519315924893787,15.224275062540743,14.1615
OPD,2025-06-24 00:00:00+00:00,2025-06-24 01:00:00+00:00,9.3094,9.575776807877894,8.223297239054416,10.928256376701372,10.0784
WARD_A,2025-06-24 00:00:00+00:00,2025-06-24 01:00:00+00:00,11.8033,12.406211044923536,11.053731476100058,13.758690613747014,13.3395
WARD_B,2025-06-24 00:00:00+00:00,2025-06-24 01:00:00+00:00,11.6857,11.25541337217286,9.902933803349383,12.607892940996338,13.1338
ICU,2025-06-24 01:00:00+00:00,2025-06-24 02:00:00+00:00,12.504,13.678440894040472,12.325961325216994,15.03092046286395,13.7613
OPD,2025-06-24 01:00:00+00:00,2025-06-24 02:00:00+00:00,8.3849,9.507429368619512,8.154949799796034,10.85990893744299,9.9326
WARD_A,2025-06-24 01:00:00+00:00,2025-06-24 02:00:00+00:00,11.2661,11.920012412176737,10.56753284335326,13.272491981000215,11.6419
WARD_B,2025-06-24 01:00:00+00:00,2025-06-24 02:00:00+00:00,10.5552,11.4522480713243,10.099768502500822,12.804727640147778,13.2522
ICU,2025-06-24 02:00:00+00:00,2025-06-24 03:00:00+00:00,13.4092,13.451294574083217,12.09881500525974,14.803774142906695,14.2132
OPD,2025-06-24 02:00:00+00:00,2025-06-24 03:00:00+00:00,8.5086,9.5211822455434,8.168702676719922,10.873661814366878,8.6434
WARD_A,2025-06-24 02:00:00+00:00,2025-06-24 03:00:00+00:00,11.0881,11.695870555864671,10.343390987041193,13.048350124688149,13.1664
WARD_B,2025-06-24 02:00:00+00:00,2025-06-24 03:00:00+00:00,10.8047,11.26386200852359,9.911382439700112,12.616341577347068,12.6444
ICU,2025-06-24 03:00:00+00:00,2025-06-24 04:00:00+00:00,14.4061,13.7911803545286,12.438700785705121,15.143659923352077,14.632
OPD,2025-06-24 03:00:00+00:00,2025-06-24 04:00:00+00:00,9.6116,9.57562831431503,8.223148745491551,10.928107883138507,9.8791
WARD_A,2025-06-24 03:00:00+00:00,2025-06-24 04:00:00+00:00,11.612,12.1813287671884,10.828849198364923,13.533808336011878,12.3808
WARD_B,2025-06-24 03:00:00+00:00,2025-06-24 04:00:00+00:00,11.7563,11.44143578817464,10.088956219351163,12.793915356998118,13.5279
ICU,2025-06-24 04:00:00+00:00,2025-06-24 05:00:00+00:00,13.7321,14.375703742845818,13.02322417402234,15.728183311669296,15.1407
OPD,2025-06-24 04:00:00+00:00,2025-06-24 05:00:00+00:00,9.6353,10.021068825505397,8.66858925668192,11.373548394328875,11.0434
WARD_A,2025-06-24 04:00:00+00:00,2025-06-24 05:00:00+00:00,11.6608,12.606366429423794,11.253886860600316,13.958845998247272,15.0263
WARD_B,2025-06-24 04:00:00+00:00,2025-06-24 05:00:00+00:00,10.6284,12.138844932370462,10.786365363546984,13.49132450119394,14.0178
ICU,2025-06-24 05:00:00+00:00,2025-06-24 06:00:00+00:00,15.5339,16.36792238404812,15.015442815224644,17.7204019528716,16.0878
OPD,2025-06-24 05:00:00+00:00,2025-06-24 06:00:00+00:00,10.6774,11.77519218286367,10.422712614040192,13.127671751687148,12.6718
WARD_A,2025-06-24 05:00:00+00:00,2025-06-24 06:00:00+00:00,12.5344,14.37605640792204,13.023576839098562,15.728535976745517,14.9199
WARD_B,2025-06-24 05:00:00+00:00,2025-06-24 06:00:00+00:00,12.9207,13.843900742833078,12.4914211740096,15.196380311656556,15.8772
ICU,2025-06-24 06:00:00+00:00,2025-06-24 07:00:00+00:00,16.1149,15.51779190219949,14.165312333376011,16.870271471022967,14.7533
OPD,2025-06-24 06:00:00+00:00,2025-06-24 07:00:00+00:00,11.7851,11.34983095141971,9.997351382596232,12.702310520243188,11.3727
WARD_A,2025-06-24 06:00:00+00:00,2025-06-24 07:00:00+00:00,14.9325,13.245119560527375,11.892639991703897,14.597599129350852,14.0984
WARD_B,2025-06-24 06:00:00+00:00,2025-06-24 07:00:00+00:00,13.694,13.279156255213207,11.92667668638973,14.631635824036685,14.3287
ICU,2025-06-24 07:00:00+00:00,2025-06-24 08:00:00+00:00,16.6456,17.235707173914182,15.883227605090704,18.588186742737662,17.7512
OPD,2025-06-24 07:00:00+00:00,2025-06-24 08:00:00+00:00,14.6076,15.762194919126776,14.409715350303298,17.114674487950253,16.0098
WARD_A,2025-06-24 07:00:00+00:00,2025-06-24 08:00:00+00:00,14.6556,15.5548093243272,14.202329755503722,16.907288893150678,17.0157
WARD_B,2025-06-24 07:00:00+00:00,2025-06-24 08:00:00+00:00,13.2858,15.587188835987238,14.23470926716376,16.939668404810718,16.9097
ICU,2025-06-24 08:00:00+00:00,2025-06-24 09:00:00+00:00,16.6763,17.71005050754623,16.357570938722752,19.06253007636971,17.8372
OPD,2025-06-24 08:00:00+00:00,2025-06-24 09:00:00+00:00,16.3297,16.29740193485472,14.944922366031241,17.6498815036782,16.3266
WARD_A,2025-06-24 08:00:00+00:00,2025-06-24 09:00:00+00:00,16.1528,15.670968541138953,14.318488972315475,17.02344810996243,17.6522
WARD_B,2025-06-24 08:00:00+00:00,2025-06-24 09:00:00+00:00,15.2381,15.60469874599509,14.252219177171613,16.95717831481857,18.0497
ICU,2025-06-24 09:00:00+00:00,2025-06-24 10:00:00+00:00,18.8598,18.08818912660921,16.73570955778573,19.440668695432688,18.4207
OPD,2025-06-24 09:00:00+00:00,2025-06-24 10:00:00+00:00,17.215,16.981642133730066,15.629162564906588,18.334121702553546,15.6414
WARD_A,2025-06-24 09:00:00+00:00,2025-06-24 10:00:00+00:00,15.6854,16.795158528013587,15.44267895919011,18.147638096837067,16.3437
WARD_B,2025-06-24 09:00:00+00:00,2025-06-24 10:00:00+00:00,16.5053,15.972655004679527,14.62017543585605,17.325134573503007,16.6335
ICU,2025-06-24 10:00:00+00:00,2025-06-24 11:00:00+00:00,17.8003,18.881579358792855,17.529099789969376,20.234058927616335,18.2782
OPD,2025-06-24 10:00:00+00:00,2025-06-24 11:00:00+00:00,16.5394,17.644858445271648,16.29237887644817,18.997338014095128,17.8547
WARD_A,2025-06-24 10:00:00+00:00,2025-06-24 11:00:00+00:00,15.3363,16.57707855335854,15.224598984535062,17.92955812218202,18.1088
WARD_B,2025-06-24 10:00:00+00:00,2025-06-24 11:00:00+00:00,16.0733,16.4310751677079,15.078595598884421,17.78355473653138,16.4977
ICU,2025-06-24 11:00:00+00:00,2025-06-24 12:00:00+00:00,18.0881,18.688099104631497,17.335619535808018,20.040578673454977,19.2454
OPD,2025-06-24 11:00:00+00:00,2025-06-24 12:00:00+00:00,16.0571,17.63634825309162,16.28386868426814,18.9888278219151,17.3222
WARD_A,2025-06-24 11:00:00+00:00,2025-06-24 12:00:00+00:00,15.151,16.259407362430917,14.906927793607439,17.611886931254396,18.1322
WARD_B,2025-06-24 11:00:00+00:00,2025-06-24 12:00:00+00:00,14.4102,16.739756713323224,15.387277144499746,18.092236282146704,17.8558
ICU,2025-06-24 12:00:00+00:00,2025-06-24 13:00:00+00:00,19.269,18.76070563086008,17.4082260620366,20.11318519968356,18.3661
OPD,2025-06-24 12:00:00+00:00,2025-06-24 13:00:00+00:00,18.7847,17.140671907080314,15.788192338256836,18.493151475903794,17.7824
WARD_A,2025-06-24 12:00:00+00:00,2025-06-24 13:00:00+00:00,17.34,16.465988901457113,15.113509332633635,17.818468470280592,18.3334
WARD_B,2025-06-24 12:00:00+00:00,2025-06-24 13:00:00+00:00,19.2132,15.877524446286209,14.525044877462731,17.23000401510969,17.9529
ICU,2025-06-24 13:00:00+00:00,2025-06-24 14:00:00+00:00,20.1761,20.990951251777066,19.638471682953586,22.343430820600545,19.0254
OPD,2025-06-24 13:00:00+00:00,2025-06-24 14:00:00+00:00,19.2353,19.983079317845316,18.630599749021837,21.335558886668796,17.9712
WARD_A,2025-06-24 13:00:00+00:00,2025-06-24 14:00:00+00:00,19.5056,19.170571996395683,17.818092427572203,20.523051565219163,20.1917
WARD_B,2025-06-24 13:00:00+00:00,2025-06-24 14:00:00+00:00,17.5084,19.63405156241155,18.28157199358807,20.98653113123503,18.6247
ICU,2025-06-24 14:00:00+00:00,2025-06-24 15:00:00+00:00,18.8028,18.59816345943182,17.24568389060834,19.9506430282553,18.2795
OPD,2025-06-24 14:00:00+00:00,2025-06-24 15:00:00+00:00,16.7463,17.833889323680943,16.481409754857463,19.186368892504422,18.4325
WARD_A,2025-06-24 14:00:00+00:00,2025-06-24 15:00:00+00:00,17.4702,17.521449247657124,16.168969678833644,18.873928816480603,16.3651
WARD_B,2025-06-24 14:00:00+00:00,2025-06-24 15:00:00+00:00,15.7256,16.417003910302334,15.064524341478856,17.769483479125814,17.3818
ICU,2025-06-24 15:00:00+00:00,2025-06-24 16:00:00+00:00,19.1568,18.729221070913155,17.376741502089676,20.081700639736635,18.6606
OPD,2025-06-24 15:00:00+00:00,2025-06-24 16:00:00+00:00,18.7517,17.721446323892827,16.368966755069348,19.073925892716307,16.4504
WARD_A,2025-06-24 15:00:00+00:00,2025-06-24 16:00:00+00:00,17.4283,16.896479712066785,15.544000143243307,18.248959280890265,17.0065
WARD_B,2025-06-24 15:00:00+00:00,2025-06-24 16:00:00+00:00,15.718,16.25909120986309,14.906611641039612,17.61157077868657,17.0943
ICU,2025-06-24 16:00:00+00:00,2025-06-24 17:00:00+00:00,17.8601,18.665219496472904,17.312739927649424,20.017699065296384,18.1887
OPD,2025-06-24 16:00:00+00:00,2025-06-24 17:00:00+00:00,17.4219,17.33500890948622,15.982529340662742,18.6874884783097,16.0641
WARD_A,2025-06-24 16:00:00+00:00,2025-06-24 17:00:00+00:00,15.8468,16.59397789739058,15.241498328567102,17.94645746621406,17.1008
WARD_B,2025-06-24 16:00:00+00:00,2025-06-24 17:00:00+00:00,15.3375,15.814948633303972,14.462469064480494,17.16742820212745,16.721
ICU,2025-06-24 17:00:00+00:00,2025-06-24 18:00:00+00:00,17.3609,16.919300721576526,15.566821152753048,18.271780290400006,17.2162
OPD,2025-06-24 17:00:00+00:00,2025-06-24 18:00:00+00:00,13.6993,13.779636685082988,12.42715711625951,15.132116253906466,11.9293
WARD_A,2025-06-24 17:00:00+00:00,2025-06-24 18:00:00+00:00,14.9654,15.18760961071913,13.835130041895653,16.54008917954261,15.7909
WARD_B,2025-06-24 17:00:00+00:00,2025-06-24 18:00:00+00:00,14.3228,14.52318928657838,13.170709717754901,15.875668855401857,16.05
ICU,2025-06-24 18:00:00+00:00,2025-06-24 19:00:00+00:00,15.2096,16.621923071867993,15.269443503044515,17.974402640691473,16.4237
OPD,2025-06-24 18:00:00+00:00,2025-06-24 19:00:00+00:00,10.5049,12.530373461775076,11.177893892951598,13.882853030598554,12.5121
WARD_A,2025-06-24 18:00:00+00:00,2025-06-24 19:00:00+00:00,12.7737,14.67652282978343,13.324043260959952,16.02900239860691,15.3641
WARD_B,2025-06-24 18:00:00+00:00,2025-06-24 19:00:00+00:00,12.0608,14.112853157481553,12.760373588658075,15.46533272630503,15.9691
ICU,2025-06-24 19:00:00+00:00,2025-06-24 20:00:00+00:00,16.6746,16.811940270223076,15.459460701399598,18.164419839046555,17.1767
OPD,2025-06-24 19:00:00+00:00,2025-06-24 20:00:00+00:00,12.7207,12.4109926267972,11.058513057973721,13.763472195620677,13.5935
WARD_A,2025-06-24 19:00:00+00:00,2025-06-24 20:00:00+00:00,15.9395,14.609076785885378,13.2565972170619,15.961556354708856,16.4984
WARD_B,2025-06-24 19:00:00+00:00,2025-06-24 20:00:00+00:00,14.7121,13.818651098638117,12.46617152981464,15.171130667461595,16.4803
ICU,2025-06-24 20:00:00+00:00,2025-06-24 21:00:00+00:00,14.0216,15.188336557856827,13.83585698903335,16.540816126680305,14.6061
OPD,2025-06-24 20:00:00+00:00,2025-06-24 21:00:00+00:00,9.4047,11.196696256197491,9.844216687374013,12.549175825020969,10.78
WARD_A,2025-06-24 20:00:00+00:00,2025-06-24 21:00:00+00:00,12.4727,13.923315571896664,12.570836003073186,15.275795140720142,13.5883
WARD_B,2025-06-24 20:00:00+00:00,2025-06-24 21:00:00+00:00,12.0187,12.95749036513914,11.605010796315662,14.309969933962618,13.6461
ICU,2025-06-24 21:00:00+00:00,2025-06-24 22:00:00+00:00,13.3167,14.13289228440629,12.780412715582813,15.485371853229768,13.8482
OPD,2025-06-24 21:00:00+00:00,2025-06-24 22:00:00+00:00,9.2831,9.92942469781818,8.576945128994701,11.281904266641657,9.5157
WARD_A,2025-06-24 21:00:00+00:00,2025-06-24 22:00:00+00:00,12.3236,12.237148643567135,10.884669074743657,13.589628212390613,12.8668
WARD_B,2025-06-24 21:00:00+00:00,2025-06-24 22:00:00+00:00,11.0601,11.883853024325521,10.531373455502044,13.236332593149,13.2521
ICU,2025-06-24 22:00:00+00:00,2025-06-24 23:00:00+00:00,14.5087,13.46461564076469,12.112136071941212,14.817095209588167,13.347
OPD,2025-06-24 22:00:00+00:00,2025-06-24 23:00:00+00:00,9.1951,9.557498107738086,8.205018538914608,10.909977676561564,9.3649
WARD_A,2025-06-24 22:00:00+00:00,2025-06-24 23:00:00+00:00,11.0282,11.920030249370921,10.567550680547443,13.272509818194399,12.7561
WARD_B,2025-06-24 22:00:00+00:00,2025-06-24 23:00:00+00:00,12.099,11.210804166797661,9.858324597974184,12.56328373562114,12.4901
ICU,2025-06-24 23:00:00+00:00,2025-06-25 00:00:00+00:00,12.8369,13.90812301546797,12.555643446644492,15.260602584291448,13.407
OPD,2025-06-24 23:00:00+00:00,2025-06-25 00:00:00+00:00,9.7917,9.64644651347698,8.293966944653501,10.998926082300457,10.5336
WARD_A,2025-06-24 23:00:00+00:00,2025-06-25 00:00:00+00:00,11.36,11.660531292834921,10.308051724011444,13.0130108616584,13.2858
WARD_B,2025-06-24 23:00:00+00:00,2025-06-25 00:00:00+00:00,11.1475,11.627966130417583,10.275486561594105,12.980445699241061,13.0195
ICU,2025-06-25 00:00:00+00:00,2025-06-25 01:00:00+00:00,12.4715,13.520522010493954,12.168042441670476,14.873001579317432,13.1363
OPD,2025-06-25 00:00:00+00:00,2025-06-25 01:00:00+00:00,8.0639,9.662572876497736,8.310093307674258,11.015052445321214,9.0195
WARD_A,2025-06-25 00:00:00+00:00,2025-06-25 01:00:00+00:00,11.1396,11.78437177797997,10.431892209156493,13.136851346803448,12.7291
WARD_B,2025-06-25 00:00:00+00:00,2025-06-25 01:00:00+00:00,10.8397,11.219673922900853,9.867194354077375,12.57215349172433,12.3615
ICU,2025-06-25 01:00:00+00:00,2025-06-25 02:00:00+00:00,14.2728,13.219993253449532,11.867513684626054,14.57247282227301,13.155
OPD,2025-06-25 01:00:00+00:00,2025-06-25 02:00:00+00:00,9.1322,9.484109449263725,8.131629880440247,10.836589018087203,8.9333
WARD_A,2025-06-25 01:00:00+00:00,2025-06-25 02:00:00+00:00,11.6914,11.433888449267016,10.081408880443538,12.786368018090494,11.2889
WARD_B,2025-06-25 01:00:00+00:00,2025-06-25 02:00:00+00:00,11.5324,11.210759769984277,9.858280201160799,12.563239338807755,12.4969
ICU,2025-06-25 02:00:00+00:00,2025-06-25 03:00:00+00:00,14.814,13.4203440775678,12.067864508744321,14.772823646391277,13.0282
OPD,2025-06-25 02:00:00+00:00,2025-06-25 03:00:00+00:00,10.1379,9.446474139257903,8.093994570434425,10.798953708081381,8.819
WARD_A,2025-06-25 02:00:00+00:00,2025-06-25 03:00:00+00:00,11.8459,11.279248813048493,9.926769244225015,12.631728381871971,13.6417
WARD_B,2025-06-25 02:00:00+00:00,2025-06-25 03:00:00+00:00,11.8571,10.974484424991783,9.622004856168305,12.32696399381526,12.2796
ICU,2025-06-25 03:00:00+00:00,2025-06-25 04:00:00+00:00,13.8351,14.222542899284202,12.870063330460724,15.57502246810768,14.249
OPD,2025-06-25 03:00:00+00:00,2025-06-25 04:00:00+00:00,9.9965,9.810381811155953,8.457902242332475,11.16286137997943,9.5797
WARD_A,2025-06-25 03:00:00+00:00,2025-06-25 04:00:00+00:00,11.8887,11.6961252346892,10.343645665865722,13.048604803512678,14.5366
WARD_B,2025-06-25 03:00:00+00:00,2025-06-25 04:00:00+00:00,12.6292,11.619908679849672,10.267429111026194,12.97238824867315,13.3531
ICU,2025-06-25 04:00:00+00:00,2025-06-25 05:00:00+00:00,14.2964,14.2107179220094,12.858238353185921,15.563197490832877,14.4708
OPD,2025-06-25 04:00:00+00:00,2025-06-25 05:00:00+00:00,9.2693,9.967273836340677,8.6147942675172,11.319753405164155,9.6198
WARD_A,2025-06-25 04:00:00+00:00,2025-06-25 05:00:00+00:00,11.5227,11.968915765540089,10.616436196716611,13.321395334363567,13.6496
WARD_B,2025-06-25 04:00:00+00:00,2025-06-25 05:00:00+00:00,11.8617,11.947540179306325,10.595060610482847,13.300019748129802,14.136
ICU,2025-06-25 05:00:00+00:00,2025-06-25 06:00:00+00:00,15.4014,16.156706909942894,14.804227341119416,17.509186478766374,15.5559
OPD,2025-06-25 05:00:00+00:00,2025-06-25 06:00:00+00:00,10.8945,11.495227048693238,10.14274747986976,12.847706617516716,11.7012
WARD_A,2025-06-25 05:00:00+00:00,2025-06-25 06:00:00+00:00,14.1585,13.2487820022486,11.896302433425122,14.601261571072078,15.7065
WARD_B,2025-06-25 05:00:00+00:00,2025-06-25 06:00:00+00:00,14.0632,13.121403229222372,11.768923660398894,14.47388279804585,16.0759
ICU,2025-06-25 06:00:00+00:00,2025-06-25 07:00:00+00:00,15.1462,15.532018467828063,14.179538899004585,16.884498036651543,15.1265
OPD,2025-06-25 06:00:00+00:00,2025-06-25 07:00:00+00:00,10.7433,10.979560620565454,9.627081051741976,12.332040189388932,10.3121
WARD_A,2025-06-25 06:00:00+00:00,2025-06-25 07:00:00+00:00,12.2361,13.340669471906722,11.988189903083244,14.6931490407302,14.6935
WARD_B,2025-06-25 06:00:00+00:00,2025-06-25 07:00:00+00:00,13.2696,13.606016544412874,12.253536975589396,14.958496113236352,13.9159
ICU,2025-06-25 07:00:00+00:00,2025-06-25 08:00:00+00:00,16.748,16.78780532139978,15.435325752576302,18.14028489022326,17.1462
OPD,2025-06-25 07:00:00+00:00,2025-06-25 08:00:00+00:00,14.4776,15.367797035196608,14.01531746637313,16.720276604020086,16.1089
WARD_A,2025-06-25 07:00:00+00:00,2025-06-25 08:00:00+00:00,15.567,15.252092994611743,13.899613425788266,16.604572563435223,15.811
WARD_B,2025-06-25 07:00:00+00:00,2025-06-25 08:00:00+00:00,14.1299,15.476781419721947,14.124301850898469,16.829260988545425,16.3885
ICU,2025-06-25 08:00:00+00:00,2025-06-25 09:00:00+00:00,16.7398,17.617172472368868,16.264692903545388,18.969652041192347,17.6455
OPD,2025-06-25 08:00:00+00:00,2025-06-25 09:00:00+00:00,16.7161,15.850861313633583,14.498381744810105,17.203340882457063,15.4196
WARD_A,2025-06-25 08:00:00+00:00,2025-06-25 09:00:00+00:00,15.5665,15.790623840989122,14.438144272165644,17.1431034098126,17.2743
WARD_B,2025-06-25 08:00:00+00:00,2025-06-25 09:00:00+00:00,14.9169,15.578467496910122,14.225987928086644,16.9309470657336,16.5671
ICU,2025-06-25 09:00:00+00:00,2025-06-25 10:00:00+00:00,17.7484,17.992779608192613,16.640300039369134,19.345259177016093,18.2588
OPD,2025-06-25 09:00:00+00:00,2025-06-25 10:00:00+00:00,17.8875,17.269978757756547,15.91749918893307,18.622458326580027,18.0767
WARD_A,2025-06-25 09:00:00+00:00,2025-06-25 10:00:00+00:00,15.7486,15.96422893731723,14.611749368493752,17.31670850614071,16.2737
WARD_B,2025-06-25 09:00:00+00:00,2025-06-25 10:00:00+00:00,15.2826,15.808187065695813,14.455707496872336,17.16066663451929,15.9919
ICU,2025-06-25 10:00:00+00:00,2025-06-25 11:00:00+00:00,17.9383,18.52631041552622,17.17383084670274,19.878789984349698,17.7653
OPD,2025-06-25 10:00:00+00:00,2025-06-25 11:00:00+00:00,16.8865,17.64800481972682,16.29552525090334,19.000484388550298,17.6466
WARD_A,2025-06-25 10:00:00+00:00,2025-06-25 11:00:00+00:00,17.2455,16.473922000853435,15.121442432029957,17.826401569676914,16.6212
WARD_B,2025-06-25 10:00:00+00:00,2025-06-25 11:00:00+00:00,15.3256,16.258004876657502,14.905525307834024,17.61048444548098,17.8265
ICU,2025-06-25 11:00:00+00:00,2025-06-25 12:00:00+00:00,18.8162,18.664555454884106,17.312075886060626,20.017035023707585,18.4774
OPD,2025-06-25 11:00:00+00:00,2025-06-25 12:00:00+00:00,18.1267,18.007435103863358,16.65495553503988,19.359914672686838,18.339
WARD_A,2025-06-25 11:00:00+00:00,2025-06-25 12:00:00+00:00,17.3533,17.221369856659738,15.86889028783626,18.573849425483218,18.1571
WARD_B,2025-06-25 11:00:00+00:00,2025-06-25 12:00:00+00:00,16.4537,16.264601612126164,14.912122043302686,17.617081180949643,16.5509
ICU,2025-06-25 12:00:00+00:00,2025-06-25 13:00:00+00:00,17.9743,18.973456326093117,17.620976757269638,20.325935894916597,18.8467
OPD,2025-06-25 12:00:00+00:00,2025-06-25 13:00:00+00:00,16.3841,18.238804722400566,16.886325153577086,19.591284291224046,19.4114
WARD_A,2025-06-25 12:00:00+00:00,2025-06-25 13:00:00+00:00,16.0353,17.23681253551393,15.884332966690453,18.58929210433741,18.0847
WARD_B,2025-06-25 12:00:00+00:00,2025-06-25 13:00:00+00:00,15.6083,16.307928299629626,14.955448730806149,17.660407868453106,17.6307
ICU,2025-06-25 13:00:00+00:00,2025-06-25 14:00:00+00:00,20.2522,20.464013510545634,19.111533941722154,21.816493079369113,21.2839
OPD,2025-06-25 13:00:00+00:00,2025-06-25 14:00:00+00:00,20.6227,18.881570796216593,17.529091227393113,20.234050365040073,19.8554
WARD_A,2025-06-25 13:00:00+00:00,2025-06-25 14:00:00+00:00,18.706,18.310505428939916,16.958025860116436,19.662984997763395,19.5828
WARD_B,2025-06-25 13:00:00+00:00,2025-06-25 14:00:00+00:00,18.2141,17.919093452027152,16.566613883203672,19.27157302085063,18.9632
ICU,2025-06-25 14:00:00+00:00,2025-06-25 15:00:00+00:00,19.1924,18.70074518775597,17.34826561893249,20.05322475657945,18.7094
OPD,2025-06-25 14:00:00+00:00,2025-06-25 15:00:00+00:00,17.9586,18.84894167911551,17.49646211029203,20.20142124793899,16.7462
WARD_A,2025-06-25 14:00:00+00:00,2025-06-25 15:00:00+00:00,16.856,17.147604620735606,15.795125051912128,18.500084189559086,18.8131
WARD_B,2025-06-25 14:00:00+00:00,2025-06-25 15:00:00+00:00,17.9257,16.872616946055295,15.520137377231817,18.225096514878775,17.3694
ICU,2025-06-25 15:00:00+00:00,2025-06-25 16:00:00+00:00,17.8954,18.78298488335343,17.43050531452995,20.135464452176908,18.598
OPD,2025-06-25 15:00:00+00:00,2025-06-25 16:00:00+00:00,17.31,17.871260462598343,16.518780893774863,19.223740031421823,16.2867
WARD_A,2025-06-25 15:00:00+00:00,2025-06-25 16:00:00+00:00,17.6399,16.877148280342908,15.52466871151943,18.229627849166388,18.3306
WARD_B,2025-06-25 15:00:00+00:00,2025-06-25 16:00:00+00:00,17.443,16.716292515576235,15.363812946752757,18.068772084399715,17.212
ICU,2025-06-25 16:00:00+00:00,2025-06-25 17:00:00+00:00,18.5838,18.262400957744838,16.909921388921358,19.614880526568317,18.6929
OPD,2025-06-25 16:00:00+00:00,2025-06-25 17:00:00+00:00,16.7012,16.96827391863948,15.615794349816001,18.32075348746296,17.7059
WARD_A,2025-06-25 16:00:00+00:00,2025-06-25 17:00:00+00:00,16.7738,16.558183397092883,15.205703828269405,17.910662965916362,16.6428
WARD_B,2025-06-25 16:00:00+00:00,2025-06-25 17:00:00+00:00,16.1693,16.456442017520093,15.103962448696615,17.808921586343573,17.7785
ICU,2025-06-25 17:00:00+00:00,2025-06-25 18:00:00+00:00,17.2885,16.913173152533524,15.560693583710046,18.265652721357004,17.2286
OPD,2025-06-25 17:00:00+00:00,2025-06-25 18:00:00+00:00,13.0812,13.445595921141308,12.09311635231783,14.798075489964786,13.8568
WARD_A,2025-06-25 17:00:00+00:00,2025-06-25 18:00:00+00:00,15.8462,14.79588564981221,13.443406080988732,16.14836521863569,15.9267
WARD_B,2025-06-25 17:00:00+00:00,2025-06-25 18:00:00+00:00,14.7752,14.861117456234574,13.508637887411096,16.213597025058053,15.4239
ICU,2025-06-25 18:00:00+00:00,2025-06-25 19:00:00+00:00,15.355,16.527172013435237,15.17469244461176,17.879651582258717,16.3403
OPD,2025-06-25 18:00:00+00:00,2025-06-25 19:00:00+00:00,10.5389,12.614261900079482,11.261782331256004,13.96674146890296,11.7664
WARD_A,2025-06-25 18:00:00+00:00,2025-06-25 19:00:00+00:00,13.7011,15.066535249179914,13.714055680356436,16.419014818003394,15.2893
WARD_B,2025-06-25 18:00:00+00:00,2025-06-25 19:00:00+00:00,13.2685,14.145534228177908,12.79305465935443,15.498013797001386,14.8074
ICU,2025-06-25 19:00:00+00:00,2025-06-25 20:00:00+00:00,17.4978,16.78336690283661,15.430887334013134,18.13584647166009,17.4756
OPD,2025-06-25 19:00:00+00:00,2025-06-25 20:00:00+00:00,13.0632,12.134645781486384,10.782166212662906,13.487125350309862,12.4365
WARD_A,2025-06-25 19:00:00+00:00,2025-06-25 20:00:00+00:00,16.0506,14.672908982188435,13.320429413364957,16.025388551011915,16.517
WARD_B,2025-06-25 19:00:00+00:00,2025-06-25 20:00:00+00:00,15.4349,13.919051704496699,12.566572135673221,15.271531273320177,15.7588
ICU,2025-06-25 20:00:00+00:00,2025-06-25 21:00:00+00:00,14.6521,15.255598058865635,13.903118490042157,16.608077627689113,14.8247
OPD,2025-06-25 20:00:00+00:00,2025-06-25 21:00:00+00:00,11.0689,11.55446855293373,10.201988984110253,12.906948121757209,10.8368
WARD_A,2025-06-25 20:00:00+00:00,2025-06-25 21:00:00+00:00,13.136,13.93304255801344,12.580562989189962,15.285522126836918,14.2123
WARD_B,2025-06-25 20:00:00+00:00,2025-06-25 21:00:00+00:00,12.5901,13.508011633110964,12.155532064287486,14.860491201934442,13.9013
ICU,2025-06-25 21:00:00+00:00,2025-06-25 22:00:00+00:00,15.39,14.128046093182858,12.77556652435938,15.480525662006336,15.3071
OPD,2025-06-25 21:00:00+00:00,2025-06-25 22:00:00+00:00,11.7844,10.1463693049131,8.793889736089621,11.498848873736577,11.0142
WARD_A,2025-06-25 21:00:00+00:00,2025-06-25 22:00:00+00:00,13.5702,12.563197691032526,11.210718122209048,13.915677259856004,15.1788
WARD_B,2025-06-25 21:00:00+00:00,2025-06-25 22:00:00+00:00,12.9707,11.959458572280509,10.606979003457031,13.311938141103987,12.9842
ICU,2025-06-25 22:00:00+00:00,2025-06-25 23:00:00+00:00,13.9802,13.91414516906177,12.561665600238292,15.266624737885248,13.5473
OPD,2025-06-25 22:00:00+00:00,2025-06-25 23:00:00+00:00,9.0574,10.566331696862719,9.21385212803924,11.918811265686196,10.0936
WARD_A,2025-06-25 22:00:00+00:00,2025-06-25 23:00:00+00:00,11.3837,12.53504067043981,11.182561101616333,13.887520239263289,14.0849
WARD_B,2025-06-25 22:00:00+00:00,2025-06-25 23:00:00+00:00,11.0384,12.179168496961344,10.826688928137866,13.531648065784822,13.211
ICU,2025-06-25 23:00:00+00:00,2025-06-26 00:00:00+00:00,14.1091,13.786735989892302,12.434256421068824,15.13921555871578,14.1744
OPD,2025-06-25 23:00:00+00:00,2025-06-26 00:00:00+00:00,8.7919,9.612024296146883,8.259544727323405,10.96450386497036,9.7816
WARD_A,2025-06-25 23:00:00+00:00,2025-06-26 00:00:00+00:00,9.9899,11.611525869314443,10.259046300490965,12.96400543813792,13.5278
WARD_B,2025-06-25 23:00:00+00:00,2025-06-26 00:00:00+00:00,11.1176,11.422871216509675,10.070391647686197,12.775350785333153,12.7167
ICU,2025-06-26 00:00:00+00:00,2025-06-26 01:00:00+00:00,11.9876,13.739786709867174,12.387307141043696,15.092266278690651,13.6758
OPD,2025-06-26 00:00:00+00:00,2025-06-26 01:00:00+00:00,9.7793,9.541142057341656,8.188662488518178,10.893621626165134,9.1759
WARD_A,2025-06-26 00:00:00+00:00,2025-06-26 01:00:00+00:00,10.2812,11.559194901790002,10.206715332966525,12.91167447061348,12.3608
WARD_B,2025-06-26 00:00:00+00:00,2025-06-26 01:00:00+00:00,11.1161,11.287527307379445,9.935047738555967,12.640006876202923,12.6241
ICU,2025-06-26 01:00:00+00:00,2025-06-26 02:00:00+00:00,13.3476,12.795584654322733,11.443105085499255,14.14806422314621,12.9012
OPD,2025-06-26 01:00:00+00:00,2025-06-26 02:00:00+00:00,8.4769,9.482809018202028,8.13032944937855,10.835288587025506,8.9773
WARD_A,2025-06-26 01:00:00+00:00,2025-06-26 02:00:00+00:00,12.0418,11.535873146965402,10.183393578141924,12.88835271578888,12.6307
WARD_B,2025-06-26 01:00:00+00:00,2025-06-26 02:00:00+00:00,11.5505,11.297357526756638,9.94487795793316,12.649837095580116,12.0646
ICU,2025-06-26 02:00:00+00:00,2025-06-26 03:00:00+00:00,14.5339,13.598763508281348,12.24628393945787,14.951243077104825,13.3107
OPD,2025-06-26 02:00:00+00:00,2025-06-26 03:00:00+00:00,9.4264,9.498664391065095,8.146184822241617,10.851143959888573,9.3584
WARD_A,2025-06-26 02:00:00+00:00,2025-06-26 03:00:00+00:00,11.627,11.880430483958541,10.527950915135063,13.23291005278202,11.5473
WARD_B,2025-06-26 02:00:00+00:00,2025-06-26 03:00:00+00:00,11.2992,11.543754340579964,10.191274771756486,12.896233909403442,12.2953
ICU,2025-06-26 03:00:00+00:00,2025-06-26 04:00:00+00:00,12.8526,14.411170299710843,13.058690730887365,15.763649868534321,13.662
OPD,2025-06-26 03:00:00+00:00,2025-06-26 04:00:00+00:00,9.5556,9.91977844864406,8.567298879820582,11.272258017467538,9.1215
WARD_A,2025-06-26 03:00:00+00:00,2025-06-26 04:00:00+00:00,12.0307,12.117965401500557,10.76548583267708,13.470444970324035,13.8393
WARD_B,2025-06-26 03:00:00+00:00,2025-06-26 04:00:00+00:00,11.7025,11.658494210263937,10.30601464144046,13.010973779087415,12.8031
ICU,2025-06-26 04:00:00+00:00,2025-06-26 05:00:00+00:00,14.6274,13.894245579645855,12.541766010822377,15.246725148469332,14.6517
OPD,2025-06-26 04:00:00+00:00,2025-06-26 05:00:00+00:00,9.794,9.884322207893494,8.531842639070016,11.236801776716971,10.3877
WARD_A,2025-06-26 04:00:00+00:00,2025-06-26 05:00:00+00:00,11.7313,12.24744362952995,10.894964060706473,13.599923198353428,13.5262
WARD_B,2025-06-26 04:00:00+00:00,2025-06-26 05:00:00+00:00,11.5108,12.14314267341289,10.790663104589413,13.495622242236369,12.9682
ICU,2025-06-26 05:00:00+00:00,2025-06-26 06:00:00+00:00,17.0012,16.440587031821593,15.088107462998115,17.793066600645073,16.5579
OPD,2025-06-26 05:00:00+00:00,2025-06-26 06:00:00+00:00,12.3418,11.729638791181277,10.377159222357799,13.082118360004754,11.2708
WARD_A,2025-06-26 05:00:00+00:00,2025-06-26 06:00:00+00:00,14.5919,13.67297891679672,12.320499347973243,15.025458485620199,14.8552
WARD_B,2025-06-26 05:00:00+00:00,2025-06-26 06:00:00+00:00,14.4458,13.25096789687839,11.898488328054912,14.603447465701867,15.8611
ICU,2025-06-26 06:00:00+00:00,2025-06-26 07:00:00+00:00,14.3767,15.61170746144804,14.259227892624562,16.964187030271518,15.2076
OPD,2025-06-26 06:00:00+00:00,2025-06-26 07:00:00+00:00,10.7841,11.38671518428471,10.034235615461233,12.739194753108189,10.8964
WARD_A,2025-06-26 06:00:00+00:00,2025-06-26 07:00:00+00:00,12.6648,13.842299544375367,12.489819975551889,15.194779113198845,14.3636
WARD_B,2025-06-26 06:00:00+00:00,2025-06-26 07:00:00+00:00,13.8277,13.750234199936347,12.39775463111287,15.102713768759825,12.1871
ICU,2025-06-26 07:00:00+00:00,2025-06-26 08:00:00+00:00,15.8787,16.5396043971921,15.187124828368622,17.89208396601558,16.3218
OPD,2025-06-26 07:00:00+00:00,2025-06-26 08:00:00+00:00,14.7309,15.403571995396788,14.05109242657331,16.756051564220268,15.015
WARD_A,2025-06-26 07:00:00+00:00,2025-06-26 08:00:00+00:00,14.0981,15.61862351572868,14.266143946905203,16.97110308455216,16.5837
WARD_B,2025-06-26 07:00:00+00:00,2025-06-26 08:00:00+00:00,13.4738,15.240867405283497,13.88838783646002,16.593346974106975,15.3267
ICU,2025-06-26 08:00:00+00:00,2025-06-26 09:00:00+00:00,18.7188,17.071766121434507,15.71928655261103,18.424245690257987,18.2681
OPD,2025-06-26 08:00:00+00:00,2025-06-26 09:00:00+00:00,15.4441,16.268286834839675,14.915807266016197,17.620766403663154,16.5685
WARD_A,2025-06-26 08:00:00+00:00,2025-06-26 09:00:00+00:00,14.2156,15.635690477906397,14.28321090908292,16.988170046729877,17.3342
WARD_B,2025-06-26 08:00:00+00:00,2025-06-26 09:00:00+00:00,14.89,15.409569795898035,14.057090227074557,16.762049364721513,15.7964
ICU,2025-06-26 09:00:00+00:00,2025-06-26 10:00:00+00:00,17.2814,18.42961100067327,17.07713143184979,19.78209056949675,18.2594
OPD,2025-06-26 09:00:00+00:00,2025-06-26 10:00:00+00:00,16.4185,16.319043998830857,14.966564430007379,17.671523567654337,15.4546
WARD_B,2025-06-26 09:00:00+00:00,2025-06-26 10:00:00+00:00,15.1998,15.908256391579327,14.555776822755849,17.260735960402805,15.0341
ICU,2025-06-26 10:00:00+00:00,2025-06-26 11:00:00+00:00,17.7431,18.40590563615841,17.05342606733493,19.758385204981888,18.4735
OPD,2025-06-26 10:00:00+00:00,2025-06-26 11:00:00+00:00,15.6613,17.381057919513072,16.028578350689592,18.73353748833655,17.47
WARD_A,2025-06-26 10:00:00+00:00,2025-06-26 11:00:00+00:00,16.8334,16.62564285707572,15.273163288252244,17.9781224258992,16.8197
WARD_B,2025-06-26 10:00:00+00:00,2025-06-26 11:00:00+00:00,17.048,16.151892799145255,14.799413230321777,17.504372367968735,16.8172
ICU,2025-06-26 11:00:00+00:00,2025-06-26 12:00:00+00:00,17.8769,18.785243099335354,17.432763530511874,20.137722668158833,18.8303
OPD,2025-06-26 11:00:00+00:00,2025-06-26 12:00:00+00:00,16.6072,16.846863754808904,15.494384185985426,18.199343323632384,17.0198
WARD_A,2025-06-26 11:00:00+00:00,2025-06-26 12:00:00+00:00,15.6698,16.929831502110037,15.57735193328656,18.282311070933517,17.4817
WARD_B,2025-06-26 11:00:00+00:00,2025-06-26 12:00:00+00:00,16.3025,17.03555729761337,15.683077728789891,18.38803686643685,17.4903
ICU,2025-06-26 12:00:00+00:00,2025-06-26 13:00:00+00:00,18.8894,18.898668914111642,17.546189345288163,20.251148482935122,16.979
OPD,2025-06-26 12:00:00+00:00,2025-06-26 13:00:00+00:00,18.4305,17.701180486062448,16.34870091723897,19.053660054885928,17.5016
WARD_A,2025-06-26 12:00:00+00:00,2025-06-26 13:00:00+00:00,16.4799,16.240787649316538,14.88830808049306,17.593267218140017,17.3152
WARD_B,2025-06-26 12:00:00+00:00,2025-06-26 13:00:00+00:00,17.1353,16.735488699828963,15.383009131005485,18.087968268652443,16.1394
ICU,2025-06-26 13:00:00+00:00,2025-06-26 14:00:00+00:00,20.631,20.388044167363397,19.035564598539917,21.740523736186876,20.2842
OPD,2025-06-26 13:00:00+00:00,2025-06-26 14:00:00+00:00,19.3489,19.774590197949372,18.422110629125893,21.127069766772852,18.9338
WARD_A,2025-06-26 13:00:00+00:00,2025-06-26 14:00:00+00:00,19.3061,17.463965483743763,16.111485914920284,18.816445052567243,19.725
WARD_B,2025-06-26 13:00:00+00:00,2025-06-26 14:00:00+00:00,18.6581,18.67630860723368,17.3238290384102,20.02878817605716,18.4491
ICU,2025-06-26 14:00:00+00:00,2025-06-26 15:00:00+00:00,18.5577,19.119775655421762,17.767296086598282,20.47225522424524,19.1451
OPD,2025-06-26 14:00:00+00:00,2025-06-26 15:00:00+00:00,17.7269,17.92552233210549,16.57304276328201,19.27800190092897,16.2099
WARD_A,2025-06-26 14:00:00+00:00,2025-06-26 15:00:00+00:00,15.9468,17.28447166760817,15.931992098784692,18.63695123643165,17.3273
WARD_B,2025-06-26 14:00:00+00:00,2025-06-26 15:00:00+00:00,16.4613,16.96877978389598,15.616300215072501,18.32125935271946,17.8902
ICU,2025-06-26 15:00:00+00:00,2025-06-26 16:00:00+00:00,17.9691,18.798226534539758,17.44574696571628,20.150706103363238,18.4814
OPD,2025-06-26 15:00:00+00:00,2025-06-26 16:00:00+00:00,18.2582,17.883540403393216,16.531060834569736,19.236019972216695,17.5738
WARD_A,2025-06-26 15:00:00+00:00,2025-06-26 16:00:00+00:00,16.6764,16.631227673387812,15.278748104564334,17.983707242211292,18.3261
WARD_B,2025-06-26 15:00:00+00:00,2025-06-26 16:00:00+00:00,17.3125,16.5522844514796,15.199804882656123,17.90476402030308,16.6311
ICU,2025-06-26 16:00:00+00:00,2025-06-26 17:00:00+00:00,17.0424,18.120833888808516,16.768354319985036,19.473313457631996,19.7997
OPD,2025-06-26 16:00:00+00:00,2025-06-26 17:00:00+00:00,16.1133,17.10459952954024,15.752119960716763,18.45707909836372,19.1282
WARD_A,2025-06-26 16:00:00+00:00,2025-06-26 17:00:00+00:00,16.3334,16.311178648565004,14.958699079741526,17.663658217388484,17.9779
WARD_B,2025-06-26 16:00:00+00:00,2025-06-26 17:00:00+00:00,16.7751,16.32482076493275,14.972341196109271,17.67730033375623,17.1246
ICU,2025-06-26 17:00:00+00:00,2025-06-26 18:00:00+00:00,16.4007,16.559019294480613,15.206539725657136,17.911498863304093,15.7685
OPD,2025-06-26 17:00:00+00:00,2025-06-26 18:00:00+00:00,11.98,13.779251971797922,12.426772402974445,15.1317315406214,11.9215
WARD_A,2025-06-26 17:00:00+00:00,2025-06-26 18:00:00+00:00,13.9105,14.922609366458035,13.570129797634557,16.275088935281513,16.152
WARD_B,2025-06-26 17:00:00+00:00,2025-06-26 18:00:00+00:00,13.5509,15.09075628546114,13.738276716637662,16.44323585428462,14.5333
ICU,2025-06-26 18:00:00+00:00,2025-06-26 19:00:00+00:00,15.1994,16.173427876031987,14.820948307208509,17.525907444855466,16.5771
OPD,2025-06-26 18:00:00+00:00,2025-06-26 19:00:00+00:00,12.1056,12.069934972327943,10.717455403504465,13.42241454115142,11.167
WARD_A,2025-06-26 18:00:00+00:00,2025-06-26 19:00:00+00:00,12.9175,14.007607113640708,12.65512754481723,15.360086682464186,14.4162
WARD_B,2025-06-26 18:00:00+00:00,2025-06-26 19:00:00+00:00,13.1067,13.55051917916244,12.198039610338963,14.902998747985919,13.8265
ICU,2025-06-26 19:00:00+00:00,2025-06-26 20:00:00+00:00,16.7415,16.74008382304353,15.387604254220053,18.09256339186701,15.9407
OPD,2025-06-26 19:00:00+00:00,2025-06-26 20:00:00+00:00,12.4815,12.341854204468675,10.989374635645197,13.694333773292152,12.1896
WARD_A,2025-06-26 19:00:00+00:00,2025-06-26 20:00:00+00:00,14.7082,14.294224806704126,12.941745237880648,15.646704375527603,14.9216
WARD_B,2025-06-26 19:00:00+00:00,2025-06-26 20:00:00+00:00,14.8614,14.275488792666312,12.923009223842834,15.62796836148979,14.6308
ICU,2025-06-26 20:00:00+00:00,2025-06-26 21:00:00+00:00,14.8618,15.217743088815473,13.865263519991995,16.57022265763895,15.3801
OPD,2025-06-26 20:00:00+00:00,2025-06-26 21:00:00+00:00,11.1342,11.05417073114759,9.701691162324112,12.406650299971067,10.5943
WARD_A,2025-06-26 20:00:00+00:00,2025-06-26 21:00:00+00:00,12.0693,12.748120836414605,11.395641267591127,14.100600405238083,14.1748
WARD_B,2025-06-26 20:00:00+00:00,2025-06-26 21:00:00+00:00,12.3785,12.961491359493637,11.60901179067016,14.313970928317115,13.3989
ICU,2025-06-26 21:00:00+00:00,2025-06-26 22:00:00+00:00,14.1976,14.316596833284699,12.96411726446122,15.669076402108177,14.254
OPD,2025-06-26 21:00:00+00:00,2025-06-26 22:00:00+00:00,10.0211,10.22477730000499,8.872297731181511,11.577256868828467,9.1601
WARD_A,2025-06-26 21:00:00+00:00,2025-06-26 22:00:00+00:00,11.8966,12.163755539443354,10.811275970619876,13.516235108266832,13.5691
WARD_B,2025-06-26 21:00:00+00:00,2025-06-26 22:00:00+00:00,12.7998,12.1374003949469,10.784920826123422,13.489879963770377,12.7906
ICU,2025-06-26 22:00:00+00:00,2025-06-26 23:00:00+00:00,14.2284,14.009146917625833,12.656667348802355,15.36162648644931,14.1511
OPD,2025-06-26 22:00:00+00:00,2025-06-26 23:00:00+00:00,9.8198,10.008403632901198,8.65592406407772,11.360883201724675,9.1234
WARD_A,2025-06-26 22:00:00+00:00,2025-06-26 23:00:00+00:00,11.3342,11.951335097830311,10.598855529006833,13.303814666653789,12.1968
WARD_B,2025-06-26 22:00:00+00:00,2025-06-26 23:00:00+00:00,11.671,12.410783537198741,11.058303968375263,13.763263106022219,12.0263
ICU,2025-06-26 23:00:00+00:00,2025-06-27 00:00:00+00:00,13.0902,13.681602371244722,12.329122802421244,15.0340819400682,14.5073
OPD,2025-06-26 23:00:00+00:00,2025-06-27 00:00:00+00:00,7.6741,9.784596379624398,8.43211681080092,11.137075948447876,9.3297
WARD_A,2025-06-26 23:00:00+00:00,2025-06-27 00:00:00+00:00,11.0615,11.490319391198433,10.137839822374955,12.842798960021911,12.484
WARD_B,2025-06-26 23:00:00+00:00,2025-06-27 00:00:00+00:00,11.0437,11.466984573031484,10.114505004208006,12.819464141854962,12.0426
ICU,2025-06-27 00:00:00+00:00,2025-06-27 01:00:00+00:00,13.6096,13.519038223251767,12.16655865442829,14.871517792075245,13.8529
OPD,2025-06-27 00:00:00+00:00,2025-06-27 01:00:00+00:00,8.9361,9.484077889136458,8.13159832031298,10.836557457959936,9.0731
WARD_A,2025-06-27 00:00:00+00:00,2025-06-27 01:00:00+00:00,11.2321,11.059504170003944,9.707024601180466,12.411983738827422,12.6399
WARD_B,2025-06-27 00:00:00+00:00,2025-06-27 01:00:00+00:00,12.6207,11.338242338024214,9.985762769200736,12.690721906847692,13.2255
ICU,2025-06-27 01:00:00+00:00,2025-06-27 02:00:00+00:00,12.818,12.958861168158908,11.60638159933543,14.311340736982386,13.8481
WARD_A,2025-06-27 01:00:00+00:00,2025-06-27 02:00:00+00:00,9.9876,11.039623104856842,9.687143536033364,12.39210267368032,13.3594
WARD_B,2025-06-27 01:00:00+00:00,2025-06-27 02:00:00+00:00,10.6453,11.682258675677252,10.329779106853774,13.03473824450073,12.1196
ICU,2025-06-27 02:00:00+00:00,2025-06-27 03:00:00+00:00,12.2831,13.524285916552495,12.171806347729017,14.876765485375973,13.3537
OPD,2025-06-27 02:00:00+00:00,2025-06-27 03:00:00+00:00,9.1667,9.440331351925467,8.08785178310199,10.792810920748945,9.2769
WARD_A,2025-06-27 02:00:00+00:00,2025-06-27 03:00:00+00:00,11.4229,11.420434550559206,10.067954981735728,12.772914119382683,11.6811
WARD_B,2025-06-27 02:00:00+00:00,2025-06-27 03:00:00+00:00,10.7783,11.50849731661029,10.156017747786812,12.860976885433768,10.9886
ICU,2025-06-27 03:00:00+00:00,2025-06-27 04:00:00+00:00,13.1221,13.523006431803475,12.170526862979997,14.875486000626953,14.3859
OPD,2025-06-27 03:00:00+00:00,2025-06-27 04:00:00+00:00,9.0197,9.711943581428581,8.359464012605104,11.06442315025206,9.392
WARD_A,2025-06-27 03:00:00+00:00,2025-06-27 04:00:00+00:00,12.3942,11.649734877195872,10.297255308372394,13.00221444601935,12.7849
WARD_B,2025-06-27 03:00:00+00:00,2025-06-27 04:00:00+00:00,12.3831,11.405558880839791,10.053079312016314,12.75803844966327,12.8367
ICU,2025-06-27 04:00:00+00:00,2025-06-27 05:00:00+00:00,13.1143,13.744871360550672,12.392391791727194,15.09735092937415,13.1129
OPD,2025-06-27 04:00:00+00:00,2025-06-27 05:00:00+00:00,8.2607,9.813225232968392,8.460745664144914,11.16570480179187,9.1114
WARD_A,2025-06-27 04:00:00+00:00,2025-06-27 05:00:00+00:00,11.258,12.125541849159754,10.773062280336276,13.478021417983232,12.2885
WARD_B,2025-06-27 04:00:00+00:00,2025-06-27 05:00:00+00:00,10.1547,12.101081180453093,10.748601611629615,13.453560749276571,11.947
ICU,2025-06-27 05:00:00+00:00,2025-06-27 06:00:00+00:00,14.726,15.880499192105022,14.528019623281544,17.2329787609285,15.8438
OPD,2025-06-27 05:00:00+00:00,2025-06-27 06:00:00+00:00,10.9836,11.482266589850656,10.129787021027179,12.834746158674134,11.8475
WARD_A,2025-06-27 05:00:00+00:00,2025-06-27 06:00:00+00:00,14.2709,13.166719153989664,11.814239585166186,14.519198722813142,14.2721
WARD_B,2025-06-27 05:00:00+00:00,2025-06-27 06:00:00+00:00,13.3917,13.263593543995675,11.911113975172197,14.616073112819153,15.2169
ICU,2025-06-27 06:00:00+00:00,2025-06-27 07:00:00+00:00,14.6366,14.948887882928963,13.596408314105485,16.30136745175244,14.7777
OPD,2025-06-27 06:00:00+00:00,2025-06-27 07:00:00+00:00,11.743,11.043789700452198,9.69131013162872,12.396269269275676,9.893
WARD_A,2025-06-27 06:00:00+00:00,2025-06-27 07:00:00+00:00,12.4713,13.521562008311259,12.16908243948778,14.874041577134737,13.8163
WARD_B,2025-06-27 06:00:00+00:00,2025-06-27 07:00:00+00:00,14.4384,13.334852446809007,11.98237287798553,14.687332015632485,12.8921
ICU,2025-06-27 07:00:00+00:00,2025-06-27 08:00:00+00:00,14.814,16.4133735721945,15.060894003371024,17.76585314101798,17.2302
OPD,2025-06-27 07:00:00+00:00,2025-06-27 08:00:00+00:00,14.5947,15.507128964171594,14.154649395348116,16.859608532995072,16.0111
WARD_A,2025-06-27 07:00:00+00:00,2025-06-27 08:00:00+00:00,13.5017,15.363471620824905,14.010992052001427,16.715951189648383,16.8437
WARD_B,2025-06-27 07:00:00+00:00,2025-06-27 08:00:00+00:00,14.1338,15.206427293588218,13.85394772476474,16.558906862411696,14.6494
ICU,2025-06-27 08:00:00+00:00,2025-06-27 09:00:00+00:00,17.3225,16.572540365899087,15.22006079707561,17.925019934722567,18.0002
OPD,2025-06-27 08:00:00+00:00,2025-06-27 09:00:00+00:00,15.8502,15.629437483819405,14.276957914995927,16.981917052642885,16.6298
WARD_A,2025-06-27 08:00:00+00:00,2025-06-27 09:00:00+00:00,15.034,15.321536162521,13.969056593697522,16.67401573134448,17.0233
WARD_B,2025-06-27 08:00:00+00:00,2025-06-27 09:00:00+00:00,16.1711,15.230457868530594,13.877978299707117,16.582937437354072,15.5246
ICU,2025-06-27 09:00:00+00:00,2025-06-27 10:00:00+00:00,18.5464,17.979031545335587,16.626551976512108,19.331511114159067,18.9336
OPD,2025-06-27 09:00:00+00:00,2025-06-27 10:00:00+00:00,16.9626,16.963442122802487,15.61096255397901,18.315921691625967,19.7438
WARD_A,2025-06-27 09:00:00+00:00,2025-06-27 10:00:00+00:00,15.1735,15.704494219488929,14.352014650665451,17.05697378831241,17.3192
WARD_B,2025-06-27 09:00:00+00:00,2025-06-27 10:00:00+00:00,16.9493,16.549230169742497,15.19675060091902,17.901709738565977,16.874
ICU,2025-06-27 10:00:00+00:00,2025-06-27 11:00:00+00:00,17.9377,18.726743256022946,17.374263687199466,20.079222824846426,19.143
OPD,2025-06-27 10:00:00+00:00,2025-06-27 11:00:00+00:00,15.0019,18.0221526096609,16.66967304083742,19.37463217848438,18.6779
WARD_A,2025-06-27 10:00:00+00:00,2025-06-27 11:00:00+00:00,16.2175,16.137793771756204,14.785314202932726,17.490273340579684,17.5769
WARD_B,2025-06-27 10:00:00+00:00,2025-06-27 11:00:00+00:00,16.5367,17.177096267400195,15.824616698576717,18.529575836223675,16.4092
ICU,2025-06-27 11:00:00+00:00,2025-06-27 12:00:00+00:00,16.7204,18.652160232778925,17.299680663955446,20.004639801602405,18.5823
OPD,2025-06-27 11:00:00+00:00,2025-06-27 12:00:00+00:00,17.3702,16.613360085930715,15.260880517107237,17.965839654754195,16.1046
WARD_A,2025-06-27 11:00:00+00:00,2025-06-27 12:00:00+00:00,17.5674,16.718949229835626,15.366469661012149,18.071428798659106,17.4912
WARD_B,2025-06-27 11:00:00+00:00,2025-06-27 12:00:00+00:00,16.7195,17.142815773517402,15.790336204693924,18.49529534234088,15.2596
ICU,2025-06-27 12:00:00+00:00,2025-06-27 13:00:00+00:00,19.0938,18.45794774858246,17.10546817975898,19.81042731740594,18.0387
OPD,2025-06-27 12:00:00+00:00,2025-06-27 13:00:00+00:00,16.1565,17.68932984951739,16.33685028069391,19.04180941834087,17.5264
WARD_A,2025-06-27 12:00:00+00:00,2025-06-27 13:00:00+00:00,16.8768,17.171775531744878,15.8192959629214,18.524255100568357,18.5063
WARD_B,2025-06-27 12:00:00+00:00,2025-06-27 13:00:00+00:00,17.7144,17.197165016216513,15.844685447393035,18.549644585039992,15.9722
ICU,2025-06-27 13:00:00+00:00,2025-06-27 14:00:00+00:00,19.5681,20.810096784441924,19.457617215618445,22.162576353265404,21.3278
OPD,2025-06-27 13:00:00+00:00,2025-06-27 14:00:00+00:00,18.4683,18.64331786730877,17.29083829848529,19.99579743613225,20.5565
WARD_A,2025-06-27 13:00:00+00:00,2025-06-27 14:00:00+00:00,18.268,18.82292491282259,17.47044534399911,20.17540448164607,19.6151
WARD_B,2025-06-27 13:00:00+00:00,2025-06-27 14:00:00+00:00,18.6862,19.030541331944402,17.678061763120922,20.38302090076788,18.2469
ICU,2025-06-27 14:00:00+00:00,2025-06-27 15:00:00+00:00,19.1466,18.29538480265483,16.94290523383135,19.64786437147831,18.452
OPD,2025-06-27 14:00:00+00:00,2025-06-27 15:00:00+00:00,17.9541,17.877970297817917,16.525490728994438,19.230449866641397,17.4566
WARD_A,2025-06-27 14:00:00+00:00,2025-06-27 15:00:00+00:00,18.0394,16.910000141092606,15.557520572269128,18.262479709916086,17.2016
WARD_B,2025-06-27 14:00:00+00:00,2025-06-27 15:00:00+00:00,16.639,16.95645956859878,15.603979999775303,18.30893913742226,15.8997
ICU,2025-06-27 15:00:00+00:00,2025-06-27 16:00:00+00:00,17.9112,18.870610184229037,17.518130615405557,20.223089753052516,19.227
OPD,2025-06-27 15:00:00+00:00,2025-06-27 16:00:00+00:00,16.7982,17.909631063980797,16.557151495157317,19.262110632804276,17.3609
WARD_A,2025-06-27 15:00:00+00:00,2025-06-27 16:00:00+00:00,15.9244,16.757462653750153,15.404983084926675,18.109942222573633,18.4268
WARD_B,2025-06-27 15:00:00+00:00,2025-06-27 16:00:00+00:00,17.0279,16.774437508795877,15.4219579399724,18.126917077619357,16.4378
ICU,2025-06-27 16:00:00+00:00,2025-06-27 17:00:00+00:00,17.0949,18.127687225626538,16.775207656803058,19.480166794450017,18.5685
OPD,2025-06-27 16:00:00+00:00,2025-06-27 17:00:00+00:00,16.005,16.91977274033908,15.567293171515603,18.27225230916256,17.5121
WARD_A,2025-06-27 16:00:00+00:00,2025-06-27 17:00:00+00:00,15.4191,16.751630744918522,15.399151176095044,18.104110313742,17.9466
WARD_B,2025-06-27 16:00:00+00:00,2025-06-27 17:00:00+00:00,14.7079,16.515971948931227,15.16349238010775,17.868451517754707,16.6863
ICU,2025-06-27 17:00:00+00:00,2025-06-27 18:00:00+00:00,15.7907,16.149374790140094,14.796895221316616,17.501854358963573,17.2611
OPD,2025-06-27 17:00:00+00:00,2025-06-27 18:00:00+00:00,11.4956,13.80888347314716,12.456403904323682,15.161363041970638,13.1102
WARD_A,2025-06-27 17:00:00+00:00,2025-06-27 18:00:00+00:00,15.1289,14.63449296919842,13.282013400374941,15.986972538021897,16.5976
WARD_B,2025-06-27 17:00:00+00:00,2025-06-27 18:00:00+00:00,14.4388,14.629448009713599,13.276968440890121,15.981927578537077,15.2611
ICU,2025-06-27 18:00:00+00:00,2025-06-27 19:00:00+00:00,15.4841,15.759997168450264,14.407517599626786,17.11247673727374,16.9403
OPD,2025-06-27 18:00:00+00:00,2025-06-27 19:00:00+00:00,11.504,11.463826790510934,10.111347221687456,12.816306359334412,11.4542
WARD_A,2025-06-27 18:00:00+00:00,2025-06-27 19:00:00+00:00,13.331,14.336347311383609,12.98386774256013,15.688826880207086,15.4944
WARD_B,2025-06-27 18:00:00+00:00,2025-06-27 19:00:00+00:00,14.1704,13.960012806781119,12.607533237957641,15.312492375604597,14.6176
ICU,2025-06-27 19:00:00+00:00,2025-06-27 20:00:00+00:00,17.4187,16.773654042735657,15.42117447391218,18.126133611559137,17.8921
OPD,2025-06-27 19:00:00+00:00,2025-06-27 20:00:00+00:00,13.0488,12.636547689107033,11.284068120283555,13.98902725793051,13.5172
WARD_A,2025-06-27 19:00:00+00:00,2025-06-27 20:00:00+00:00,15.5628,14.550659026627045,13.198179457803567,15.903138595450523,16.141
WARD_B,2025-06-27 19:00:00+00:00,2025-06-27 20:00:00+00:00,16.0476,14.87082103624655,13.518341467423072,16.22330060507003,15.1993
ICU,2025-06-27 20:00:00+00:00,2025-06-27 21:00:00+00:00,13.6896,15.280055431186575,13.927575862363097,16.632535000010055,14.5675
OPD,2025-06-27 20:00:00+00:00,2025-06-27 21:00:00+00:00,10.2283,11.43887249875042,10.086392929926943,12.791352067573898,11.1533
WARD_A,2025-06-27 20:00:00+00:00,2025-06-27 21:00:00+00:00,11.84,13.677905202676264,12.325425633852786,15.030384771499742,13.7235
WARD_B,2025-06-27 20:00:00+00:00,2025-06-27 21:00:00+00:00,13.0623,13.973864223039868,12.62138465421639,15.326343791863346,14.348
ICU,2025-06-27 21:00:00+00:00,2025-06-27 22:00:00+00:00,12.7912,13.328708714621829,11.976229145798351,14.681188283445307,13.9994
OPD,2025-06-27 21:00:00+00:00,2025-06-27 22:00:00+00:00,9.478,10.253704873944791,8.901225305121313,11.606184442768269,10.2726
WARD_A,2025-06-27 21:00:00+00:00,2025-06-27 22:00:00+00:00,11.6977,11.828704252872765,10.476224684049287,13.181183821696242,13.8539
WARD_B,2025-06-27 21:00:00+00:00,2025-06-27 22:00:00+00:00,12.3076,12.412156503400094,11.059676934576617,13.764636072223572,11.4503
ICU,2025-06-27 22:00:00+00:00,2025-06-27 23:00:00+00:00,13.2522,13.022816347450538,11.67033677862706,14.375295916274016,14.7875
OPD,2025-06-27 22:00:00+00:00,2025-06-27 23:00:00+00:00,8.427,9.689945630624608,8.33746606180113,11.042425199448086,9.8795
WARD_A,2025-06-27 22:00:00+00:00,2025-06-27 23:00:00+00:00,10.3964,11.58363431288578,10.231154744062302,12.936113881709257,14.1906
WARD_B,2025-06-27 22:00:00+00:00,2025-06-27 23:00:00+00:00,11.8189,12.102628383910623,10.750148815087146,13.455107952734101,13.3004
OPD,2025-06-27 23:00:00+00:00,2025-06-28 00:00:00+00:00,9.8302,9.547875998612989,8.195396429789511,10.900355567436467,9.3697
WARD_A,2025-06-27 23:00:00+00:00,2025-06-28 00:00:00+00:00,11.5242,11.436822575037553,10.084343006214075,12.78930214386103,12.5603
WARD_B,2025-06-27 23:00:00+00:00,2025-06-28 00:00:00+00:00,12.8495,11.694628761612991,10.342149192789513,13.047108330436469,12.1807
ICU,2025-06-28 00:00:00+00:00,2025-06-28 01:00:00+00:00,13.8982,12.972165492611355,11.619685923787877,14.324645061434833,13.0951
OPD,2025-06-28 00:00:00+00:00,2025-06-28 01:00:00+00:00,9.212,9.471644255797063,8.119164686973585,10.824123824620541,8.9865
WARD_A,2025-06-28 00:00:00+00:00,2025-06-28 01:00:00+00:00,12.7537,11.376709176510152,10.024229607686674,12.72918874533363,12.526
WARD_B,2025-06-28 00:00:00+00:00,2025-06-28 01:00:00+00:00,11.8174,12.160227943723253,10.807748374899775,13.512707512546731,11.5
ICU,2025-06-28 01:00:00+00:00,2025-06-28 02:00:00+00:00,12.6302,12.988748048166192,11.636268479342714,14.34122761698967,13.8308
OPD,2025-06-28 01:00:00+00:00,2025-06-28 02:00:00+00:00,9.0611,9.4414384463831,8.088958877559621,10.793918015206577,8.2702
WARD_A,2025-06-28 01:00:00+00:00,2025-06-28 02:00:00+00:00,11.0201,11.605969357297052,10.253489788473575,12.95844892612053,11.5706
WARD_B,2025-06-28 01:00:00+00:00,2025-06-28 02:00:00+00:00,11.6658,12.074733699814118,10.72225413099064,13.427213268637596,10.8814
ICU,2025-06-28 02:00:00+00:00,2025-06-28 03:00:00+00:00,12.3186,12.782186524607878,11.4297069557844,14.134666093431356,13.7573
OPD,2025-06-28 02:00:00+00:00,2025-06-28 03:00:00+00:00,8.1357,9.395530079927497,8.043050511104019,10.748009648750974,9.7145
WARD_A,2025-06-28 02:00:00+00:00,2025-06-28 03:00:00+00:00,10.1644,11.039655065930262,9.687175497106784,12.39213463475374,12.533
WARD_B,2025-06-28 02:00:00+00:00,2025-06-28 03:00:00+00:00,11.4445,11.279826680956582,9.927347112133104,12.63230624978006,11.6351
ICU,2025-06-28 03:00:00+00:00,2025-06-28 04:00:00+00:00,13.0697,12.967228945687944,11.614749376864467,14.319708514511422,14.3123
OPD,2025-06-28 03:00:00+00:00,2025-06-28 04:00:00+00:00,8.8818,9.850895512453482,8.498415943630004,11.20337508127696,9.6955
WARD_A,2025-06-28 03:00:00+00:00,2025-06-28 04:00:00+00:00,11.9071,11.606651228567724,10.254171659744246,12.959130797391202,14.0556
WARD_B,2025-06-28 03:00:00+00:00,2025-06-28 04:00:00+00:00,12.8227,11.92439284934788,10.571913280524402,13.276872418171358,12.4167
ICU,2025-06-28 04:00:00+00:00,2025-06-28 05:00:00+00:00,13.7926,13.547276898576726,12.194797329753248,14.899756467400204,13.4049
OPD,2025-06-28 04:00:00+00:00,2025-06-28 05:00:00+00:00,9.7483,9.76594392579665,8.413464356973172,11.118423494620128,9.6942
WARD_A,2025-06-28 04:00:00+00:00,2025-06-28 05:00:00+00:00,12.0352,12.193629496223977,10.8411499274005,13.546109065047455,12.5729
WARD_B,2025-06-28 04:00:00+00:00,2025-06-28 05:00:00+00:00,11.4295,12.936199502233803,11.583719933410325,14.288679071057281,12.7852
ICU,2025-06-28 05:00:00+00:00,2025-06-28 06:00:00+00:00,15.1133,15.275774621949822,13.923295053126344,16.6282541907733,16.945
OPD,2025-06-28 05:00:00+00:00,2025-06-28 06:00:00+00:00,11.6889,11.428842495346478,10.076362926523,12.781322064169956,12.4594
WARD_A,2025-06-28 05:00:00+00:00,2025-06-28 06:00:00+00:00,13.313,13.227728675298065,11.875249106474588,14.580208244121543,15.1289
WARD_B,2025-06-28 05:00:00+00:00,2025-06-28 06:00:00+00:00,13.525,13.555977205909494,12.203497637086016,14.908456774732972,14.158
ICU,2025-06-28 06:00:00+00:00,2025-06-28 07:00:00+00:00,14.3457,14.359871610132375,13.007392041308897,15.712351178955853,15.3428
OPD,2025-06-28 06:00:00+00:00,2025-06-28 07:00:00+00:00,10.4546,11.171252491108683,9.818772922285206,12.523732059932161,11.0408
WARD_A,2025-06-28 06:00:00+00:00,2025-06-28 07:00:00+00:00,12.3748,13.163246797118163,11.810767228294685,14.51572636594164,14.6816
WARD_B,2025-06-28 06:00:00+00:00,2025-06-28 07:00:00+00:00,12.9299,13.290279128771449,11.93779955994797,14.642758697594926,13.111
ICU,2025-06-28 07:00:00+00:00,2025-06-28 08:00:00+00:00,17.5034,16.32194507137007,14.969465502546592,17.67442464019355,16.3646
OPD,2025-06-28 07:00:00+00:00,2025-06-28 08:00:00+00:00,16.2421,15.079289950640488,13.72681038181701,16.431769519463966,14.8318
WARD_A,2025-06-28 07:00:00+00:00,2025-06-28 08:00:00+00:00,16.2833,15.224056115817097,13.87157654699362,16.576535684640575,15.3879
WARD_B,2025-06-28 07:00:00+00:00,2025-06-28 08:00:00+00:00,15.3578,15.44109635067863,14.088616781855151,16.793575919502107,13.5676
ICU,2025-06-28 08:00:00+00:00,2025-06-28 09:00:00+00:00,16.4542,17.484528790912226,16.132049222088746,18.837008359735705,17.4795
OPD,2025-06-28 08:00:00+00:00,2025-06-28 09:00:00+00:00,13.1163,16.79270174612129,15.44022217729781,18.145181314944768,14.7145
WARD_A,2025-06-28 08:00:00+00:00,2025-06-28 09:00:00+00:00,13.4119,16.40755108841953,15.055071519596053,17.76003065724301,15.8284
WARD_B,2025-06-28 08:00:00+00:00,2025-06-28 09:00:00+00:00,14.3315,15.599123873899982,14.246644305076504,16.95160344272346,15.4119
ICU,2025-06-28 09:00:00+00:00,2025-06-28 10:00:00+00:00,18.2626,17.322345761857928,15.96986619303445,18.674825330681408,17.7702
OPD,2025-06-28 09:00:00+00:00,2025-06-28 10:00:00+00:00,16.6928,15.785890426873099,14.433410858049621,17.13836999569658,15.713
WARD_A,2025-06-28 09:00:00+00:00,2025-06-28 10:00:00+00:00,15.9978,15.556469545606848,14.20398997678337,16.908949114430328,17.0664
WARD_B,2025-06-28 09:00:00+00:00,2025-06-28 10:00:00+00:00,16.3259,15.858764282642763,14.506284713819285,17.211243851466243,15.1075
ICU,2025-06-28 10:00:00+00:00,2025-06-28 11:00:00+00:00,17.777,18.42793911816705,17.07545954934357,19.78041868699053,17.8313
OPD,2025-06-28 10:00:00+00:00,2025-06-28 11:00:00+00:00,17.3186,17.59365111457645,16.24117154575297,18.94613068339993,17.6155
WARD_A,2025-06-28 10:00:00+00:00,2025-06-28 11:00:00+00:00,15.9628,16.605685490166522,15.253205921343044,17.95816505899,17.0387
WARD_B,2025-06-28 10:00:00+00:00,2025-06-28 11:00:00+00:00,15.5431,16.717555036454684,15.365075467631206,18.070034605278163,16.6062
ICU,2025-06-28 11:00:00+00:00,2025-06-28 12:00:00+00:00,17.013,18.388119155777094,17.035639586953614,19.740598724600574,18.4137
OPD,2025-06-28 11:00:00+00:00,2025-06-28 12:00:00+00:00,15.6393,17.688937579435542,16.336458010612063,19.041417148259022,17.2895
WARD_A,2025-06-28 11:00:00+00:00,2025-06-28 12:00:00+00:00,15.7959,16.795393731700873,15.442914162877395,18.147873300524353,18.0717
WARD_B,2025-06-28 11:00:00+00:00,2025-06-28 12:00:00+00:00,15.5576,16.36607400255415,15.013594433730672,17.71855357137763,17.3096
ICU,2025-06-28 12:00:00+00:00,2025-06-28 13:00:00+00:00,19.0615,18.24945634699688,16.8969767781734,19.60193591582036,18.6584
OPD,2025-06-28 12:00:00+00:00,2025-06-28 13:00:00+00:00,18.128,16.69967890545691,15.347199336633432,18.05215847428039,18.9454
WARD_A,2025-06-28 12:00:00+00:00,2025-06-28 13:00:00+00:00,17.1321,16.904439326663784,15.551959757840306,18.256918895487264,17.7132
WARD_B,2025-06-28 12:00:00+00:00,2025-06-28 13:00:00+00:00,18.2572,16.353098830179686,15.000619261356208,17.705578399003166,17.1993
ICU,2025-06-28 13:00:00+00:00,2025-06-28 14:00:00+00:00,20.183,20.93905282689864,19.58657325807516,22.29153239572212,19.7384
OPD,2025-06-28 13:00:00+00:00,2025-06-28 14:00:00+00:00,19.5986,20.24959029656681,18.897110727743332,21.60206986539029,19.8108
WARD_A,2025-06-28 13:00:00+00:00,2025-06-28 14:00:00+00:00,17.9597,18.68592250933146,17.33344294050798,20.038402078154938,19.0611
WARD_B,2025-06-28 13:00:00+00:00,2025-06-28 14:00:00+00:00,18.6103,18.939636185897985,17.587156617074506,20.292115754721465,18.1309
ICU,2025-06-28 14:00:00+00:00,2025-06-28 15:00:00+00:00,17.4211,18.48698613184063,17.13450656301715,19.83946570066411,18.568
OPD,2025-06-28 14:00:00+00:00,2025-06-28 15:00:00+00:00,17.1813,18.186009551801916,16.833529982978437,19.538489120625396,18.2763
WARD_A,2025-06-28 14:00:00+00:00,2025-06-28 15:00:00+00:00,17.107,16.823630492495305,15.471150923671827,18.176110061318784,17.4716
WARD_B,2025-06-28 14:00:00+00:00,2025-06-28 15:00:00+00:00,16.2767,16.947109993672488,15.59463042484901,18.299589562495967,15.1268
ICU,2025-06-28 15:00:00+00:00,2025-06-28 16:00:00+00:00,18.3322,18.11379566957794,16.76131610075446,19.46627523840142,19.0196
OPD,2025-06-28 15:00:00+00:00,2025-06-28 16:00:00+00:00,18.6402,17.63306486943509,16.28058530061161,18.985544438258568,16.4295
WARD_A,2025-06-28 15:00:00+00:00,2025-06-28 16:00:00+00:00,16.8375,16.538039210995127,15.185559642171649,17.890518779818606,16.8675
WARD_B,2025-06-28 15:00:00+00:00,2025-06-28 16:00:00+00:00,17.1038,16.68921356883109,15.336734000007612,18.04169313765457,15.4434
ICU,2025-06-28 16:00:00+00:00,2025-06-28 17:00:00+00:00,17.279,18.229348229154972,16.876868660331493,19.581827797978452,19.5455
OPD,2025-06-28 16:00:00+00:00,2025-06-28 17:00:00+00:00,16.2795,17.423840422207302,16.071360853383823,18.776319991030782,16.259
WARD_A,2025-06-28 16:00:00+00:00,2025-06-28 17:00:00+00:00,15.4945,16.25392783083189,14.901448262008413,17.60640739965537,17.8894
WARD_B,2025-06-28 16:00:00+00:00,2025-06-28 17:00:00+00:00,16.5242,16.605835656815785,15.253356087992307,17.958315225639264,18.0767
ICU,2025-06-28 17:00:00+00:00,2025-06-28 18:00:00+00:00,15.9147,16.25692205332131,14.904442484497833,17.60940162214479,15.8303
OPD,2025-06-28 17:00:00+00:00,2025-06-28 18:00:00+00:00,10.9509,13.799810459554545,12.447330890731067,15.152290028378022,11.6422
WARD_A,2025-06-28 17:00:00+00:00,2025-06-28 18:00:00+00:00,13.3134,14.640346763904653,13.287867195081175,15.99282633272813,15.223
WARD_B,2025-06-28 17:00:00+00:00,2025-06-28 18:00:00+00:00,14.9875,15.02759763449387,13.675118065670393,16.38007720331735,13.3831
ICU,2025-06-28 18:00:00+00:00,2025-06-28 19:00:00+00:00,15.2982,15.847018347079247,14.49453877825577,17.199497915902725,16.6895
OPD,2025-06-28 18:00:00+00:00,2025-06-28 19:00:00+00:00,10.6621,11.273018804494079,9.920539235670601,12.625498373317557,11.4709
WARD_A,2025-06-28 18:00:00+00:00,2025-06-28 19:00:00+00:00,12.1303,13.62024942769791,12.267769858874432,14.972728996521388,15.394
WARD_B,2025-06-28 18:00:00+00:00,2025-06-28 19:00:00+00:00,13.9496,14.2397992547718,12.887319685948322,15.592278823595278,13.9678
ICU,2025-06-28 19:00:00+00:00,2025-06-28 20:00:00+00:00,16.0503,16.601190264770622,15.248710695947144,17.953669833594102,17.5439
OPD,2025-06-28 19:00:00+00:00,2025-06-28 20:00:00+00:00,11.4721,12.110965487719788,10.75848591889631,13.463445056543266,13.415
WARD_A,2025-06-28 19:00:00+00:00,2025-06-28 20:00:00+00:00,14.898,14.192130632019603,12.839651063196126,15.544610200843081,16.0956
WARD_B,2025-06-28 19:00:00+00:00,2025-06-28 20:00:00+00:00,15.393,15.005594294539184,13.653114725715707,16.358073863362662,15.5255
ICU,2025-06-28 20:00:00+00:00,2025-06-28 21:00:00+00:00,14.6451,14.707959941127683,13.355480372304205,16.060439509951163,16.4975
OPD,2025-06-28 20:00:00+00:00,2025-06-28 21:00:00+00:00,11.8996,10.769588196852656,9.417108628029178,12.122067765676134,10.3323
WARD_A,2025-06-28 20:00:00+00:00,2025-06-28 21:00:00+00:00,13.3597,13.075763779729185,11.723284210905707,14.428243348552662,14.0968
WARD_B,2025-06-28 20:00:00+00:00,2025-06-28 21:00:00+00:00,13.6603,13.400215814310956,12.047736245487478,14.752695383134434,12.8426
ICU,2025-06-28 21:00:00+00:00,2025-06-28 22:00:00+00:00,13.4452,13.791714158182707,12.439234589359229,15.144193727006185,15.8653
OPD,2025-06-28 21:00:00+00:00,2025-06-28 22:00:00+00:00,10.2732,10.561902819103139,9.209423250279661,11.914382387926617,10.9912
WARD_A,2025-06-28 21:00:00+00:00,2025-06-28 22:00:00+00:00,12.9139,12.229900419423029,10.87742085059955,13.582379988246506,14.2361
WARD_B,2025-06-28 21:00:00+00:00,2025-06-28 22:00:00+00:00,14.0667,12.73185328043799,11.379373711614512,14.084332849261468,13.2028
ICU,2025-06-28 22:00:00+00:00,2025-06-28 23:00:00+00:00,13.1813,13.422479035198439,12.069999466374961,14.774958604021917,14.8626
OPD,2025-06-28 22:00:00+00:00,2025-06-28 23:00:00+00:00,9.917,9.887927263239222,8.535447694415744,11.2404068320627,9.1446
WARD_A,2025-06-28 22:00:00+00:00,2025-06-28 23:00:00+00:00,12.0693,12.026426549084611,10.673946980261134,13.37890611790809,12.537
WARD_B,2025-06-28 22:00:00+00:00,2025-06-28 23:00:00+00:00,12.3811,12.65171680612858,11.299237237305102,14.004196374952057,12.7077
OPD,2025-06-28 23:00:00+00:00,2025-06-29 00:00:00+00:00,8.1676,9.494654009510601,8.142174440687123,10.847133578334079,9.1527
WARD_A,2025-06-28 23:00:00+00:00,2025-06-29 00:00:00+00:00,10.7811,11.277088532999505,9.924608964176027,12.629568101822983,11.7942
WARD_B,2025-06-28 23:00:00+00:00,2025-06-29 00:00:00+00:00,11.0135,12.0034181391451,10.650938570321623,13.355897707968579,11.3993
ICU,2025-06-29 00:00:00+00:00,2025-06-29 01:00:00+00:00,12.4895,12.786691217677156,11.434211648853678,14.139170786500634,13.5092
OPD,2025-06-29 00:00:00+00:00,2025-06-29 01:00:00+00:00,8.9442,9.541142057341656,8.188662488518178,10.893621626165134,8.7544
WARD_B,2025-06-29 00:00:00+00:00,2025-06-29 01:00:00+00:00,11.5562,12.118313476625215,10.765833907801737,13.470793045448692,10.5606
ICU,2025-06-29 01:00:00+00:00,2025-06-29 02:00:00+00:00,13.0912,12.648336646721582,11.295857077898104,14.00081621554506,13.8469
OPD,2025-06-29 01:00:00+00:00,2025-06-29 02:00:00+00:00,9.511,9.438039306331325,8.085559737507847,10.790518875154802,9.4348
WARD_A,2025-06-29 01:00:00+00:00,2025-06-29 02:00:00+00:00,12.8409,11.63837977282682,10.285900204003342,12.990859341650298,13.3699
WARD_B,2025-06-29 01:00:00+00:00,2025-06-29 02:00:00+00:00,13.0565,11.490786872671135,10.138307303847657,12.843266441494613,12.5408
ICU,2025-06-29 02:00:00+00:00,2025-06-29 03:00:00+00:00,11.8558,12.881439187129589,11.52895961830611,14.233918755953066,12.9365
OPD,2025-06-29 02:00:00+00:00,2025-06-29 03:00:00+00:00,8.5587,9.543411424478153,8.190931855654675,10.89589099330163,8.0929
WARD_A,2025-06-29 02:00:00+00:00,2025-06-29 03:00:00+00:00,10.8527,11.936611787148589,10.584132218325111,13.289091355972067,12.3565
WARD_B,2025-06-29 02:00:00+00:00,2025-06-29 03:00:00+00:00,13.0602,12.27288396715441,10.920404398330932,13.625363535977888,10.8884
ICU,2025-06-29 03:00:00+00:00,2025-06-29 04:00:00+00:00,13.0438,12.682657651155443,11.330178082331965,14.035137219978921,13.4452
OPD,2025-06-29 03:00:00+00:00,2025-06-29 04:00:00+00:00,8.9538,9.57562831431503,8.223148745491551,10.928107883138507,8.8393
WARD_A,2025-06-29 03:00:00+00:00,2025-06-29 04:00:00+00:00,10.3789,11.243981156011523,9.891501587188046,12.596460724835001,12.6548
WARD_B,2025-06-29 03:00:00+00:00,2025-06-29 04:00:00+00:00,10.7843,12.43349828050587,11.081018711682391,13.785977849329347,12.2255
ICU,2025-06-29 04:00:00+00:00,2025-06-29 05:00:00+00:00,13.7571,13.487375655415553,12.134896086592075,14.839855224239031,14.4655
OPD,2025-06-29 04:00:00+00:00,2025-06-29 05:00:00+00:00,8.7663,9.715054105051156,8.362574536227678,11.067533673874633,9.8174
WARD_A,2025-06-29 04:00:00+00:00,2025-06-29 05:00:00+00:00,12.0497,11.678855217984385,10.326375649160907,13.031334786807863,12.601
WARD_B,2025-06-29 04:00:00+00:00,2025-06-29 05:00:00+00:00,12.3165,12.615118431005202,11.262638862181724,13.96759799982868,11.7093
ICU,2025-06-29 05:00:00+00:00,2025-06-29 06:00:00+00:00,15.1686,15.19235740070515,13.839877831881672,16.544836969528628,16.5017
OPD,2025-06-29 05:00:00+00:00,2025-06-29 06:00:00+00:00,11.2017,11.600506924020992,10.248027355197515,12.95298649284447,11.8827
WARD_A,2025-06-29 05:00:00+00:00,2025-06-29 06:00:00+00:00,13.2896,13.199098289126809,11.846618720303331,14.551577857950287,14.4683
WARD_B,2025-06-29 05:00:00+00:00,2025-06-29 06:00:00+00:00,13.6573,13.934072384668907,12.581592815845429,15.286551953492385,14.0393
ICU,2025-06-29 06:00:00+00:00,2025-06-29 07:00:00+00:00,14.7478,14.494306678992873,13.141827110169395,15.84678624781635,14.6628
OPD,2025-06-29 06:00:00+00:00,2025-06-29 07:00:00+00:00,9.8698,11.019059739446678,9.6665801706232,12.371539308270156,9.7808
WARD_A,2025-06-29 06:00:00+00:00,2025-06-29 07:00:00+00:00,12.3227,12.919478531826872,11.566998963003394,14.27195810065035,12.8354
WARD_B,2025-06-29 06:00:00+00:00,2025-06-29 07:00:00+00:00,13.7753,13.279970025524502,11.927490456701024,14.63244959434798,11.0609
ICU,2025-06-29 07:00:00+00:00,2025-06-29 08:00:00+00:00,14.8165,14.903521991312656,13.551042422489179,16.256001560136134,16.0522
OPD,2025-06-29 07:00:00+00:00,2025-06-29 08:00:00+00:00,10.5574,13.003372459332592,11.650892890509114,14.35585202815607,10.7274
WARD_A,2025-06-29 07:00:00+00:00,2025-06-29 08:00:00+00:00,13.433,13.780897379592824,12.428417810769346,15.133376948416302,14.5179
WARD_B,2025-06-29 07:00:00+00:00,2025-06-29 08:00:00+00:00,13.2611,13.653012608115214,12.300533039291736,15.005492176938692,13.0621
ICU,2025-06-29 08:00:00+00:00,2025-06-29 09:00:00+00:00,16.2467,15.371889047312912,14.019409478489434,16.724368616136392,15.6474
OPD,2025-06-29 08:00:00+00:00,2025-06-29 09:00:00+00:00,11.0038,13.043255952495107,11.69077638367163,14.395735521318585,12.0211
WARD_A,2025-06-29 08:00:00+00:00,2025-06-29 09:00:00+00:00,13.6488,14.306627645230005,12.954148076406527,15.659107214053483,15.1182
WARD_B,2025-06-29 08:00:00+00:00,2025-06-29 09:00:00+00:00,14.9072,14.295133380748725,12.942653811925247,15.647612949572203,15.2391
ICU,2025-06-29 09:00:00+00:00,2025-06-29 10:00:00+00:00,16.0695,16.737212355414734,15.384732786591256,18.089691924238213,16.311
OPD,2025-06-29 09:00:00+00:00,2025-06-29 10:00:00+00:00,11.8466,13.479239038137704,12.126759469314226,14.831718606961182,12.088
WARD_A,2025-06-29 09:00:00+00:00,2025-06-29 10:00:00+00:00,14.3555,14.558486756944975,13.206007188121497,15.910966325768452,14.5872
WARD_B,2025-06-29 09:00:00+00:00,2025-06-29 10:00:00+00:00,15.6077,15.222355992227303,13.869876423403825,16.574835561050783,13.7311
ICU,2025-06-29 10:00:00+00:00,2025-06-29 11:00:00+00:00,17.703,16.827911564011096,15.475431995187618,18.180391132834576,17.8961
OPD,2025-06-29 10:00:00+00:00,2025-06-29 11:00:00+00:00,13.1614,13.682251172252485,12.329771603429007,15.034730741075963,13.235
WARD_A,2025-06-29 10:00:00+00:00,2025-06-29 11:00:00+00:00,15.7816,14.915299798638442,13.562820229814964,16.26777936746192,16.5087
WARD_B,2025-06-29 10:00:00+00:00,2025-06-29 11:00:00+00:00,16.382,15.872769086325174,14.520289517501697,17.225248655148654,14.7201
ICU,2025-06-29 11:00:00+00:00,2025-06-29 12:00:00+00:00,16.6888,17.56384259211874,16.21136302329526,18.91632216094222,18.0677
OPD,2025-06-29 11:00:00+00:00,2025-06-29 12:00:00+00:00,13.1017,13.748844489362694,12.396364920539217,15.101324058186172,13.1897
WARD_A,2025-06-29 11:00:00+00:00,2025-06-29 12:00:00+00:00,15.964,16.098528283581945,14.746048714758468,17.451007852405425,15.4672
WARD_B,2025-06-29 11:00:00+00:00,2025-06-29 12:00:00+00:00,15.8939,16.17563741258915,14.823157843765673,17.52811698141263,14.8903
ICU,2025-06-29 12:00:00+00:00,2025-06-29 13:00:00+00:00,16.2271,17.460015261876862,16.107535693053382,18.81249483070034,19.9142
OPD,2025-06-29 12:00:00+00:00,2025-06-29 13:00:00+00:00,11.7639,13.841022247076689,12.48854267825321,15.193501815900166,15.1244
WARD_A,2025-06-29 12:00:00+00:00,2025-06-29 13:00:00+00:00,15.1298,16.477002098020225,15.124522529196748,17.829481666843705,18.506
WARD_B,2025-06-29 12:00:00+00:00,2025-06-29 13:00:00+00:00,15.5252,16.292130559689593,14.939650990866115,17.644610128513072,16.4763
ICU,2025-06-29 13:00:00+00:00,2025-06-29 14:00:00+00:00,18.6118,19.056929953935732,17.704450385112253,20.409409522759212,19.7496
OPD,2025-06-29 13:00:00+00:00,2025-06-29 14:00:00+00:00,13.568,15.696534608773463,14.344055039949986,17.04901417759694,16.0703
WARD_A,2025-06-29 13:00:00+00:00,2025-06-29 14:00:00+00:00,18.4702,17.610485167393342,16.258005598569863,18.962964736216822,18.6582
WARD_B,2025-06-29 13:00:00+00:00,2025-06-29 14:00:00+00:00,18.6975,17.607606469252744,16.255126900429264,18.960086038076224,16.6546
ICU,2025-06-29 14:00:00+00:00,2025-06-29 15:00:00+00:00,16.8714,17.250424503855246,15.897944935031768,18.602904072678726,17.6434
OPD,2025-06-29 14:00:00+00:00,2025-06-29 15:00:00+00:00,12.7179,14.09289292866183,12.740413359838351,15.445372497485307,12.8363
WARD_A,2025-06-29 14:00:00+00:00,2025-06-29 15:00:00+00:00,16.2811,16.45470409340153,15.102224524578054,17.80718366222501,15.3843
WARD_B,2025-06-29 14:00:00+00:00,2025-06-29 15:00:00+00:00,17.5727,16.51215800063559,15.159678431812113,17.86463756945907,15.3484
ICU,2025-06-29 15:00:00+00:00,2025-06-29 16:00:00+00:00,16.6973,17.606858004896612,16.254378436073132,18.95933757372009,18.8604
OPD,2025-06-29 15:00:00+00:00,2025-06-29 16:00:00+00:00,12.7058,13.884370758494326,12.531891189670848,15.236850327317804,14.2172
WARD_A,2025-06-29 15:00:00+00:00,2025-06-29 16:00:00+00:00,15.1678,16.482997246995698,15.13051767817222,17.835476815819177,17.2815
WARD_B,2025-06-29 15:00:00+00:00,2025-06-29 16:00:00+00:00,15.4338,16.39915583233982,15.046676263516341,17.7516354011633,15.4976
ICU,2025-06-29 16:00:00+00:00,2025-06-29 17:00:00+00:00,16.1581,17.30740956184137,15.954929993017894,18.65988913066485,15.9974
OPD,2025-06-29 16:00:00+00:00,2025-06-29 17:00:00+00:00,12.4624,13.710141063682737,12.35766149485926,15.062620632506215,12.733
WARD_A,2025-06-29 16:00:00+00:00,2025-06-29 17:00:00+00:00,15.028,15.76644900006759,14.413969431244112,17.118928568891068,14.4841
WARD_B,2025-06-29 16:00:00+00:00,2025-06-29 17:00:00+00:00,16.05,16.025819909077434,14.673340340253956,17.378299477900914,13.6062
ICU,2025-06-29 17:00:00+00:00,2025-06-29 18:00:00+00:00,16.0292,15.543135330573573,14.190655761750095,16.895614899397053,16.4725
OPD,2025-06-29 17:00:00+00:00,2025-06-29 18:00:00+00:00,12.7197,12.791022937690567,11.438543368867089,14.143502506514045,12.3484
WARD_A,2025-06-29 17:00:00+00:00,2025-06-29 18:00:00+00:00,14.7241,14.331218538075209,12.978738969251731,15.683698106898687,15.9149
WARD_B,2025-06-29 17:00:00+00:00,2025-06-29 18:00:00+00:00,15.9318,14.939165659365779,13.586686090542301,16.291645228189257,15.2935
ICU,2025-06-29 18:00:00+00:00,2025-06-29 19:00:00+00:00,15.3882,15.613446641452521,14.260967072629043,16.965926210276,17.7443
OPD,2025-06-29 18:00:00+00:00,2025-06-29 19:00:00+00:00,10.9502,11.877268667179191,10.524789098355713,13.229748236002669,12.5105
WARD_A,2025-06-29 18:00:00+00:00,2025-06-29 19:00:00+00:00,14.0429,14.262806941035453,12.910327372211976,15.615286509858931,16.613
WARD_B,2025-06-29 18:00:00+00:00,2025-06-29 19:00:00+00:00,14.6072,15.213285995532665,13.860806426709187,16.565765564356145,15.5829
ICU,2025-06-29 19:00:00+00:00,2025-06-29 20:00:00+00:00,17.0515,16.353702632205035,15.001223063381557,17.706182201028515,16.8008
OPD,2025-06-29 19:00:00+00:00,2025-06-29 20:00:00+00:00,12.1386,12.173859421154223,10.821379852330745,13.5263389899777,12.5414
WARD_A,2025-06-29 19:00:00+00:00,2025-06-29 20:00:00+00:00,15.4212,14.37802472838457,13.025545159561092,15.730504297208048,16.5226
WARD_B,2025-06-29 19:00:00+00:00,2025-06-29 20:00:00+00:00,16.259,15.403152524737367,14.050672955913889,16.755632093560845,15.1209
ICU,2025-06-29 20:00:00+00:00,2025-06-29 21:00:00+00:00,13.5754,14.7720342428164,13.419554673992922,16.12451381163988,14.286
OPD,2025-06-29 20:00:00+00:00,2025-06-29 21:00:00+00:00,10.4139,10.756723516787934,9.404243947964456,12.109203085611412,9.2252
WARD_A,2025-06-29 20:00:00+00:00,2025-06-29 21:00:00+00:00,12.3762,13.558654594799146,12.206175025975668,14.911134163622624,12.7545
WARD_B,2025-06-29 20:00:00+00:00,2025-06-29 21:00:00+00:00,13.4748,14.068897648118288,12.71641807929481,15.421377216941766,11.4522
ICU,2025-06-29 21:00:00+00:00,2025-06-29 22:00:00+00:00,13.771,13.260111290980774,11.907631722157296,14.612590859804252,14.6415
OPD,2025-06-29 21:00:00+00:00,2025-06-29 22:00:00+00:00,9.3655,10.297447862459505,8.944968293636027,11.649927431282983,8.5014
WARD_A,2025-06-29 21:00:00+00:00,2025-06-29 22:00:00+00:00,12.3933,12.127661485441985,10.775181916618507,13.480141054265463,12.4124
WARD_B,2025-06-29 21:00:00+00:00,2025-06-29 22:00:00+00:00,12.3219,12.771347296769157,11.41886772794568,14.123826865592635,11.6719
ICU,2025-06-29 22:00:00+00:00,2025-06-29 23:00:00+00:00,15.399,12.833634489253933,11.481154920430455,14.186114058077411,14.6412
OPD,2025-06-29 22:00:00+00:00,2025-06-29 23:00:00+00:00,11.0138,9.535871274685183,8.183391705861705,10.888350843508661,10.7472
WARD_A,2025-06-29 22:00:00+00:00,2025-06-29 23:00:00+00:00,13.8566,11.939627480151568,10.58714791132809,13.292107048975046,13.2294
WARD_B,2025-06-29 22:00:00+00:00,2025-06-29 23:00:00+00:00,14.8361,12.261256360709808,10.90877679188633,13.613735929533286,12.6059
