zone_id,origin_time,target_time,actual,prediction,lower,upper,baseline
ICU,2025-05-25 00:00:00+00:00,2025-05-25 01:00:00+00:00,67.585,60.30334984490542,41.23869607914977,79.36800361066108,49.35
OPD,2025-05-25 00:00:00+00:00,2025-05-25 01:00:00+00:00,35.91,21.11172576710993,2.0470720013542802,40.17637953286558,20.994
WARD_A,2025-05-25 00:00:00+00:00,2025-05-25 01:00:00+00:00,141.373,142.0376174244485,122.97296365869286,161.10227119020416,120.662
WARD_B,2025-05-25 00:00:00+00:00,2025-05-25 01:00:00+00:00,121.157,129.9215215159336,110.85686775017794,148.98617528168924,157.611
ICU,2025-05-25 01:00:00+00:00,2025-05-25 02:00:00+00:00,72.549,58.751180700117814,39.68652693436216,77.81583446587346,70.79
OPD,2025-05-25 01:00:00+00:00,2025-05-25 02:00:00+00:00,33.88,20.94916236436315,1.8845085986074999,40.0138161301188,18.529
WARD_A,2025-05-25 01:00:00+00:00,2025-05-25 02:00:00+00:00,148.517,141.1298298071397,122.06517604138406,160.19448357289536,130.111
WARD_B,2025-05-25 01:00:00+00:00,2025-05-25 02:00:00+00:00,141.129,129.1353434653362,110.07068969958056,148.19999723109186,151.082
ICU,2025-05-25 02:00:00+00:00,2025-05-25 03:00:00+00:00,59.093,63.01997449967976,43.95532073392411,82.08462826543541,48.085
OPD,2025-05-25 02:00:00+00:00,2025-05-25 03:00:00+00:00,17.507,21.77745154458693,2.7127977788312805,40.84210531034258,26.837
WARD_A,2025-05-25 02:00:00+00:00,2025-05-25 03:00:00+00:00,135.642,143.3954824884353,124.33082872267966,162.46013625419096,136.557
WARD_B,2025-05-25 02:00:00+00:00,2025-05-25 03:00:00+00:00,150.732,130.3330858019983,111.26843203624264,149.39773956775394,130.229
ICU,2025-05-25 03:00:00+00:00,2025-05-25 04:00:00+00:00,71.347,66.75176581996729,47.68711205421164,85.81641958572294,59.122
OPD,2025-05-25 03:00:00+00:00,2025-05-25 04:00:00+00:00,25.379,25.498712421894805,6.434058656139154,44.56336618765046,26.852
WARD_A,2025-05-25 03:00:00+00:00,2025-05-25 04:00:00+00:00,130.734,142.7800748311624,123.71542106540676,161.84472859691806,157.024
WARD_B,2025-05-25 03:00:00+00:00,2025-05-25 04:00:00+00:00,135.14,132.39551837814417,113.33086461238852,151.46017214389983,144.177
ICU,2025-05-25 04:00:00+00:00,2025-05-25 05:00:00+00:00,49.945,62.52104321115998,43.45638944540433,81.58569697691563,55.736
OPD,2025-05-25 04:00:00+00:00,2025-05-25 05:00:00+00:00,19.381,23.54504033754501,4.48038657178936,42.60969410330066,24.434
WARD_A,2025-05-25 04:00:00+00:00,2025-05-25 05:00:00+00:00,134.017,140.0812783376318,121.01662457187615,159.14593210338745,143.244
WARD_B,2025-05-25 04:00:00+00:00,2025-05-25 05:00:00+00:00,147.038,131.48588838659694,112.42123462084129,150.5505421523526,137.137
ICU,2025-05-25 05:00:00+00:00,2025-05-25 06:00:00+00:00,155.371,141.98593936220493,122.92128559644928,161.05059312796058,146.75
OPD,2025-05-25 05:00:00+00:00,2025-05-25 06:00:00+00:00,105.13,100.2536878425503,81.18903407679466,119.31834160830596,124.079
WARD_B,2025-05-25 05:00:00+00:00,2025-05-25 06:00:00+00:00,226.694,215.05945660416904,195.9948028384134,234.1241103699247,228.991
ICU,2025-05-25 06:00:00+00:00,2025-05-25 07:00:00+00:00,52.671,59.22529096301401,40.16063719725836,78.28994472876965,46.244
OPD,2025-05-25 06:00:00+00:00,2025-05-25 07:00:00+00:00,16.636,20.40298896733296,1.3383352015773085,39.46764273308861,15.804
WARD_B,2025-05-25 06:00:00+00:00,2025-05-25 07:00:00+00:00,128.698,131.52688679185775,112.4622330261021,150.5915405576134,149.619
ICU,2025-05-25 07:00:00+00:00,2025-05-25 08:00:00+00:00,64.673,66.99287397667331,47.92822021091766,86.05752774242896,45.903
OPD,2025-05-25 07:00:00+00:00,2025-05-25 08:00:00+00:00,26.551,42.17845110403633,23.113797338280676,61.24310486979198,25.105
WARD_A,2025-05-25 07:00:00+00:00,2025-05-25 08:00:00+00:00,129.997,139.64843203994883,120.58377827419318,158.71308580570448,145.775
WARD_B,2025-05-25 07:00:00+00:00,2025-05-25 08:00:00+00:00,113.802,130.6601407308318,111.59548696507616,149.72479449658746,149.378
ICU,2025-05-25 08:00:00+00:00,2025-05-25 09:00:00+00:00,77.033,62.78471802206507,43.72006425630942,81.84937178782073,67.655
OPD,2025-05-25 08:00:00+00:00,2025-05-25 09:00:00+00:00,20.575,25.078700894011373,6.014047128255722,44.14335465976703,19.891
WARD_A,2025-05-25 08:00:00+00:00,2025-05-25 09:00:00+00:00,144.396,137.57215454105753,118.50750077530188,156.63680830681318,149.497
WARD_B,2025-05-25 08:00:00+00:00,2025-05-25 09:00:00+00:00,139.932,127.91784578845693,108.85319202270128,146.98249955421258,148.326
ICU,2025-05-25 09:00:00+00:00,2025-05-25 10:00:00+00:00,70.498,66.28985525485605,47.2252014891004,85.3545090206117,54.844
OPD,2025-05-25 09:00:00+00:00,2025-05-25 10:00:00+00:00,18.862,25.078700894011373,6.014047128255722,44.14335465976703,17.524
WARD_A,2025-05-25 09:00:00+00:00,2025-05-25 10:00:00+00:00,119.016,139.97763205545118,120.91297828969553,159.04228582120683,125.64
WARD_B,2025-05-25 09:00:00+00:00,2025-05-25 10:00:00+00:00,122.706,133.2678431369036,114.20318937114794,152.33249690265924,134.367
ICU,2025-05-25 10:00:00+00:00,2025-05-25 11:00:00+00:00,52.587,66.99243637263899,47.92778260688334,86.05709013839464,65.278
OPD,2025-05-25 10:00:00+00:00,2025-05-25 11:00:00+00:00,18.673,26.78930110102662,7.724647335270969,45.853954866782274,18.926
WARD_A,2025-05-25 10:00:00+00:00,2025-05-25 11:00:00+00:00,139.028,139.27688452802983,120.21223076227417,158.34153829378548,120.448
WARD_B,2025-05-25 10:00:00+00:00,2025-05-25 11:00:00+00:00,118.869,129.74400953690207,110.67935577114642,148.80866330265772,139.25
ICU,2025-05-25 11:00:00+00:00,2025-05-25 12:00:00+00:00,59.822,66.55618361324083,47.49152984748518,85.62083737899648,63.354
OPD,2025-05-25 11:00:00+00:00,2025-05-25 12:00:00+00:00,30.533,22.85087248651691,3.7862187207612585,41.91552625227256,24.479
WARD_A,2025-05-25 11:00:00+00:00,2025-05-25 12:00:00+00:00,136.822,139.7933519779965,120.72869821224086,158.85800574375216,140.178
WARD_B,2025-05-25 11:00:00+00:00,2025-05-25 12:00:00+00:00,141.593,129.58573699361693,110.52108322786128,148.65039075937258,142.396
ICU,2025-05-25 12:00:00+00:00,2025-05-25 13:00:00+00:00,69.135,64.07374383456327,45.00909006880762,83.13839760031892,62.44
OPD,2025-05-25 12:00:00+00:00,2025-05-25 13:00:00+00:00,15.05,23.49753774490513,4.43288397914948,42.56219151066078,15.999
WARD_A,2025-05-25 12:00:00+00:00,2025-05-25 13:00:00+00:00,156.841,141.65178674423518,122.58713297847953,160.71644050999083,136.177
WARD_B,2025-05-25 12:00:00+00:00,2025-05-25 13:00:00+00:00,121.451,131.22578437322719,112.16113060747153,150.29043813898284,130.035
ICU,2025-05-25 13:00:00+00:00,2025-05-25 14:00:00+00:00,153.906,150.16590343114763,131.10124966539198,169.23055719690328,136.177
OPD,2025-05-25 13:00:00+00:00,2025-05-25 14:00:00+00:00,102.16,91.18536087466723,72.12070710891157,110.25001464042288,100.833
WARD_A,2025-05-25 13:00:00+00:00,2025-05-25 14:00:00+00:00,207.854,225.85031784734045,206.7856640815848,244.9149716130961,234.158
WARD_B,2025-05-25 13:00:00+00:00,2025-05-25 14:00:00+00:00,198.669,212.07894079830746,193.0142870325518,231.1435945640631,221.746
ICU,2025-05-25 14:00:00+00:00,2025-05-25 15:00:00+00:00,63.307,66.8594713355695,47.794817569813844,85.92412510132515,51.309
OPD,2025-05-25 14:00:00+00:00,2025-05-25 15:00:00+00:00,16.614,38.03247146527397,18.96781769951832,57.09712523102962,4.676
WARD_A,2025-05-25 14:00:00+00:00,2025-05-25 15:00:00+00:00,139.461,132.72987720290436,113.66522343714871,151.79453096866,124.754
WARD_B,2025-05-25 14:00:00+00:00,2025-05-25 15:00:00+00:00,121.877,128.98325318641847,109.91859942066282,148.04790695217412,144.621
ICU,2025-05-25 15:00:00+00:00,2025-05-25 16:00:00+00:00,45.787,67.01361799430613,47.94896422855048,86.07827176006178,38.23
OPD,2025-05-25 15:00:00+00:00,2025-05-25 16:00:00+00:00,27.821,34.52961652067652,15.464962754920869,53.59427028643217,30.449
WARD_A,2025-05-25 15:00:00+00:00,2025-05-25 16:00:00+00:00,138.238,137.64281344697275,118.5781596812171,156.7074672127284,124.516
WARD_B,2025-05-25 15:00:00+00:00,2025-05-25 16:00:00+00:00,114.452,127.94387390559906,108.87922013984341,147.00852767135473,158.826
ICU,2025-05-25 16:00:00+00:00,2025-05-25 17:00:00+00:00,72.984,69.70609421615488,50.64144045039923,88.77074798191053,48.541
OPD,2025-05-25 16:00:00+00:00,2025-05-25 17:00:00+00:00,35.062,31.08942466027594,12.024770894520291,50.15407842603159,24.596
WARD_A,2025-05-25 16:00:00+00:00,2025-05-25 17:00:00+00:00,138.656,134.75618295044745,115.6915291846918,153.8208367162031,149.858
WARD_B,2025-05-25 16:00:00+00:00,2025-05-25 17:00:00+00:00,119.852,128.5664766404361,109.50182287468044,147.63113040619174,146.646
ICU,2025-05-25 17:00:00+00:00,2025-05-25 18:00:00+00:00,76.71,57.93204507173065,38.867391305975,76.99669883748629,56.997
OPD,2025-05-25 17:00:00+00:00,2025-05-25 18:00:00+00:00,16.45,22.479322956786305,3.4146691910306544,41.543976722541956,28.446
WARD_A,2025-05-25 17:00:00+00:00,2025-05-25 18:00:00+00:00,149.887,131.98104651001964,112.91639274426399,151.0457002757753,145.843
WARD_B,2025-05-25 17:00:00+00:00,2025-05-25 18:00:00+00:00,121.891,126.75429000673829,107.68963624098264,145.81894377249392,150.579
ICU,2025-05-25 18:00:00+00:00,2025-05-25 19:00:00+00:00,62.41,59.66161799863135,40.5969642328757,78.72627176438701,46.289
OPD,2025-05-25 18:00:00+00:00,2025-05-25 19:00:00+00:00,33.568,22.753583455680776,3.688929689925125,41.818237221436426,13.707
WARD_A,2025-05-25 18:00:00+00:00,2025-05-25 19:00:00+00:00,134.762,134.88762104488913,115.82296727913348,153.95227481064478,129.973
WARD_B,2025-05-25 18:00:00+00:00,2025-05-25 19:00:00+00:00,120.051,126.48594133158622,107.42128756583057,145.55059509734187,134.572
ICU,2025-05-25 19:00:00+00:00,2025-05-25 20:00:00+00:00,147.929,140.6184865152273,121.55383274947164,159.68314028098294,132.373
OPD,2025-05-25 19:00:00+00:00,2025-05-25 20:00:00+00:00,116.252,99.34775558010969,80.28310181435404,118.41240934586534,109.172
WARD_A,2025-05-25 19:00:00+00:00,2025-05-25 20:00:00+00:00,210.524,213.82409394832862,194.75944018257297,232.88874771408427,225.332
WARD_B,2025-05-25 19:00:00+00:00,2025-05-25 20:00:00+00:00,216.719,206.63354516025657,187.56889139450092,225.69819892601222,235.011
ICU,2025-05-25 20:00:00+00:00,2025-05-25 21:00:00+00:00,65.124,60.300820395010646,41.236166629254996,79.3654741607663,54.603
OPD,2025-05-25 20:00:00+00:00,2025-05-25 21:00:00+00:00,13.946,21.728670501767798,2.6640167360121474,40.793324267523445,23.856
WARD_A,2025-05-25 20:00:00+00:00,2025-05-25 21:00:00+00:00,144.545,130.55867593983706,111.49402217408141,149.6233297055927,146.022
WARD_B,2025-05-25 20:00:00+00:00,2025-05-25 21:00:00+00:00,130.716,126.64028807416612,107.57563430841047,145.7049418399218,153.566
ICU,2025-05-25 21:00:00+00:00,2025-05-25 22:00:00+00:00,77.384,62.468652192745985,43.403998426990334,81.53330595850164,69.544
OPD,2025-05-25 21:00:00+00:00,2025-05-25 22:00:00+00:00,23.749,20.51371951812222,1.4490657523665682,39.578373283877866,23.616
WARD_A,2025-05-25 21:00:00+00:00,2025-05-25 22:00:00+00:00,129.631,128.75683737868863,109.69218361293298,147.82149114444428,128.625
WARD_B,2025-05-25 21:00:00+00:00,2025-05-25 22:00:00+00:00,115.303,126.71071138348185,107.6460576177262,145.7753651492375,133.304
ICU,2025-05-25 22:00:00+00:00,2025-05-25 23:00:00+00:00,63.104,64.11331101868436,45.048657252928706,83.17796478444001,51.452
OPD,2025-05-25 22:00:00+00:00,2025-05-25 23:00:00+00:00,13.097,22.319873387784625,3.2552196220289744,41.384527153540276,18.432
WARD_A,2025-05-25 22:00:00+00:00,2025-05-25 23:00:00+00:00,138.806,130.60365223471982,111.53899846896417,149.66830600047547,125.683
WARD_B,2025-05-25 22:00:00+00:00,2025-05-25 23:00:00+00:00,124.419,125.35391218186705,106.2892584161114,144.4185659476227,151.043
ICU,2025-05-25 23:00:00+00:00,2025-05-26 00:00:00+00:00,61.871,62.97830261325367,43.91364884749802,82.04295637900933,45.137
OPD,2025-05-25 23:00:00+00:00,2025-05-26 00:00:00+00:00,19.209,21.268588413737678,2.2039346479820274,40.333242179493325,14.869
WARD_A,2025-05-25 23:00:00+00:00,2025-05-26 00:00:00+00:00,143.447,134.6693937905937,115.60474002483804,153.73404755634934,122.413
WARD_B,2025-05-25 23:00:00+00:00,2025-05-26 00:00:00+00:00,139.141,127.02329406718334,107.95864030142769,146.087947832939,149.438
ICU,2025-05-26 00:00:00+00:00,2025-05-26 01:00:00+00:00,68.752,60.514900329381845,41.450246563626195,79.5795540951375,64.379
OPD,2025-05-26 00:00:00+00:00,2025-05-26 01:00:00+00:00,10.477,21.268588413737678,2.2039346479820274,40.333242179493325,25.188
WARD_A,2025-05-26 00:00:00+00:00,2025-05-26 01:00:00+00:00,124.274,134.7697590661793,115.70510530042364,153.83441283193494,142.709
WARD_B,2025-05-26 00:00:00+00:00,2025-05-26 01:00:00+00:00,126.321,127.63234875760281,108.56769499184716,146.69700252335846,154.865
ICU,2025-05-26 01:00:00+00:00,2025-05-26 02:00:00+00:00,63.311,60.24798960598345,41.1833358402278,79.3126433717391,52.607
OPD,2025-05-26 01:00:00+00:00,2025-05-26 02:00:00+00:00,18.516,22.600657204294205,3.536003438538554,41.66531097004986,20.265
WARD_A,2025-05-26 01:00:00+00:00,2025-05-26 02:00:00+00:00,126.449,132.0086935108003,112.94403974504465,151.07334727655595,125.183
WARD_B,2025-05-26 01:00:00+00:00,2025-05-26 02:00:00+00:00,132.362,127.63234875760281,108.56769499184716,146.69700252335846,151.39
ICU,2025-05-26 02:00:00+00:00,2025-05-26 03:00:00+00:00,58.802,60.3413854130893,41.27673164733365,79.40603917884495,68.335
OPD,2025-05-26 02:00:00+00:00,2025-05-26 03:00:00+00:00,19.786,21.040008801615137,1.9753550358594865,40.10466256737079,20.243
WARD_A,2025-05-26 02:00:00+00:00,2025-05-26 03:00:00+00:00,121.756,129.71567166828254,110.65101790252689,148.7803254340382,116.993
WARD_B,2025-05-26 02:00:00+00:00,2025-05-26 03:00:00+00:00,131.868,126.32024014735121,107.25558638159556,145.38489391310685,138.009
ICU,2025-05-26 03:00:00+00:00,2025-05-26 04:00:00+00:00,44.673,64.41296331565918,45.34830954990353,83.47761708141483,208.978
OPD,2025-05-26 03:00:00+00:00,2025-05-26 04:00:00+00:00,14.232,27.194609052274636,8.129955286518985,46.25926281803029,14.319
WARD_A,2025-05-26 03:00:00+00:00,2025-05-26 04:00:00+00:00,136.035,130.36688910413002,111.30223533837437,149.43154286988567,150.964
WARD_B,2025-05-26 03:00:00+00:00,2025-05-26 04:00:00+00:00,112.147,128.3345169356831,109.26986316992745,147.39917070143875,130.077
ICU,2025-05-26 04:00:00+00:00,2025-05-26 05:00:00+00:00,69.883,55.32961004099558,36.26495627523993,74.39426380675124,209.608
OPD,2025-05-26 04:00:00+00:00,2025-05-26 05:00:00+00:00,25.239,25.64546754882481,6.580813783069161,44.71012131458046,19.992
WARD_A,2025-05-26 04:00:00+00:00,2025-05-26 05:00:00+00:00,112.175,131.817397625689,112.75274385993336,150.88205139144466,121.594
WARD_B,2025-05-26 04:00:00+00:00,2025-05-26 05:00:00+00:00,111.674,124.05988302494367,104.99522925918802,143.12453679069932,124.522
ICU,2025-05-26 05:00:00+00:00,2025-05-26 06:00:00+00:00,153.172,144.59597659565816,125.5313228299025,163.6606303614138,303.97
OPD,2025-05-26 05:00:00+00:00,2025-05-26 06:00:00+00:00,116.059,103.15770602484208,84.09305225908643,122.22235979059774,116.911
WARD_A,2025-05-26 05:00:00+00:00,2025-05-26 06:00:00+00:00,222.79,208.07379477163684,189.0091410058812,227.1384485373925,214.222
WARD_B,2025-05-26 05:00:00+00:00,2025-05-26 06:00:00+00:00,205.565,204.28507898320768,185.22042521745203,223.34973274896333,222.738
ICU,2025-05-26 06:00:00+00:00,2025-05-26 07:00:00+00:00,71.563,57.54592721402463,38.48127344826898,76.61058097978028,195.671
OPD,2025-05-26 06:00:00+00:00,2025-05-26 07:00:00+00:00,26.114,26.118421570049627,7.053767804293976,45.18307533580528,28.546
WARD_B,2025-05-26 06:00:00+00:00,2025-05-26 07:00:00+00:00,130.378,123.34467647422578,104.28002270847013,142.40933023998144,138.205
ICU,2025-05-26 07:00:00+00:00,2025-05-26 08:00:00+00:00,73.508,69.05030967600597,49.985655910250316,88.11496344176162,200.582
OPD,2025-05-26 07:00:00+00:00,2025-05-26 08:00:00+00:00,99.17,73.78201992942773,54.71736616367208,92.84667369518338,55.734
WARD_A,2025-05-26 07:00:00+00:00,2025-05-26 08:00:00+00:00,137.374,132.45870729903274,113.39405353327709,151.5233610647884,132.749
WARD_B,2025-05-26 07:00:00+00:00,2025-05-26 08:00:00+00:00,123.637,129.77578971810047,110.71113595234482,148.84044348385612,151.113
ICU,2025-05-26 08:00:00+00:00,2025-05-26 09:00:00+00:00,65.476,68.94749561080766,49.88284184505201,88.01214937656331,221.171
OPD,2025-05-26 08:00:00+00:00,2025-05-26 09:00:00+00:00,104.315,76.09162911566676,57.02697534991111,95.15628288142241,77.771
WARD_A,2025-05-26 08:00:00+00:00,2025-05-26 09:00:00+00:00,135.923,132.74136154837228,113.67670778261663,151.80601531412793,130.855
WARD_B,2025-05-26 08:00:00+00:00,2025-05-26 09:00:00+00:00,134.171,128.04321893381814,108.97856516806249,147.1078726995738,160.356
ICU,2025-05-26 09:00:00+00:00,2025-05-26 10:00:00+00:00,74.565,68.78222302785554,49.717569262099886,87.84687679361119,208.063
OPD,2025-05-26 09:00:00+00:00,2025-05-26 10:00:00+00:00,83.446,82.79185662127689,63.72720285552124,101.85651038703254,62.446
WARD_A,2025-05-26 09:00:00+00:00,2025-05-26 10:00:00+00:00,141.238,135.54227345607214,116.47761969031649,154.6069272218278,158.372
WARD_B,2025-05-26 09:00:00+00:00,2025-05-26 10:00:00+00:00,103.25,128.47341370381992,109.40875993806426,147.53806746957557,170.58
ICU,2025-05-26 10:00:00+00:00,2025-05-26 11:00:00+00:00,73.131,70.04140753580918,50.976753770053534,89.10606130156484,230.32
OPD,2025-05-26 10:00:00+00:00,2025-05-26 11:00:00+00:00,65.325,81.67359998594216,62.60894622018651,100.73825375169781,104.9
WARD_A,2025-05-26 10:00:00+00:00,2025-05-26 11:00:00+00:00,134.056,138.37569241318326,119.31103864742761,157.4403461789389,152.51
WARD_B,2025-05-26 10:00:00+00:00,2025-05-26 11:00:00+00:00,136.081,127.61233080861196,108.54767704285631,146.67698457436762,162.862
ICU,2025-05-26 11:00:00+00:00,2025-05-26 12:00:00+00:00,73.039,68.313963148406,49.24930938265035,87.37861691416165,201.679
OPD,2025-05-26 11:00:00+00:00,2025-05-26 12:00:00+00:00,75.447,83.08592602806277,64.02127226230712,102.15057979381842,89.119
WARD_A,2025-05-26 11:00:00+00:00,2025-05-26 12:00:00+00:00,129.288,137.64942852276727,118.58477475701162,156.71408228852292,144.311
WARD_B,2025-05-26 11:00:00+00:00,2025-05-26 12:00:00+00:00,129.586,128.50098295867068,109.43632919291503,147.56563672442633,145.892
ICU,2025-05-26 12:00:00+00:00,2025-05-26 13:00:00+00:00,80.291,67.76134739172505,48.6966936259694,86.8260011574807,200.849
OPD,2025-05-26 12:00:00+00:00,2025-05-26 13:00:00+00:00,94.629,82.9523389646597,63.88768519890405,102.01699273041535,76.017
WARD_A,2025-05-26 12:00:00+00:00,2025-05-26 13:00:00+00:00,120.222,134.42596691703986,115.36131315128421,153.4906206827955,133.857
WARD_B,2025-05-26 12:00:00+00:00,2025-05-26 13:00:00+00:00,117.686,128.56922101934242,109.50456725358677,147.63387478509807,147.878
ICU,2025-05-26 13:00:00+00:00,2025-05-26 14:00:00+00:00,143.218,155.6905685828711,136.62591481711544,174.75522234862675,286.896
OPD,2025-05-26 13:00:00+00:00,2025-05-26 14:00:00+00:00,151.775,161.81295539008414,142.7483016243285,180.8776091558398,167.068
WARD_A,2025-05-26 13:00:00+00:00,2025-05-26 14:00:00+00:00,207.643,214.12212055255262,195.05746678679697,233.18677431830827,222.781
WARD_B,2025-05-26 13:00:00+00:00,2025-05-26 14:00:00+00:00,218.657,209.2451770988851,190.18052333312946,228.30983086464076,243.995
ICU,2025-05-26 14:00:00+00:00,2025-05-26 15:00:00+00:00,53.568,66.10702727506872,47.042373509313066,85.17168104082437,225.44
OPD,2025-05-26 14:00:00+00:00,2025-05-26 15:00:00+00:00,89.919,81.26585913022245,62.2012053644668,100.3305128959781,79.721
WARD_A,2025-05-26 14:00:00+00:00,2025-05-26 15:00:00+00:00,113.866,132.6858707652382,113.62121699948256,151.75052453099386,139.992
WARD_B,2025-05-26 14:00:00+00:00,2025-05-26 15:00:00+00:00,119.884,128.56308006874488,109.49842630298923,147.62773383450053,152.448
ICU,2025-05-26 15:00:00+00:00,2025-05-26 16:00:00+00:00,68.239,67.5761965903285,48.51154282457284,86.64085035608414,217.919
OPD,2025-05-26 15:00:00+00:00,2025-05-26 16:00:00+00:00,68.455,81.2352353135001,62.17058154774445,100.29988907925575,95.566
WARD_A,2025-05-26 15:00:00+00:00,2025-05-26 16:00:00+00:00,148.538,131.76082859538602,112.69617482963037,150.82548236114167,137.752
WARD_B,2025-05-26 15:00:00+00:00,2025-05-26 16:00:00+00:00,120.414,127.132820248619,108.06816648286335,146.19747401437465,146.668
ICU,2025-05-26 16:00:00+00:00,2025-05-26 17:00:00+00:00,58.756,68.93308426029117,49.86843049453552,87.99773802604682,201.226
OPD,2025-05-26 16:00:00+00:00,2025-05-26 17:00:00+00:00,80.865,80.72410723814482,61.659453472389174,99.78876100390048,87.346
WARD_A,2025-05-26 16:00:00+00:00,2025-05-26 17:00:00+00:00,119.394,134.66082692202357,115.59617315626792,153.72548068777922,140.599
WARD_B,2025-05-26 16:00:00+00:00,2025-05-26 17:00:00+00:00,125.943,127.18374493435685,108.1190911686012,146.2483987001125,145.369
ICU,2025-05-26 17:00:00+00:00,2025-05-26 18:00:00+00:00,52.828,55.781970739695105,36.717316973939454,74.84662450545076,199.751
OPD,2025-05-26 17:00:00+00:00,2025-05-26 18:00:00+00:00,15.335,23.632833104897387,4.568179339141736,42.69748687065304,23.319
WARD_A,2025-05-26 17:00:00+00:00,2025-05-26 18:00:00+00:00,134.737,128.39309040703068,109.32843664127503,147.45774417278633,141.59
WARD_B,2025-05-26 17:00:00+00:00,2025-05-26 18:00:00+00:00,122.077,125.546518482236,106.48186471648035,144.61117224799165,158.092
ICU,2025-05-26 18:00:00+00:00,2025-05-26 19:00:00+00:00,69.449,60.303742048777956,41.239088283022305,79.36839581453361,219.745
OPD,2025-05-26 18:00:00+00:00,2025-05-26 19:00:00+00:00,26.864,23.14587171944549,4.0812179536898405,42.210525485201146,25.915
WARD_A,2025-05-26 18:00:00+00:00,2025-05-26 19:00:00+00:00,121.602,136.1979235627447,117.13326979698905,155.26257732850036,129.751
WARD_B,2025-05-26 18:00:00+00:00,2025-05-26 19:00:00+00:00,125.947,123.8604921003176,104.79583833456195,142.92514586607325,144.163
ICU,2025-05-26 19:00:00+00:00,2025-05-26 20:00:00+00:00,149.304,142.51408810400673,123.44943433825108,161.57874186976238,291.764
OPD,2025-05-26 19:00:00+00:00,2025-05-26 20:00:00+00:00,105.616,105.50565914199512,86.44100537623947,124.57031290775078,98.434
WARD_A,2025-05-26 19:00:00+00:00,2025-05-26 20:00:00+00:00,200.049,207.5870791394618,188.52242537370614,226.65173290521744,230.866
WARD_B,2025-05-26 19:00:00+00:00,2025-05-26 20:00:00+00:00,203.348,209.65114935467415,190.5864955889185,228.7158031204298,222.145
ICU,2025-05-26 20:00:00+00:00,2025-05-26 21:00:00+00:00,65.37,60.36245712420626,41.29780335845061,79.42711088996191,209.051
OPD,2025-05-26 20:00:00+00:00,2025-05-26 21:00:00+00:00,18.961,22.828984428789973,3.764330663034322,41.89363819454562,19.474
WARD_A,2025-05-26 20:00:00+00:00,2025-05-26 21:00:00+00:00,129.037,129.18650002182946,110.12184625607381,148.2511537875851,141.848
WARD_B,2025-05-26 20:00:00+00:00,2025-05-26 21:00:00+00:00,130.682,124.58768421571806,105.5230304499624,143.6523379814737,151.894
ICU,2025-05-26 21:00:00+00:00,2025-05-26 22:00:00+00:00,63.93,63.75256652267856,44.68791275692291,82.81722028843421,73.912
OPD,2025-05-26 21:00:00+00:00,2025-05-26 22:00:00+00:00,21.673,21.73998815688696,2.675334391131308,40.80464192264261,29.278
WARD_A,2025-05-26 21:00:00+00:00,2025-05-26 22:00:00+00:00,132.929,127.37930609310585,108.3146523273502,146.4439598588615,134.095
WARD_B,2025-05-26 21:00:00+00:00,2025-05-26 22:00:00+00:00,113.116,124.39763475153062,105.33298098577497,143.46228851728625,149.704
ICU,2025-05-26 22:00:00+00:00,2025-05-26 23:00:00+00:00,53.99,61.08387056266263,42.01921679690698,80.14852432841829,50.916
OPD,2025-05-26 22:00:00+00:00,2025-05-26 23:00:00+00:00,27.885,21.239313597444013,2.1746598316883627,40.30396736319966,31.451
WARD_A,2025-05-26 22:00:00+00:00,2025-05-26 23:00:00+00:00,137.677,127.82571485073314,108.76106108497748,146.8903686164888,140.267
WARD_B,2025-05-26 22:00:00+00:00,2025-05-26 23:00:00+00:00,114.781,123.14175127397277,104.07709750821712,142.20640503972842,143.34
ICU,2025-05-26 23:00:00+00:00,2025-05-27 00:00:00+00:00,54.96,62.79960449474676,43.73495072899111,81.86425826050241,48.093
OPD,2025-05-26 23:00:00+00:00,2025-05-27 00:00:00+00:00,43.051,21.268588413737678,2.2039346479820274,40.333242179493325,27.35
WARD_A,2025-05-26 23:00:00+00:00,2025-05-27 00:00:00+00:00,134.17,128.373002403424,109.30834863766836,147.43765616917966,265.298
WARD_B,2025-05-26 23:00:00+00:00,2025-05-27 00:00:00+00:00,135.282,123.91770995596823,104.85305619021258,142.98236372172389,168.04
ICU,2025-05-27 00:00:00+00:00,2025-05-27 01:00:00+00:00,58.752,59.89997378124991,40.83532001549426,78.96462754700556,52.743
OPD,2025-05-27 00:00:00+00:00,2025-05-27 01:00:00+00:00,0.0,27.802607386964116,8.737953621208465,46.86726115271976,27.443
WARD_A,2025-05-27 00:00:00+00:00,2025-05-27 01:00:00+00:00,127.877,128.76393048461793,109.69927671886228,147.82858425037358,249.059
WARD_B,2025-05-27 00:00:00+00:00,2025-05-27 01:00:00+00:00,136.99,125.70899003930397,106.64433627354832,144.77364380505963,162.853
ICU,2025-05-27 01:00:00+00:00,2025-05-27 02:00:00+00:00,63.788,58.45718572050009,39.39253195474444,77.52183948625574,54.577
OPD,2025-05-27 01:00:00+00:00,2025-05-27 02:00:00+00:00,21.379,21.35247498485828,2.2878212191026286,40.41712875061393,20.271
WARD_A,2025-05-27 01:00:00+00:00,2025-05-27 02:00:00+00:00,122.56,128.7415917415896,109.67693797583394,147.80624550734524,268.01
WARD_B,2025-05-27 01:00:00+00:00,2025-05-27 02:00:00+00:00,134.855,125.69251133483898,106.62785756908333,144.75716510059465,138.987
ICU,2025-05-27 02:00:00+00:00,2025-05-27 03:00:00+00:00,49.422,60.9285308560977,41.86387709034205,79.99318462185335,44.232
OPD,2025-05-27 02:00:00+00:00,2025-05-27 03:00:00+00:00,19.167,20.723905958695756,1.6592521929401052,39.7885597244514,20.106
WARD_A,2025-05-27 02:00:00+00:00,2025-05-27 03:00:00+00:00,139.108,128.8451990468456,109.78054528108996,147.90985281260126,261.472
WARD_B,2025-05-27 02:00:00+00:00,2025-05-27 03:00:00+00:00,133.429,125.79025860153166,106.72560483577601,144.8549123672873,138.815
ICU,2025-05-27 03:00:00+00:00,2025-05-27 04:00:00+00:00,55.978,57.90999109117958,38.84533732542393,76.97464485693523,57.604
OPD,2025-05-27 03:00:00+00:00,2025-05-27 04:00:00+00:00,31.993,28.34814491812239,9.28349115236674,47.41279868387804,23.309
WARD_A,2025-05-27 03:00:00+00:00,2025-05-27 04:00:00+00:00,128.924,129.94340601954147,110.87875225378582,149.00805978529712,256.43
WARD_B,2025-05-27 03:00:00+00:00,2025-05-27 04:00:00+00:00,128.924,126.63300491256648,107.56835114681083,145.6976586783221,142.735
ICU,2025-05-27 04:00:00+00:00,2025-05-27 05:00:00+00:00,57.608,57.337006625232135,38.272352859476484,76.40166039098779,62.836
OPD,2025-05-27 04:00:00+00:00,2025-05-27 05:00:00+00:00,20.747,26.07685824835027,7.012204482594619,45.14151201410592,15.445
WARD_A,2025-05-27 04:00:00+00:00,2025-05-27 05:00:00+00:00,121.166,126.24770467415193,107.18305090839628,145.3123584399076,269.004
WARD_B,2025-05-27 04:00:00+00:00,2025-05-27 05:00:00+00:00,128.528,125.7100308408529,106.64537707509724,144.77468460660856,147.699
ICU,2025-05-27 05:00:00+00:00,2025-05-27 06:00:00+00:00,159.166,139.07175217498403,120.00709840922838,158.13640594073968,140.013
OPD,2025-05-27 05:00:00+00:00,2025-05-27 06:00:00+00:00,102.967,103.45845594535601,84.39380217960036,122.52310971111166,105.203
WARD_A,2025-05-27 05:00:00+00:00,2025-05-27 06:00:00+00:00,198.195,210.67831121836568,191.61365745261003,229.74296498412133,357.546
WARD_B,2025-05-27 05:00:00+00:00,2025-05-27 06:00:00+00:00,222.191,206.95496522237875,187.8903114566231,226.0196189881344,242.991
ICU,2025-05-27 06:00:00+00:00,2025-05-27 07:00:00+00:00,67.795,61.23403852847559,42.169384762719936,80.29869229423124,58.48
OPD,2025-05-27 06:00:00+00:00,2025-05-27 07:00:00+00:00,19.572,26.060766218585847,6.996112452830197,45.1254199843415,22.614
WARD_A,2025-05-27 06:00:00+00:00,2025-05-27 07:00:00+00:00,132.248,126.03208976188031,106.96743599612466,145.09674352763597,264.839
WARD_B,2025-05-27 06:00:00+00:00,2025-05-27 07:00:00+00:00,110.838,125.370691550101,106.30603778434535,144.43534531585664,135.481
ICU,2025-05-27 07:00:00+00:00,2025-05-27 08:00:00+00:00,69.273,69.37299153412168,50.30833776836603,88.43764529987733,58.565
OPD,2025-05-27 07:00:00+00:00,2025-05-27 08:00:00+00:00,90.753,71.73828128043225,52.673627514676596,90.8029350461879,96.429
WARD_A,2025-05-27 07:00:00+00:00,2025-05-27 08:00:00+00:00,136.393,130.87374692564072,111.80909315988507,149.93840069139637,263.055
WARD_B,2025-05-27 07:00:00+00:00,2025-05-27 08:00:00+00:00,115.565,126.43342340885293,107.36876964309728,145.49807717460857,149.91
ICU,2025-05-27 08:00:00+00:00,2025-05-27 09:00:00+00:00,65.121,67.62549493794576,48.56084117219011,86.69014870370141,50.571
OPD,2025-05-27 08:00:00+00:00,2025-05-27 09:00:00+00:00,52.543,80.22542882602102,61.160775060265365,99.29008259177667,87.838
WARD_A,2025-05-27 08:00:00+00:00,2025-05-27 09:00:00+00:00,140.079,129.64247675531234,110.5778229895567,148.707130521068,241.386
WARD_B,2025-05-27 08:00:00+00:00,2025-05-27 09:00:00+00:00,128.363,125.20390689448693,106.13925312873128,144.2685606602426,155.401
ICU,2025-05-27 09:00:00+00:00,2025-05-27 10:00:00+00:00,68.408,67.43517595549896,48.37052218974331,86.49982972125461,63.609
OPD,2025-05-27 09:00:00+00:00,2025-05-27 10:00:00+00:00,76.446,81.99799964974422,62.933345883988565,101.06265341549987,124.942
WARD_A,2025-05-27 09:00:00+00:00,2025-05-27 10:00:00+00:00,138.099,130.18274765718095,111.1180938914253,149.2474014229366,283.809
WARD_B,2025-05-27 09:00:00+00:00,2025-05-27 10:00:00+00:00,121.776,127.04061035231473,107.97595658655908,146.10526411807038,139.769
ICU,2025-05-27 10:00:00+00:00,2025-05-27 11:00:00+00:00,75.293,69.49027051735203,50.42561675159638,88.55492428310768,65.968
OPD,2025-05-27 10:00:00+00:00,2025-05-27 11:00:00+00:00,85.085,83.0358061578964,63.97115239214075,102.10045992365205,70.303
WARD_A,2025-05-27 10:00:00+00:00,2025-05-27 11:00:00+00:00,136.96,131.87066961105816,112.80601584530251,150.9353233768138,282.934
WARD_B,2025-05-27 10:00:00+00:00,2025-05-27 11:00:00+00:00,123.946,128.33112320032595,109.2664694345703,147.3957769660816,176.021
ICU,2025-05-27 11:00:00+00:00,2025-05-27 12:00:00+00:00,62.582,66.9412422437031,47.87658847794745,86.00589600945875,50.823
OPD,2025-05-27 11:00:00+00:00,2025-05-27 12:00:00+00:00,92.487,81.67359998594216,62.60894622018651,100.73825375169781,100.853
WARD_A,2025-05-27 11:00:00+00:00,2025-05-27 12:00:00+00:00,131.684,132.29863012577584,113.2339763600202,151.3632838915315,268.277
WARD_B,2025-05-27 11:00:00+00:00,2025-05-27 12:00:00+00:00,128.302,127.95462268410044,108.88996891834479,147.01927644985608,154.838
ICU,2025-05-27 12:00:00+00:00,2025-05-27 13:00:00+00:00,65.902,66.13832156643659,47.07366780068094,85.20297533219224,75.105
OPD,2025-05-27 12:00:00+00:00,2025-05-27 13:00:00+00:00,94.263,83.0358061578964,63.97115239214075,102.10045992365205,76.344
WARD_A,2025-05-27 12:00:00+00:00,2025-05-27 13:00:00+00:00,116.204,130.38889477473305,111.3242410089774,149.4535485404887,255.52
WARD_B,2025-05-27 12:00:00+00:00,2025-05-27 13:00:00+00:00,111.099,128.56922101934242,109.50456725358677,147.63387478509807,145.425
ICU,2025-05-27 13:00:00+00:00,2025-05-27 14:00:00+00:00,139.182,156.45638632759994,137.3917325618443,175.5210400933556,138.914
OPD,2025-05-27 13:00:00+00:00,2025-05-27 14:00:00+00:00,164.761,165.75518278286805,146.6905290171124,184.8198365486237,169.976
WARD_A,2025-05-27 13:00:00+00:00,2025-05-27 14:00:00+00:00,222.432,208.77525665553426,189.7106028897786,227.83991042128991,245.977
WARD_B,2025-05-27 13:00:00+00:00,2025-05-27 14:00:00+00:00,227.891,208.93183483886807,189.86718107311242,227.99648860462372,252.524
ICU,2025-05-27 14:00:00+00:00,2025-05-27 15:00:00+00:00,59.017,65.74009740634412,46.67544364058847,84.80475117209977,59.494
OPD,2025-05-27 14:00:00+00:00,2025-05-27 15:00:00+00:00,95.611,81.48778135416698,62.42312758841133,100.55243511992263,84.774
WARD_A,2025-05-27 14:00:00+00:00,2025-05-27 15:00:00+00:00,151.486,131.22707804801934,112.16242428226369,150.291731813775,139.517
WARD_B,2025-05-27 14:00:00+00:00,2025-05-27 15:00:00+00:00,111.723,126.63347417945198,107.56882041369633,145.69812794520763,168.273
ICU,2025-05-27 15:00:00+00:00,2025-05-27 16:00:00+00:00,82.789,67.8190794070279,48.75442564127225,86.88373317278355,67.716
OPD,2025-05-27 15:00:00+00:00,2025-05-27 16:00:00+00:00,98.792,81.2352353135001,62.17058154774445,100.29988907925575,73.707
WARD_A,2025-05-27 15:00:00+00:00,2025-05-27 16:00:00+00:00,135.86,135.5385185987449,116.47386483298925,154.60317236450055,135.486
WARD_B,2025-05-27 15:00:00+00:00,2025-05-27 16:00:00+00:00,127.792,125.26343958565961,106.19878581990396,144.32809335141525,160.473
ICU,2025-05-27 16:00:00+00:00,2025-05-27 17:00:00+00:00,64.285,67.76133422429652,48.69668045854087,86.82598799005217,65.778
OPD,2025-05-27 16:00:00+00:00,2025-05-27 17:00:00+00:00,66.36,81.13501190880952,62.070358143053866,100.19966567456517,76.88
WARD_A,2025-05-27 16:00:00+00:00,2025-05-27 17:00:00+00:00,140.47,131.29052947897054,112.22587571321489,150.3551832447262,155.425
WARD_B,2025-05-27 16:00:00+00:00,2025-05-27 17:00:00+00:00,108.563,126.69345136400764,107.62879759825199,145.7581051297633,140.822
ICU,2025-05-27 17:00:00+00:00,2025-05-27 18:00:00+00:00,52.615,56.153240948510685,37.088587182755035,75.21789471426634,65.021
OPD,2025-05-27 17:00:00+00:00,2025-05-27 18:00:00+00:00,29.237,25.178806346269564,6.114152580513913,44.24346011202522,28.448
WARD_A,2025-05-27 17:00:00+00:00,2025-05-27 18:00:00+00:00,112.564,129.9142158163913,110.84956205063565,148.97886958214696,125.928
WARD_B,2025-05-27 17:00:00+00:00,2025-05-27 18:00:00+00:00,108.032,124.16035115067437,105.09569738491872,143.22500491643,134.658
ICU,2025-05-27 18:00:00+00:00,2025-05-27 19:00:00+00:00,44.93,57.52209004065168,38.45743627489603,76.58674380640733,60.988
OPD,2025-05-27 18:00:00+00:00,2025-05-27 19:00:00+00:00,22.161,23.4859473116185,4.421293545862849,42.550601077374154,12.819
WARD_A,2025-05-27 18:00:00+00:00,2025-05-27 19:00:00+00:00,121.473,127.76762308673936,108.70296932098371,146.832276852495,145.294
WARD_B,2025-05-27 18:00:00+00:00,2025-05-27 19:00:00+00:00,125.473,122.96466860945182,103.90001484369617,142.02932237520747,158.086
ICU,2025-05-27 19:00:00+00:00,2025-05-27 20:00:00+00:00,153.513,141.75765158104056,122.69299781528491,160.8223053467962,139.642
OPD,2025-05-27 19:00:00+00:00,2025-05-27 20:00:00+00:00,100.149,104.54582998637245,85.4811762206168,123.6104837521281,100.38
WARD_A,2025-05-27 19:00:00+00:00,2025-05-27 20:00:00+00:00,203.569,207.36559910910228,188.30094534334663,226.43025287485793,250.048
WARD_B,2025-05-27 19:00:00+00:00,2025-05-27 20:00:00+00:00,202.838,207.97241089783242,188.90775713207677,227.03706466358807,238.53
ICU,2025-05-27 20:00:00+00:00,2025-05-27 21:00:00+00:00,61.654,60.02786382739812,40.96321006164247,79.09251759315377,59.668
OPD,2025-05-27 20:00:00+00:00,2025-05-27 21:00:00+00:00,13.396,22.89480578243249,3.8301520166768377,41.959459548188136,19.923
WARD_A,2025-05-27 20:00:00+00:00,2025-05-27 21:00:00+00:00,118.9,130.21227570434516,111.14762193858951,149.2769294701008,141.561
WARD_B,2025-05-27 20:00:00+00:00,2025-05-27 21:00:00+00:00,118.956,124.44612583594048,105.38147207018483,143.51077960169613,146.86
ICU,2025-05-27 21:00:00+00:00,2025-05-27 22:00:00+00:00,50.324,62.33709162793473,43.27243786217908,81.40174539369039,56.267
OPD,2025-05-27 21:00:00+00:00,2025-05-27 22:00:00+00:00,24.479,22.459659348530863,3.3950055827752124,41.524313114286514,34.654
WARD_A,2025-05-27 21:00:00+00:00,2025-05-27 22:00:00+00:00,109.27,125.99388291272373,106.92922914696808,145.05853667847938,155.068
WARD_B,2025-05-27 21:00:00+00:00,2025-05-27 22:00:00+00:00,126.701,124.25607637175304,105.19142260599739,143.3207301375087,162.751
ICU,2025-05-27 22:00:00+00:00,2025-05-27 23:00:00+00:00,36.214,62.04390940601024,42.97925564025459,81.1085631717659,60.194
OPD,2025-05-27 22:00:00+00:00,2025-05-27 23:00:00+00:00,11.712,21.239313597444013,2.1746598316883627,40.30396736319966,4.167
WARD_A,2025-05-27 22:00:00+00:00,2025-05-27 23:00:00+00:00,109.527,125.19831234174787,106.13365857599221,144.26296610750353,147.751
WARD_B,2025-05-27 22:00:00+00:00,2025-05-27 23:00:00+00:00,113.003,123.78806986408898,104.72341609833333,142.85272362984463,155.878
ICU,2025-05-27 23:00:00+00:00,2025-05-28 00:00:00+00:00,48.793,48.45269361808402,29.38803985232837,67.51734738383968,59.348
OPD,2025-05-27 23:00:00+00:00,2025-05-28 00:00:00+00:00,25.102,21.268588413737678,2.2039346479820274,40.333242179493325,26.54
WARD_A,2025-05-27 23:00:00+00:00,2025-05-28 00:00:00+00:00,115.072,127.12593031276855,108.0612765470129,146.19058407852418,143.806
WARD_B,2025-05-27 23:00:00+00:00,2025-05-28 00:00:00+00:00,121.526,123.12983298607445,104.0651792203188,142.19448675183008,165.321
ICU,2025-05-28 00:00:00+00:00,2025-05-28 01:00:00+00:00,57.396,58.18867892776484,39.12402516200919,77.25333269352049,57.061
OPD,2025-05-28 00:00:00+00:00,2025-05-28 01:00:00+00:00,45.73,20.97538423197938,1.910730466223729,40.04003799773503,24.62
WARD_A,2025-05-28 00:00:00+00:00,2025-05-28 01:00:00+00:00,114.054,125.02303562738827,105.95838186163262,144.08768939314393,145.667
WARD_B,2025-05-28 00:00:00+00:00,2025-05-28 01:00:00+00:00,152.66,126.13568208788149,107.07102832212584,145.20033585363714,290.945
ICU,2025-05-28 01:00:00+00:00,2025-05-28 02:00:00+00:00,51.887,57.52297860533829,38.45832483958264,76.58763237109395,56.022
OPD,2025-05-28 01:00:00+00:00,2025-05-28 02:00:00+00:00,12.241,27.1186548382105,8.054001072454849,46.183308603966154,26.248
WARD_A,2025-05-28 01:00:00+00:00,2025-05-28 02:00:00+00:00,99.244,124.20181280912655,105.1371590433709,143.2664665748822,154.758
WARD_B,2025-05-28 01:00:00+00:00,2025-05-28 02:00:00+00:00,120.936,127.96167983950154,108.89702607374589,147.0263336052572,285.741
ICU,2025-05-28 02:00:00+00:00,2025-05-28 03:00:00+00:00,66.635,57.41287492917991,38.348221163424256,76.47752869493556,41.682
OPD,2025-05-28 02:00:00+00:00,2025-05-28 03:00:00+00:00,35.583,21.040008801615137,1.9753550358594865,40.10466256737079,4.657
WARD_A,2025-05-28 02:00:00+00:00,2025-05-28 03:00:00+00:00,109.412,123.68207799228198,104.61742422652632,142.74673175803764,131.935
WARD_B,2025-05-28 02:00:00+00:00,2025-05-28 03:00:00+00:00,109.32,123.80803270402454,104.74337893826889,142.8726864697802,281.681
ICU,2025-05-28 03:00:00+00:00,2025-05-28 04:00:00+00:00,56.899,58.03817188853392,38.973518122778266,77.10282565428957,65.441
OPD,2025-05-28 03:00:00+00:00,2025-05-28 04:00:00+00:00,31.847,27.66214429999562,8.59749053423997,46.72679806575127,15.66
WARD_A,2025-05-28 03:00:00+00:00,2025-05-28 04:00:00+00:00,127.16,124.86355669541194,105.7989029296563,143.9282104611676,156.196
WARD_B,2025-05-28 03:00:00+00:00,2025-05-28 04:00:00+00:00,131.572,125.78231094308687,106.71765717733122,144.8469647088425,278.214
ICU,2025-05-28 04:00:00+00:00,2025-05-28 05:00:00+00:00,56.599,62.753324583693846,43.688670817938196,81.8179783494495,58.88
OPD,2025-05-28 04:00:00+00:00,2025-05-28 05:00:00+00:00,17.318,25.97649297276466,6.9118392070090096,45.04114673852031,17.687
WARD_A,2025-05-28 04:00:00+00:00,2025-05-28 05:00:00+00:00,126.51,123.83840299458413,104.77374922882848,142.90305676033978,155.279
WARD_B,2025-05-28 04:00:00+00:00,2025-05-28 05:00:00+00:00,114.078,123.83840299458413,104.77374922882848,142.90305676033978,278.144
ICU,2025-05-28 05:00:00+00:00,2025-05-28 06:00:00+00:00,162.788,141.01832218669435,121.9536684209387,160.08297595245,127.647
OPD,2025-05-28 05:00:00+00:00,2025-05-28 06:00:00+00:00,104.317,103.3580906697704,84.29343690401475,122.42274443552606,94.506
WARD_A,2025-05-28 05:00:00+00:00,2025-05-28 06:00:00+00:00,206.895,206.85459994679314,187.7899461810375,225.9192537125488,248.309
WARD_B,2025-05-28 05:00:00+00:00,2025-05-28 06:00:00+00:00,213.52,206.3482162005257,187.28356243477006,225.41286996628136,356.036
ICU,2025-05-28 06:00:00+00:00,2025-05-28 07:00:00+00:00,57.44,60.30672362901825,41.2420698632626,79.3713773947739,67.445
OPD,2025-05-28 06:00:00+00:00,2025-05-28 07:00:00+00:00,17.935,26.261150863514178,7.196497097758527,45.325804629269825,37.093
WARD_A,2025-05-28 06:00:00+00:00,2025-05-28 07:00:00+00:00,130.005,123.59942897941784,104.53477521366219,142.6640827451735,139.611
WARD_B,2025-05-28 06:00:00+00:00,2025-05-28 07:00:00+00:00,112.987,129.0870982175112,110.02244445175555,148.15175198326685,283.275
ICU,2025-05-28 07:00:00+00:00,2025-05-28 08:00:00+00:00,62.876,65.92012371075167,46.85546994499602,84.98477747650732,60.676
OPD,2025-05-28 07:00:00+00:00,2025-05-28 08:00:00+00:00,99.731,73.40326727211895,54.3386135063633,92.4679210378746,72.293
WARD_A,2025-05-28 07:00:00+00:00,2025-05-28 08:00:00+00:00,118.769,126.5593781205955,107.49472435483985,145.62403188635113,159.08
WARD_B,2025-05-28 07:00:00+00:00,2025-05-28 08:00:00+00:00,127.568,128.01026441243428,108.94561064667863,147.07491817818993,286.723
ICU,2025-05-28 08:00:00+00:00,2025-05-28 09:00:00+00:00,58.057,65.220071275663,46.15541750990735,84.28472504141865,56.305
OPD,2025-05-28 08:00:00+00:00,2025-05-28 09:00:00+00:00,57.458,81.7310990492257,62.666445283470054,100.79575281498136,84.656
WARD_A,2025-05-28 08:00:00+00:00,2025-05-28 09:00:00+00:00,123.637,126.56711540722145,107.5024616414658,145.6317691729771,143.713
WARD_B,2025-05-28 08:00:00+00:00,2025-05-28 09:00:00+00:00,136.048,128.58764459880155,109.5229908330459,147.6522983645572,284.469
ICU,2025-05-28 09:00:00+00:00,2025-05-28 10:00:00+00:00,71.652,65.09674542794869,46.03209166219304,84.16139919370434,57.897
OPD,2025-05-28 09:00:00+00:00,2025-05-28 10:00:00+00:00,58.91,82.06382100338674,62.999167237631085,101.12847476914239,90.486
WARD_A,2025-05-28 09:00:00+00:00,2025-05-28 10:00:00+00:00,127.352,128.05099179371356,108.98633802795791,147.11564555946921,148.778
WARD_B,2025-05-28 09:00:00+00:00,2025-05-28 10:00:00+00:00,128.938,129.5262034833559,110.46154971760026,148.59085724911156,280.641
ICU,2025-05-28 10:00:00+00:00,2025-05-28 11:00:00+00:00,67.961,64.79973159912811,45.73507783337246,83.86438536488376,65.794
OPD,2025-05-28 10:00:00+00:00,2025-05-28 11:00:00+00:00,76.349,83.8571431483146,64.79248938255895,102.92179691407026,64.169
WARD_A,2025-05-28 10:00:00+00:00,2025-05-28 11:00:00+00:00,114.757,128.56922101934242,109.50456725358677,147.63387478509807,148.174
WARD_B,2025-05-28 10:00:00+00:00,2025-05-28 11:00:00+00:00,125.944,131.48442016951617,112.41976640376052,150.54907393527182,156.068
ICU,2025-05-28 11:00:00+00:00,2025-05-28 12:00:00+00:00,50.972,64.78578476972102,45.72113100396537,83.85043853547667,58.848
OPD,2025-05-28 11:00:00+00:00,2025-05-28 12:00:00+00:00,93.632,82.0339124355293,62.96925866977365,101.09856620128495,76.584
WARD_A,2025-05-28 11:00:00+00:00,2025-05-28 12:00:00+00:00,108.87,127.24785057780305,108.1831968120474,146.31250434355871,155.225
WARD_B,2025-05-28 11:00:00+00:00,2025-05-28 12:00:00+00:00,116.265,131.79268262506992,112.72802885931426,150.85733639082557,160.182
ICU,2025-05-28 12:00:00+00:00,2025-05-28 13:00:00+00:00,65.711,63.43116406261182,44.36651029685617,82.49581782836748,59.722
OPD,2025-05-28 12:00:00+00:00,2025-05-28 13:00:00+00:00,81.174,80.17943673007737,61.11478296432172,99.24409049583302,78.288
WARD_A,2025-05-28 12:00:00+00:00,2025-05-28 13:00:00+00:00,126.391,126.61401041026845,107.5493566445128,145.67866417602409,175.519
WARD_B,2025-05-28 12:00:00+00:00,2025-05-28 13:00:00+00:00,144.793,128.56922101934242,109.50456725358677,147.63387478509807,133.748
ICU,2025-05-28 13:00:00+00:00,2025-05-28 14:00:00+00:00,138.661,147.5592253323833,128.49457156662766,166.62387909813896,164.505
OPD,2025-05-28 13:00:00+00:00,2025-05-28 14:00:00+00:00,159.165,163.32099862967917,144.25634486392352,182.38565239543482,145.265
WARD_A,2025-05-28 13:00:00+00:00,2025-05-28 14:00:00+00:00,205.608,211.64039947936834,192.5757457136127,230.705053245124,245.652
WARD_B,2025-05-28 13:00:00+00:00,2025-05-28 14:00:00+00:00,205.103,212.34256459830883,193.27791083255318,231.40721836406448,245.995
ICU,2025-05-28 14:00:00+00:00,2025-05-28 15:00:00+00:00,59.239,62.55793607668153,43.49328231092588,81.62258984243718,68.869
OPD,2025-05-28 14:00:00+00:00,2025-05-28 15:00:00+00:00,61.892,80.86840906166982,61.80375529591417,99.93306282742547,92.517
WARD_A,2025-05-28 14:00:00+00:00,2025-05-28 15:00:00+00:00,123.098,126.26670844807902,107.20205468232336,145.33136221383467,149.233
WARD_B,2025-05-28 14:00:00+00:00,2025-05-28 15:00:00+00:00,141.875,125.99409318507067,106.92943941931502,145.05874695082633,162.592
ICU,2025-05-28 15:00:00+00:00,2025-05-28 16:00:00+00:00,78.613,66.2902361652256,47.22558239946994,85.35488993098124,85.088
OPD,2025-05-28 15:00:00+00:00,2025-05-28 16:00:00+00:00,93.053,81.18705988850246,62.12240612274681,100.25171365425811,58.513
WARD_A,2025-05-28 15:00:00+00:00,2025-05-28 16:00:00+00:00,143.055,126.73069339077357,107.66603962501792,145.7953471565292,155.593
WARD_B,2025-05-28 15:00:00+00:00,2025-05-28 16:00:00+00:00,130.451,131.95868333464747,112.89402956889182,151.02333710040313,155.969
ICU,2025-05-28 16:00:00+00:00,2025-05-28 17:00:00+00:00,73.74,65.38966410230836,46.32501033655271,84.45431786806401,67.706
OPD,2025-05-28 16:00:00+00:00,2025-05-28 17:00:00+00:00,63.602,81.00095249449527,61.936298728739615,100.06560626025092,54.987
WARD_A,2025-05-28 16:00:00+00:00,2025-05-28 17:00:00+00:00,122.623,130.5540423774099,111.48938861165425,149.61869614316555,141.752
WARD_B,2025-05-28 16:00:00+00:00,2025-05-28 17:00:00+00:00,138.028,126.69345136400764,107.62879759825199,145.7581051297633,129.036
ICU,2025-05-28 17:00:00+00:00,2025-05-28 18:00:00+00:00,58.162,52.72924218966408,33.66458842390843,71.79389595541973,63.434
OPD,2025-05-28 17:00:00+00:00,2025-05-28 18:00:00+00:00,16.239,22.611271598871465,3.546617833115814,41.67592536462712,21.099
WARD_A,2025-05-28 17:00:00+00:00,2025-05-28 18:00:00+00:00,95.753,124.987986851215,105.92333308545935,144.05264061697065,149.043
WARD_B,2025-05-28 17:00:00+00:00,2025-05-28 18:00:00+00:00,126.994,123.80769588197796,104.74304211622231,142.8723496477336,149.617
ICU,2025-05-28 18:00:00+00:00,2025-05-28 19:00:00+00:00,66.456,56.2551761521433,37.19052238638765,75.31982991789894,56.354
OPD,2025-05-28 18:00:00+00:00,2025-05-28 19:00:00+00:00,18.757,22.557151682815615,3.492497917059964,41.621805448571266,12.355
WARD_A,2025-05-28 18:00:00+00:00,2025-05-28 19:00:00+00:00,122.793,123.23301728460389,104.16836351884824,142.29767105035955,145.609
WARD_B,2025-05-28 18:00:00+00:00,2025-05-28 19:00:00+00:00,133.757,125.24749501551109,106.18284124975544,144.31214878126673,145.568
ICU,2025-05-28 19:00:00+00:00,2025-05-28 20:00:00+00:00,145.308,140.53238843477874,121.46773466902309,159.5970422005344,144.756
OPD,2025-05-28 19:00:00+00:00,2025-05-28 20:00:00+00:00,121.699,104.78598795035121,85.72133418459556,123.85064171610686,88.092
WARD_A,2025-05-28 19:00:00+00:00,2025-05-28 20:00:00+00:00,215.115,209.50959097489658,190.44493720914093,228.57424474065223,222.146
WARD_B,2025-05-28 19:00:00+00:00,2025-05-28 20:00:00+00:00,205.747,208.14057747799146,189.0759237122358,227.2052312437471,226.69
ICU,2025-05-28 20:00:00+00:00,2025-05-28 21:00:00+00:00,45.696,58.49644750010362,39.43179373434797,77.56110126585926,60.447
OPD,2025-05-28 20:00:00+00:00,2025-05-28 21:00:00+00:00,13.982,24.394788010094707,5.330134244339057,43.45944177585036,22.533
WARD_A,2025-05-28 20:00:00+00:00,2025-05-28 21:00:00+00:00,131.485,124.44612583594048,105.38147207018483,143.51077960169613,149.784
WARD_B,2025-05-28 20:00:00+00:00,2025-05-28 21:00:00+00:00,127.091,124.06921804002313,105.00456427426748,143.13387180577877,144.683
ICU,2025-05-28 21:00:00+00:00,2025-05-28 22:00:00+00:00,74.412,59.97280814252707,40.90815437677142,79.03746190828272,61.461
OPD,2025-05-28 21:00:00+00:00,2025-05-28 22:00:00+00:00,31.608,23.85770240548581,4.793048639730159,42.92235617124146,41.686
WARD_A,2025-05-28 21:00:00+00:00,2025-05-28 22:00:00+00:00,121.86,124.01935617680672,104.95470241105107,143.08400994256237,133.694
WARD_B,2025-05-28 21:00:00+00:00,2025-05-28 22:00:00+00:00,105.313,124.8775735045718,105.81291973881615,143.94222727032746,152.88
ICU,2025-05-28 22:00:00+00:00,2025-05-28 23:00:00+00:00,55.249,59.742630387780835,40.677976622025184,78.80728415353649,60.704
OPD,2025-05-28 22:00:00+00:00,2025-05-28 23:00:00+00:00,17.017,22.68411086228987,3.6194570965342194,41.74876462804552,27.477
WARD_A,2025-05-28 22:00:00+00:00,2025-05-28 23:00:00+00:00,139.901,123.70418329296837,104.63952952721272,142.76883705872402,160.929
WARD_B,2025-05-28 22:00:00+00:00,2025-05-28 23:00:00+00:00,126.26,123.5782285812258,104.51357481547015,142.64288234698145,131.475
ICU,2025-05-28 23:00:00+00:00,2025-05-29 00:00:00+00:00,38.452,58.240946149147796,39.176292383392145,77.30559991490344,63.911
OPD,2025-05-28 23:00:00+00:00,2025-05-29 00:00:00+00:00,24.993,21.268588413737678,2.2039346479820274,40.333242179493325,12.278
WARD_A,2025-05-28 23:00:00+00:00,2025-05-29 00:00:00+00:00,119.603,125.70899003930397,106.64433627354832,144.77364380505963,136.507
WARD_B,2025-05-28 23:00:00+00:00,2025-05-29 00:00:00+00:00,128.84,126.58089207794576,107.51623831219011,145.64554584370143,141.407
ICU,2025-05-29 00:00:00+00:00,2025-05-29 01:00:00+00:00,43.703,50.71706836911933,31.65241460336368,69.78172213487498,63.624
OPD,2025-05-29 00:00:00+00:00,2025-05-29 01:00:00+00:00,17.609,21.268588413737678,2.2039346479820274,40.333242179493325,154.383
WARD_A,2025-05-29 00:00:00+00:00,2025-05-29 01:00:00+00:00,107.6,124.03661231614707,104.97195855039142,143.10126608190274,146.973
WARD_B,2025-05-29 00:00:00+00:00,2025-05-29 01:00:00+00:00,130.402,123.94980077129344,104.88514700553779,143.0144545370491,134.152
ICU,2025-05-29 01:00:00+00:00,2025-05-29 02:00:00+00:00,65.521,57.076075052964896,38.011421287209245,76.14072881872055,63.277
OPD,2025-05-29 01:00:00+00:00,2025-05-29 02:00:00+00:00,29.009,20.97538423197938,1.910730466223729,40.04003799773503,158.083
WARD_A,2025-05-29 01:00:00+00:00,2025-05-29 02:00:00+00:00,111.913,123.14114854383998,104.07649477808432,142.20580230959564,149.991
WARD_B,2025-05-29 01:00:00+00:00,2025-05-29 02:00:00+00:00,112.785,126.7697086289175,107.70505486316185,145.83436239467315,150.557
ICU,2025-05-29 02:00:00+00:00,2025-05-29 03:00:00+00:00,46.133,58.480301403625255,39.415647637869604,77.5449551693809,55.554
OPD,2025-05-29 02:00:00+00:00,2025-05-29 03:00:00+00:00,11.283,21.086763009506054,2.0221092437504034,40.15141677526171,159.949
WARD_A,2025-05-29 02:00:00+00:00,2025-05-29 03:00:00+00:00,111.094,123.69855669674696,104.63390293099131,142.76321046250263,140.476
WARD_B,2025-05-29 02:00:00+00:00,2025-05-29 03:00:00+00:00,127.926,123.82451140848953,104.75985764273388,142.8891651742452,130.255
ICU,2025-05-29 03:00:00+00:00,2025-05-29 04:00:00+00:00,67.294,56.13811522788163,37.07346146212598,75.20276899363728,55.748
OPD,2025-05-29 03:00:00+00:00,2025-05-29 04:00:00+00:00,15.226,28.968937819082054,9.904284053326403,48.03359158483771,152.281
WARD_A,2025-05-29 03:00:00+00:00,2025-05-29 04:00:00+00:00,140.884,123.94803573382885,104.8833819680732,143.0126894995845,145.403
WARD_B,2025-05-29 03:00:00+00:00,2025-05-29 04:00:00+00:00,123.005,126.91118474261607,107.84653097686042,145.97583850837174,164.046
ICU,2025-05-29 04:00:00+00:00,2025-05-29 05:00:00+00:00,59.448,56.278987821937335,37.214334056181684,75.34364158769299,67.458
OPD,2025-05-29 04:00:00+00:00,2025-05-29 05:00:00+00:00,16.758,25.56158097770421,6.4969272119485595,44.62623474345986,169.412
WARD_A,2025-05-29 04:00:00+00:00,2025-05-29 05:00:00+00:00,128.748,127.3053907741185,108.24073700836284,146.37004453987413,146.168
WARD_B,2025-05-29 04:00:00+00:00,2025-05-29 05:00:00+00:00,131.874,123.85488169904912,104.79022793329347,142.91953546480477,142.287
ICU,2025-05-29 05:00:00+00:00,2025-05-29 06:00:00+00:00,147.211,143.82639457678883,124.76174081103318,162.89104834254448,143.681
OPD,2025-05-29 05:00:00+00:00,2025-05-29 06:00:00+00:00,109.259,104.69300857144071,85.62835480568506,123.75766233719636,239.465
WARD_A,2025-05-29 05:00:00+00:00,2025-05-29 06:00:00+00:00,214.454,206.85459994679314,187.7899461810375,225.9192537125488,224.32
WARD_B,2025-05-29 05:00:00+00:00,2025-05-29 06:00:00+00:00,206.279,208.70470339793465,189.640049632179,227.7693571636903,230.1
ICU,2025-05-29 06:00:00+00:00,2025-05-29 07:00:00+00:00,56.746,56.35110342082434,37.28644965506869,75.41575718657998,66.031
OPD,2025-05-29 06:00:00+00:00,2025-05-29 07:00:00+00:00,22.105,25.35993970292911,6.29528593717346,44.42459346868476,160.501
WARD_A,2025-05-29 06:00:00+00:00,2025-05-29 07:00:00+00:00,120.296,123.59942897941784,104.53477521366219,142.6640827451735,163.346
WARD_B,2025-05-29 06:00:00+00:00,2025-05-29 07:00:00+00:00,124.53,124.18872330466161,105.12406953890596,143.25337707041726,127.482
ICU,2025-05-29 07:00:00+00:00,2025-05-29 08:00:00+00:00,63.187,67.55811203271512,48.493458266959465,86.62276579847077,66.948
OPD,2025-05-29 07:00:00+00:00,2025-05-29 08:00:00+00:00,55.503,70.56558870362787,51.500934937872216,89.63024246938352,223.227
WARD_A,2025-05-29 07:00:00+00:00,2025-05-29 08:00:00+00:00,138.474,128.01026441243428,108.94561064667863,147.07491817818993,168.266
WARD_B,2025-05-29 07:00:00+00:00,2025-05-29 08:00:00+00:00,143.841,133.05285321136952,113.98819944561387,152.11750697712517,157.649
ICU,2025-05-29 08:00:00+00:00,2025-05-29 09:00:00+00:00,63.833,65.11259794470212,46.047944178946466,84.17725171045777,77.101
OPD,2025-05-29 08:00:00+00:00,2025-05-29 09:00:00+00:00,81.026,81.38843243923274,62.32377867347709,100.4530862049884,218.091
WARD_A,2025-05-29 08:00:00+00:00,2025-05-29 09:00:00+00:00,125.25,126.56711540722145,107.5024616414658,145.6317691729771,152.13
WARD_B,2025-05-29 08:00:00+00:00,2025-05-29 09:00:00+00:00,124.743,130.75844182606764,111.69378806031199,149.8230955918233,148.765
ICU,2025-05-29 09:00:00+00:00,2025-05-29 10:00:00+00:00,58.692,66.65534554511721,47.59069177936156,85.71999931087286,50.195
OPD,2025-05-29 09:00:00+00:00,2025-05-29 10:00:00+00:00,83.134,81.72115439339377,62.656500627638124,100.78580815914943,241.715
WARD_A,2025-05-29 09:00:00+00:00,2025-05-29 10:00:00+00:00,133.28,128.05099179371356,108.98633802795791,147.11564555946921,158.903
WARD_B,2025-05-29 09:00:00+00:00,2025-05-29 10:00:00+00:00,141.648,129.03012666443456,109.96547289867891,148.0947804301902,152.357
ICU,2025-05-29 10:00:00+00:00,2025-05-29 11:00:00+00:00,52.576,64.00750819546303,44.94285442970738,83.07216196121868,63.724
OPD,2025-05-29 10:00:00+00:00,2025-05-29 11:00:00+00:00,84.561,82.67549370830926,63.61083994255361,101.74014747406491,70.3
WARD_A,2025-05-29 10:00:00+00:00,2025-05-29 11:00:00+00:00,137.75,128.41094847605729,109.34629471030163,147.47560224181294,154.703
WARD_B,2025-05-29 10:00:00+00:00,2025-05-29 11:00:00+00:00,128.472,133.35580201433243,114.29114824857677,152.42045578008808,156.104
ICU,2025-05-29 11:00:00+00:00,2025-05-29 12:00:00+00:00,62.068,65.60999917910702,46.54534541335137,84.67465294486267,65.661
OPD,2025-05-29 11:00:00+00:00,2025-05-29 12:00:00+00:00,80.526,82.0339124355293,62.96925866977365,101.09856620128495,75.204
WARD_A,2025-05-29 11:00:00+00:00,2025-05-29 12:00:00+00:00,127.585,130.0733754820727,111.00872171631704,149.13802924782834,144.781
WARD_B,2025-05-29 11:00:00+00:00,2025-05-29 12:00:00+00:00,135.524,130.79131191527523,111.72665814951958,149.85596568103088,141.151
ICU,2025-05-29 12:00:00+00:00,2025-05-29 13:00:00+00:00,39.664,63.74173668391952,44.67708291816387,82.80639044967518,71.326
OPD,2025-05-29 12:00:00+00:00,2025-05-29 13:00:00+00:00,81.802,81.8861026738841,62.821448908128446,100.95075643963975,94.7
WARD_A,2025-05-29 12:00:00+00:00,2025-05-29 13:00:00+00:00,114.516,128.56922101934242,109.50456725358677,147.63387478509807,166.432
WARD_B,2025-05-29 12:00:00+00:00,2025-05-29 13:00:00+00:00,119.528,133.96522089510773,114.90056712935208,153.02987466086338,142.894
ICU,2025-05-29 13:00:00+00:00,2025-05-29 14:00:00+00:00,149.152,139.94164282580314,120.87698906004749,159.0062965915588,147.428
OPD,2025-05-29 13:00:00+00:00,2025-05-29 14:00:00+00:00,177.385,162.9904939238777,143.92584015812204,182.05514768963334,167.044
WARD_A,2025-05-29 13:00:00+00:00,2025-05-29 14:00:00+00:00,211.531,208.65972656565742,189.59507279990177,227.72438033141307,234.168
WARD_B,2025-05-29 13:00:00+00:00,2025-05-29 14:00:00+00:00,231.474,212.2055251372724,193.14087137151674,231.27017890302804,229.11
ICU,2025-05-29 14:00:00+00:00,2025-05-29 15:00:00+00:00,58.276,62.55793607668153,43.49328231092588,81.62258984243718,64.473
OPD,2025-05-29 14:00:00+00:00,2025-05-29 15:00:00+00:00,64.586,77.5187112207743,58.454057455018656,96.58336498652996,69.615
WARD_A,2025-05-29 14:00:00+00:00,2025-05-29 15:00:00+00:00,151.232,126.99741895136577,107.93276518561012,146.06207271712142,133.867
WARD_B,2025-05-29 14:00:00+00:00,2025-05-29 15:00:00+00:00,139.948,131.61631113109314,112.55165736533749,150.6809648968488,150.816
ICU,2025-05-29 15:00:00+00:00,2025-05-29 16:00:00+00:00,62.914,66.2902361652256,47.22558239946994,85.35488993098124,61.501
OPD,2025-05-29 15:00:00+00:00,2025-05-29 16:00:00+00:00,93.698,80.74494174315085,61.680287977395196,99.8095955089065,67.467
WARD_A,2025-05-29 15:00:00+00:00,2025-05-29 16:00:00+00:00,120.57,131.95868333464747,112.89402956889182,151.02333710040313,157.202
WARD_B,2025-05-29 15:00:00+00:00,2025-05-29 16:00:00+00:00,127.636,130.8843243523387,111.81967058658304,149.94897811809435,138.414
ICU,2025-05-29 16:00:00+00:00,2025-05-29 17:00:00+00:00,55.365,65.98049514447793,46.91584137872228,85.04514891023358,72.693
OPD,2025-05-29 16:00:00+00:00,2025-05-29 17:00:00+00:00,76.584,81.02467576011698,61.96002199436133,100.08932952587263,87.094
WARD_A,2025-05-29 16:00:00+00:00,2025-05-29 17:00:00+00:00,134.364,128.7048703437175,109.64021657796184,147.76952410947314,143.327
WARD_B,2025-05-29 16:00:00+00:00,2025-05-29 17:00:00+00:00,130.401,129.94731356714732,110.88265980139167,149.01196733290297,145.73
ICU,2025-05-29 17:00:00+00:00,2025-05-29 18:00:00+00:00,47.494,51.80989815792746,32.745244392171806,70.8745519236831,61.55
OPD,2025-05-29 17:00:00+00:00,2025-05-29 18:00:00+00:00,25.283,25.15508308064786,6.090429314892209,44.21973684640351,4.745
WARD_A,2025-05-29 17:00:00+00:00,2025-05-29 18:00:00+00:00,111.819,125.546518482236,106.48186471648035,144.61117224799165,146.005
WARD_B,2025-05-29 17:00:00+00:00,2025-05-29 18:00:00+00:00,125.85,125.72001918947116,106.65536542371551,144.78467295522682,137.853
ICU,2025-05-29 18:00:00+00:00,2025-05-29 19:00:00+00:00,50.154,56.36264948310417,37.29799571734852,75.42730324885983,57.963
OPD,2025-05-29 18:00:00+00:00,2025-05-29 19:00:00+00:00,29.119,23.14587171944549,4.0812179536898405,42.210525485201146,13.7
WARD_A,2025-05-29 18:00:00+00:00,2025-05-29 19:00:00+00:00,111.861,125.3824530933101,106.31779932755445,144.44710685906574,153.339
WARD_B,2025-05-29 18:00:00+00:00,2025-05-29 19:00:00+00:00,136.426,126.98023180929023,107.91557804353458,146.0448855750459,148.621
ICU,2025-05-29 19:00:00+00:00,2025-05-29 20:00:00+00:00,146.889,143.1608174792447,124.09616371348906,162.22547124500036,147.392
OPD,2025-05-29 19:00:00+00:00,2025-05-29 20:00:00+00:00,104.469,105.63629992100665,86.571646155251,124.7009536867623,116.265
WARD_A,2025-05-29 19:00:00+00:00,2025-05-29 20:00:00+00:00,202.846,207.38677702375713,188.32212325800148,226.45143078951278,245.884
WARD_B,2025-05-29 19:00:00+00:00,2025-05-29 20:00:00+00:00,223.58,209.45292262039789,190.38826885464223,228.51757638615354,232.351
ICU,2025-05-29 20:00:00+00:00,2025-05-29 21:00:00+00:00,46.658,57.07975650513906,38.01510273938341,76.14441027089471,75.126
OPD,2025-05-29 20:00:00+00:00,2025-05-29 21:00:00+00:00,31.707,22.24026439216011,3.1756106264044597,41.304918157915765,18.258
WARD_A,2025-05-29 20:00:00+00:00,2025-05-29 21:00:00+00:00,117.462,124.44612583594048,105.38147207018483,143.51077960169613,151.747
WARD_B,2025-05-29 20:00:00+00:00,2025-05-29 21:00:00+00:00,131.887,128.1652553533077,109.10060158755206,147.22990911906336,131.497
ICU,2025-05-29 21:00:00+00:00,2025-05-29 22:00:00+00:00,79.184,59.74591916340312,40.68126539764747,78.81057292915878,60.885
OPD,2025-05-29 21:00:00+00:00,2025-05-29 22:00:00+00:00,8.113,21.870628935898477,2.805975170142826,40.93528270165413,35.0
WARD_A,2025-05-29 21:00:00+00:00,2025-05-29 22:00:00+00:00,112.975,123.0122115711485,103.94755780539285,142.07686533690415,147.0
WARD_B,2025-05-29 21:00:00+00:00,2025-05-29 22:00:00+00:00,137.107,128.58191311739955,109.5172593516439,147.6465668831552,117.961
OPD,2025-05-29 22:00:00+00:00,2025-05-29 23:00:00+00:00,27.186,22.48749581687994,3.422842051124288,41.55214958263559,17.405
WARD_A,2025-05-29 22:00:00+00:00,2025-05-29 23:00:00+00:00,140.76,122.69703868731014,103.63238492155449,141.7616924530658,144.891
WARD_B,2025-05-29 22:00:00+00:00,2025-05-29 23:00:00+00:00,122.882,129.17151988841516,110.10686612265951,148.2361736541708,146.1
OPD,2025-05-29 23:00:00+00:00,2025-05-30 00:00:00+00:00,13.157,22.055151685486784,2.9904979197311334,41.119805451242435,28.98
WARD_A,2025-05-29 23:00:00+00:00,2025-05-30 00:00:00+00:00,122.821,128.85424363220883,109.78958986645318,147.91889739796449,153.084
WARD_B,2025-05-29 23:00:00+00:00,2025-05-30 00:00:00+00:00,118.854,126.99159078985633,107.92693702410068,146.05624455561198,153.781
ICU,2025-05-30 00:00:00+00:00,2025-05-30 01:00:00+00:00,57.305,60.6063497852661,41.54169601951045,79.67100355102176,71.466
OPD,2025-05-30 00:00:00+00:00,2025-05-30 01:00:00+00:00,4.123,21.268588413737678,2.2039346479820274,40.333242179493325,20.787
WARD_A,2025-05-30 00:00:00+00:00,2025-05-30 01:00:00+00:00,121.646,125.9984118183734,106.93375805261775,145.06306558412905,158.341
WARD_B,2025-05-30 00:00:00+00:00,2025-05-30 01:00:00+00:00,123.864,127.74274806369912,108.67809429794347,146.80740182945476,127.115
ICU,2025-05-30 01:00:00+00:00,2025-05-30 02:00:00+00:00,48.892,55.02624391891298,35.96159015315733,74.09089768466863,61.519
OPD,2025-05-30 01:00:00+00:00,2025-05-30 02:00:00+00:00,11.521,22.600657204294205,3.536003438538554,41.66531097004986,18.445
WARD_A,2025-05-30 01:00:00+00:00,2025-05-30 02:00:00+00:00,111.261,123.35189470648685,104.2872409407312,142.41654847224248,158.344
WARD_B,2025-05-30 01:00:00+00:00,2025-05-30 02:00:00+00:00,131.488,127.91637876194875,108.8517249961931,146.9810325277044,143.163
ICU,2025-05-30 02:00:00+00:00,2025-05-30 03:00:00+00:00,51.625,57.32126778572127,38.25661401996562,76.38592155147691,58.069
OPD,2025-05-30 02:00:00+00:00,2025-05-30 03:00:00+00:00,7.166,22.288191021051063,3.223537255295412,41.35284478680671,33.542
WARD_A,2025-05-30 02:00:00+00:00,2025-05-30 03:00:00+00:00,138.534,122.69141209108874,103.62675832533309,141.75606585684437,139.269
WARD_B,2025-05-30 02:00:00+00:00,2025-05-30 03:00:00+00:00,118.842,129.2327916707851,110.16813790502945,148.29744543654076,130.958
ICU,2025-05-30 03:00:00+00:00,2025-05-30 04:00:00+00:00,62.288,55.87671174232101,36.812057976565356,74.94136550807666,52.319
OPD,2025-05-30 03:00:00+00:00,2025-05-30 04:00:00+00:00,33.299,29.520766818517263,10.456113052761612,48.58542058427291,39.588
WARD_A,2025-05-30 03:00:00+00:00,2025-05-30 04:00:00+00:00,114.922,125.81276013499927,106.74810636924362,144.8774139007549,146.412
WARD_B,2025-05-30 03:00:00+00:00,2025-05-30 04:00:00+00:00,146.168,130.1351970688662,111.07054330311055,149.19985083462186,140.757
ICU,2025-05-30 04:00:00+00:00,2025-05-30 05:00:00+00:00,62.906,55.995837838495234,36.93118407273958,75.06049160425088,60.829
OPD,2025-05-30 04:00:00+00:00,2025-05-30 05:00:00+00:00,15.669,25.77610832783633,6.711454562080679,44.84076209359198,18.555
WARD_A,2025-05-30 04:00:00+00:00,2025-05-30 05:00:00+00:00,122.527,123.93876827016973,104.87411450441408,143.00342203592538,142.162
WARD_B,2025-05-30 04:00:00+00:00,2025-05-30 05:00:00+00:00,127.152,133.6269509314855,114.56229716572986,152.69160469724116,142.763
ICU,2025-05-30 05:00:00+00:00,2025-05-30 06:00:00+00:00,147.929,140.41248634284145,121.3478325770858,159.4771401085971,144.355
OPD,2025-05-30 05:00:00+00:00,2025-05-30 06:00:00+00:00,110.475,103.15770602484208,84.09305225908643,122.22235979059774,98.043
WARD_A,2025-05-30 05:00:00+00:00,2025-05-30 06:00:00+00:00,209.915,208.10933043451354,189.0446766687579,227.1739842002692,239.39
WARD_B,2025-05-30 05:00:00+00:00,2025-05-30 06:00:00+00:00,208.602,212.44403257673503,193.37937881097938,231.50868634249068,211.144
ICU,2025-05-30 06:00:00+00:00,2025-05-30 07:00:00+00:00,64.414,56.35110342082434,37.28644965506869,75.41575718657998,72.336
OPD,2025-05-30 06:00:00+00:00,2025-05-30 07:00:00+00:00,17.201,26.060766218585847,6.996112452830197,45.1254199843415,21.597
WARD_A,2025-05-30 06:00:00+00:00,2025-05-30 07:00:00+00:00,116.625,123.59942897941784,104.53477521366219,142.6640827451735,140.449
WARD_B,2025-05-30 06:00:00+00:00,2025-05-30 07:00:00+00:00,144.918,127.14502440600407,108.08037064024842,146.20967817175972,120.611
ICU,2025-05-30 07:00:00+00:00,2025-05-30 08:00:00+00:00,63.093,67.55811203271512,48.493458266959465,86.62276579847077,66.23
OPD,2025-05-30 07:00:00+00:00,2025-05-30 08:00:00+00:00,90.192,73.78201992942773,54.71736616367208,92.84667369518338,77.115
WARD_A,2025-05-30 07:00:00+00:00,2025-05-30 08:00:00+00:00,133.705,128.01026441243428,108.94561064667863,147.07491817818993,175.626
WARD_B,2025-05-30 07:00:00+00:00,2025-05-30 08:00:00+00:00,130.939,132.06660322034642,113.00194945459077,151.13125698610207,126.961
ICU,2025-05-30 08:00:00+00:00,2025-05-30 09:00:00+00:00,52.961,65.11259794470212,46.047944178946466,84.17725171045777,60.38
OPD,2025-05-30 08:00:00+00:00,2025-05-30 09:00:00+00:00,55.081,81.66527769558319,62.600623929827535,100.72993146133884,84.216
WARD_A,2025-05-30 08:00:00+00:00,2025-05-30 09:00:00+00:00,140.681,127.90166055404056,108.83700678828491,146.9663143197962,154.163
WARD_B,2025-05-30 08:00:00+00:00,2025-05-30 09:00:00+00:00,140.785,131.6313932266459,112.56673946089026,150.69604699240156,144.749
ICU,2025-05-30 09:00:00+00:00,2025-05-30 10:00:00+00:00,67.169,65.11989543987225,46.0552416741166,84.1845492056279,73.049
OPD,2025-05-30 09:00:00+00:00,2025-05-30 10:00:00+00:00,66.613,81.99799964974422,62.933345883988565,101.06265341549987,82.916
WARD_A,2025-05-30 09:00:00+00:00,2025-05-30 10:00:00+00:00,118.508,130.35921601989287,111.29456225413722,149.42386978564852,158.595
WARD_B,2025-05-30 09:00:00+00:00,2025-05-30 10:00:00+00:00,130.799,133.32304299715517,114.25838923139952,152.38769676291082,149.449
ICU,2025-05-30 10:00:00+00:00,2025-05-30 11:00:00+00:00,42.887,64.33770231412389,45.27304854836824,83.40235607987954,75.186
OPD,2025-05-30 10:00:00+00:00,2025-05-30 11:00:00+00:00,105.461,83.72308373400035,64.6584299682447,102.787737499756,82.386
WARD_A,2025-05-30 10:00:00+00:00,2025-05-30 11:00:00+00:00,102.381,128.41094847605729,109.34629471030163,147.47560224181294,158.762
WARD_B,2025-05-30 10:00:00+00:00,2025-05-30 11:00:00+00:00,149.888,134.490533256043,115.42587949028734,153.55518702179864,142.337
ICU,2025-05-30 11:00:00+00:00,2025-05-30 12:00:00+00:00,50.376,66.41844866494078,47.35379489918513,85.48310243069643,69.448
OPD,2025-05-30 11:00:00+00:00,2025-05-30 12:00:00+00:00,82.59,81.82911649800202,62.76446273224637,100.89377026375767,110.777
WARD_A,2025-05-30 11:00:00+00:00,2025-05-30 12:00:00+00:00,148.701,127.867142791136,108.80248902538035,146.93179655689164,133.078
WARD_B,2025-05-30 11:00:00+00:00,2025-05-30 12:00:00+00:00,128.968,135.32354579257995,116.2588920268243,154.3881995583356,153.552
ICU,2025-05-30 12:00:00+00:00,2025-05-30 13:00:00+00:00,59.234,64.01024357141794,44.945589805662294,83.0748973371736,81.669
OPD,2025-05-30 12:00:00+00:00,2025-05-30 13:00:00+00:00,102.947,82.2624652748021,63.197811509046446,101.32711904055775,99.872
WARD_A,2025-05-30 12:00:00+00:00,2025-05-30 13:00:00+00:00,119.929,130.50133599679037,111.43668223103472,149.56598976254602,155.217
WARD_B,2025-05-30 12:00:00+00:00,2025-05-30 13:00:00+00:00,159.244,135.32354579257995,116.2588920268243,154.3881995583356,145.157
ICU,2025-05-30 13:00:00+00:00,2025-05-30 14:00:00+00:00,145.323,147.66070901613836,128.5960552503827,166.725362781894,143.158
OPD,2025-05-30 13:00:00+00:00,2025-05-30 14:00:00+00:00,158.896,162.94231849888004,143.8776647331244,182.0069722646357,163.015
WARD_A,2025-05-30 13:00:00+00:00,2025-05-30 14:00:00+00:00,193.584,207.73123530931346,188.6665815435578,226.7958890750691,225.849
WARD_B,2025-05-30 13:00:00+00:00,2025-05-30 14:00:00+00:00,214.478,220.46101807420564,201.39636430845,239.5256718399613,213.759
ICU,2025-05-30 14:00:00+00:00,2025-05-30 15:00:00+00:00,52.371,62.55793607668153,43.49328231092588,81.62258984243718,72.671
OPD,2025-05-30 14:00:00+00:00,2025-05-30 15:00:00+00:00,52.022,80.86840906166982,61.80375529591417,99.93306282742547,96.197
WARD_A,2025-05-30 14:00:00+00:00,2025-05-30 15:00:00+00:00,131.725,126.947792109592,107.88313834383635,146.01244587534765,175.689
WARD_B,2025-05-30 14:00:00+00:00,2025-05-30 15:00:00+00:00,146.983,133.5611695445492,114.49651577879354,152.62582331030484,134.308
ICU,2025-05-30 15:00:00+00:00,2025-05-30 16:00:00+00:00,48.959,66.5168701894989,47.45221642374325,85.58152395525455,74.894
OPD,2025-05-30 15:00:00+00:00,2025-05-30 16:00:00+00:00,87.984,80.95839005714966,61.893736291394006,100.02304382290531,68.623
WARD_A,2025-05-30 15:00:00+00:00,2025-05-30 16:00:00+00:00,160.574,128.2292675764217,109.16461381066605,147.29392134217736,147.937
WARD_B,2025-05-30 15:00:00+00:00,2025-05-30 16:00:00+00:00,155.082,137.28171740446768,118.21706363871203,156.34637117022334,154.111
ICU,2025-05-30 16:00:00+00:00,2025-05-30 17:00:00+00:00,54.22,65.95161867536598,46.88696490961033,85.01627244112163,81.922
OPD,2025-05-30 16:00:00+00:00,2025-05-30 17:00:00+00:00,92.541,81.00095249449527,61.936298728739615,100.06560626025092,79.34
WARD_A,2025-05-30 16:00:00+00:00,2025-05-30 17:00:00+00:00,130.641,132.90622118799863,113.84156742224297,151.97087495375428,155.055
WARD_B,2025-05-30 16:00:00+00:00,2025-05-30 17:00:00+00:00,147.413,139.35628956178485,120.2916357960292,158.4209433275405,148.383
ICU,2025-05-30 17:00:00+00:00,2025-05-30 18:00:00+00:00,47.015,54.18758897197824,35.12293520622259,73.2522427377339,71.414
OPD,2025-05-30 17:00:00+00:00,2025-05-30 18:00:00+00:00,8.636,23.632833104897387,4.568179339141736,42.69748687065304,26.716
WARD_A,2025-05-30 17:00:00+00:00,2025-05-30 18:00:00+00:00,137.548,123.79601229206773,104.73135852631208,142.86066605782338,146.395
WARD_B,2025-05-30 17:00:00+00:00,2025-05-30 18:00:00+00:00,128.42,131.69609293954568,112.63143917379003,150.76074670530133,130.298
ICU,2025-05-30 18:00:00+00:00,2025-05-30 19:00:00+00:00,63.21,55.977487960695086,36.912834194939435,75.04214172645074,74.553
OPD,2025-05-30 18:00:00+00:00,2025-05-30 19:00:00+00:00,5.399,23.14587171944549,4.0812179536898405,42.210525485201146,23.605
WARD_B,2025-05-30 18:00:00+00:00,2025-05-30 19:00:00+00:00,125.199,135.63488542742942,116.57023166167377,154.69953919318507,142.742
ICU,2025-05-30 19:00:00+00:00,2025-05-30 20:00:00+00:00,149.58,143.47649136344435,124.4118375976887,162.5411451292,152.968
OPD,2025-05-30 19:00:00+00:00,2025-05-30 20:00:00+00:00,117.615,105.50565914199512,86.44100537623947,124.57031290775078,110.723
WARD_B,2025-05-30 19:00:00+00:00,2025-05-30 20:00:00+00:00,218.276,215.08329856900394,196.0186448032483,234.1479523347596,216.563
ICU,2025-05-30 20:00:00+00:00,2025-05-30 21:00:00+00:00,47.537,57.07975650513906,38.01510273938341,76.14441027089471,51.452
OPD,2025-05-30 20:00:00+00:00,2025-05-30 21:00:00+00:00,25.871,23.740802048607158,4.676148282851507,42.80545581436281,19.889
WARD_A,2025-05-30 20:00:00+00:00,2025-05-30 21:00:00+00:00,116.839,124.8844364861759,105.81978272042025,143.94909025193155,139.959
WARD_B,2025-05-30 20:00:00+00:00,2025-05-30 21:00:00+00:00,147.143,134.9483302182516,115.88367645249596,154.01298398400726,144.358
ICU,2025-05-30 21:00:00+00:00,2025-05-30 22:00:00+00:00,56.978,57.04015798264302,37.975504216887366,76.10481174839867,63.083
OPD,2025-05-30 21:00:00+00:00,2025-05-30 22:00:00+00:00,25.983,22.280329526729954,3.215675760974303,41.34498329248561,24.268
WARD_A,2025-05-30 21:00:00+00:00,2025-05-30 22:00:00+00:00,129.166,123.0122115711485,103.94755780539285,142.07686533690415,135.228
WARD_B,2025-05-30 21:00:00+00:00,2025-05-30 22:00:00+00:00,132.446,135.90352282189963,116.83886905614398,154.96817658765528,147.491
ICU,2025-05-30 22:00:00+00:00,2025-05-30 23:00:00+00:00,73.762,57.525983985210665,38.461330219455014,76.59063775096632,75.374
OPD,2025-05-30 22:00:00+00:00,2025-05-30 23:00:00+00:00,34.395,21.155427026323412,2.0907732605677616,40.22008079207906,16.076
WARD_A,2025-05-30 22:00:00+00:00,2025-05-30 23:00:00+00:00,122.878,126.58352177135133,107.51886800559568,145.64817553710697,152.698
WARD_B,2025-05-30 22:00:00+00:00,2025-05-30 23:00:00+00:00,143.343,132.54224839053813,113.47759462478248,151.60690215629378,140.571
ICU,2025-05-30 23:00:00+00:00,2025-05-31 00:00:00+00:00,53.126,60.78309051359878,41.71843674784313,79.84774427935443,64.563
OPD,2025-05-30 23:00:00+00:00,2025-05-31 00:00:00+00:00,28.646,21.483115763869797,2.4184619981141466,40.54776952962545,8.443
WARD_A,2025-05-30 23:00:00+00:00,2025-05-31 00:00:00+00:00,104.124,125.69251133483898,106.62785756908333,144.75716510059465,139.195
WARD_B,2025-05-30 23:00:00+00:00,2025-05-31 00:00:00+00:00,134.93,132.63307103492406,113.5684172691684,151.6977248006797,132.091
ICU,2025-05-31 00:00:00+00:00,2025-05-31 01:00:00+00:00,55.544,55.65266943455008,36.58801566879443,74.71732320030573,62.891
OPD,2025-05-31 00:00:00+00:00,2025-05-31 01:00:00+00:00,32.645,21.399229192749196,2.3345754269935455,40.46388295850485,16.482
WARD_A,2025-05-31 00:00:00+00:00,2025-05-31 01:00:00+00:00,139.04,125.5830353275614,106.51838156180575,144.64768909331707,155.673
WARD_B,2025-05-31 00:00:00+00:00,2025-05-31 01:00:00+00:00,134.974,135.3550983635009,116.29044459774525,154.41975212925655,130.36
ICU,2025-05-31 01:00:00+00:00,2025-05-31 02:00:00+00:00,61.082,58.747331397961815,39.682677632206165,77.81198516371747,77.77
OPD,2025-05-31 01:00:00+00:00,2025-05-31 02:00:00+00:00,12.931,21.483115763869797,2.4184619981141466,40.54776952962545,22.139
WARD_A,2025-05-31 01:00:00+00:00,2025-05-31 02:00:00+00:00,121.766,125.47324369907454,106.4085899333189,144.5378974648302,138.415
WARD_B,2025-05-31 01:00:00+00:00,2025-05-31 02:00:00+00:00,131.785,137.6710510053991,118.60639723964346,156.73570477115476,145.419
ICU,2025-05-31 02:00:00+00:00,2025-05-31 03:00:00+00:00,49.706,55.80956810410004,36.74491433834439,74.87422186985569,66.354
OPD,2025-05-31 02:00:00+00:00,2025-05-31 03:00:00+00:00,21.976,20.97538423197938,1.910730466223729,40.04003799773503,26.467
WARD_A,2025-05-31 02:00:00+00:00,2025-05-31 03:00:00+00:00,130.43,127.46797996930968,108.40332620355403,146.53263373506533,156.4
WARD_B,2025-05-31 02:00:00+00:00,2025-05-31 03:00:00+00:00,142.87,136.17538907239637,117.11073530664072,155.24004283815202,109.287
ICU,2025-05-31 03:00:00+00:00,2025-05-31 04:00:00+00:00,64.367,60.07619571948728,41.01154195373163,79.14084948524294,71.745
OPD,2025-05-31 03:00:00+00:00,2025-05-31 04:00:00+00:00,43.026,27.194609052274636,8.129955286518985,46.25926281803029,31.939
WARD_A,2025-05-31 03:00:00+00:00,2025-05-31 04:00:00+00:00,118.688,125.79389404648242,106.72924028072677,144.85854781223807,131.018
WARD_B,2025-05-31 03:00:00+00:00,2025-05-31 04:00:00+00:00,148.607,139.4719486786477,120.40729491289204,158.53660244440334,131.575
ICU,2025-05-31 04:00:00+00:00,2025-05-31 05:00:00+00:00,47.142,54.5173299024316,35.45267613667595,73.58198366818725,66.396
OPD,2025-05-31 04:00:00+00:00,2025-05-31 05:00:00+00:00,27.115,29.851032046340382,10.786378280584731,48.91568581209603,34.558
WARD_A,2025-05-31 04:00:00+00:00,2025-05-31 05:00:00+00:00,136.756,124.68270194016536,105.61804817440971,143.747355705921,147.714
WARD_B,2025-05-31 04:00:00+00:00,2025-05-31 05:00:00+00:00,149.208,139.8681262562141,120.80347249045846,158.93278002196976,129.06
ICU,2025-05-31 05:00:00+00:00,2025-05-31 06:00:00+00:00,135.403,131.00278946229565,111.93813569654,150.0674432280513,152.729
OPD,2025-05-31 05:00:00+00:00,2025-05-31 06:00:00+00:00,82.705,105.79113107421502,86.72647730845937,124.85578483997067,94.953
WARD_A,2025-05-31 05:00:00+00:00,2025-05-31 06:00:00+00:00,195.056,210.02149050930376,190.9568367435481,229.0861442750594,236.389
WARD_B,2025-05-31 05:00:00+00:00,2025-05-31 06:00:00+00:00,221.907,217.93932725924793,198.87467349349228,237.00398102500358,219.471
ICU,2025-05-31 06:00:00+00:00,2025-05-31 07:00:00+00:00,60.521,55.429392280715675,36.364738514960024,74.49404604647133,63.701
OPD,2025-05-31 06:00:00+00:00,2025-05-31 07:00:00+00:00,23.698,26.060766218585847,6.996112452830197,45.1254199843415,13.767
WARD_A,2025-05-31 06:00:00+00:00,2025-05-31 07:00:00+00:00,127.092,123.30644651028572,104.24179274453007,142.37110027604137,135.684
WARD_B,2025-05-31 06:00:00+00:00,2025-05-31 07:00:00+00:00,140.187,138.98483120986097,119.92017744410532,158.04948497561662,128.236
ICU,2025-05-31 07:00:00+00:00,2025-05-31 08:00:00+00:00,57.704,66.71919828053642,47.65454451478077,85.78385204629207,86.297
OPD,2025-05-31 07:00:00+00:00,2025-05-31 08:00:00+00:00,69.686,70.38351878369424,51.31886501793859,89.4481725494499,93.231
WARD_A,2025-05-31 07:00:00+00:00,2025-05-31 08:00:00+00:00,135.626,129.0343377556173,109.96968398986164,148.09899152137294,135.64
WARD_B,2025-05-31 07:00:00+00:00,2025-05-31 08:00:00+00:00,149.189,141.00902886792116,121.94437510216551,160.0736826336768,144.785
ICU,2025-05-31 08:00:00+00:00,2025-05-31 09:00:00+00:00,62.167,65.11259794470212,46.047944178946466,84.17725171045777,80.04
OPD,2025-05-31 08:00:00+00:00,2025-05-31 09:00:00+00:00,57.092,81.66527769558319,62.600623929827535,100.72993146133884,92.02
WARD_A,2025-05-31 08:00:00+00:00,2025-05-31 09:00:00+00:00,138.114,128.59993189443279,109.53527812867713,147.66458566018844,139.123
WARD_B,2025-05-31 08:00:00+00:00,2025-05-31 09:00:00+00:00,146.778,143.76326987389257,124.69861610813692,162.82792363964822,134.762
ICU,2025-05-31 09:00:00+00:00,2025-05-31 10:00:00+00:00,38.925,64.18994587475011,45.12529210899446,83.25459964050576,59.791
OPD,2025-05-31 09:00:00+00:00,2025-05-31 10:00:00+00:00,106.382,81.99799964974422,62.933345883988565,101.06265341549987,53.815
WARD_A,2025-05-31 09:00:00+00:00,2025-05-31 10:00:00+00:00,122.793,128.7492631341059,109.68460936835024,147.81391689986154,147.633
WARD_B,2025-05-31 09:00:00+00:00,2025-05-31 10:00:00+00:00,146.032,143.91819254469453,124.85353877893888,162.98284631045019,142.856
ICU,2025-05-31 10:00:00+00:00,2025-05-31 11:00:00+00:00,54.073,60.24350753839309,41.17885377263744,79.30816130414874,78.544
OPD,2025-05-31 10:00:00+00:00,2025-05-31 11:00:00+00:00,70.625,82.45692423104798,63.39227046529233,101.52157799680363,87.617
WARD_A,2025-05-31 10:00:00+00:00,2025-05-31 11:00:00+00:00,113.956,129.47939683729484,110.41474307153919,148.5440506030505,155.002
WARD_B,2025-05-31 10:00:00+00:00,2025-05-31 11:00:00+00:00,147.551,143.31057414058597,124.24592037483032,162.37522790634162,139.153
ICU,2025-05-31 11:00:00+00:00,2025-05-31 12:00:00+00:00,73.412,64.21828666596082,45.15363290020517,83.28294043171647,85.668
OPD,2025-05-31 11:00:00+00:00,2025-05-31 12:00:00+00:00,64.25,83.21808353047899,64.15342976472334,102.28273729623464,89.818
WARD_A,2025-05-31 11:00:00+00:00,2025-05-31 12:00:00+00:00,137.282,129.38936235468145,110.3247085889258,148.4540161204371,121.557
WARD_B,2025-05-31 11:00:00+00:00,2025-05-31 12:00:00+00:00,147.072,145.6753635247599,126.61070975900424,164.74001729051554,122.587
ICU,2025-05-31 12:00:00+00:00,2025-05-31 13:00:00+00:00,55.43,65.79709346253168,46.73243969677603,84.86174722828733,67.348
OPD,2025-05-31 12:00:00+00:00,2025-05-31 13:00:00+00:00,83.528,83.72308373400035,64.6584299682447,102.787737499756,95.116
WARD_A,2025-05-31 12:00:00+00:00,2025-05-31 13:00:00+00:00,150.311,133.61637583460458,114.55172206884893,152.68102960036023,162.654
WARD_B,2025-05-31 12:00:00+00:00,2025-05-31 13:00:00+00:00,174.398,146.28808309537703,127.22342932962138,165.35273686113268,144.213
ICU,2025-05-31 13:00:00+00:00,2025-05-31 14:00:00+00:00,147.105,148.96847921702894,129.9038254512733,168.0331329827846,142.729
OPD,2025-05-31 13:00:00+00:00,2025-05-31 14:00:00+00:00,161.777,163.7124807806281,144.64782701487246,182.77713454638376,135.293
WARD_A,2025-05-31 13:00:00+00:00,2025-05-31 14:00:00+00:00,213.329,215.25884690571925,196.1941931399636,234.3235006714749,249.236
WARD_B,2025-05-31 13:00:00+00:00,2025-05-31 14:00:00+00:00,229.245,229.2904029558007,210.22574919004504,248.35505672155634,210.534
ICU,2025-05-31 14:00:00+00:00,2025-05-31 15:00:00+00:00,58.844,62.693058608043124,43.62840484228747,81.75771237379877,58.831
OPD,2025-05-31 14:00:00+00:00,2025-05-31 15:00:00+00:00,102.144,81.91434228864183,62.84968852288618,100.97899605439748,80.295
WARD_A,2025-05-31 14:00:00+00:00,2025-05-31 15:00:00+00:00,117.702,129.29777262178368,110.23311885602803,148.36242638753933,152.445
WARD_B,2025-05-31 14:00:00+00:00,2025-05-31 15:00:00+00:00,142.932,144.309541416626,125.24488765087034,163.37419518238164,136.039
ICU,2025-05-31 15:00:00+00:00,2025-05-31 16:00:00+00:00,57.602,65.98123551121715,46.9165817454615,85.0458892769728,59.183
OPD,2025-05-31 15:00:00+00:00,2025-05-31 16:00:00+00:00,79.549,81.2352353135001,62.17058154774445,100.29988907925575,90.972
WARD_A,2025-05-31 15:00:00+00:00,2025-05-31 16:00:00+00:00,115.366,129.424386465279,110.35973269952336,148.48904023103466,161.752
WARD_B,2025-05-31 15:00:00+00:00,2025-05-31 16:00:00+00:00,131.683,143.3555958265921,124.29094206083644,162.42024959234774,136.061
ICU,2025-05-31 16:00:00+00:00,2025-05-31 17:00:00+00:00,77.362,65.92570765019002,46.86105388443437,84.99036141594567,74.735
OPD,2025-05-31 16:00:00+00:00,2025-05-31 17:00:00+00:00,56.645,81.02467576011698,61.96002199436133,100.08932952587263,81.15
WARD_A,2025-05-31 16:00:00+00:00,2025-05-31 17:00:00+00:00,143.949,127.75370307584001,108.68904931008436,146.81835684159566,155.607
WARD_B,2025-05-31 16:00:00+00:00,2025-05-31 17:00:00+00:00,136.299,143.70441616139405,124.6397623956384,162.7690699271497,126.222
ICU,2025-05-31 17:00:00+00:00,2025-05-31 18:00:00+00:00,53.781,54.34286192960836,35.27820816385271,73.40751569536401,59.73
OPD,2025-05-31 17:00:00+00:00,2025-05-31 18:00:00+00:00,24.517,24.664789510298615,5.600135744542964,43.72944327605427,21.696
WARD_A,2025-05-31 17:00:00+00:00,2025-05-31 18:00:00+00:00,124.433,128.22370588155073,109.15905211579508,147.28835964730638,152.228
WARD_B,2025-05-31 17:00:00+00:00,2025-05-31 18:00:00+00:00,155.241,138.3165104909439,119.25185672518825,157.38116425669955,99.18
ICU,2025-05-31 18:00:00+00:00,2025-05-31 19:00:00+00:00,54.339,55.977487960695086,36.912834194939435,75.04214172645074,71.633
OPD,2025-05-31 18:00:00+00:00,2025-05-31 19:00:00+00:00,38.103,23.14587171944549,4.0812179536898405,42.210525485201146,34.982
WARD_A,2025-05-31 18:00:00+00:00,2025-05-31 19:00:00+00:00,109.151,128.51731659524864,109.452662829493,147.5819703610043,139.453
ICU,2025-05-31 19:00:00+00:00,2025-05-31 20:00:00+00:00,137.511,143.05334414828383,123.98869038252818,162.11799791403948,146.185
OPD,2025-05-31 19:00:00+00:00,2025-05-31 20:00:00+00:00,114.331,109.17735687878631,90.11270311303066,128.24201064454195,107.122
ICU,2025-05-31 20:00:00+00:00,2025-05-31 21:00:00+00:00,57.144,57.07975650513906,38.01510273938341,76.14441027089471,75.789
OPD,2025-05-31 20:00:00+00:00,2025-05-31 21:00:00+00:00,19.541,22.735671504768092,3.6710177390124414,41.80032527052374,12.828
WARD_A,2025-05-31 20:00:00+00:00,2025-05-31 21:00:00+00:00,129.15,123.63090738978771,104.56625362403206,142.69556115554337,133.338
WARD_B,2025-05-31 20:00:00+00:00,2025-05-31 21:00:00+00:00,126.506,141.32844264908522,122.26378888332957,160.39309641484087,133.293
ICU,2025-05-31 21:00:00+00:00,2025-05-31 22:00:00+00:00,62.636,59.74591916340312,40.68126539764747,78.81057292915878,54.358
OPD,2025-05-31 21:00:00+00:00,2025-05-31 22:00:00+00:00,13.326,20.882286469775007,1.8176327040193563,39.94694023553066,12.84
WARD_A,2025-05-31 21:00:00+00:00,2025-05-31 22:00:00+00:00,118.259,126.11751059839376,107.05285683263811,145.1821643641494,116.824
WARD_B,2025-05-31 21:00:00+00:00,2025-05-31 22:00:00+00:00,147.46,141.84847298513677,122.78381921938112,160.91312675089242,125.807
ICU,2025-05-31 22:00:00+00:00,2025-05-31 23:00:00+00:00,44.72,58.271640711018286,39.206986945262635,77.33629447677393,58.273
OPD,2025-05-31 22:00:00+00:00,2025-05-31 23:00:00+00:00,7.872,21.155427026323412,2.0907732605677616,40.22008079207906,17.588
WARD_A,2025-05-31 22:00:00+00:00,2025-05-31 23:00:00+00:00,134.742,126.33527459962072,107.27062083386507,145.39992836537635,131.203
WARD_B,2025-05-31 22:00:00+00:00,2025-05-31 23:00:00+00:00,153.921,143.25912893715437,124.19447517139872,162.32378270291002,129.23
ICU,2025-05-31 23:00:00+00:00,2025-06-01 00:00:00+00:00,61.144,57.03343889693275,37.9687851311771,76.0980926626884,71.134
OPD,2025-05-31 23:00:00+00:00,2025-06-01 00:00:00+00:00,8.867,21.195612338230532,2.1309585724748814,40.26026610398618,12.8
WARD_A,2025-05-31 23:00:00+00:00,2025-06-01 00:00:00+00:00,138.982,125.52409750553551,106.45944373977986,144.58875127129116,137.558
WARD_B,2025-05-31 23:00:00+00:00,2025-06-01 00:00:00+00:00,139.401,142.55744124396588,123.49278747821023,161.62209500972153,140.075
ICU,2025-06-01 00:00:00+00:00,2025-06-01 01:00:00+00:00,52.445,55.34380633977527,36.27915257401962,74.40846010553092,67.585
OPD,2025-06-01 00:00:00+00:00,2025-06-01 01:00:00+00:00,8.403,22.44379455766646,3.3791407919108103,41.508448323422115,35.91
WARD_A,2025-06-01 00:00:00+00:00,2025-06-01 01:00:00+00:00,137.103,126.44834767888015,107.3836939131245,145.5130014446358,141.373
WARD_B,2025-06-01 00:00:00+00:00,2025-06-01 01:00:00+00:00,154.636,143.45647941338584,124.39182564763018,162.5211331791415,121.157
ICU,2025-06-01 01:00:00+00:00,2025-06-01 02:00:00+00:00,60.932,53.30325290458213,34.23859913882648,72.36790667033779,72.549
OPD,2025-06-01 01:00:00+00:00,2025-06-01 02:00:00+00:00,8.984,21.195612338230532,2.1309585724748814,40.26026610398618,33.88
WARD_A,2025-06-01 01:00:00+00:00,2025-06-01 02:00:00+00:00,130.572,126.14244719534574,107.07779342959009,145.2071009611014,148.517
WARD_B,2025-06-01 01:00:00+00:00,2025-06-01 02:00:00+00:00,143.658,144.70724443961888,125.64259067386322,163.77189820537453,141.129
ICU,2025-06-01 02:00:00+00:00,2025-06-01 03:00:00+00:00,75.635,55.300833108340655,36.236179342585004,74.3654868740963,59.093
OPD,2025-06-01 02:00:00+00:00,2025-06-01 03:00:00+00:00,25.369,23.20930392123002,4.14465015547437,42.27395768698567,17.507
WARD_A,2025-06-01 02:00:00+00:00,2025-06-01 03:00:00+00:00,144.152,126.58561794838825,107.5209641826326,145.6502717141439,135.642
WARD_B,2025-06-01 02:00:00+00:00,2025-06-01 03:00:00+00:00,136.687,144.68069973688029,125.61604597112463,163.74535350263594,150.732
ICU,2025-06-01 03:00:00+00:00,2025-06-01 04:00:00+00:00,50.107,59.434127697822674,40.369473932067024,78.49878146357833,71.347
OPD,2025-06-01 03:00:00+00:00,2025-06-01 04:00:00+00:00,29.948,26.51385530576645,7.449201540010801,45.578509071522106,25.379
WARD_A,2025-06-01 03:00:00+00:00,2025-06-01 04:00:00+00:00,135.988,127.39021974725497,108.32556598149932,146.45487351301063,130.734
WARD_B,2025-06-01 03:00:00+00:00,2025-06-01 04:00:00+00:00,144.403,144.50055636169594,125.43590259594029,163.5652101274516,135.14
OPD,2025-06-01 04:00:00+00:00,2025-06-01 05:00:00+00:00,18.036,23.67568111655653,4.611027350800878,42.74033488231218,19.381
WARD_A,2025-06-01 04:00:00+00:00,2025-06-01 05:00:00+00:00,151.718,128.39154790265425,109.3268941368986,147.4562016684099,134.017
WARD_B,2025-06-01 04:00:00+00:00,2025-06-01 05:00:00+00:00,134.141,145.28671549179546,126.22206172603981,164.3513692575511,147.038
OPD,2025-06-01 05:00:00+00:00,2025-06-01 06:00:00+00:00,107.593,100.2536878425503,81.18903407679466,119.31834160830596,105.13
WARD_B,2025-06-01 05:00:00+00:00,2025-06-01 06:00:00+00:00,237.464,220.67747556350372,201.61282179774807,239.74212932925937,226.694
ICU,2025-06-01 06:00:00+00:00,2025-06-01 07:00:00+00:00,61.617,47.96127451560513,28.896620749849482,67.02592828136079,52.671
OPD,2025-06-01 06:00:00+00:00,2025-06-01 07:00:00+00:00,27.836,25.869129917705415,6.804476151949764,44.933783683461066,16.636
WARD_B,2025-06-01 06:00:00+00:00,2025-06-01 07:00:00+00:00,168.024,152.1953827906075,133.13072902485186,171.26003655636316,128.698
ICU,2025-06-01 07:00:00+00:00,2025-06-01 08:00:00+00:00,63.473,58.20593867303678,39.14128490728113,77.27059243879243,64.673
OPD,2025-06-01 07:00:00+00:00,2025-06-01 08:00:00+00:00,26.609,44.2221897530318,25.157535987276148,63.28684351878745,26.551
WARD_A,2025-06-01 07:00:00+00:00,2025-06-01 08:00:00+00:00,125.119,128.26744881892273,109.20279505316708,147.33210258467838,129.997
WARD_B,2025-06-01 07:00:00+00:00,2025-06-01 08:00:00+00:00,148.181,146.9471842596943,127.88253049393865,166.01183802544995,113.802
ICU,2025-06-01 08:00:00+00:00,2025-06-01 09:00:00+00:00,52.193,58.81819739382702,39.75354362807137,77.88285115958267,77.033
OPD,2025-06-01 08:00:00+00:00,2025-06-01 09:00:00+00:00,25.543,31.488112065774665,12.423458300019014,50.552765831530316,20.575
WARD_A,2025-06-01 08:00:00+00:00,2025-06-01 09:00:00+00:00,129.416,128.9904344309073,109.92578066515165,148.05508819666295,144.396
WARD_B,2025-06-01 08:00:00+00:00,2025-06-01 09:00:00+00:00,145.626,145.39819665358277,126.33354288782712,164.46285041933842,139.932
ICU,2025-06-01 09:00:00+00:00,2025-06-01 10:00:00+00:00,47.559,58.55974901475112,39.49509524899547,77.62440278050677,70.498
OPD,2025-06-01 09:00:00+00:00,2025-06-01 10:00:00+00:00,30.375,30.446461406968567,11.381807641212916,49.51111517272422,18.862
WARD_A,2025-06-01 09:00:00+00:00,2025-06-01 10:00:00+00:00,131.024,131.90476188724475,112.8401081214891,150.9694156530004,119.016
WARD_B,2025-06-01 09:00:00+00:00,2025-06-01 10:00:00+00:00,136.095,145.41823567391495,126.3535819081593,164.4828894396706,122.706
ICU,2025-06-01 10:00:00+00:00,2025-06-01 11:00:00+00:00,39.636,57.92388611508572,38.85923234933007,76.98853988084137,52.587
OPD,2025-06-01 10:00:00+00:00,2025-06-01 11:00:00+00:00,26.78,23.324074568463775,4.259420802708124,42.38872833421942,18.673
WARD_A,2025-06-01 10:00:00+00:00,2025-06-01 11:00:00+00:00,128.56,131.57539399524168,112.51074022948603,150.64004776099733,139.028
WARD_B,2025-06-01 10:00:00+00:00,2025-06-01 11:00:00+00:00,150.589,146.71898010343696,127.65432633768131,165.7836338691926,118.869
ICU,2025-06-01 11:00:00+00:00,2025-06-01 12:00:00+00:00,43.26,51.57628624778566,32.51163248203001,70.64094001354131,59.822
OPD,2025-06-01 11:00:00+00:00,2025-06-01 12:00:00+00:00,14.965,29.03017796159854,9.965524195842889,48.09483172735419,30.533
WARD_A,2025-06-01 11:00:00+00:00,2025-06-01 12:00:00+00:00,137.299,131.49547234465973,112.43081857890408,150.56012611041538,136.822
WARD_B,2025-06-01 11:00:00+00:00,2025-06-01 12:00:00+00:00,132.523,146.85949008441034,127.79483631865469,165.924143850166,141.593
ICU,2025-06-01 12:00:00+00:00,2025-06-01 13:00:00+00:00,53.172,58.048506269729245,38.983852503973594,77.1131600354849,69.135
OPD,2025-06-01 12:00:00+00:00,2025-06-01 13:00:00+00:00,24.289,27.83777367328175,8.773119907526098,46.902427439037396,15.05
WARD_A,2025-06-01 12:00:00+00:00,2025-06-01 13:00:00+00:00,138.259,135.47394935757217,116.40929559181652,154.53860312332782,156.841
WARD_B,2025-06-01 12:00:00+00:00,2025-06-01 13:00:00+00:00,131.835,146.93784097711352,127.87318721135787,166.00249474286917,121.451
ICU,2025-06-01 13:00:00+00:00,2025-06-01 14:00:00+00:00,140.567,139.57785004759768,120.51319628184203,158.64250381335333,153.906
OPD,2025-06-01 13:00:00+00:00,2025-06-01 14:00:00+00:00,121.9,106.81677617114072,87.75212240538507,125.88142993689637,102.16
WARD_A,2025-06-01 13:00:00+00:00,2025-06-01 14:00:00+00:00,227.316,217.7324546677644,198.66780090200874,236.79710843352004,207.854
WARD_B,2025-06-01 13:00:00+00:00,2025-06-01 14:00:00+00:00,216.744,225.76213770858564,206.69748394283,244.8267914743413,198.669
ICU,2025-06-01 14:00:00+00:00,2025-06-01 15:00:00+00:00,70.721,56.98860010691945,37.9239463411638,76.0532538726751,63.307
OPD,2025-06-01 14:00:00+00:00,2025-06-01 15:00:00+00:00,20.151,38.15842617701654,19.093772411260886,57.22307994277219,16.614
WARD_A,2025-06-01 14:00:00+00:00,2025-06-01 15:00:00+00:00,143.379,135.40897964760927,116.34432588185362,154.47363341336492,139.461
WARD_B,2025-06-01 14:00:00+00:00,2025-06-01 15:00:00+00:00,148.225,139.96676367649488,120.90210991073923,159.03141744225053,121.877
ICU,2025-06-01 15:00:00+00:00,2025-06-01 16:00:00+00:00,38.359,60.615495233576986,41.550841467821336,79.68014899933263,45.787
OPD,2025-06-01 15:00:00+00:00,2025-06-01 16:00:00+00:00,27.71,23.699060035980438,4.634406270224787,42.76371380173609,27.821
WARD_A,2025-06-01 15:00:00+00:00,2025-06-01 16:00:00+00:00,139.958,136.0626189239639,116.99796515820825,155.12727268971955,138.238
WARD_B,2025-06-01 15:00:00+00:00,2025-06-01 16:00:00+00:00,131.942,144.4956077510996,125.43095398534396,163.56026151685526,114.452
ICU,2025-06-01 16:00:00+00:00,2025-06-01 17:00:00+00:00,54.583,54.500729177905534,35.43607541214988,73.56538294366118,72.984
OPD,2025-06-01 16:00:00+00:00,2025-06-01 17:00:00+00:00,37.432,31.457928418125945,12.393274652370295,50.522582183881596,35.062
WARD_A,2025-06-01 16:00:00+00:00,2025-06-01 17:00:00+00:00,119.487,134.9170559905565,115.85240222480084,153.98170975631214,138.656
WARD_B,2025-06-01 16:00:00+00:00,2025-06-01 17:00:00+00:00,150.665,143.75103139095975,124.6863776252041,162.8156851567154,119.852
ICU,2025-06-01 17:00:00+00:00,2025-06-01 18:00:00+00:00,55.293,53.48279916910185,34.4181454033462,72.5474529348575,76.71
OPD,2025-06-01 17:00:00+00:00,2025-06-01 18:00:00+00:00,17.87,24.71135407179543,5.646700306039779,43.77600783755108,16.45
WARD_A,2025-06-01 17:00:00+00:00,2025-06-01 18:00:00+00:00,129.755,129.53940481961092,110.47475105385527,148.60405858536657,149.887
WARD_B,2025-06-01 17:00:00+00:00,2025-06-01 18:00:00+00:00,140.3,143.11255253876206,124.04789877300641,162.1772063045177,121.891
ICU,2025-06-01 18:00:00+00:00,2025-06-01 19:00:00+00:00,55.983,55.96365811603709,36.89900435028144,75.02831188179275,62.41
OPD,2025-06-01 18:00:00+00:00,2025-06-01 19:00:00+00:00,11.543,22.753583455680776,3.688929689925125,41.818237221436426,33.568
WARD_A,2025-06-01 18:00:00+00:00,2025-06-01 19:00:00+00:00,129.585,129.53196893400045,110.4673151682448,148.5966226997561,134.762
WARD_B,2025-06-01 18:00:00+00:00,2025-06-01 19:00:00+00:00,159.888,141.77146056677682,122.70680680102117,160.83611433253247,120.051
ICU,2025-06-01 19:00:00+00:00,2025-06-01 20:00:00+00:00,139.374,138.43947719508586,119.3748234293302,157.5041309608415,147.929
OPD,2025-06-01 19:00:00+00:00,2025-06-01 20:00:00+00:00,106.78,99.21711480109816,80.15246103534251,118.28176856685381,116.252
WARD_A,2025-06-01 19:00:00+00:00,2025-06-01 20:00:00+00:00,229.701,213.11508128418467,194.05042751842902,232.17973504994032,210.524
ICU,2025-06-01 20:00:00+00:00,2025-06-01 21:00:00+00:00,62.483,56.81935698926512,37.754703223509466,75.88401075502077,65.124
OPD,2025-06-01 20:00:00+00:00,2025-06-01 21:00:00+00:00,17.608,21.602715790025233,2.538062024269582,40.66736955578088,13.946
WARD_A,2025-06-01 20:00:00+00:00,2025-06-01 21:00:00+00:00,129.411,136.23664329009267,117.17198952433702,155.30129705584832,144.545
WARD_B,2025-06-01 20:00:00+00:00,2025-06-01 21:00:00+00:00,135.23,163.6343004055572,144.56964663980156,182.69895417131286,130.716
ICU,2025-06-01 21:00:00+00:00,2025-06-01 22:00:00+00:00,64.734,57.30365627746285,38.2390025117072,76.3683100432185,77.384
OPD,2025-06-01 21:00:00+00:00,2025-06-01 22:00:00+00:00,22.494,20.889872731912106,1.8252189661564557,39.95452649766776,23.749
WARD_A,2025-06-01 21:00:00+00:00,2025-06-01 22:00:00+00:00,129.309,132.8996775485734,113.83502378281776,151.96433131432906,129.631
WARD_B,2025-06-01 21:00:00+00:00,2025-06-01 22:00:00+00:00,161.592,145.0065111704272,125.94185740467154,164.07116493618284,115.303
ICU,2025-06-01 22:00:00+00:00,2025-06-01 23:00:00+00:00,55.595,56.81280417855761,37.74815041280196,75.87745794431326,63.104
OPD,2025-06-01 22:00:00+00:00,2025-06-01 23:00:00+00:00,12.192,21.082450950816266,2.0177971850606156,40.14710471657192,13.097
WARD_A,2025-06-01 22:00:00+00:00,2025-06-01 23:00:00+00:00,130.664,134.17518059304894,115.11052682729328,153.2398343588046,138.806
WARD_B,2025-06-01 22:00:00+00:00,2025-06-01 23:00:00+00:00,165.039,144.46064715950146,125.39599339374581,163.5253009252571,124.419
ICU,2025-06-01 23:00:00+00:00,2025-06-02 00:00:00+00:00,65.713,58.04214698428356,38.97749321852791,77.10680075003921,61.871
OPD,2025-06-01 23:00:00+00:00,2025-06-02 00:00:00+00:00,12.71,21.268588413737678,2.2039346479820274,40.333242179493325,19.209
WARD_A,2025-06-01 23:00:00+00:00,2025-06-02 00:00:00+00:00,133.917,132.4473977130307,113.38274394727506,151.51205147878636,143.447
WARD_B,2025-06-01 23:00:00+00:00,2025-06-02 00:00:00+00:00,157.967,145.9313078680997,126.86665410234406,164.99596163385536,139.141
ICU,2025-06-02 00:00:00+00:00,2025-06-02 01:00:00+00:00,64.881,58.62651269862611,39.56185893287046,77.69116646438175,68.752
OPD,2025-06-02 00:00:00+00:00,2025-06-02 01:00:00+00:00,20.649,21.268588413737678,2.2039346479820274,40.333242179493325,10.477
WARD_A,2025-06-02 00:00:00+00:00,2025-06-02 01:00:00+00:00,131.014,132.98105897848114,113.9164052127255,152.0457127442368,124.274
WARD_B,2025-06-02 00:00:00+00:00,2025-06-02 01:00:00+00:00,148.171,147.53103596400823,128.46638219825257,166.59568972976388,126.321
ICU,2025-06-02 01:00:00+00:00,2025-06-02 02:00:00+00:00,67.64,56.58793182210275,37.5232780563471,75.6525855878584,63.311
OPD,2025-06-02 01:00:00+00:00,2025-06-02 02:00:00+00:00,18.198,21.20027726370343,2.1356234979477797,40.26493102945908,18.516
WARD_A,2025-06-02 01:00:00+00:00,2025-06-02 02:00:00+00:00,135.689,133.2986161741568,114.23396240840114,152.36326993991244,126.449
WARD_B,2025-06-02 01:00:00+00:00,2025-06-02 02:00:00+00:00,148.077,146.735098985845,127.67044522008936,165.79975275160066,132.362
ICU,2025-06-02 02:00:00+00:00,2025-06-02 03:00:00+00:00,56.155,55.89942605462806,36.83477228887241,74.96407982038372,58.802
OPD,2025-06-02 02:00:00+00:00,2025-06-02 03:00:00+00:00,34.83,20.956122230494536,1.8914684647388853,40.02077599625019,19.786
WARD_A,2025-06-02 02:00:00+00:00,2025-06-02 03:00:00+00:00,154.382,134.82444016094422,115.75978639518857,153.88909392669987,121.756
WARD_B,2025-06-02 02:00:00+00:00,2025-06-02 03:00:00+00:00,149.173,146.9138457837243,127.84919201796865,165.97849954947995,131.868
ICU,2025-06-02 03:00:00+00:00,2025-06-02 04:00:00+00:00,64.114,60.878425594024264,41.813771828268614,79.94307935977992,44.673
OPD,2025-06-02 03:00:00+00:00,2025-06-02 04:00:00+00:00,16.348,28.088914441874177,9.024260676118526,47.15356820762983,14.232
WARD_A,2025-06-02 03:00:00+00:00,2025-06-02 04:00:00+00:00,139.527,140.42673347068526,121.36207970492961,159.49138723644091,136.035
WARD_B,2025-06-02 03:00:00+00:00,2025-06-02 04:00:00+00:00,157.71,150.8800311827355,131.81537741697986,169.94468494849116,112.147
ICU,2025-06-02 04:00:00+00:00,2025-06-02 05:00:00+00:00,52.654,59.618313714437825,40.553659948682174,78.68296748019347,69.883
OPD,2025-06-02 04:00:00+00:00,2025-06-02 05:00:00+00:00,18.847,25.64546754882481,6.580813783069161,44.71012131458046,25.239
WARD_A,2025-06-02 04:00:00+00:00,2025-06-02 05:00:00+00:00,142.361,136.47639142402085,117.4117376582652,155.5410451897765,112.175
WARD_B,2025-06-02 04:00:00+00:00,2025-06-02 05:00:00+00:00,165.262,147.12207411494066,128.057420349185,166.1867278806963,111.674
OPD,2025-06-02 05:00:00+00:00,2025-06-02 06:00:00+00:00,110.879,103.15770602484208,84.09305225908643,122.22235979059774,116.059
WARD_A,2025-06-02 05:00:00+00:00,2025-06-02 06:00:00+00:00,209.109,214.1360253913148,195.07137162555915,233.20067915707045,222.79
WARD_B,2025-06-02 05:00:00+00:00,2025-06-02 06:00:00+00:00,247.245,244.00466239534938,224.94000862959373,263.069316161105,205.565
ICU,2025-06-02 06:00:00+00:00,2025-06-02 07:00:00+00:00,73.939,56.49266180060191,37.42800803484626,75.55731556635756,71.563
OPD,2025-06-02 06:00:00+00:00,2025-06-02 07:00:00+00:00,43.399,26.060766218585847,6.996112452830197,45.1254199843415,26.114
WARD_A,2025-06-02 06:00:00+00:00,2025-06-02 07:00:00+00:00,135.5,133.41203400630857,114.34738024055292,152.47668777206422,132.668
WARD_B,2025-06-02 06:00:00+00:00,2025-06-02 07:00:00+00:00,156.85,152.04840761844835,132.9837538526927,171.113061384204,130.378
ICU,2025-06-02 07:00:00+00:00,2025-06-02 08:00:00+00:00,57.413,66.860756660314,47.796102894558345,85.92541042606965,73.508
OPD,2025-06-02 07:00:00+00:00,2025-06-02 08:00:00+00:00,67.768,69.47295485703506,50.40830109127941,88.53760862279071,99.17
WARD_A,2025-06-02 07:00:00+00:00,2025-06-02 08:00:00+00:00,129.985,137.7867300608539,118.72207629509825,156.85138382660955,137.374
WARD_B,2025-06-02 07:00:00+00:00,2025-06-02 08:00:00+00:00,135.593,149.94761553486757,130.88296176911192,169.01226930062322,123.637
ICU,2025-06-02 08:00:00+00:00,2025-06-02 09:00:00+00:00,60.711,65.87274566522895,46.8080918994733,84.9373994309846,65.476
OPD,2025-06-02 08:00:00+00:00,2025-06-02 09:00:00+00:00,87.376,79.64785439756604,60.583200631810385,98.71250816332169,104.315
WARD_A,2025-06-02 08:00:00+00:00,2025-06-02 09:00:00+00:00,142.284,135.4496005017075,116.38494673595184,154.51425426746314,135.923
WARD_B,2025-06-02 08:00:00+00:00,2025-06-02 09:00:00+00:00,155.917,151.59865569047255,132.5340019247169,170.6633094562282,134.171
ICU,2025-06-02 09:00:00+00:00,2025-06-02 10:00:00+00:00,43.616,65.34074631393116,46.27609254817551,84.40540007968681,74.565
OPD,2025-06-02 09:00:00+00:00,2025-06-02 10:00:00+00:00,71.144,82.51501136492645,63.4503575991708,101.5796651306821,83.446
WARD_A,2025-06-02 09:00:00+00:00,2025-06-02 10:00:00+00:00,127.853,138.10374959412977,119.03909582837412,157.16840335988542,141.238
WARD_B,2025-06-02 09:00:00+00:00,2025-06-02 10:00:00+00:00,150.942,152.2181900188955,133.15353625313986,171.28284378465116,103.25
ICU,2025-06-02 10:00:00+00:00,2025-06-02 11:00:00+00:00,62.033,66.28231885327014,47.21766508751449,85.34697261902579,73.131
OPD,2025-06-02 10:00:00+00:00,2025-06-02 11:00:00+00:00,74.066,84.15662825594589,65.09197449019024,103.22128202170154,65.325
WARD_A,2025-06-02 10:00:00+00:00,2025-06-02 11:00:00+00:00,135.045,134.4092527535323,115.34459898777664,153.47390651928794,134.056
WARD_B,2025-06-02 10:00:00+00:00,2025-06-02 11:00:00+00:00,164.763,153.86530647245905,134.8006527067034,172.9299602382147,136.081
ICU,2025-06-02 11:00:00+00:00,2025-06-02 12:00:00+00:00,56.246,64.92878680356765,45.864133037811996,83.9934405693233,73.039
OPD,2025-06-02 11:00:00+00:00,2025-06-02 12:00:00+00:00,70.64,82.46745695747484,63.40280319171919,101.53211072323049,75.447
WARD_A,2025-06-02 11:00:00+00:00,2025-06-02 12:00:00+00:00,146.744,139.95030331246616,120.88564954671051,159.0149570782218,129.288
WARD_B,2025-06-02 11:00:00+00:00,2025-06-02 12:00:00+00:00,155.735,153.18296798209516,134.1183142163395,172.24762174785081,129.586
ICU,2025-06-02 12:00:00+00:00,2025-06-02 13:00:00+00:00,61.138,64.92878680356765,45.864133037811996,83.9934405693233,80.291
OPD,2025-06-02 12:00:00+00:00,2025-06-02 13:00:00+00:00,67.075,82.08403230569567,63.01937853994002,101.14868607145132,94.629
WARD_A,2025-06-02 12:00:00+00:00,2025-06-02 13:00:00+00:00,149.702,140.0302249630481,120.96557119729246,159.09487872880376,120.222
WARD_B,2025-06-02 12:00:00+00:00,2025-06-02 13:00:00+00:00,164.062,153.65781917168061,134.59316540592496,172.72247293743627,117.686
ICU,2025-06-02 13:00:00+00:00,2025-06-02 14:00:00+00:00,148.899,149.14114892106218,130.07649515530653,168.20580268681783,143.218
OPD,2025-06-02 13:00:00+00:00,2025-06-02 14:00:00+00:00,183.319,163.56251509543677,144.49786132968111,182.62716886119242,151.775
WARD_A,2025-06-02 13:00:00+00:00,2025-06-02 14:00:00+00:00,223.365,222.3602813451458,203.29562757939016,241.42493511090146,207.643
WARD_B,2025-06-02 13:00:00+00:00,2025-06-02 14:00:00+00:00,246.858,237.41488969759476,218.3502359318391,256.4795434633504,218.657
ICU,2025-06-02 14:00:00+00:00,2025-06-02 15:00:00+00:00,73.528,62.98449701115638,43.91984324540073,82.04915077691203,53.568
OPD,2025-06-02 14:00:00+00:00,2025-06-02 15:00:00+00:00,88.917,82.08842048627722,63.023766720521564,101.15307425203287,89.919
WARD_A,2025-06-02 14:00:00+00:00,2025-06-02 15:00:00+00:00,144.257,138.19517122708115,119.1305174613255,157.2598249928368,113.866
WARD_B,2025-06-02 14:00:00+00:00,2025-06-02 15:00:00+00:00,166.432,152.01766666583003,132.95301290007438,171.08232043158569,119.884
ICU,2025-06-02 15:00:00+00:00,2025-06-02 16:00:00+00:00,60.746,66.68089922832786,47.61624546257221,85.74555299408351,68.239
OPD,2025-06-02 15:00:00+00:00,2025-06-02 16:00:00+00:00,93.151,82.02909228503277,62.964438519277124,101.09374605078843,68.455
WARD_A,2025-06-02 15:00:00+00:00,2025-06-02 16:00:00+00:00,158.664,140.99953241910424,121.93487865334859,160.0641861848599,148.538
WARD_B,2025-06-02 15:00:00+00:00,2025-06-02 16:00:00+00:00,173.536,153.8587303803602,134.79407661460456,172.92338414611586,120.414
ICU,2025-06-02 16:00:00+00:00,2025-06-02 17:00:00+00:00,55.183,66.38580763600234,47.32115387024669,85.45046140175799,58.756
OPD,2025-06-02 16:00:00+00:00,2025-06-02 17:00:00+00:00,101.018,81.00095249449527,61.936298728739615,100.06560626025092,80.865
WARD_A,2025-06-02 16:00:00+00:00,2025-06-02 17:00:00+00:00,136.907,141.23366054625103,122.16900678049538,160.29831431200668,119.394
WARD_B,2025-06-02 16:00:00+00:00,2025-06-02 17:00:00+00:00,136.889,159.5992206643566,140.53456689860096,178.66387443011226,125.943
ICU,2025-06-02 17:00:00+00:00,2025-06-02 18:00:00+00:00,65.168,54.69423425042037,35.62958048466472,73.75888801617603,52.828
OPD,2025-06-02 17:00:00+00:00,2025-06-02 18:00:00+00:00,17.328,23.632833104897387,4.568179339141736,42.69748687065304,15.335
WARD_A,2025-06-02 17:00:00+00:00,2025-06-02 18:00:00+00:00,138.562,139.25819886341864,120.19354509766299,158.3228526291743,134.737
WARD_B,2025-06-02 17:00:00+00:00,2025-06-02 18:00:00+00:00,136.986,147.16472169860754,128.10006793285189,166.2293754643632,122.077
ICU,2025-06-02 18:00:00+00:00,2025-06-02 19:00:00+00:00,70.142,57.716396728669885,38.651742962914234,76.78105049442553,69.449
OPD,2025-06-02 18:00:00+00:00,2025-06-02 19:00:00+00:00,14.685,23.14587171944549,4.0812179536898405,42.210525485201146,26.864
WARD_A,2025-06-02 18:00:00+00:00,2025-06-02 19:00:00+00:00,135.882,142.0160792453502,122.95142547959455,161.08073301110585,121.602
WARD_B,2025-06-02 18:00:00+00:00,2025-06-02 19:00:00+00:00,141.675,148.0223973762172,128.95774361046156,167.08705114197286,125.947
ICU,2025-06-02 19:00:00+00:00,2025-06-02 20:00:00+00:00,151.547,140.79336246271936,121.72870869696371,159.858016228475,149.304
OPD,2025-06-02 19:00:00+00:00,2025-06-02 20:00:00+00:00,113.065,104.78598795035121,85.72133418459556,123.85064171610686,105.616
WARD_A,2025-06-02 19:00:00+00:00,2025-06-02 20:00:00+00:00,209.715,215.16537386651788,196.10072010076223,234.23002763227353,200.049
WARD_B,2025-06-02 19:00:00+00:00,2025-06-02 20:00:00+00:00,230.86,223.4994876237921,204.43483385803646,242.56414138954776,203.348
ICU,2025-06-02 20:00:00+00:00,2025-06-02 21:00:00+00:00,43.329,58.63800587988119,39.57335211412554,77.70265964563684,65.37
OPD,2025-06-02 20:00:00+00:00,2025-06-02 21:00:00+00:00,30.051,22.954939140532538,3.8902853747768873,42.01959290628819,18.961
WARD_A,2025-06-02 20:00:00+00:00,2025-06-02 21:00:00+00:00,143.78,139.220028534706,120.15537476895034,158.28468230046164,129.037
WARD_B,2025-06-02 20:00:00+00:00,2025-06-02 21:00:00+00:00,156.946,145.63125647564553,126.56660270988988,164.69591024140118,130.682
ICU,2025-06-02 21:00:00+00:00,2025-06-02 22:00:00+00:00,68.315,58.56763895944852,39.50298519369287,77.63229272520417,63.93
OPD,2025-06-02 21:00:00+00:00,2025-06-02 22:00:00+00:00,29.479,22.410970305741472,3.3463165399858212,41.47562407149712,21.673
WARD_A,2025-06-02 21:00:00+00:00,2025-06-02 22:00:00+00:00,161.124,140.0251210382329,120.96046727247725,159.08977480398855,132.929
WARD_B,2025-06-02 21:00:00+00:00,2025-06-02 22:00:00+00:00,147.988,150.22918184394538,131.16452807818973,169.29383560970103,113.116
ICU,2025-06-02 22:00:00+00:00,2025-06-02 23:00:00+00:00,71.33,61.43536568371953,42.37071191796388,80.50001944947519,53.99
OPD,2025-06-02 22:00:00+00:00,2025-06-02 23:00:00+00:00,11.441,22.673198167066406,3.6085444013107555,41.73785193282205,27.885
WARD_A,2025-06-02 22:00:00+00:00,2025-06-02 23:00:00+00:00,158.308,139.21243660002352,120.14778283426787,158.27709036577917,137.677
WARD_B,2025-06-02 22:00:00+00:00,2025-06-02 23:00:00+00:00,154.13,147.17336507967715,128.1087113139215,166.2380188454328,114.781
ICU,2025-06-02 23:00:00+00:00,2025-06-03 00:00:00+00:00,49.832,58.488976674002096,39.424322908246445,77.55363043975774,54.96
OPD,2025-06-02 23:00:00+00:00,2025-06-03 00:00:00+00:00,15.244,23.56677148741274,4.50211772165709,42.63142525316839,43.051
WARD_A,2025-06-02 23:00:00+00:00,2025-06-03 00:00:00+00:00,152.096,141.45883304746397,122.39417928170832,160.52348681321962,134.17
WARD_B,2025-06-02 23:00:00+00:00,2025-06-03 00:00:00+00:00,144.186,147.3904715352248,128.32581776946915,166.45512530098046,135.282
ICU,2025-06-03 00:00:00+00:00,2025-06-03 01:00:00+00:00,62.862,61.46906364032045,42.4044098745648,80.53371740607611,58.752
OPD,2025-06-03 00:00:00+00:00,2025-06-03 01:00:00+00:00,38.518,21.334409767380194,2.2697560016245433,40.399063533135845,0.0
WARD_A,2025-06-03 00:00:00+00:00,2025-06-03 01:00:00+00:00,129.419,141.90661974668322,122.84196598092757,160.97127351243887,127.877
WARD_B,2025-06-03 00:00:00+00:00,2025-06-03 01:00:00+00:00,167.604,147.06079454719037,127.99614078143472,166.12544831294602,136.99
ICU,2025-06-03 01:00:00+00:00,2025-06-03 02:00:00+00:00,58.302,57.18354838392577,38.11889461817012,76.24820214968142,63.788
OPD,2025-06-03 01:00:00+00:00,2025-06-03 02:00:00+00:00,27.838,25.213120332138534,6.148466566382883,44.27777409789418,21.379
WARD_A,2025-06-03 01:00:00+00:00,2025-06-03 02:00:00+00:00,162.46,139.98689325944733,120.92223949369168,159.05154702520298,122.56
WARD_B,2025-06-03 01:00:00+00:00,2025-06-03 02:00:00+00:00,140.225,145.16243443394856,126.09778066819291,164.2270881997042,134.855
ICU,2025-06-03 02:00:00+00:00,2025-06-03 03:00:00+00:00,53.883,56.54943678544902,37.48478301969337,75.61409055120467,49.422
OPD,2025-06-03 02:00:00+00:00,2025-06-03 03:00:00+00:00,30.796,21.403488511884177,2.3388347461285264,40.46814227763983,19.167
WARD_A,2025-06-03 02:00:00+00:00,2025-06-03 03:00:00+00:00,142.233,143.40877798373515,124.3441242179795,162.4734317494908,139.108
WARD_B,2025-06-03 02:00:00+00:00,2025-06-03 03:00:00+00:00,152.896,146.69653102831273,127.63187726255708,165.76118479406838,133.429
ICU,2025-06-03 03:00:00+00:00,2025-06-03 04:00:00+00:00,64.249,55.856230233093015,36.791576467337364,74.92088399884867,55.978
OPD,2025-06-03 03:00:00+00:00,2025-06-03 04:00:00+00:00,20.938,27.525634476214485,8.460980710458834,46.590288241970136,31.993
WARD_A,2025-06-03 03:00:00+00:00,2025-06-03 04:00:00+00:00,157.586,142.6176092304041,123.55295546464845,161.68226299615975,128.924
WARD_B,2025-06-03 03:00:00+00:00,2025-06-03 04:00:00+00:00,136.035,150.43757555320644,131.3729217874508,169.5022293189621,128.924
ICU,2025-06-03 04:00:00+00:00,2025-06-03 05:00:00+00:00,57.746,57.68340218227596,38.61874841652031,76.7480559480316,57.608
OPD,2025-06-03 04:00:00+00:00,2025-06-03 05:00:00+00:00,28.954,26.00894725909385,6.944293493338201,45.0736010248495,20.747
WARD_A,2025-06-03 04:00:00+00:00,2025-06-03 05:00:00+00:00,150.252,144.09784757691548,125.03319381115983,163.16250134267113,121.166
WARD_B,2025-06-03 04:00:00+00:00,2025-06-03 05:00:00+00:00,128.168,147.94496615678568,128.88031239103003,167.00961992254133,128.528
ICU,2025-06-03 05:00:00+00:00,2025-06-03 06:00:00+00:00,153.061,138.68364890773285,119.6189951419772,157.7483026734885,159.166
OPD,2025-06-03 05:00:00+00:00,2025-06-03 06:00:00+00:00,103.802,103.95891921564464,84.89426544988899,123.02357298140029,102.967
WARD_A,2025-06-03 05:00:00+00:00,2025-06-03 06:00:00+00:00,242.915,222.89709803747604,203.8324442717204,241.9617518032317,198.195
WARD_B,2025-06-03 05:00:00+00:00,2025-06-03 06:00:00+00:00,247.594,225.56820382284496,206.5035500570893,244.63285758860061,222.191
ICU,2025-06-03 06:00:00+00:00,2025-06-03 07:00:00+00:00,67.648,56.22614588654151,37.16149212078586,75.29079965229715,67.795
OPD,2025-06-03 06:00:00+00:00,2025-06-03 07:00:00+00:00,27.122,26.361516139099788,7.296862373344137,45.42616990485544,19.572
WARD_A,2025-06-03 06:00:00+00:00,2025-06-03 07:00:00+00:00,137.342,155.03638212481883,135.97172835906318,174.10103589057448,132.248
WARD_B,2025-06-03 06:00:00+00:00,2025-06-03 07:00:00+00:00,149.809,153.51080121678075,134.4461474510251,172.5754549825364,110.838
ICU,2025-06-03 07:00:00+00:00,2025-06-03 08:00:00+00:00,51.745,68.62588489151176,49.56123112575611,87.69053865726741,69.273
OPD,2025-06-03 07:00:00+00:00,2025-06-03 08:00:00+00:00,71.157,74.46834551479431,55.40369174903866,93.53299928054996,90.753
WARD_A,2025-06-03 07:00:00+00:00,2025-06-03 08:00:00+00:00,169.913,145.27622132563403,126.21156755987838,164.34087509138968,136.393
WARD_B,2025-06-03 07:00:00+00:00,2025-06-03 08:00:00+00:00,162.985,150.63950712201046,131.5748533562548,169.7041608877661,115.565
ICU,2025-06-03 08:00:00+00:00,2025-06-03 09:00:00+00:00,63.411,66.8037177923262,47.739064026570546,85.86837155808185,65.121
OPD,2025-06-03 08:00:00+00:00,2025-06-03 09:00:00+00:00,86.191,81.7310990492257,62.666445283470054,100.79575281498136,52.543
WARD_A,2025-06-03 08:00:00+00:00,2025-06-03 09:00:00+00:00,134.661,147.5523728128137,128.48771904705805,166.61702657856935,140.079
WARD_B,2025-06-03 08:00:00+00:00,2025-06-03 09:00:00+00:00,168.189,154.24865649811335,135.1840027323577,173.313310263869,128.363
ICU,2025-06-03 09:00:00+00:00,2025-06-03 10:00:00+00:00,66.849,66.7431155511272,47.67846178537155,85.80776931688285,68.408
OPD,2025-06-03 09:00:00+00:00,2025-06-03 10:00:00+00:00,94.626,82.06382100338674,62.999167237631085,101.12847476914239,76.446
WARD_A,2025-06-03 09:00:00+00:00,2025-06-03 10:00:00+00:00,144.812,148.09782279317696,129.0331690274213,167.1624765589326,138.099
WARD_B,2025-06-03 09:00:00+00:00,2025-06-03 10:00:00+00:00,161.948,152.80195874877498,133.73730498301933,171.86661251453063,121.776
ICU,2025-06-03 10:00:00+00:00,2025-06-03 11:00:00+00:00,71.578,67.12877320717277,48.06411944141712,86.19342697292842,75.293
OPD,2025-06-03 10:00:00+00:00,2025-06-03 11:00:00+00:00,49.313,82.50392323413777,63.43926946838212,101.56857699989342,85.085
WARD_A,2025-06-03 10:00:00+00:00,2025-06-03 11:00:00+00:00,144.157,149.08054775310055,130.0158939873449,168.1452015188562,136.96
WARD_B,2025-06-03 10:00:00+00:00,2025-06-03 11:00:00+00:00,171.082,153.49587933478884,134.4312255690332,172.5605331005445,123.946
ICU,2025-06-03 11:00:00+00:00,2025-06-03 12:00:00+00:00,44.48,66.70528689768062,47.64063313192497,85.76994066343627,62.582
OPD,2025-06-03 11:00:00+00:00,2025-06-03 12:00:00+00:00,92.34,84.6506683576753,65.58601459191965,103.71532212343095,92.487
WARD_A,2025-06-03 11:00:00+00:00,2025-06-03 12:00:00+00:00,131.036,149.22105773407392,130.15640396831827,168.28571149982957,131.684
WARD_B,2025-06-03 11:00:00+00:00,2025-06-03 12:00:00+00:00,146.052,158.46426655600396,139.3996127902483,177.5289203217596,128.302
ICU,2025-06-03 12:00:00+00:00,2025-06-03 13:00:00+00:00,51.813,68.50698527337016,49.44233150761451,87.57163903912581,65.902
OPD,2025-06-03 12:00:00+00:00,2025-06-03 13:00:00+00:00,91.239,81.94193685473434,62.877283088978686,101.00659062048999,94.263
WARD_A,2025-06-03 12:00:00+00:00,2025-06-03 13:00:00+00:00,151.754,144.26301593906717,125.19836217331152,163.32766970482282,116.204
WARD_B,2025-06-03 12:00:00+00:00,2025-06-03 13:00:00+00:00,154.616,153.20055746091538,134.13590369515973,172.26521122667103,111.099
ICU,2025-06-03 13:00:00+00:00,2025-06-03 14:00:00+00:00,134.077,148.0319933108091,128.96733954505345,167.09664707656475,139.182
OPD,2025-06-03 13:00:00+00:00,2025-06-03 14:00:00+00:00,199.466,164.7704871960943,145.70583343033866,183.83514096184996,164.761
WARD_A,2025-06-03 13:00:00+00:00,2025-06-03 14:00:00+00:00,221.657,230.862550543418,211.79789677766234,249.92720430917365,222.432
WARD_B,2025-06-03 13:00:00+00:00,2025-06-03 14:00:00+00:00,242.959,234.1838753433069,215.11922157755126,253.24852910906256,227.891
ICU,2025-06-03 14:00:00+00:00,2025-06-03 15:00:00+00:00,53.045,64.49289119425055,45.428237428494896,83.5575449600062,59.017
OPD,2025-06-03 14:00:00+00:00,2025-06-03 15:00:00+00:00,113.936,124.25039932962737,105.18574556387172,143.315053095383,95.611
WARD_A,2025-06-03 14:00:00+00:00,2025-06-03 15:00:00+00:00,148.958,146.2088613918745,127.14420762611886,165.27351515763016,151.486
WARD_B,2025-06-03 14:00:00+00:00,2025-06-03 15:00:00+00:00,171.855,151.10956921227006,132.0449154465144,170.1742229780257,111.723
ICU,2025-06-03 15:00:00+00:00,2025-06-03 16:00:00+00:00,74.186,66.15266292304186,47.08800915728621,85.21731668879751,82.789
OPD,2025-06-03 15:00:00+00:00,2025-06-03 16:00:00+00:00,66.372,79.86974321495788,60.80508944920223,98.93439698071353,98.792
WARD_A,2025-06-03 15:00:00+00:00,2025-06-03 16:00:00+00:00,142.935,148.0799304803143,129.01527671455864,167.14458424606994,135.86
WARD_B,2025-06-03 15:00:00+00:00,2025-06-03 16:00:00+00:00,153.361,157.99990655657922,138.93525279082357,177.06456032233487,127.792
ICU,2025-06-03 16:00:00+00:00,2025-06-03 17:00:00+00:00,57.445,67.17611956493874,48.111465799183094,86.2407733306944,64.285
OPD,2025-06-03 16:00:00+00:00,2025-06-03 17:00:00+00:00,67.862,82.26390991356124,63.199256147805585,101.32856367931689,66.36
WARD_A,2025-06-03 16:00:00+00:00,2025-06-03 17:00:00+00:00,147.715,147.0722448889048,128.00759112314915,166.13689865466046,140.47
WARD_B,2025-06-03 16:00:00+00:00,2025-06-03 17:00:00+00:00,140.929,150.26367329557954,131.1990195298239,169.3283270613352,108.563
ICU,2025-06-03 17:00:00+00:00,2025-06-03 18:00:00+00:00,40.13,56.08401262390728,37.01935885815163,75.14866638966294,52.615
OPD,2025-06-03 17:00:00+00:00,2025-06-03 18:00:00+00:00,30.972,23.623382662308842,4.558728896553191,42.68803642806449,29.237
WARD_A,2025-06-03 17:00:00+00:00,2025-06-03 18:00:00+00:00,137.869,144.05276730407388,124.98811353831823,163.11742106982953,112.564
WARD_B,2025-06-03 17:00:00+00:00,2025-06-03 18:00:00+00:00,149.221,149.13991706218778,130.07526329643213,168.20457082794343,108.032
ICU,2025-06-03 18:00:00+00:00,2025-06-03 19:00:00+00:00,55.232,49.18702519457391,30.122371428818262,68.25167896032957,44.93
OPD,2025-06-03 18:00:00+00:00,2025-06-03 19:00:00+00:00,10.525,24.503508534344547,5.438854768588897,43.5681623001002,22.161
WARD_A,2025-06-03 18:00:00+00:00,2025-06-03 19:00:00+00:00,149.579,144.25572099760845,125.1910672318528,163.3203747633641,121.473
WARD_B,2025-06-03 18:00:00+00:00,2025-06-03 19:00:00+00:00,142.316,147.73264814611798,128.66799438036233,166.79730191187363,125.473
ICU,2025-06-03 19:00:00+00:00,2025-06-03 20:00:00+00:00,160.087,143.1608174792447,124.09616371348906,162.22547124500036,153.513
OPD,2025-06-03 19:00:00+00:00,2025-06-03 20:00:00+00:00,101.269,106.45616119988865,87.391507434133,125.5208149656443,100.149
WARD_A,2025-06-03 19:00:00+00:00,2025-06-03 20:00:00+00:00,217.81,222.76030727022643,203.69565350447078,241.82496103598208,203.569
WARD_B,2025-06-03 19:00:00+00:00,2025-06-03 20:00:00+00:00,239.299,225.18062974772542,206.11597598196977,244.24528351348107,202.838
ICU,2025-06-03 20:00:00+00:00,2025-06-03 21:00:00+00:00,42.046,58.78961127065404,39.72495750489839,77.85426503640969,61.654
OPD,2025-06-03 20:00:00+00:00,2025-06-03 21:00:00+00:00,9.958,23.832687544339606,4.7680337785839555,42.89734131009526,13.396
WARD_A,2025-06-03 20:00:00+00:00,2025-06-03 21:00:00+00:00,150.477,144.91125121010614,125.8465974443505,163.9759049758618,118.9
WARD_B,2025-06-03 20:00:00+00:00,2025-06-03 21:00:00+00:00,144.207,150.33042379129049,131.26577002553483,169.39507755704614,118.956
ICU,2025-06-03 21:00:00+00:00,2025-06-03 22:00:00+00:00,60.763,57.444640145173715,38.379986379418064,76.50929391092936,50.324
OPD,2025-06-03 21:00:00+00:00,2025-06-03 22:00:00+00:00,26.808,24.629189320570227,5.564535554814576,43.69384308632588,24.479
WARD_A,2025-06-03 21:00:00+00:00,2025-06-03 22:00:00+00:00,145.217,147.06170104339398,127.99704727763833,166.12635480914963,109.27
WARD_B,2025-06-03 21:00:00+00:00,2025-06-03 22:00:00+00:00,137.613,147.1430946987024,128.07844093294676,166.20774846445806,126.701
ICU,2025-06-03 22:00:00+00:00,2025-06-03 23:00:00+00:00,73.642,57.42901250527787,38.36435873952222,76.49366627103352,36.214
OPD,2025-06-03 22:00:00+00:00,2025-06-03 23:00:00+00:00,16.49,21.439698242372344,2.3750444766166936,40.504352008127995,11.712
WARD_A,2025-06-03 22:00:00+00:00,2025-06-03 23:00:00+00:00,154.628,144.3899846230485,125.32533085729284,163.45463838880414,109.527
WARD_B,2025-06-03 22:00:00+00:00,2025-06-03 23:00:00+00:00,146.882,149.62835620499257,130.56370243923692,168.69300997074822,113.003
ICU,2025-06-03 23:00:00+00:00,2025-06-04 00:00:00+00:00,60.705,57.26160220031253,38.19694843455688,76.32625596606817,48.793
OPD,2025-06-03 23:00:00+00:00,2025-06-04 00:00:00+00:00,31.945,20.885385785498002,1.8207320197423513,39.95003955125365,25.102
WARD_A,2025-06-03 23:00:00+00:00,2025-06-04 00:00:00+00:00,138.685,143.7925638819107,124.72791011615504,162.85721764766635,115.072
WARD_B,2025-06-03 23:00:00+00:00,2025-06-04 00:00:00+00:00,142.917,145.27555621323123,126.21090244747558,164.34020997898688,121.526
ICU,2025-06-04 00:00:00+00:00,2025-06-04 01:00:00+00:00,76.524,56.55967020616832,37.49501644041267,75.62432397192397,57.396
OPD,2025-06-04 00:00:00+00:00,2025-06-04 01:00:00+00:00,23.22,23.244799410846202,4.180145645090551,42.30945317660185,45.73
WARD_A,2025-06-04 00:00:00+00:00,2025-06-04 01:00:00+00:00,140.773,144.4677717132491,125.40311794749346,163.53242547900476,114.054
WARD_B,2025-06-04 00:00:00+00:00,2025-06-04 01:00:00+00:00,149.092,149.01287227314896,129.9482185073933,168.0775260389046,152.66
ICU,2025-06-04 01:00:00+00:00,2025-06-04 02:00:00+00:00,58.122,56.55967020616832,37.49501644041267,75.62432397192397,51.887
OPD,2025-06-04 01:00:00+00:00,2025-06-04 02:00:00+00:00,25.141,21.403488511884177,2.3388347461285264,40.46814227763983,12.241
WARD_A,2025-06-04 01:00:00+00:00,2025-06-04 02:00:00+00:00,145.417,144.5898200799334,125.52516631417774,163.65447384568904,99.244
WARD_B,2025-06-04 01:00:00+00:00,2025-06-04 02:00:00+00:00,161.83,154.43911817050105,135.3744644047454,173.5037719362567,120.936
ICU,2025-06-04 02:00:00+00:00,2025-06-04 03:00:00+00:00,70.368,59.82180269239684,40.757148926641186,78.88645645815248,66.635
OPD,2025-06-04 02:00:00+00:00,2025-06-04 03:00:00+00:00,25.961,21.628381543608228,2.563727777852577,40.69303530936388,35.583
WARD_A,2025-06-04 02:00:00+00:00,2025-06-04 03:00:00+00:00,139.078,144.93120155701675,125.8665477912611,163.9958553227724,109.412
WARD_B,2025-06-04 02:00:00+00:00,2025-06-04 03:00:00+00:00,159.494,152.88137588575634,133.8167221200007,171.946029651512,109.32
ICU,2025-06-04 03:00:00+00:00,2025-06-04 04:00:00+00:00,73.079,56.62000556824153,37.55535180248588,75.68465933399719,56.899
OPD,2025-06-04 03:00:00+00:00,2025-06-04 04:00:00+00:00,34.012,27.558088762543676,8.493434996788025,46.62274252829933,31.847
WARD_A,2025-06-04 03:00:00+00:00,2025-06-04 04:00:00+00:00,153.835,146.04022050220894,126.97556673645329,165.1048742679646,127.16
WARD_B,2025-06-04 03:00:00+00:00,2025-06-04 04:00:00+00:00,140.165,145.52721123315925,126.4625574674036,164.5918649989149,131.572
ICU,2025-06-04 04:00:00+00:00,2025-06-04 05:00:00+00:00,56.24,60.94872104933199,41.88406728357634,80.01337481508764,56.599
OPD,2025-06-04 04:00:00+00:00,2025-06-04 05:00:00+00:00,27.191,25.888109764821746,6.823455999066095,44.9527635305774,17.318
WARD_A,2025-06-04 04:00:00+00:00,2025-06-04 05:00:00+00:00,155.873,145.84158073002993,126.77692696427428,164.90623449578558,126.51
WARD_B,2025-06-04 04:00:00+00:00,2025-06-04 05:00:00+00:00,143.711,154.8545586923043,135.78990492654864,173.91921245805995,114.078
ICU,2025-06-04 05:00:00+00:00,2025-06-04 06:00:00+00:00,134.202,137.31667965284313,118.25202588708748,156.38133341859879,162.788
OPD,2025-06-04 05:00:00+00:00,2025-06-04 06:00:00+00:00,116.112,104.37121764892525,85.3065638831696,123.4358714146809,104.317
WARD_A,2025-06-04 05:00:00+00:00,2025-06-04 06:00:00+00:00,241.198,224.98399186592735,205.9193381001717,244.048645631683,206.895
WARD_B,2025-06-04 05:00:00+00:00,2025-06-04 06:00:00+00:00,248.851,229.04363775831922,209.97898399256357,248.10829152407487,213.52
ICU,2025-06-04 06:00:00+00:00,2025-06-04 07:00:00+00:00,50.786,57.64183548153995,38.5771817157843,76.7064892472956,57.44
OPD,2025-06-04 06:00:00+00:00,2025-06-04 07:00:00+00:00,17.085,26.278740450958225,7.214086685202574,45.343394216713875,17.935
WARD_A,2025-06-04 06:00:00+00:00,2025-06-04 07:00:00+00:00,139.004,155.90582226192538,136.84116849616973,174.97047602768103,130.005
WARD_B,2025-06-04 06:00:00+00:00,2025-06-04 07:00:00+00:00,137.757,203.64749559692382,184.58284183116817,222.71214936267947,112.987
ICU,2025-06-04 07:00:00+00:00,2025-06-04 08:00:00+00:00,45.047,64.31414279693625,45.2494890311806,83.3787965626919,62.876
OPD,2025-06-04 07:00:00+00:00,2025-06-04 08:00:00+00:00,98.885,73.98240457435605,54.9177508086004,93.0470583401117,99.731
WARD_A,2025-06-04 07:00:00+00:00,2025-06-04 08:00:00+00:00,146.018,147.42954184083615,128.3648880750805,166.4941956065918,118.769
WARD_B,2025-06-04 07:00:00+00:00,2025-06-04 08:00:00+00:00,142.366,150.2844578739102,131.21980410815456,169.34911163966586,127.568
ICU,2025-06-04 08:00:00+00:00,2025-06-04 09:00:00+00:00,70.853,66.89994922087227,47.83529545511662,85.96460298662792,58.057
OPD,2025-06-04 08:00:00+00:00,2025-06-04 09:00:00+00:00,59.903,82.31103537466639,63.24638160891074,101.37568914042204,57.458
WARD_A,2025-06-04 08:00:00+00:00,2025-06-04 09:00:00+00:00,151.582,147.66232332850643,128.59766956275078,166.72697709426208,123.637
WARD_B,2025-06-04 08:00:00+00:00,2025-06-04 09:00:00+00:00,142.607,149.5647552493965,130.50010148364086,168.62940901515216,136.048
ICU,2025-06-04 09:00:00+00:00,2025-06-04 10:00:00+00:00,74.694,65.58021223733635,46.515558471580704,84.644866003092,71.652
OPD,2025-06-04 09:00:00+00:00,2025-06-04 10:00:00+00:00,81.178,82.06382100338674,62.999167237631085,101.12847476914239,58.91
WARD_A,2025-06-04 09:00:00+00:00,2025-06-04 10:00:00+00:00,155.857,147.47178421447464,128.407130448719,166.5364379802303,127.352
WARD_B,2025-06-04 09:00:00+00:00,2025-06-04 10:00:00+00:00,145.371,149.28123773643662,130.21658397068097,168.34589150219227,128.938
ICU,2025-06-04 10:00:00+00:00,2025-06-04 11:00:00+00:00,71.534,66.45551370019331,47.39085993443766,85.52016746594896,67.961
OPD,2025-06-04 10:00:00+00:00,2025-06-04 11:00:00+00:00,83.712,82.09973378917182,63.03508002341617,101.16438755492747,76.349
WARD_A,2025-06-04 10:00:00+00:00,2025-06-04 11:00:00+00:00,155.394,149.1604694036825,130.09581563792685,168.22512316943815,114.757
WARD_B,2025-06-04 10:00:00+00:00,2025-06-04 11:00:00+00:00,119.492,151.90669179869457,132.84203803293892,170.97134556445022,125.944
ICU,2025-06-04 11:00:00+00:00,2025-06-04 12:00:00+00:00,65.118,67.14460557821772,48.07995181246207,86.20925934397337,50.972
OPD,2025-06-04 11:00:00+00:00,2025-06-04 12:00:00+00:00,91.061,81.8546584033462,62.790004637590556,100.91931216910186,93.632
WARD_A,2025-06-04 11:00:00+00:00,2025-06-04 12:00:00+00:00,156.375,149.85946074808612,130.79480698233047,168.92411451384177,108.87
WARD_B,2025-06-04 11:00:00+00:00,2025-06-04 12:00:00+00:00,137.221,150.21484831860107,131.15019455284542,169.27950208435672,116.265
ICU,2025-06-04 12:00:00+00:00,2025-06-04 13:00:00+00:00,76.961,67.28704575045792,48.22239198470227,86.35169951621357,65.711
OPD,2025-06-04 12:00:00+00:00,2025-06-04 13:00:00+00:00,64.654,81.5051747118847,62.440520946129055,100.56982847764036,81.174
WARD_A,2025-06-04 12:00:00+00:00,2025-06-04 13:00:00+00:00,165.405,151.7824737680672,132.71782000231156,170.84712753382286,126.391
WARD_B,2025-06-04 12:00:00+00:00,2025-06-04 13:00:00+00:00,155.741,147.22110109157026,128.1564473258146,166.2857548573259,144.793
ICU,2025-06-04 13:00:00+00:00,2025-06-04 14:00:00+00:00,158.482,151.1836410211727,132.11898725541704,170.24829478692834,138.661
OPD,2025-06-04 13:00:00+00:00,2025-06-04 14:00:00+00:00,205.849,163.40139859454237,144.33674482878672,182.46605236029802,159.165
WARD_A,2025-06-04 13:00:00+00:00,2025-06-04 14:00:00+00:00,216.919,234.63778751514104,215.5731337493854,253.7024412808967,205.608
WARD_B,2025-06-04 13:00:00+00:00,2025-06-04 14:00:00+00:00,229.221,233.50238461386328,214.43773084810763,252.56703837961894,205.103
ICU,2025-06-04 14:00:00+00:00,2025-06-04 15:00:00+00:00,61.663,66.24982105944991,47.18516729369426,85.31447482520556,59.239
OPD,2025-06-04 14:00:00+00:00,2025-06-04 15:00:00+00:00,59.955,125.74695920892206,106.68230544316641,144.8116129746777,61.892
WARD_A,2025-06-04 14:00:00+00:00,2025-06-04 15:00:00+00:00,163.692,150.03907007812,130.97441631236435,169.10372384387566,123.098
WARD_B,2025-06-04 14:00:00+00:00,2025-06-04 15:00:00+00:00,167.861,149.54249866019873,130.47784489444308,168.60715242595438,141.875
ICU,2025-06-04 15:00:00+00:00,2025-06-04 16:00:00+00:00,67.278,69.03897060985707,49.97431684410142,88.10362437561272,78.613
OPD,2025-06-04 15:00:00+00:00,2025-06-04 16:00:00+00:00,104.668,80.94201331535784,61.87735954960219,100.00666708111349,93.053
WARD_A,2025-06-04 15:00:00+00:00,2025-06-04 16:00:00+00:00,164.787,152.5112967215825,133.44664295582686,171.57595048733816,143.055
WARD_B,2025-06-04 15:00:00+00:00,2025-06-04 16:00:00+00:00,155.396,151.34651404540577,132.28186027965012,170.41116781116142,130.451
ICU,2025-06-04 16:00:00+00:00,2025-06-04 17:00:00+00:00,84.98,68.18414093028615,49.1194871645305,87.2487946960418,73.74
OPD,2025-06-04 16:00:00+00:00,2025-06-04 17:00:00+00:00,97.24,81.15873517443123,62.09408140867558,100.22338894018688,63.602
WARD_A,2025-06-04 16:00:00+00:00,2025-06-04 17:00:00+00:00,165.84,153.36428852133682,134.29963475558117,172.42894228709247,122.623
WARD_B,2025-06-04 16:00:00+00:00,2025-06-04 17:00:00+00:00,149.478,150.0156234771842,130.95096971142854,169.08027724293984,138.028
ICU,2025-06-04 17:00:00+00:00,2025-06-04 18:00:00+00:00,68.377,56.72671239495574,37.66205862920009,75.79136616071139,58.162
OPD,2025-06-04 17:00:00+00:00,2025-06-04 18:00:00+00:00,31.633,22.10113268655837,3.0364789208027183,41.16578645231402,16.239
WARD_A,2025-06-04 17:00:00+00:00,2025-06-04 18:00:00+00:00,154.264,149.393479122465,130.32882535670936,168.45813288822066,95.753
WARD_B,2025-06-04 17:00:00+00:00,2025-06-04 18:00:00+00:00,151.953,147.62057914569348,128.55592537993783,166.68523291144913,126.994
ICU,2025-06-04 18:00:00+00:00,2025-06-04 19:00:00+00:00,53.381,60.39953492776971,41.33488116201406,79.46418869352536,66.456
OPD,2025-06-04 18:00:00+00:00,2025-06-04 19:00:00+00:00,4.213,24.413474051731136,5.348820285975485,43.47812781748679,18.757
WARD_A,2025-06-04 18:00:00+00:00,2025-06-04 19:00:00+00:00,156.95,148.1650828129028,129.10042904714714,167.22973657865845,122.793
WARD_B,2025-06-04 18:00:00+00:00,2025-06-04 19:00:00+00:00,151.072,147.56039581781948,128.49574205206383,166.62504958357513,133.757
ICU,2025-06-04 19:00:00+00:00,2025-06-04 20:00:00+00:00,145.744,142.8750310735195,123.81037730776384,161.93968483927515,145.308
OPD,2025-06-04 19:00:00+00:00,2025-06-04 20:00:00+00:00,98.284,107.55034495642994,88.48569119067429,126.61499872218559,121.699
WARD_A,2025-06-04 19:00:00+00:00,2025-06-04 20:00:00+00:00,224.861,223.8521370864827,204.78748332072706,242.91679085223836,215.115
WARD_B,2025-06-04 19:00:00+00:00,2025-06-04 20:00:00+00:00,225.764,221.53984279540103,202.47518902964538,240.60449656115668,205.747
ICU,2025-06-04 20:00:00+00:00,2025-06-04 21:00:00+00:00,62.507,60.22089874442869,41.15624497867304,79.28555251018435,45.696
OPD,2025-06-04 20:00:00+00:00,2025-06-04 21:00:00+00:00,27.322,22.94659338557674,3.8819396198210896,42.01124715133239,13.982
WARD_A,2025-06-04 20:00:00+00:00,2025-06-04 21:00:00+00:00,154.568,145.60619385374017,126.54154008798452,164.67084761949582,131.485
WARD_B,2025-06-04 20:00:00+00:00,2025-06-04 21:00:00+00:00,162.126,145.2032940596621,126.13864029390646,164.26794782541776,127.091
ICU,2025-06-04 21:00:00+00:00,2025-06-04 22:00:00+00:00,57.731,61.180634593398985,42.115980827643334,80.24528835915464,74.412
OPD,2025-06-04 21:00:00+00:00,2025-06-04 22:00:00+00:00,26.733,21.652688071103437,2.5880343053477866,40.71734183685909,31.608
WARD_A,2025-06-04 21:00:00+00:00,2025-06-04 22:00:00+00:00,155.132,149.80918450602644,130.7445307402708,168.8738382717821,121.86
WARD_B,2025-06-04 21:00:00+00:00,2025-06-04 22:00:00+00:00,134.913,148.3942770393199,129.32962327356424,167.45893080507554,105.313
ICU,2025-06-04 22:00:00+00:00,2025-06-04 23:00:00+00:00,61.624,61.29417047436419,42.22951670860854,80.35882424011984,55.249
OPD,2025-06-04 22:00:00+00:00,2025-06-04 23:00:00+00:00,26.903,23.882922256264106,4.818268490508455,42.94757602201976,17.017
WARD_A,2025-06-04 22:00:00+00:00,2025-06-04 23:00:00+00:00,165.056,147.81649692221566,128.75184315646,166.8811506879713,139.901
WARD_B,2025-06-04 22:00:00+00:00,2025-06-04 23:00:00+00:00,152.698,146.3037746804281,127.23912091467244,165.36842844618374,126.26
ICU,2025-06-04 23:00:00+00:00,2025-06-05 00:00:00+00:00,61.009,60.55168532479086,41.48703155903521,79.61633909054652,38.452
OPD,2025-06-04 23:00:00+00:00,2025-06-05 00:00:00+00:00,11.518,22.139355290651718,3.074701524896067,41.20400905640737,24.993
WARD_A,2025-06-04 23:00:00+00:00,2025-06-05 00:00:00+00:00,145.679,148.57664666262133,129.51199289686568,167.64130042837698,119.603
WARD_B,2025-06-04 23:00:00+00:00,2025-06-05 00:00:00+00:00,123.291,147.81941014347646,128.7547563777208,166.8840639092321,128.84
ICU,2025-06-05 00:00:00+00:00,2025-06-05 01:00:00+00:00,73.253,58.67152891370825,39.6068751479526,77.7361826794639,43.703
OPD,2025-06-05 00:00:00+00:00,2025-06-05 01:00:00+00:00,0.0,24.932976527746124,5.868322761990473,43.99763029350177,17.609
WARD_A,2025-06-05 00:00:00+00:00,2025-06-05 01:00:00+00:00,165.176,146.25213601066744,127.18748224491179,165.3167897764231,107.6
WARD_B,2025-06-05 00:00:00+00:00,2025-06-05 01:00:00+00:00,150.061,147.18251965907663,128.11786589332098,166.24717342483228,130.402
ICU,2025-06-05 01:00:00+00:00,2025-06-05 02:00:00+00:00,69.728,58.37513963522291,39.31048586946726,77.43979340097856,65.521
OPD,2025-06-05 01:00:00+00:00,2025-06-05 02:00:00+00:00,32.927,23.80170005428416,4.737046288528511,42.86635382003981,29.009
WARD_A,2025-06-05 01:00:00+00:00,2025-06-05 02:00:00+00:00,132.98,147.8394672231727,128.77481345741705,166.90412098892836,111.913
WARD_B,2025-06-05 01:00:00+00:00,2025-06-05 02:00:00+00:00,156.055,146.59896088628656,127.53430712053091,165.6636146520422,112.785
ICU,2025-06-05 02:00:00+00:00,2025-06-05 03:00:00+00:00,53.224,59.16753952732563,40.10288576156998,78.23219329308128,46.133
OPD,2025-06-05 02:00:00+00:00,2025-06-05 03:00:00+00:00,22.108,21.387512930019994,2.3228591642643437,40.452166695775645,11.283
WARD_A,2025-06-05 02:00:00+00:00,2025-06-05 03:00:00+00:00,144.202,148.44814710445843,129.38349333870278,167.51280087021408,111.094
WARD_B,2025-06-05 02:00:00+00:00,2025-06-05 03:00:00+00:00,135.592,149.3078192436258,130.24316547787015,168.37247300938145,127.926
ICU,2025-06-05 03:00:00+00:00,2025-06-05 04:00:00+00:00,68.052,58.63769449861789,39.57304073286224,77.70234826437354,67.294
OPD,2025-06-05 03:00:00+00:00,2025-06-05 04:00:00+00:00,26.814,27.411472401667975,8.346818635912324,46.47612616742363,15.226
WARD_A,2025-06-05 03:00:00+00:00,2025-06-05 04:00:00+00:00,149.099,152.42595256995187,133.36129880419622,171.49060633570753,140.884
WARD_B,2025-06-05 03:00:00+00:00,2025-06-05 04:00:00+00:00,128.493,145.12165878654113,126.05700502078548,164.18631255229678,123.005
ICU,2025-06-05 04:00:00+00:00,2025-06-05 05:00:00+00:00,63.469,57.29295842956289,38.228304663807236,76.35761219531854,59.448
OPD,2025-06-05 04:00:00+00:00,2025-06-05 05:00:00+00:00,14.943,25.982362017534278,6.9177082517786275,45.04701578328993,16.758
WARD_A,2025-06-05 04:00:00+00:00,2025-06-05 05:00:00+00:00,153.495,147.1717078695543,128.10705410379865,166.23636163530995,128.748
WARD_B,2025-06-05 04:00:00+00:00,2025-06-05 05:00:00+00:00,152.245,143.49082790717677,124.42617414142111,162.55548167293242,131.874
ICU,2025-06-05 05:00:00+00:00,2025-06-05 06:00:00+00:00,144.257,146.7857649098715,127.72111114411584,165.85041867562714,147.211
OPD,2025-06-05 05:00:00+00:00,2025-06-05 06:00:00+00:00,106.719,103.3580906697704,84.29343690401475,122.42274443552606,109.259
WARD_A,2025-06-05 05:00:00+00:00,2025-06-05 06:00:00+00:00,240.756,228.3705290597789,209.30587529402325,247.43518282553455,214.454
WARD_B,2025-06-05 05:00:00+00:00,2025-06-05 06:00:00+00:00,236.588,222.75861245531442,203.69395868955877,241.82326622107007,206.279
ICU,2025-06-05 06:00:00+00:00,2025-06-05 07:00:00+00:00,60.829,57.52809321272733,38.46343944697168,76.59274697848298,56.746
OPD,2025-06-05 06:00:00+00:00,2025-06-05 07:00:00+00:00,9.105,26.060766218585847,6.996112452830197,45.1254199843415,22.105
WARD_A,2025-06-05 06:00:00+00:00,2025-06-05 07:00:00+00:00,142.393,151.51101911377702,132.44636534802137,170.57567287953268,120.296
WARD_B,2025-06-05 06:00:00+00:00,2025-06-05 07:00:00+00:00,120.214,155.7657263458914,136.70107258013576,174.83038011164706,124.53
ICU,2025-06-05 07:00:00+00:00,2025-06-05 08:00:00+00:00,49.018,68.69395016502048,49.62929639926483,87.75860393077613,63.187
OPD,2025-06-05 07:00:00+00:00,2025-06-05 08:00:00+00:00,69.644,73.78201992942773,54.71736616367208,92.84667369518338,55.503
WARD_A,2025-06-05 07:00:00+00:00,2025-06-05 08:00:00+00:00,136.193,150.0658068226879,131.00115305693225,169.13046058844355,138.474
WARD_B,2025-06-05 07:00:00+00:00,2025-06-05 08:00:00+00:00,161.346,143.3467494488181,124.28209568306244,162.41140321457374,143.841
ICU,2025-06-05 08:00:00+00:00,2025-06-05 09:00:00+00:00,46.521,68.9332123579325,49.86855859217685,87.99786612368815,63.833
OPD,2025-06-05 08:00:00+00:00,2025-06-05 09:00:00+00:00,98.884,81.66527769558319,62.600623929827535,100.72993146133884,81.026
WARD_A,2025-06-05 08:00:00+00:00,2025-06-05 09:00:00+00:00,159.358,151.09837953501452,132.03372576925887,170.16303330077017,125.25
WARD_B,2025-06-05 08:00:00+00:00,2025-06-05 09:00:00+00:00,130.326,147.99927628139952,128.93462251564387,167.06393004715517,124.743
ICU,2025-06-05 09:00:00+00:00,2025-06-05 10:00:00+00:00,67.713,70.78478283118052,51.72012906542487,89.84943659693617,58.692
OPD,2025-06-05 09:00:00+00:00,2025-06-05 10:00:00+00:00,74.905,82.06382100338674,62.999167237631085,101.12847476914239,83.134
WARD_A,2025-06-05 09:00:00+00:00,2025-06-05 10:00:00+00:00,146.735,151.39774909273032,132.33309532697467,170.46240285848597,133.28
WARD_B,2025-06-05 09:00:00+00:00,2025-06-05 10:00:00+00:00,146.904,146.54616491246662,127.48151114671097,165.61081867822227,141.648
ICU,2025-06-05 10:00:00+00:00,2025-06-05 11:00:00+00:00,69.077,69.43947130502777,50.374817539272115,88.50412507078342,52.576
OPD,2025-06-05 10:00:00+00:00,2025-06-05 11:00:00+00:00,109.441,83.669841856123,64.60518809036735,102.73449562187865,84.561
WARD_A,2025-06-05 10:00:00+00:00,2025-06-05 11:00:00+00:00,151.085,152.14484999469212,133.08019622893647,171.20950376044777,137.75
WARD_B,2025-06-05 10:00:00+00:00,2025-06-05 11:00:00+00:00,139.471,149.0283294372169,129.96367567146126,168.09298320297256,128.472
ICU,2025-06-05 11:00:00+00:00,2025-06-05 12:00:00+00:00,50.286,69.30222864615796,50.237574880402306,88.36688241191361,62.068
OPD,2025-06-05 11:00:00+00:00,2025-06-05 12:00:00+00:00,86.036,83.98541563176748,64.92076186601183,103.05006939752313,80.526
WARD_A,2025-06-05 11:00:00+00:00,2025-06-05 12:00:00+00:00,161.907,152.56624762644444,133.50159386068879,171.6309013922001,127.585
WARD_B,2025-06-05 11:00:00+00:00,2025-06-05 12:00:00+00:00,146.704,146.33573999246346,127.27108622670781,165.4003937582191,135.524
ICU,2025-06-05 12:00:00+00:00,2025-06-05 13:00:00+00:00,56.824,68.4686104839022,49.403956718146546,87.53326424965785,39.664
OPD,2025-06-05 12:00:00+00:00,2025-06-05 13:00:00+00:00,52.021,81.76049180542215,62.6958380396665,100.8251455711778,81.802
WARD_A,2025-06-05 12:00:00+00:00,2025-06-05 13:00:00+00:00,143.908,152.88426709604286,133.8196133302872,171.9489208617985,114.516
WARD_B,2025-06-05 12:00:00+00:00,2025-06-05 13:00:00+00:00,137.233,148.035902215417,128.97124844966135,167.10055598117265,119.528
ICU,2025-06-05 13:00:00+00:00,2025-06-05 14:00:00+00:00,160.997,156.13327160422895,137.0686178384733,175.1979253699846,149.152
OPD,2025-06-05 13:00:00+00:00,2025-06-05 14:00:00+00:00,144.213,162.84610383346163,143.78145006770598,181.91075759921728,177.385
WARD_A,2025-06-05 13:00:00+00:00,2025-06-05 14:00:00+00:00,239.684,236.36004622266748,217.29539245691183,255.42469998842313,211.531
WARD_B,2025-06-05 13:00:00+00:00,2025-06-05 14:00:00+00:00,241.872,231.83181720181798,212.76716343606233,250.89647096757363,231.474
ICU,2025-06-05 14:00:00+00:00,2025-06-05 15:00:00+00:00,68.763,68.40219671407338,49.33754294831773,87.46685047982903,58.276
OPD,2025-06-05 14:00:00+00:00,2025-06-05 15:00:00+00:00,96.684,80.79112277074996,61.726469004994314,99.85577653650562,64.586
WARD_A,2025-06-05 14:00:00+00:00,2025-06-05 15:00:00+00:00,136.714,156.76260266228053,137.69794889652488,175.82725642803618,151.232
WARD_B,2025-06-05 14:00:00+00:00,2025-06-05 15:00:00+00:00,133.312,142.94170780917483,123.87705404341918,162.00636157493048,139.948
ICU,2025-06-05 15:00:00+00:00,2025-06-05 16:00:00+00:00,72.274,70.17061224343365,51.105958477678,89.2352660091893,62.914
OPD,2025-06-05 15:00:00+00:00,2025-06-05 16:00:00+00:00,97.588,81.2352353135001,62.17058154774445,100.29988907925575,93.698
WARD_A,2025-06-05 15:00:00+00:00,2025-06-05 16:00:00+00:00,144.888,150.2353306546464,131.17067688889074,169.29998442040204,120.57
WARD_B,2025-06-05 15:00:00+00:00,2025-06-05 16:00:00+00:00,124.443,143.31948582856717,124.25483206281152,162.38413959432282,127.636
ICU,2025-06-05 16:00:00+00:00,2025-06-05 17:00:00+00:00,71.825,68.37787365702015,49.313219891264495,87.4425274227758,55.365
OPD,2025-06-05 16:00:00+00:00,2025-06-05 17:00:00+00:00,86.852,81.02467576011698,61.96002199436133,100.08932952587263,76.584
WARD_A,2025-06-05 16:00:00+00:00,2025-06-05 17:00:00+00:00,163.37,148.0741689669143,129.00951520115865,167.13882273266995,134.364
WARD_B,2025-06-05 16:00:00+00:00,2025-06-05 17:00:00+00:00,165.522,142.2396921669645,123.17503840120884,161.30434593272014,130.401
ICU,2025-06-05 17:00:00+00:00,2025-06-05 18:00:00+00:00,58.349,58.32423351731897,39.25957975156332,77.38888728307462,47.494
OPD,2025-06-05 17:00:00+00:00,2025-06-05 18:00:00+00:00,12.7,25.178806346269564,6.114152580513913,44.24346011202522,25.283
WARD_A,2025-06-05 17:00:00+00:00,2025-06-05 18:00:00+00:00,155.226,147.96061357211892,128.89595980636327,167.02526733787457,111.819
WARD_B,2025-06-05 17:00:00+00:00,2025-06-05 18:00:00+00:00,144.761,143.44818274877798,124.38352898302233,162.51283651453363,125.85
ICU,2025-06-05 18:00:00+00:00,2025-06-05 19:00:00+00:00,71.912,60.55631128747408,41.49165752171843,79.62096505322972,50.154
OPD,2025-06-05 18:00:00+00:00,2025-06-05 19:00:00+00:00,17.647,23.14587171944549,4.0812179536898405,42.210525485201146,29.119
WARD_A,2025-06-05 18:00:00+00:00,2025-06-05 19:00:00+00:00,149.256,147.36868229904638,128.30402853329073,166.43333606480203,111.861
WARD_B,2025-06-05 18:00:00+00:00,2025-06-05 19:00:00+00:00,140.233,143.93785141001007,124.87319764425442,163.00250517576572,136.426
ICU,2025-06-05 19:00:00+00:00,2025-06-05 20:00:00+00:00,150.786,142.83676996212245,123.7721161963668,161.9014237278781,146.889
OPD,2025-06-05 19:00:00+00:00,2025-06-05 20:00:00+00:00,107.353,104.78598795035121,85.72133418459556,123.85064171610686,104.469
WARD_A,2025-06-05 19:00:00+00:00,2025-06-05 20:00:00+00:00,227.854,222.14655077829164,203.081897012536,241.2112045440473,202.846
WARD_B,2025-06-05 19:00:00+00:00,2025-06-05 20:00:00+00:00,235.042,221.63325562006779,202.56860185431213,240.69790938582344,223.58
ICU,2025-06-05 20:00:00+00:00,2025-06-05 21:00:00+00:00,60.16,59.057895131216966,39.993241365461316,78.12254889697262,46.658
OPD,2025-06-05 20:00:00+00:00,2025-06-05 21:00:00+00:00,7.027,22.828984428789973,3.764330663034322,41.89363819454562,31.707
WARD_A,2025-06-05 20:00:00+00:00,2025-06-05 21:00:00+00:00,154.881,145.2836383854036,126.21898461964796,164.34829215115926,117.462
WARD_B,2025-06-05 20:00:00+00:00,2025-06-05 21:00:00+00:00,155.16,144.49404978002337,125.42939601426772,163.55870354577903,131.887
ICU,2025-06-05 21:00:00+00:00,2025-06-05 22:00:00+00:00,66.171,62.58971251299089,43.52505874723524,81.65436627874655,79.184
OPD,2025-06-05 21:00:00+00:00,2025-06-05 22:00:00+00:00,12.281,22.130468689210932,3.0658149234552816,41.19512245496658,8.113
WARD_A,2025-06-05 21:00:00+00:00,2025-06-05 22:00:00+00:00,140.705,146.4618447350061,127.39719096925046,165.52649850076176,112.975
WARD_B,2025-06-05 21:00:00+00:00,2025-06-05 22:00:00+00:00,130.09,142.91592329968125,123.8512695339256,161.9805770654369,137.107
ICU,2025-06-05 22:00:00+00:00,2025-06-05 23:00:00+00:00,69.74,61.37524591393755,42.3105921481819,80.4398996796932,52.093
OPD,2025-06-05 22:00:00+00:00,2025-06-05 23:00:00+00:00,17.589,21.148103786248683,2.083450020493032,40.212757552004334,27.186
WARD_A,2025-06-05 22:00:00+00:00,2025-06-05 23:00:00+00:00,149.436,143.27881275094558,124.21415898518993,162.34346651670123,140.76
WARD_B,2025-06-05 22:00:00+00:00,2025-06-05 23:00:00+00:00,146.068,142.02899314736246,122.9643393816068,161.0936469131181,122.882
ICU,2025-06-05 23:00:00+00:00,2025-06-06 00:00:00+00:00,57.404,63.257446505550995,44.192792739795344,82.32210027130665,46.072
OPD,2025-06-05 23:00:00+00:00,2025-06-06 00:00:00+00:00,25.879,21.268588413737678,2.2039346479820274,40.333242179493325,13.157
WARD_A,2025-06-05 23:00:00+00:00,2025-06-06 00:00:00+00:00,140.511,146.8034895797864,127.73883581403075,165.86814334554205,122.821
WARD_B,2025-06-05 23:00:00+00:00,2025-06-06 00:00:00+00:00,135.36,142.6069838150043,123.54233004924865,161.67163758075995,118.854
ICU,2025-06-06 00:00:00+00:00,2025-06-06 01:00:00+00:00,69.803,64.35148324571072,45.286829479955074,83.41613701146638,57.305
OPD,2025-06-06 00:00:00+00:00,2025-06-06 01:00:00+00:00,21.656,21.35247498485828,2.2878212191026286,40.41712875061393,4.123
WARD_A,2025-06-06 00:00:00+00:00,2025-06-06 01:00:00+00:00,143.228,145.24727590797164,126.18262214221599,164.3119296737273,121.646
WARD_B,2025-06-06 00:00:00+00:00,2025-06-06 01:00:00+00:00,137.619,137.90346537221862,118.83881160646297,156.96811913797427,123.864
ICU,2025-06-06 01:00:00+00:00,2025-06-06 02:00:00+00:00,67.921,58.63119097438933,39.566537208633676,77.69584474014498,48.892
OPD,2025-06-06 01:00:00+00:00,2025-06-06 02:00:00+00:00,27.483,21.20027726370343,2.1356234979477797,40.26493102945908,11.521
WARD_A,2025-06-06 01:00:00+00:00,2025-06-06 02:00:00+00:00,149.677,146.06177053638393,126.99711677062828,165.12642430213958,111.261
WARD_B,2025-06-06 01:00:00+00:00,2025-06-06 02:00:00+00:00,124.4,142.16108827539915,123.0964345096435,161.2257420411548,131.488
ICU,2025-06-06 02:00:00+00:00,2025-06-06 03:00:00+00:00,61.118,61.2565181223927,42.19186435663705,80.32117188814834,51.625
OPD,2025-06-06 02:00:00+00:00,2025-06-06 03:00:00+00:00,14.899,21.20027726370343,2.1356234979477797,40.26493102945908,7.166
WARD_A,2025-06-06 02:00:00+00:00,2025-06-06 03:00:00+00:00,142.152,145.1754312208246,126.11077745506896,164.24008498658026,138.534
WARD_B,2025-06-06 02:00:00+00:00,2025-06-06 03:00:00+00:00,137.873,139.69657712454722,120.63192335879157,158.76123089030287,118.842
ICU,2025-06-06 03:00:00+00:00,2025-06-06 04:00:00+00:00,77.95,57.92319455039944,38.858540784643786,76.9878483161551,62.288
OPD,2025-06-06 03:00:00+00:00,2025-06-06 04:00:00+00:00,32.213,27.110722481154035,8.046068715398384,46.175376246909686,33.299
WARD_A,2025-06-06 03:00:00+00:00,2025-06-06 04:00:00+00:00,150.931,148.1440422273854,129.07938846162975,167.20869599314105,114.922
WARD_B,2025-06-06 03:00:00+00:00,2025-06-06 04:00:00+00:00,139.114,140.69412600277076,121.62947223701511,159.7587797685264,146.168
ICU,2025-06-06 04:00:00+00:00,2025-06-06 05:00:00+00:00,55.345,64.02928329554501,44.96462952978936,83.09393706130066,62.906
OPD,2025-06-06 04:00:00+00:00,2025-06-06 05:00:00+00:00,27.407,25.711483758200572,6.646829992444921,44.77613752395622,15.669
WARD_A,2025-06-06 04:00:00+00:00,2025-06-06 05:00:00+00:00,149.405,150.04837704127968,130.98372327552403,169.11303080703533,122.527
WARD_B,2025-06-06 04:00:00+00:00,2025-06-06 05:00:00+00:00,134.965,143.05887536990846,123.99422160415281,162.1235291356641,127.152
ICU,2025-06-06 05:00:00+00:00,2025-06-06 06:00:00+00:00,149.319,146.6782915789106,127.61363781315495,165.74294534466625,147.929
OPD,2025-06-06 05:00:00+00:00,2025-06-06 06:00:00+00:00,104.104,105.5907464292867,86.52609266353105,124.65540019504235,110.475
WARD_A,2025-06-06 05:00:00+00:00,2025-06-06 06:00:00+00:00,211.454,226.3964827060311,207.33182894027544,245.46113647178674,209.915
WARD_B,2025-06-06 05:00:00+00:00,2025-06-06 06:00:00+00:00,212.032,219.3285096295317,200.26385586377606,238.39316339528736,208.602
ICU,2025-06-06 06:00:00+00:00,2025-06-06 07:00:00+00:00,60.242,61.51075205359303,42.44609828783738,80.57540581934867,64.414
OPD,2025-06-06 06:00:00+00:00,2025-06-06 07:00:00+00:00,18.041,26.060766218585847,6.996112452830197,45.1254199843415,17.201
WARD_A,2025-06-06 06:00:00+00:00,2025-06-06 07:00:00+00:00,158.137,146.6794239198176,127.61477015406194,165.74407768557325,116.625
WARD_B,2025-06-06 06:00:00+00:00,2025-06-06 07:00:00+00:00,132.79,140.14821482455216,121.0835610587965,159.2128685903078,144.918
ICU,2025-06-06 07:00:00+00:00,2025-06-06 08:00:00+00:00,66.465,69.2655182031608,50.200864437405144,88.33017196891645,63.093
OPD,2025-06-06 07:00:00+00:00,2025-06-06 08:00:00+00:00,95.488,73.78201992942773,54.71736616367208,92.84667369518338,90.192
WARD_A,2025-06-06 07:00:00+00:00,2025-06-06 08:00:00+00:00,168.809,149.33897195936714,130.2743181936115,168.4036257251228,133.705
WARD_B,2025-06-06 07:00:00+00:00,2025-06-06 08:00:00+00:00,135.262,140.62726804656646,121.5626142808108,159.6919218123221,130.939
ICU,2025-06-06 08:00:00+00:00,2025-06-06 09:00:00+00:00,85.359,67.38289907562329,48.318245309867635,86.44755284137894,52.961
OPD,2025-06-06 08:00:00+00:00,2025-06-06 09:00:00+00:00,72.077,81.66527769558319,62.600623929827535,100.72993146133884,55.081
WARD_A,2025-06-06 08:00:00+00:00,2025-06-06 09:00:00+00:00,135.631,150.77369071384624,131.70903694809058,169.8383444796019,140.681
WARD_B,2025-06-06 08:00:00+00:00,2025-06-06 09:00:00+00:00,132.159,138.48035666254765,119.415702896792,157.5450104283033,140.785
ICU,2025-06-06 09:00:00+00:00,2025-06-06 10:00:00+00:00,65.136,69.3939938207019,50.32934005494624,88.45864758645754,67.169
OPD,2025-06-06 09:00:00+00:00,2025-06-06 10:00:00+00:00,80.281,81.99799964974422,62.933345883988565,101.06265341549987,66.613
WARD_A,2025-06-06 09:00:00+00:00,2025-06-06 10:00:00+00:00,136.393,150.00751133323857,130.94285756748292,169.07216509899422,118.508
WARD_B,2025-06-06 09:00:00+00:00,2025-06-06 10:00:00+00:00,148.205,136.16569100372377,117.10103723796811,155.23034476947942,130.799
ICU,2025-06-06 10:00:00+00:00,2025-06-06 11:00:00+00:00,87.544,69.33199797406688,50.26734420831123,88.39665173982253,42.887
OPD,2025-06-06 10:00:00+00:00,2025-06-06 11:00:00+00:00,83.729,82.0339124355293,62.96925866977365,101.09856620128495,105.461
WARD_A,2025-06-06 10:00:00+00:00,2025-06-06 11:00:00+00:00,138.559,151.04626703054032,131.98161326478467,170.11092079629597,102.381
WARD_B,2025-06-06 10:00:00+00:00,2025-06-06 11:00:00+00:00,134.491,140.7317085807716,121.66705481501594,159.79636234652725,149.888
ICU,2025-06-06 11:00:00+00:00,2025-06-06 12:00:00+00:00,65.598,66.73584710219109,47.67119333643544,85.80050086794674,50.376
OPD,2025-06-06 11:00:00+00:00,2025-06-06 12:00:00+00:00,83.747,82.98763073289877,63.922976967143114,102.05228449865442,82.59
WARD_A,2025-06-06 11:00:00+00:00,2025-06-06 12:00:00+00:00,146.389,150.35461906399584,131.2899652982402,169.4192728297515,148.701
WARD_B,2025-06-06 11:00:00+00:00,2025-06-06 12:00:00+00:00,146.094,138.8418621001156,119.77720833435995,157.90651586587126,128.968
ICU,2025-06-06 12:00:00+00:00,2025-06-06 13:00:00+00:00,73.585,67.93294303193414,48.86828926617849,86.9975967976898,59.234
OPD,2025-06-06 12:00:00+00:00,2025-06-06 13:00:00+00:00,83.775,82.53931053115254,63.47465676539689,101.60396429690819,102.947
WARD_A,2025-06-06 12:00:00+00:00,2025-06-06 13:00:00+00:00,140.392,150.83161181333446,131.7669580475788,169.8962655790901,119.929
WARD_B,2025-06-06 12:00:00+00:00,2025-06-06 13:00:00+00:00,140.763,143.55530132876515,124.4906475630095,162.6199550945208,159.244
ICU,2025-06-06 13:00:00+00:00,2025-06-06 14:00:00+00:00,150.721,156.46739667401005,137.4027429082544,175.5320504397657,145.323
OPD,2025-06-06 13:00:00+00:00,2025-06-06 14:00:00+00:00,168.57,162.0374625851672,142.97280881941154,181.10211635092284,158.896
WARD_A,2025-06-06 13:00:00+00:00,2025-06-06 14:00:00+00:00,222.621,230.29823634325066,211.233582577495,249.36289010900632,193.584
WARD_B,2025-06-06 13:00:00+00:00,2025-06-06 14:00:00+00:00,235.718,228.01698012587318,208.95232636011752,247.08163389162883,214.478
ICU,2025-06-06 14:00:00+00:00,2025-06-06 15:00:00+00:00,73.369,68.40012211484964,49.335468349093986,87.46477588060529,52.371
OPD,2025-06-06 14:00:00+00:00,2025-06-06 15:00:00+00:00,83.647,81.96251771363947,62.89786394788382,101.02717147939512,52.022
WARD_A,2025-06-06 14:00:00+00:00,2025-06-06 15:00:00+00:00,151.68,145.3603194341417,126.29566566838605,164.42497319989735,131.725
WARD_B,2025-06-06 14:00:00+00:00,2025-06-06 15:00:00+00:00,133.054,146.59305729394913,127.52840352819348,165.65771105970478,146.983
ICU,2025-06-06 15:00:00+00:00,2025-06-06 16:00:00+00:00,54.761,70.3854638115944,51.320810045838755,89.45011757735006,48.959
OPD,2025-06-06 15:00:00+00:00,2025-06-06 16:00:00+00:00,63.292,81.2352353135001,62.17058154774445,100.29988907925575,87.984
WARD_A,2025-06-06 15:00:00+00:00,2025-06-06 16:00:00+00:00,166.179,146.4282258739767,127.36357210822104,165.49287963973234,160.574
WARD_B,2025-06-06 15:00:00+00:00,2025-06-06 16:00:00+00:00,137.588,138.46494074662542,119.40028698086977,157.52959451238107,155.082
ICU,2025-06-06 16:00:00+00:00,2025-06-06 17:00:00+00:00,74.64,68.49985028986421,49.43519652410856,87.56450405561986,54.22
OPD,2025-06-06 16:00:00+00:00,2025-06-06 17:00:00+00:00,102.522,81.02467576011698,61.96002199436133,100.08932952587263,92.541
WARD_A,2025-06-06 16:00:00+00:00,2025-06-06 17:00:00+00:00,146.615,150.7008420366815,131.63618827092586,169.76549580243716,130.641
WARD_B,2025-06-06 16:00:00+00:00,2025-06-06 17:00:00+00:00,133.496,143.19787135849936,124.1332175927437,162.262525124255,147.413
ICU,2025-06-06 17:00:00+00:00,2025-06-06 18:00:00+00:00,58.869,56.83418572591661,37.76953196016096,75.89883949167226,47.015
OPD,2025-06-06 17:00:00+00:00,2025-06-06 18:00:00+00:00,36.944,23.632833104897387,4.568179339141736,42.69748687065304,8.636
WARD_A,2025-06-06 17:00:00+00:00,2025-06-06 18:00:00+00:00,136.589,143.66199274376586,124.59733897801021,162.72664650952152,137.548
WARD_B,2025-06-06 17:00:00+00:00,2025-06-06 18:00:00+00:00,139.346,135.3499250158871,116.28527125013144,154.41457878164275,128.42
ICU,2025-06-06 18:00:00+00:00,2025-06-06 19:00:00+00:00,46.949,60.626423906893656,41.561770141138005,79.6910776726493,63.21
OPD,2025-06-06 18:00:00+00:00,2025-06-06 19:00:00+00:00,21.519,23.662826356505274,4.598172590749623,42.72748012226093,5.399
WARD_B,2025-06-06 18:00:00+00:00,2025-06-06 19:00:00+00:00,140.964,137.45969771659,118.39504395083435,156.52435148234565,125.199
ICU,2025-06-06 19:00:00+00:00,2025-06-06 20:00:00+00:00,139.424,145.18461252665992,126.11995876090427,164.24926629241557,149.58
OPD,2025-06-06 19:00:00+00:00,2025-06-06 20:00:00+00:00,106.571,99.73295500547705,80.6683012397214,118.7976087712327,117.615
WARD_B,2025-06-06 19:00:00+00:00,2025-06-06 20:00:00+00:00,208.131,215.9003116058114,196.83565784005575,234.96496537156705,218.276
ICU,2025-06-06 20:00:00+00:00,2025-06-06 21:00:00+00:00,74.963,63.4254233834494,44.36076961769375,82.49007714920505,47.537
OPD,2025-06-06 20:00:00+00:00,2025-06-06 21:00:00+00:00,20.782,22.828984428789973,3.764330663034322,41.89363819454562,25.871
WARD_A,2025-06-06 20:00:00+00:00,2025-06-06 21:00:00+00:00,113.535,143.61763233609545,124.5529785703398,162.6822861018511,116.839
WARD_B,2025-06-06 20:00:00+00:00,2025-06-06 21:00:00+00:00,130.393,134.46580998415197,115.40115621839632,153.53046374990763,147.143
ICU,2025-06-06 21:00:00+00:00,2025-06-06 22:00:00+00:00,75.704,63.50113728669618,44.43648352094053,82.56579105245183,56.978
OPD,2025-06-06 21:00:00+00:00,2025-06-06 22:00:00+00:00,23.874,21.082671114703338,2.018017348947687,40.14732488045899,25.983
WARD_A,2025-06-06 21:00:00+00:00,2025-06-06 22:00:00+00:00,160.719,143.1439285990948,124.07927483333916,162.20858236485046,129.166
WARD_B,2025-06-06 21:00:00+00:00,2025-06-06 22:00:00+00:00,136.968,133.00101667887589,113.93636291312023,152.06567044463154,132.446
ICU,2025-06-06 22:00:00+00:00,2025-06-06 23:00:00+00:00,49.642,62.30165691239631,43.23700314664066,81.36631067815196,73.762
OPD,2025-06-06 22:00:00+00:00,2025-06-06 23:00:00+00:00,15.681,21.439698242372344,2.3750444766166936,40.504352008127995,34.395
WARD_A,2025-06-06 22:00:00+00:00,2025-06-06 23:00:00+00:00,135.768,145.42776874564834,126.36311497989269,164.492422511404,122.878
WARD_B,2025-06-06 22:00:00+00:00,2025-06-06 23:00:00+00:00,139.508,134.15772803386704,115.0930742681114,153.2223817996227,143.343
ICU,2025-06-06 23:00:00+00:00,2025-06-07 00:00:00+00:00,72.21,64.97965532410038,45.91500155834473,84.04430908985603,53.126
OPD,2025-06-06 23:00:00+00:00,2025-06-07 00:00:00+00:00,29.608,21.56933833425162,2.5046845684959678,40.63399210000727,28.646
WARD_A,2025-06-06 23:00:00+00:00,2025-06-07 00:00:00+00:00,147.565,141.7563171904323,122.69166342467665,160.82097095618795,104.124
WARD_B,2025-06-06 23:00:00+00:00,2025-06-07 00:00:00+00:00,117.99,134.20744647516437,115.14279270940872,153.27210024092003,134.93
ICU,2025-06-07 00:00:00+00:00,2025-06-07 01:00:00+00:00,47.545,64.34303330221157,45.278379536455915,83.40768706796722,55.544
OPD,2025-06-07 00:00:00+00:00,2025-06-07 01:00:00+00:00,23.971,21.699979113263137,2.635325347507486,40.76463287901879,32.645
WARD_A,2025-06-07 00:00:00+00:00,2025-06-07 01:00:00+00:00,134.557,144.62335111795414,125.5586973521985,163.6880048837098,139.04
WARD_B,2025-06-07 00:00:00+00:00,2025-06-07 01:00:00+00:00,142.429,130.15408897171227,111.08943520595662,149.21874273746792,134.974
ICU,2025-06-07 01:00:00+00:00,2025-06-07 02:00:00+00:00,65.482,63.0959937732321,44.03134000747645,82.16064753898775,61.082
OPD,2025-06-07 01:00:00+00:00,2025-06-07 02:00:00+00:00,40.253,21.464476421843695,2.3998226560880447,40.52913018759935,12.931
WARD_A,2025-06-07 01:00:00+00:00,2025-06-07 02:00:00+00:00,156.811,144.2647358151093,125.20008204935365,163.32938958086496,121.766
WARD_B,2025-06-07 01:00:00+00:00,2025-06-07 02:00:00+00:00,138.734,134.62789179239215,115.5632380266365,153.6925455581478,131.785
ICU,2025-06-07 02:00:00+00:00,2025-06-07 03:00:00+00:00,62.938,60.251387578553626,41.186733812797975,79.31604134430927,49.706
OPD,2025-06-07 02:00:00+00:00,2025-06-07 03:00:00+00:00,21.488,27.861650596320725,8.796996830565075,46.92630436207638,21.976
WARD_A,2025-06-07 02:00:00+00:00,2025-06-07 03:00:00+00:00,153.496,147.10155298066945,128.0368992149138,166.1662067464251,130.43
WARD_B,2025-06-07 02:00:00+00:00,2025-06-07 03:00:00+00:00,126.133,131.94329333937364,112.87863957361799,151.0079471051293,142.87
ICU,2025-06-07 03:00:00+00:00,2025-06-07 04:00:00+00:00,72.826,59.79531809383027,40.73066432807462,78.85997185958593,64.367
OPD,2025-06-07 03:00:00+00:00,2025-06-07 04:00:00+00:00,28.473,28.79422714841356,9.729573382657911,47.85888091416921,43.026
WARD_A,2025-06-07 03:00:00+00:00,2025-06-07 04:00:00+00:00,140.901,145.06264795400745,125.9979941882518,164.1273017197631,118.688
WARD_B,2025-06-07 03:00:00+00:00,2025-06-07 04:00:00+00:00,131.156,132.17685530809268,113.11220154233703,151.24150907384833,148.607
ICU,2025-06-07 04:00:00+00:00,2025-06-07 05:00:00+00:00,67.837,59.987725914471675,40.923072148716024,79.05237968022732,47.142
OPD,2025-06-07 04:00:00+00:00,2025-06-07 05:00:00+00:00,18.502,26.259129333216087,7.194475567460437,45.32378309897174,27.115
WARD_A,2025-06-07 04:00:00+00:00,2025-06-07 05:00:00+00:00,126.41,143.29256972770915,124.2279159619535,162.3572234934648,136.756
WARD_B,2025-06-07 04:00:00+00:00,2025-06-07 05:00:00+00:00,113.776,132.02203653305236,112.9573827672967,151.086690298808,149.208
ICU,2025-06-07 05:00:00+00:00,2025-06-07 06:00:00+00:00,153.937,145.38524323488488,126.32058946912923,164.44989700064053,135.403
OPD,2025-06-07 05:00:00+00:00,2025-06-07 06:00:00+00:00,109.352,103.45845594535601,84.39380217960036,122.52310971111166,82.705
WARD_A,2025-06-07 05:00:00+00:00,2025-06-07 06:00:00+00:00,228.394,220.77953568643682,201.71488192068117,239.84418945219247,195.056
WARD_B,2025-06-07 05:00:00+00:00,2025-06-07 06:00:00+00:00,213.23,211.8345022617751,192.76984849601945,230.89915602753075,221.907
ICU,2025-06-07 06:00:00+00:00,2025-06-07 07:00:00+00:00,61.038,57.379108135113775,38.314454369358124,76.44376190086942,60.521
OPD,2025-06-07 06:00:00+00:00,2025-06-07 07:00:00+00:00,26.669,27.758655084540127,8.694001318784476,46.823308850295774,23.698
WARD_A,2025-06-07 06:00:00+00:00,2025-06-07 07:00:00+00:00,168.854,144.7958440664989,125.73119030074324,163.86049783225454,127.092
WARD_B,2025-06-07 06:00:00+00:00,2025-06-07 07:00:00+00:00,111.364,131.49638955324795,112.4317357874923,150.5610433190036,140.187
ICU,2025-06-07 07:00:00+00:00,2025-06-07 08:00:00+00:00,71.869,67.05763499203726,47.992981226281614,86.12228875779292,57.704
OPD,2025-06-07 07:00:00+00:00,2025-06-07 08:00:00+00:00,81.679,68.51864083507849,49.453987069322835,87.58329460083414,69.686
WARD_A,2025-06-07 07:00:00+00:00,2025-06-07 08:00:00+00:00,164.956,148.76746024999935,129.7028064842437,167.832114015755,135.626
WARD_B,2025-06-07 07:00:00+00:00,2025-06-07 08:00:00+00:00,142.631,132.3598417731752,113.29518800741954,151.42449553893084,149.189
ICU,2025-06-07 08:00:00+00:00,2025-06-07 09:00:00+00:00,53.906,69.4491902717871,50.38453650603145,88.51384403754275,62.167
OPD,2025-06-07 08:00:00+00:00,2025-06-07 09:00:00+00:00,76.438,72.12295965639163,53.05830589063598,91.18761342214728,57.092
WARD_A,2025-06-07 08:00:00+00:00,2025-06-07 09:00:00+00:00,140.855,146.89287438490047,127.82822061914482,165.95752815065612,138.114
WARD_B,2025-06-07 08:00:00+00:00,2025-06-07 09:00:00+00:00,146.207,135.01772598702982,115.95307222127417,154.08237975278547,146.778
ICU,2025-06-07 09:00:00+00:00,2025-06-07 10:00:00+00:00,60.156,67.63036180156536,48.565708035809706,86.69501556732101,38.925
OPD,2025-06-07 09:00:00+00:00,2025-06-07 10:00:00+00:00,81.142,82.06382100338674,62.999167237631085,101.12847476914239,106.382
WARD_A,2025-06-07 09:00:00+00:00,2025-06-07 10:00:00+00:00,153.208,147.03133226994186,127.9666785041862,166.0959860356975,122.793
WARD_B,2025-06-07 09:00:00+00:00,2025-06-07 10:00:00+00:00,135.255,135.70521728406433,116.64056351830868,154.76987104981998,146.032
ICU,2025-06-07 10:00:00+00:00,2025-06-07 11:00:00+00:00,78.088,68.44096038645391,49.37630662069826,87.50561415220956,54.073
OPD,2025-06-07 10:00:00+00:00,2025-06-07 11:00:00+00:00,89.728,83.10162751153892,64.03697374578327,102.16628127729457,70.625
WARD_A,2025-06-07 10:00:00+00:00,2025-06-07 11:00:00+00:00,141.46,148.33207669946387,129.26742293370822,167.39673046521952,113.956
WARD_B,2025-06-07 10:00:00+00:00,2025-06-07 11:00:00+00:00,132.792,139.50171463428092,120.43706086852526,158.56636840003657,147.551
ICU,2025-06-07 11:00:00+00:00,2025-06-07 12:00:00+00:00,81.138,67.96492822062187,48.90027445486622,87.02958198637752,73.412
OPD,2025-06-07 11:00:00+00:00,2025-06-07 12:00:00+00:00,80.648,81.92056979050345,62.8559160247478,100.9852235562591,64.25
WARD_A,2025-06-07 11:00:00+00:00,2025-06-07 12:00:00+00:00,147.914,147.94096761019745,128.8763138444418,167.0056213759531,137.282
WARD_B,2025-06-07 11:00:00+00:00,2025-06-07 12:00:00+00:00,131.447,137.7057200794891,118.64106631373346,156.77037384524476,147.072
ICU,2025-06-07 12:00:00+00:00,2025-06-07 13:00:00+00:00,71.735,68.60870669757196,49.54405293181631,87.67336046332761,55.43
OPD,2025-06-07 12:00:00+00:00,2025-06-07 13:00:00+00:00,81.307,82.5721612948095,63.50750752905385,101.63681506056516,83.528
WARD_A,2025-06-07 12:00:00+00:00,2025-06-07 13:00:00+00:00,141.88,148.55093757314043,129.48628380738478,167.61559133889608,150.311
WARD_B,2025-06-07 12:00:00+00:00,2025-06-07 13:00:00+00:00,112.021,133.0629200388733,113.99826627311765,152.12757380462895,174.398
ICU,2025-06-07 13:00:00+00:00,2025-06-07 14:00:00+00:00,173.697,156.70110421281086,137.6364504470552,175.7657579785665,147.105
OPD,2025-06-07 13:00:00+00:00,2025-06-07 14:00:00+00:00,144.03,163.33316053387063,144.26850676811497,182.39781429962628,161.777
WARD_A,2025-06-07 13:00:00+00:00,2025-06-07 14:00:00+00:00,242.094,228.81846281029763,209.75380904454198,247.88311657605328,213.329
WARD_B,2025-06-07 13:00:00+00:00,2025-06-07 14:00:00+00:00,238.245,215.2092144013067,196.14456063555104,234.27386816706235,229.245
ICU,2025-06-07 14:00:00+00:00,2025-06-07 15:00:00+00:00,72.599,70.44569992484062,51.381046159084974,89.51035369059628,58.844
OPD,2025-06-07 14:00:00+00:00,2025-06-07 15:00:00+00:00,63.128,80.92518218506422,61.860528419308565,99.98983595081987,102.144
WARD_A,2025-06-07 14:00:00+00:00,2025-06-07 15:00:00+00:00,153.253,155.03769283317436,135.9730390674187,174.10234659893,117.702
WARD_B,2025-06-07 14:00:00+00:00,2025-06-07 15:00:00+00:00,126.995,133.70258407580218,114.63793031004653,152.76723784155783,142.932
ICU,2025-06-07 15:00:00+00:00,2025-06-07 16:00:00+00:00,71.661,70.57286256557856,51.50820879982291,89.63751633133421,57.602
OPD,2025-06-07 15:00:00+00:00,2025-06-07 16:00:00+00:00,73.201,80.91021463215202,61.84556086639637,99.97486839790767,79.549
WARD_A,2025-06-07 15:00:00+00:00,2025-06-07 16:00:00+00:00,144.096,150.01969058699595,130.9550368212403,169.0843443527516,115.366
WARD_B,2025-06-07 15:00:00+00:00,2025-06-07 16:00:00+00:00,134.885,132.8050576073051,113.74040384154944,151.86971137306074,131.683
ICU,2025-06-07 16:00:00+00:00,2025-06-07 17:00:00+00:00,51.667,70.48668728873369,51.42203352297804,89.55134105448934,77.362
OPD,2025-06-07 16:00:00+00:00,2025-06-07 17:00:00+00:00,78.656,81.13501190880952,62.070358143053866,100.19966567456517,56.645
WARD_A,2025-06-07 16:00:00+00:00,2025-06-07 17:00:00+00:00,134.534,145.99354566804206,126.92889190228641,165.0581994337977,143.949
WARD_B,2025-06-07 16:00:00+00:00,2025-06-07 17:00:00+00:00,130.458,132.34034761447143,113.27569384871578,151.40500138022708,136.299
ICU,2025-06-07 17:00:00+00:00,2025-06-07 18:00:00+00:00,77.523,56.775884691352324,37.711230925596674,75.84053845710798,53.781
OPD,2025-06-07 17:00:00+00:00,2025-06-07 18:00:00+00:00,27.014,22.12097802852222,3.0563242627665694,41.18563179427787,24.517
WARD_A,2025-06-07 17:00:00+00:00,2025-06-07 18:00:00+00:00,131.199,140.184216606072,121.11956284031635,159.24887037182765,124.433
WARD_B,2025-06-07 17:00:00+00:00,2025-06-07 18:00:00+00:00,114.968,130.8343385010869,111.76968473533125,149.89899226684255,155.241
ICU,2025-06-07 18:00:00+00:00,2025-06-07 19:00:00+00:00,70.056,60.626423906893656,41.561770141138005,79.6910776726493,54.339
OPD,2025-06-07 18:00:00+00:00,2025-06-07 19:00:00+00:00,25.744,23.14587171944549,4.0812179536898405,42.210525485201146,38.103
WARD_A,2025-06-07 18:00:00+00:00,2025-06-07 19:00:00+00:00,124.547,140.4554083602783,121.39075459452266,159.52006212603396,109.151
ICU,2025-06-07 19:00:00+00:00,2025-06-07 20:00:00+00:00,151.516,142.6098809829985,123.54522721724285,161.67453474875416,137.511
OPD,2025-06-07 19:00:00+00:00,2025-06-07 20:00:00+00:00,98.987,105.50565914199512,86.44100537623947,124.57031290775078,114.331
WARD_A,2025-06-07 19:00:00+00:00,2025-06-07 20:00:00+00:00,237.58,219.8480218810025,200.78336811524684,238.91267564675815,209.024
ICU,2025-06-07 20:00:00+00:00,2025-06-07 21:00:00+00:00,55.487,58.664655981234624,39.60000221547897,77.72930974699028,57.144
OPD,2025-06-07 20:00:00+00:00,2025-06-07 21:00:00+00:00,28.868,22.24026439216011,3.1756106264044597,41.304918157915765,19.541
WARD_A,2025-06-07 20:00:00+00:00,2025-06-07 21:00:00+00:00,152.197,145.73705277367105,126.6723990079154,164.8017065394267,129.15
WARD_B,2025-06-07 20:00:00+00:00,2025-06-07 21:00:00+00:00,133.536,126.64028807416612,107.57563430841047,145.7049418399218,126.506
ICU,2025-06-07 21:00:00+00:00,2025-06-07 22:00:00+00:00,80.857,62.82051048422512,43.75585671846947,81.88516424998076,62.636
OPD,2025-06-07 21:00:00+00:00,2025-06-07 22:00:00+00:00,23.694,20.929040677665924,1.8643869119102732,39.993694443421575,13.326
WARD_A,2025-06-07 21:00:00+00:00,2025-06-07 22:00:00+00:00,126.204,145.45326189526384,126.38860812950819,164.5179156610195,118.259
WARD_B,2025-06-07 21:00:00+00:00,2025-06-07 22:00:00+00:00,118.948,126.92601409870764,107.86136033295199,145.9906678644633,147.46
ICU,2025-06-07 22:00:00+00:00,2025-06-07 23:00:00+00:00,81.688,60.998400382630706,41.933746616875055,80.06305414838636,44.72
OPD,2025-06-07 22:00:00+00:00,2025-06-07 23:00:00+00:00,19.868,21.155427026323412,2.0907732605677616,40.22008079207906,7.872
WARD_A,2025-06-07 22:00:00+00:00,2025-06-07 23:00:00+00:00,156.267,141.59849941582607,122.53384565007042,160.66315318158172,134.742
WARD_B,2025-06-07 22:00:00+00:00,2025-06-07 23:00:00+00:00,128.969,126.05757422871353,106.99292046295788,145.1222279944692,153.921
ICU,2025-06-07 23:00:00+00:00,2025-06-08 00:00:00+00:00,66.843,63.52347165524334,44.45881788948769,82.58812542099899,61.144
OPD,2025-06-07 23:00:00+00:00,2025-06-08 00:00:00+00:00,18.614,21.11172576710993,2.0470720013542802,40.17637953286558,8.867
WARD_A,2025-06-07 23:00:00+00:00,2025-06-08 00:00:00+00:00,126.778,144.61140520285352,125.54675143709787,163.67605896860917,138.982
WARD_B,2025-06-07 23:00:00+00:00,2025-06-08 00:00:00+00:00,134.889,128.34656347245462,109.28190970669897,147.41121723821027,139.401
ICU,2025-06-08 00:00:00+00:00,2025-06-08 01:00:00+00:00,70.502,60.63985743689334,41.575203671137686,79.70451120264899,52.445
OPD,2025-06-08 00:00:00+00:00,2025-06-08 01:00:00+00:00,26.676,21.043414617075683,1.9787608513200325,40.108068382831334,8.403
WARD_A,2025-06-08 00:00:00+00:00,2025-06-08 01:00:00+00:00,141.846,143.60789936276365,124.543245597008,162.6725531285193,137.103
WARD_B,2025-06-08 00:00:00+00:00,2025-06-08 01:00:00+00:00,103.138,128.75881026612078,109.69415650036512,147.82346403187643,154.636
ICU,2025-06-08 01:00:00+00:00,2025-06-08 02:00:00+00:00,63.285,66.11271075378848,47.048056988032826,85.17736451954413,60.932
OPD,2025-06-08 01:00:00+00:00,2025-06-08 02:00:00+00:00,13.46,21.1044025270352,2.039748761279551,40.169056292790856,8.984
WARD_A,2025-06-08 01:00:00+00:00,2025-06-08 02:00:00+00:00,143.251,144.47884007450446,125.41418630874881,163.5434938402601,130.572
WARD_B,2025-06-08 01:00:00+00:00,2025-06-08 02:00:00+00:00,126.499,126.23122936753579,107.16657560178014,145.29588313329145,143.658
ICU,2025-06-08 02:00:00+00:00,2025-06-08 03:00:00+00:00,53.252,62.33638654434207,43.27173277858642,81.40104031009773,75.635
OPD,2025-06-08 02:00:00+00:00,2025-06-08 03:00:00+00:00,12.815,21.043414617075683,1.9787608513200325,40.108068382831334,25.369
WARD_A,2025-06-08 02:00:00+00:00,2025-06-08 03:00:00+00:00,134.918,143.45148419571572,124.38683042996007,162.51613796147137,144.152
WARD_B,2025-06-08 02:00:00+00:00,2025-06-08 03:00:00+00:00,137.332,123.63598074462614,104.57132697887049,142.7006345103818,136.687
ICU,2025-06-08 03:00:00+00:00,2025-06-08 04:00:00+00:00,72.066,64.16512561287904,45.10047184712339,83.22977937863469,50.107
OPD,2025-06-08 03:00:00+00:00,2025-06-08 04:00:00+00:00,30.731,25.434087852259047,6.3694340865033965,44.4987416180147,29.948
WARD_A,2025-06-08 03:00:00+00:00,2025-06-08 04:00:00+00:00,141.72,145.70287483710544,126.63822107134979,164.7675286028611,135.988
WARD_B,2025-06-08 03:00:00+00:00,2025-06-08 04:00:00+00:00,123.759,127.66116371222927,108.59650994647362,146.72581747798492,144.403
OPD,2025-06-08 04:00:00+00:00,2025-06-08 05:00:00+00:00,24.258,23.61105654692077,4.546402781165121,42.67571031267642,18.036
WARD_A,2025-06-08 04:00:00+00:00,2025-06-08 05:00:00+00:00,151.821,143.96548978498507,124.90083601922942,163.03014355074072,151.718
WARD_B,2025-06-08 04:00:00+00:00,2025-06-08 05:00:00+00:00,126.683,126.49155726201174,107.42690349625609,145.5562110277674,134.141
OPD,2025-06-08 05:00:00+00:00,2025-06-08 06:00:00+00:00,110.886,101.2905734600123,82.22591969425665,120.35522722576795,107.593
WARD_A,2025-06-08 05:00:00+00:00,2025-06-08 06:00:00+00:00,238.213,223.0498068727479,203.98515310699224,242.11446063850354,221.313
WARD_B,2025-06-08 05:00:00+00:00,2025-06-08 06:00:00+00:00,212.911,207.63708665104517,188.57243288528952,226.70174041680082,237.464
ICU,2025-06-08 06:00:00+00:00,2025-06-08 07:00:00+00:00,74.083,57.543378649438466,38.478724883682816,76.60803241519412,61.617
OPD,2025-06-08 06:00:00+00:00,2025-06-08 07:00:00+00:00,20.013,20.40298896733296,1.3383352015773085,39.46764273308861,27.836
WARD_A,2025-06-08 06:00:00+00:00,2025-06-08 07:00:00+00:00,148.446,149.71544409711555,130.6507903313599,168.7800978628712,128.188
WARD_B,2025-06-08 06:00:00+00:00,2025-06-08 07:00:00+00:00,126.736,126.60828921696623,107.54363545121058,145.67294298272188,168.024
ICU,2025-06-08 07:00:00+00:00,2025-06-08 08:00:00+00:00,65.282,68.56282549943339,49.49817173367774,87.62747926518904,63.473
OPD,2025-06-08 07:00:00+00:00,2025-06-08 08:00:00+00:00,26.397,40.97283897195416,21.90818520619851,60.03749273770981,26.609
WARD_A,2025-06-08 07:00:00+00:00,2025-06-08 08:00:00+00:00,134.975,140.3143947039411,121.24974093818545,159.37904846969676,125.119
WARD_B,2025-06-08 07:00:00+00:00,2025-06-08 08:00:00+00:00,127.572,128.54337509004642,109.47872132429077,147.60802885580208,148.181
ICU,2025-06-08 08:00:00+00:00,2025-06-08 09:00:00+00:00,67.134,66.57683500877457,47.512181243018915,85.64148877453022,52.193
OPD,2025-06-08 08:00:00+00:00,2025-06-08 09:00:00+00:00,16.388,33.216260400392585,14.151606634636934,52.280914166148236,25.543
WARD_A,2025-06-08 08:00:00+00:00,2025-06-08 09:00:00+00:00,136.29,141.17048449597428,122.10583073021863,160.23513826172993,129.416
WARD_B,2025-06-08 08:00:00+00:00,2025-06-08 09:00:00+00:00,117.899,125.72778962931301,106.66313586355736,144.79244339506866,145.626
ICU,2025-06-08 09:00:00+00:00,2025-06-08 10:00:00+00:00,71.314,62.736713397361946,43.672059631606295,81.80136716311759,47.559
OPD,2025-06-08 09:00:00+00:00,2025-06-08 10:00:00+00:00,25.614,31.258006369093003,12.193352603337352,50.322660134848654,30.375
WARD_A,2025-06-08 09:00:00+00:00,2025-06-08 10:00:00+00:00,136.656,143.78023103356355,124.7155772678079,162.8448847993192,131.024
WARD_B,2025-06-08 09:00:00+00:00,2025-06-08 10:00:00+00:00,126.854,125.49263373142112,106.42797996566547,144.5572874971768,136.095
ICU,2025-06-08 10:00:00+00:00,2025-06-08 11:00:00+00:00,63.297,66.14403412799794,47.07938036224229,85.20868789375359,39.636
OPD,2025-06-08 10:00:00+00:00,2025-06-08 11:00:00+00:00,13.309,28.105779591723948,9.041125825968297,47.170433357479595,26.78
WARD_A,2025-06-08 10:00:00+00:00,2025-06-08 11:00:00+00:00,152.91,143.26871912085605,124.2040653551004,162.3333728866117,128.56
WARD_B,2025-06-08 10:00:00+00:00,2025-06-08 11:00:00+00:00,129.944,128.73496536158774,109.67031159583209,147.7996191273434,150.589
ICU,2025-06-08 11:00:00+00:00,2025-06-08 12:00:00+00:00,62.464,58.9705423717934,39.90588860603775,78.03519613754905,43.26
OPD,2025-06-08 11:00:00+00:00,2025-06-08 12:00:00+00:00,30.291,23.89934505877204,4.834691293016391,42.96399882452769,14.965
WARD_A,2025-06-08 11:00:00+00:00,2025-06-08 12:00:00+00:00,121.308,145.51336285375498,126.44870908799933,164.57801661951063,137.299
WARD_B,2025-06-08 11:00:00+00:00,2025-06-08 12:00:00+00:00,108.685,127.84658596557703,108.78193219982138,146.91123973133267,132.523
ICU,2025-06-08 12:00:00+00:00,2025-06-08 13:00:00+00:00,48.984,66.52245988766751,47.45780612191186,85.58711365342316,53.172
OPD,2025-06-08 12:00:00+00:00,2025-06-08 13:00:00+00:00,29.575,29.257445053633543,10.192791287877892,48.3220988193892,24.289
WARD_A,2025-06-08 12:00:00+00:00,2025-06-08 13:00:00+00:00,127.168,142.44045559848263,123.37580183272698,161.50510936423828,138.259
WARD_B,2025-06-08 12:00:00+00:00,2025-06-08 13:00:00+00:00,122.19,124.73927459276176,105.67462082700611,143.8039283585174,131.835
ICU,2025-06-08 13:00:00+00:00,2025-06-08 14:00:00+00:00,158.371,152.03969345792004,132.9750396921644,171.1043472236757,140.567
OPD,2025-06-08 13:00:00+00:00,2025-06-08 14:00:00+00:00,104.527,97.00982091181642,77.94516714606077,116.07447467757207,121.9
WARD_A,2025-06-08 13:00:00+00:00,2025-06-08 14:00:00+00:00,205.932,227.10029865849495,208.0356448927393,246.1649524242506,227.316
WARD_B,2025-06-08 13:00:00+00:00,2025-06-08 14:00:00+00:00,194.248,207.60305819022435,188.5384044244687,226.66771195598,216.744
ICU,2025-06-08 14:00:00+00:00,2025-06-08 15:00:00+00:00,68.632,66.61514299359257,47.55048922783692,85.67979675934822,70.721
OPD,2025-06-08 14:00:00+00:00,2025-06-08 15:00:00+00:00,18.244,38.08064689027162,19.015993124515973,57.145300656027274,20.151
WARD_A,2025-06-08 14:00:00+00:00,2025-06-08 15:00:00+00:00,149.999,136.44158786718444,117.37693410142879,155.5062416329401,143.379
WARD_B,2025-06-08 14:00:00+00:00,2025-06-08 15:00:00+00:00,117.517,125.23499770377134,106.17034393801569,144.299651469527,148.225
ICU,2025-06-08 15:00:00+00:00,2025-06-08 16:00:00+00:00,87.745,68.48490496458327,49.420251198827614,87.54955873033892,38.359
OPD,2025-06-08 15:00:00+00:00,2025-06-08 16:00:00+00:00,26.666,28.276082221756592,9.211428456000942,47.34073598751225,27.71
WARD_A,2025-06-08 15:00:00+00:00,2025-06-08 16:00:00+00:00,150.465,141.45269572844114,122.38804196268549,160.5173494941968,139.958
WARD_B,2025-06-08 15:00:00+00:00,2025-06-08 16:00:00+00:00,98.102,126.66058830423785,107.5959345384822,145.7252420699935,131.942
ICU,2025-06-08 16:00:00+00:00,2025-06-08 17:00:00+00:00,60.333,69.21442014382781,50.14976637807216,88.27907390958346,54.583
OPD,2025-06-08 16:00:00+00:00,2025-06-08 17:00:00+00:00,14.175,31.463280646005565,12.398626880249914,50.527934411761215,37.432
WARD_A,2025-06-08 16:00:00+00:00,2025-06-08 17:00:00+00:00,133.638,142.17146715486822,123.10681338911257,161.23612092062388,119.487
WARD_B,2025-06-08 16:00:00+00:00,2025-06-08 17:00:00+00:00,119.216,125.73858379226624,106.67393002651059,144.8032375580219,150.665
ICU,2025-06-08 17:00:00+00:00,2025-06-08 18:00:00+00:00,63.516,56.11866272853124,37.05400896277559,75.18331649428688,55.293
OPD,2025-06-08 17:00:00+00:00,2025-06-08 18:00:00+00:00,16.898,22.132741031066114,3.0680872653104636,41.19739479682177,17.87
WARD_A,2025-06-08 17:00:00+00:00,2025-06-08 18:00:00+00:00,145.886,135.6301568816682,116.56550311591255,154.69481064742385,129.755
WARD_B,2025-06-08 17:00:00+00:00,2025-06-08 18:00:00+00:00,104.586,123.9041921590573,104.83953839330165,142.96884592481297,140.3
ICU,2025-06-08 18:00:00+00:00,2025-06-08 19:00:00+00:00,66.004,57.40424104651121,38.33958728075556,76.46889481226685,55.983
OPD,2025-06-08 18:00:00+00:00,2025-06-08 19:00:00+00:00,31.253,22.753583455680776,3.688929689925125,41.818237221436426,11.543
WARD_A,2025-06-08 18:00:00+00:00,2025-06-08 19:00:00+00:00,135.547,140.06935575372498,121.00470198796933,159.13400951948063,129.585
WARD_B,2025-06-08 18:00:00+00:00,2025-06-08 19:00:00+00:00,116.084,122.94981643348876,103.88516266773311,142.0144701992444,159.888
ICU,2025-06-08 19:00:00+00:00,2025-06-08 20:00:00+00:00,151.306,138.16317061972893,119.09851685397328,157.22782438548458,139.374
OPD,2025-06-08 19:00:00+00:00,2025-06-08 20:00:00+00:00,104.855,99.34775558010969,80.28310181435404,118.41240934586534,106.78
WARD_A,2025-06-08 19:00:00+00:00,2025-06-08 20:00:00+00:00,219.832,221.48313450507385,202.4184807393182,240.5477882708295,229.701
WARD_B,2025-06-08 19:00:00+00:00,2025-06-08 20:00:00+00:00,195.923,208.33221876210177,189.26756499634612,227.39687252785743,256.663
ICU,2025-06-08 20:00:00+00:00,2025-06-08 21:00:00+00:00,53.365,60.159424392209374,41.09477062645372,79.22407815796502,62.483
OPD,2025-06-08 20:00:00+00:00,2025-06-08 21:00:00+00:00,24.061,21.602715790025233,2.538062024269582,40.66736955578088,17.608
WARD_A,2025-06-08 20:00:00+00:00,2025-06-08 21:00:00+00:00,144.681,138.29227947536108,119.22762570960543,157.35693324111674,129.411
WARD_B,2025-06-08 20:00:00+00:00,2025-06-08 21:00:00+00:00,105.516,123.65684767013678,104.59219390438113,142.72150143589243,135.23
ICU,2025-06-08 21:00:00+00:00,2025-06-08 22:00:00+00:00,62.782,58.27016126519431,39.20550749943866,77.33481503094995,64.734
OPD,2025-06-08 21:00:00+00:00,2025-06-08 22:00:00+00:00,11.369,20.889872731912106,1.8252189661564557,39.95452649766776,22.494
WARD_A,2025-06-08 21:00:00+00:00,2025-06-08 22:00:00+00:00,152.99,139.26481436711498,120.20016060135933,158.32946813287063,129.309
WARD_B,2025-06-08 21:00:00+00:00,2025-06-08 22:00:00+00:00,124.667,123.02163792404976,103.9569841582941,142.08629168980542,161.592
ICU,2025-06-08 22:00:00+00:00,2025-06-08 23:00:00+00:00,70.021,62.95097864538907,43.88632487963342,82.01563241114472,55.595
OPD,2025-06-08 22:00:00+00:00,2025-06-08 23:00:00+00:00,26.12,21.082450950816266,2.0177971850606156,40.14710471657192,12.192
WARD_A,2025-06-08 22:00:00+00:00,2025-06-08 23:00:00+00:00,140.289,140.93996657517562,121.87531280941997,160.00462034093127,130.664
WARD_B,2025-06-08 22:00:00+00:00,2025-06-08 23:00:00+00:00,128.792,123.53973438420354,104.47508061844789,142.6043881499592,165.039
ICU,2025-06-08 23:00:00+00:00,2025-06-09 00:00:00+00:00,58.438,61.64732160147443,42.58266783571878,80.71197536723008,65.713
OPD,2025-06-08 23:00:00+00:00,2025-06-09 00:00:00+00:00,34.255,21.20027726370343,2.1356234979477797,40.26493102945908,12.71
WARD_A,2025-06-08 23:00:00+00:00,2025-06-09 00:00:00+00:00,136.234,141.03715679814064,121.97250303238499,160.1018105638963,133.917
WARD_B,2025-06-08 23:00:00+00:00,2025-06-09 00:00:00+00:00,138.419,124.41580624101834,105.3511524752627,143.480460006774,157.967
ICU,2025-06-09 00:00:00+00:00,2025-06-09 01:00:00+00:00,69.722,60.19593360211528,41.13127983635963,79.26058736787093,64.881
OPD,2025-06-09 00:00:00+00:00,2025-06-09 01:00:00+00:00,24.163,21.33091804271495,2.2662642769592978,40.3955718084706,20.649
WARD_A,2025-06-09 00:00:00+00:00,2025-06-09 01:00:00+00:00,128.723,141.48387341507458,122.41921964931893,160.54852718083023,131.014
WARD_B,2025-06-09 00:00:00+00:00,2025-06-09 01:00:00+00:00,126.563,125.98781868858964,106.92316492283399,145.0524724543453,148.171
ICU,2025-06-09 01:00:00+00:00,2025-06-09 02:00:00+00:00,64.174,59.92371614053259,40.85906237477694,78.98836990628824,67.64
OPD,2025-06-09 01:00:00+00:00,2025-06-09 02:00:00+00:00,32.04,20.97538423197938,1.910730466223729,40.04003799773503,18.198
WARD_A,2025-06-09 01:00:00+00:00,2025-06-09 02:00:00+00:00,143.783,135.7578768789872,116.69322311323154,154.82253064474284,135.689
WARD_B,2025-06-09 01:00:00+00:00,2025-06-09 02:00:00+00:00,128.685,125.98781868858964,106.92316492283399,145.0524724543453,148.077
ICU,2025-06-09 02:00:00+00:00,2025-06-09 03:00:00+00:00,68.915,64.16466218755659,45.100008421800936,83.22931595331224,56.155
OPD,2025-06-09 02:00:00+00:00,2025-06-09 03:00:00+00:00,16.616,21.086763009506054,2.0221092437504034,40.15141677526171,34.83
WARD_A,2025-06-09 02:00:00+00:00,2025-06-09 03:00:00+00:00,122.621,136.30248727457072,117.23783350881507,155.36714104032637,154.382
WARD_B,2025-06-09 02:00:00+00:00,2025-06-09 03:00:00+00:00,117.961,124.38925278055895,105.3245990148033,143.4539065463146,149.173
ICU,2025-06-09 03:00:00+00:00,2025-06-09 04:00:00+00:00,72.609,60.573681811833,41.50902804607735,79.63833557758865,64.114
OPD,2025-06-09 03:00:00+00:00,2025-06-09 04:00:00+00:00,39.576,27.12998448263888,8.065330716883228,46.194638248394526,16.348
WARD_A,2025-06-09 03:00:00+00:00,2025-06-09 04:00:00+00:00,128.817,136.42953793983833,117.36488417408268,155.49419170559398,139.527
WARD_B,2025-06-09 03:00:00+00:00,2025-06-09 04:00:00+00:00,118.408,127.90698418650396,108.84233042074831,146.9716379522596,157.71
ICU,2025-06-09 04:00:00+00:00,2025-06-09 05:00:00+00:00,63.881,58.701909257595915,39.637255491840264,77.76656302335157,52.654
OPD,2025-06-09 04:00:00+00:00,2025-06-09 05:00:00+00:00,21.373,27.820194401070648,8.755540635314997,46.8848481668263,18.847
WARD_A,2025-06-09 04:00:00+00:00,2025-06-09 05:00:00+00:00,135.508,137.40427658216944,118.3396228164138,156.4689303479251,142.361
WARD_B,2025-06-09 04:00:00+00:00,2025-06-09 05:00:00+00:00,136.184,125.5514046804573,106.48675091470164,144.61605844621295,165.262
ICU,2025-06-09 05:00:00+00:00,2025-06-09 06:00:00+00:00,136.785,145.38035363116833,126.31569986541268,164.44500739692398,136.843
OPD,2025-06-09 05:00:00+00:00,2025-06-09 06:00:00+00:00,99.336,103.15770602484208,84.09305225908643,122.22235979059774,110.879
WARD_A,2025-06-09 05:00:00+00:00,2025-06-09 06:00:00+00:00,223.922,217.13851615056018,198.07386238480453,236.20316991631583,209.109
WARD_B,2025-06-09 05:00:00+00:00,2025-06-09 06:00:00+00:00,209.59,208.4202376147778,189.35558384902214,227.48489138053344,247.245
ICU,2025-06-09 06:00:00+00:00,2025-06-09 07:00:00+00:00,63.569,61.60614629698714,42.54149253123149,80.67080006274279,73.939
OPD,2025-06-09 06:00:00+00:00,2025-06-09 07:00:00+00:00,8.853,26.060766218585847,6.996112452830197,45.1254199843415,43.399
WARD_A,2025-06-09 06:00:00+00:00,2025-06-09 07:00:00+00:00,107.766,137.10741448270537,118.04276071694972,156.17206824846102,135.5
WARD_B,2025-06-09 06:00:00+00:00,2025-06-09 07:00:00+00:00,134.489,123.8939765058326,104.82932274007695,142.95863027158825,156.85
ICU,2025-06-09 07:00:00+00:00,2025-06-09 08:00:00+00:00,54.696,69.19222501477762,50.12757124902197,88.25687878053327,57.413
OPD,2025-06-09 07:00:00+00:00,2025-06-09 08:00:00+00:00,102.481,73.20288262719063,54.13822886143498,92.26753639294628,67.768
WARD_A,2025-06-09 07:00:00+00:00,2025-06-09 08:00:00+00:00,130.625,132.13507649952695,113.0704227337713,151.1997302652826,129.985
WARD_B,2025-06-09 07:00:00+00:00,2025-06-09 08:00:00+00:00,94.322,129.48636793903106,110.4217141732754,148.5510217047867,135.593
ICU,2025-06-09 08:00:00+00:00,2025-06-09 09:00:00+00:00,51.594,67.63740362963044,48.57274986387479,86.70205739538609,60.711
OPD,2025-06-09 08:00:00+00:00,2025-06-09 09:00:00+00:00,101.311,81.05410187841248,61.98944811265683,100.11875564416813,87.376
WARD_A,2025-06-09 08:00:00+00:00,2025-06-09 09:00:00+00:00,125.431,133.80765439489002,114.74300062913437,152.87230816064567,142.284
WARD_B,2025-06-09 08:00:00+00:00,2025-06-09 09:00:00+00:00,122.792,125.07696932976715,106.0123155640115,144.1416230955228,155.917
ICU,2025-06-09 09:00:00+00:00,2025-06-09 10:00:00+00:00,72.547,66.93571480171661,47.87106103596096,86.00036856747226,43.616
OPD,2025-06-09 09:00:00+00:00,2025-06-09 10:00:00+00:00,75.49,82.79185662127689,63.72720285552124,101.85651038703254,71.144
WARD_A,2025-06-09 09:00:00+00:00,2025-06-09 10:00:00+00:00,128.222,136.26511348589156,117.20045972013591,155.3297672516472,127.853
WARD_B,2025-06-09 09:00:00+00:00,2025-06-09 10:00:00+00:00,100.522,127.07209260022539,108.00743883446974,146.13674636598103,150.942
ICU,2025-06-09 10:00:00+00:00,2025-06-09 11:00:00+00:00,62.692,68.69783201408693,49.63317824833128,87.76248577984258,62.033
OPD,2025-06-09 10:00:00+00:00,2025-06-09 11:00:00+00:00,66.304,82.46745695747484,63.40280319171919,101.53211072323049,74.066
WARD_A,2025-06-09 10:00:00+00:00,2025-06-09 11:00:00+00:00,139.234,135.97094924043935,116.9062954746837,155.035603006195,135.045
WARD_B,2025-06-09 10:00:00+00:00,2025-06-09 11:00:00+00:00,103.945,126.59729624676088,107.53264248100523,145.6619500125165,164.763
ICU,2025-06-09 11:00:00+00:00,2025-06-09 12:00:00+00:00,79.066,67.10364353725033,48.038989771494684,86.16829730300599,56.246
OPD,2025-06-09 11:00:00+00:00,2025-06-09 12:00:00+00:00,82.667,82.08403230569567,63.01937853994002,101.14868607145132,70.64
WARD_A,2025-06-09 11:00:00+00:00,2025-06-09 12:00:00+00:00,142.503,138.32416851601909,119.25951475026343,157.38882228177474,146.744
WARD_B,2025-06-09 11:00:00+00:00,2025-06-09 12:00:00+00:00,112.039,127.79890473046427,108.73425096470862,146.86355849621992,155.735
ICU,2025-06-09 12:00:00+00:00,2025-06-09 13:00:00+00:00,54.286,68.01739611900835,48.9527423532527,87.082049884764,61.138
OPD,2025-06-09 12:00:00+00:00,2025-06-09 13:00:00+00:00,90.579,81.67359998594216,62.60894622018651,100.73825375169781,67.075
WARD_A,2025-06-09 12:00:00+00:00,2025-06-09 13:00:00+00:00,145.162,134.42596691703986,115.36131315128421,153.4906206827955,149.702
WARD_B,2025-06-09 12:00:00+00:00,2025-06-09 13:00:00+00:00,140.282,126.79552477159868,107.73087100584303,145.86017853735433,164.062
ICU,2025-06-09 13:00:00+00:00,2025-06-09 14:00:00+00:00,149.108,155.12627438669463,136.06162062093898,174.19092815245028,148.899
OPD,2025-06-09 13:00:00+00:00,2025-06-09 14:00:00+00:00,156.062,164.63321732331985,145.5685635575642,183.6978710890755,183.319
WARD_A,2025-06-09 13:00:00+00:00,2025-06-09 14:00:00+00:00,214.552,224.08995872832506,205.0253049625694,243.1546124940807,223.365
WARD_B,2025-06-09 13:00:00+00:00,2025-06-09 14:00:00+00:00,204.052,210.23122778040215,191.1665740146465,229.2958815461578,246.858
ICU,2025-06-09 14:00:00+00:00,2025-06-09 15:00:00+00:00,75.125,68.5270161238139,49.46236235805824,87.59166988956954,73.528
OPD,2025-06-09 14:00:00+00:00,2025-06-09 15:00:00+00:00,102.477,81.26585913022245,62.2012053644668,100.3305128959781,88.917
WARD_A,2025-06-09 14:00:00+00:00,2025-06-09 15:00:00+00:00,143.051,136.06113505608408,116.99648129032843,155.12578882183973,144.257
WARD_B,2025-06-09 14:00:00+00:00,2025-06-09 15:00:00+00:00,140.11,128.67165096778214,109.60699720202649,147.7363047335378,166.432
ICU,2025-06-09 15:00:00+00:00,2025-06-09 16:00:00+00:00,59.003,68.33231581653145,49.2676620507758,87.3969695822871,60.746
OPD,2025-06-09 15:00:00+00:00,2025-06-09 16:00:00+00:00,104.893,81.2352353135001,62.17058154774445,100.29988907925575,93.151
WARD_A,2025-06-09 15:00:00+00:00,2025-06-09 16:00:00+00:00,120.106,137.97396525641452,118.90931149065887,157.03861902217017,158.664
WARD_B,2025-06-09 15:00:00+00:00,2025-06-09 16:00:00+00:00,114.437,128.51868935549118,109.45403558973553,147.58334312124683,173.536
ICU,2025-06-09 16:00:00+00:00,2025-06-09 17:00:00+00:00,72.69,65.87684982310955,46.8121960573539,84.9415035888652,55.183
OPD,2025-06-09 16:00:00+00:00,2025-06-09 17:00:00+00:00,72.664,81.00095249449527,61.936298728739615,100.06560626025092,101.018
WARD_A,2025-06-09 16:00:00+00:00,2025-06-09 17:00:00+00:00,130.722,134.9632495250519,115.89859575929626,154.02790329080756,136.907
WARD_B,2025-06-09 16:00:00+00:00,2025-06-09 17:00:00+00:00,131.145,126.065140964662,107.00048719890636,145.12979473041764,136.889
ICU,2025-06-09 17:00:00+00:00,2025-06-09 18:00:00+00:00,76.182,58.02315550583147,38.95850174007582,77.08780927158712,65.168
OPD,2025-06-09 17:00:00+00:00,2025-06-09 18:00:00+00:00,14.88,24.929826395835118,5.865172630079467,43.99448016159077,17.328
WARD_A,2025-06-09 17:00:00+00:00,2025-06-09 18:00:00+00:00,152.226,134.23767145212548,115.17301768636983,153.30232521788113,138.562
WARD_B,2025-06-09 17:00:00+00:00,2025-06-09 18:00:00+00:00,133.251,123.66922199669324,104.60456823093759,142.7338757624489,136.986
ICU,2025-06-09 18:00:00+00:00,2025-06-09 19:00:00+00:00,43.901,59.62593547874958,40.56128171299393,78.69058924450523,70.142
OPD,2025-06-09 18:00:00+00:00,2025-06-09 19:00:00+00:00,37.397,24.652675326754547,5.588021560998897,43.7173290925102,14.685
WARD_A,2025-06-09 18:00:00+00:00,2025-06-09 19:00:00+00:00,107.952,136.6966117155866,117.63195794983096,155.76126548134226,135.882
WARD_B,2025-06-09 18:00:00+00:00,2025-06-09 19:00:00+00:00,129.145,125.17925695483936,106.11460318908371,144.243910720595,141.675
ICU,2025-06-09 19:00:00+00:00,2025-06-09 20:00:00+00:00,148.281,141.32469758531587,122.26004381956022,160.38935135107153,151.547
OPD,2025-06-09 19:00:00+00:00,2025-06-09 20:00:00+00:00,107.804,110.76716744393637,91.70251367818072,129.831821209692,113.065
WARD_A,2025-06-09 19:00:00+00:00,2025-06-09 20:00:00+00:00,226.567,205.73288752751677,186.66823376176112,224.79754129327242,209.715
WARD_B,2025-06-09 19:00:00+00:00,2025-06-09 20:00:00+00:00,197.49,207.41756992033095,188.3529161545753,226.4822236860866,230.86
ICU,2025-06-09 20:00:00+00:00,2025-06-09 21:00:00+00:00,68.103,60.18742392431142,41.12277015855577,79.25207769006707,43.329
OPD,2025-06-09 20:00:00+00:00,2025-06-09 21:00:00+00:00,20.613,22.80329102913813,3.738637263382479,41.86794479489378,30.051
WARD_A,2025-06-09 20:00:00+00:00,2025-06-09 21:00:00+00:00,117.094,132.9877228144425,113.92306904868684,152.05237658019814,143.78
WARD_B,2025-06-09 20:00:00+00:00,2025-06-09 21:00:00+00:00,127.633,124.58768421571806,105.5230304499624,143.6523379814737,156.946
ICU,2025-06-09 21:00:00+00:00,2025-06-09 22:00:00+00:00,58.294,57.329195292198335,38.264541526442684,76.39384905795399,68.315
OPD,2025-06-09 21:00:00+00:00,2025-06-09 22:00:00+00:00,16.727,21.710359879760407,2.6457061140047564,40.775013645516054,29.479
WARD_A,2025-06-09 21:00:00+00:00,2025-06-09 22:00:00+00:00,122.54,129.32409295801014,110.25943919225449,148.3887467237658,161.124
WARD_B,2025-06-09 21:00:00+00:00,2025-06-09 22:00:00+00:00,126.459,125.64904043303497,106.58438666727932,144.71369419879062,147.988
ICU,2025-06-09 22:00:00+00:00,2025-06-09 23:00:00+00:00,72.194,59.916420129802766,40.851766364047116,78.98107389555841,71.33
OPD,2025-06-09 22:00:00+00:00,2025-06-09 23:00:00+00:00,31.532,22.167752283015023,3.1030985172593724,41.23240604877067,11.441
WARD_A,2025-06-09 22:00:00+00:00,2025-06-09 23:00:00+00:00,123.981,127.69425744976489,108.62960368400924,146.75891121552053,158.308
WARD_B,2025-06-09 22:00:00+00:00,2025-06-09 23:00:00+00:00,148.118,125.73738703166728,106.67273326591163,144.80204079742293,154.13
ICU,2025-06-09 23:00:00+00:00,2025-06-10 00:00:00+00:00,66.174,57.7954452769364,38.73079151118075,76.86009904269204,49.832
OPD,2025-06-09 23:00:00+00:00,2025-06-10 00:00:00+00:00,20.29,22.264424873473093,3.199771107717442,41.32907863922874,15.244
WARD_A,2025-06-09 23:00:00+00:00,2025-06-10 00:00:00+00:00,137.48,127.66028926121145,108.5956354954558,146.72494302696708,152.096
WARD_B,2025-06-09 23:00:00+00:00,2025-06-10 00:00:00+00:00,132.689,125.48415120734938,106.41949744159373,144.54880497310504,144.186
ICU,2025-06-10 00:00:00+00:00,2025-06-10 01:00:00+00:00,79.855,57.8655165726528,38.80086280689715,76.93017033840846,62.862
OPD,2025-06-10 00:00:00+00:00,2025-06-10 01:00:00+00:00,20.581,22.198398500008327,3.1337447342526765,41.263052265763974,38.518
WARD_A,2025-06-10 00:00:00+00:00,2025-06-10 01:00:00+00:00,123.265,129.85561730561346,110.79096353985781,148.92027107136911,129.419
WARD_B,2025-06-10 00:00:00+00:00,2025-06-10 01:00:00+00:00,117.449,125.54314021693651,106.47848645118086,144.60779398269216,167.604
ICU,2025-06-10 01:00:00+00:00,2025-06-10 02:00:00+00:00,63.46,60.01504518408137,40.95039141832572,79.07969894983702,58.302
OPD,2025-06-10 01:00:00+00:00,2025-06-10 02:00:00+00:00,17.937,24.08413936171815,5.0194855959625,43.1487931274738,27.838
WARD_A,2025-06-10 01:00:00+00:00,2025-06-10 02:00:00+00:00,136.466,130.27547716102015,111.2108233952645,149.3401309267758,162.46
WARD_B,2025-06-10 01:00:00+00:00,2025-06-10 02:00:00+00:00,146.366,124.27424786124077,105.20959409548512,143.3389016269964,140.225
ICU,2025-06-10 02:00:00+00:00,2025-06-10 03:00:00+00:00,78.22,57.22288780154539,38.15823403578974,76.28754156730105,53.883
OPD,2025-06-10 02:00:00+00:00,2025-06-10 03:00:00+00:00,22.377,21.403488511884177,2.3388347461285264,40.46814227763983,30.796
WARD_A,2025-06-10 02:00:00+00:00,2025-06-10 03:00:00+00:00,127.49,130.263701862129,111.19904809637336,149.32835562788466,142.233
WARD_B,2025-06-10 02:00:00+00:00,2025-06-10 03:00:00+00:00,144.73,126.13568208788149,107.07102832212584,145.20033585363714,152.896
ICU,2025-06-10 03:00:00+00:00,2025-06-10 04:00:00+00:00,68.1,60.23344978216148,41.16879601640583,79.29810354791712,64.249
OPD,2025-06-10 03:00:00+00:00,2025-06-10 04:00:00+00:00,24.823,27.495358972788576,8.430705207032926,46.56001273854423,20.938
WARD_A,2025-06-10 03:00:00+00:00,2025-06-10 04:00:00+00:00,135.626,129.88096196714145,110.8163082013858,148.9456157328971,157.586
WARD_B,2025-06-10 03:00:00+00:00,2025-06-10 04:00:00+00:00,115.756,125.64238681937185,106.5777330536162,144.70704058512752,136.035
ICU,2025-06-10 04:00:00+00:00,2025-06-10 05:00:00+00:00,52.458,58.58139973972231,39.51674597396666,77.64605350547797,57.746
OPD,2025-06-10 04:00:00+00:00,2025-06-10 05:00:00+00:00,31.918,26.00894725909385,6.944293493338201,45.0736010248495,28.954
WARD_A,2025-06-10 04:00:00+00:00,2025-06-10 05:00:00+00:00,116.964,132.62253132785426,113.55787756209861,151.6871850936099,150.252
WARD_B,2025-06-10 04:00:00+00:00,2025-06-10 05:00:00+00:00,130.036,124.30461815180036,105.2399643860447,143.369271917556,128.168
ICU,2025-06-10 05:00:00+00:00,2025-06-10 06:00:00+00:00,141.052,140.05096156486178,120.98630779910613,159.11561533061743,153.061
OPD,2025-06-10 05:00:00+00:00,2025-06-10 06:00:00+00:00,97.621,103.67356924771298,84.60891548195733,122.73822301346863,103.802
WARD_A,2025-06-10 05:00:00+00:00,2025-06-10 06:00:00+00:00,214.512,209.47619075678105,190.4115369910254,228.5408445225367,242.915
WARD_B,2025-06-10 05:00:00+00:00,2025-06-10 06:00:00+00:00,202.85,208.98811715616634,189.9234633904107,228.052770921922,247.594
ICU,2025-06-10 06:00:00+00:00,2025-06-10 07:00:00+00:00,66.947,56.965563720471145,37.900909954715495,76.0302174862268,67.648
OPD,2025-06-10 06:00:00+00:00,2025-06-10 07:00:00+00:00,18.695,26.419171490563567,7.354517724807916,45.48382525631922,27.122
WARD_A,2025-06-10 06:00:00+00:00,2025-06-10 07:00:00+00:00,109.002,129.51241366060333,110.44775989484768,148.57706742635898,137.342
WARD_B,2025-06-10 06:00:00+00:00,2025-06-10 07:00:00+00:00,103.711,123.75241812605502,104.68776436029937,142.81707189181066,149.809
ICU,2025-06-10 07:00:00+00:00,2025-06-10 08:00:00+00:00,76.79,66.64604080729973,47.581387041544076,85.71069457305538,51.745
OPD,2025-06-10 07:00:00+00:00,2025-06-10 08:00:00+00:00,78.733,71.17549154532716,52.11083777957151,90.24014531108281,71.157
WARD_A,2025-06-10 07:00:00+00:00,2025-06-10 08:00:00+00:00,130.955,128.42217535181183,109.35752158605618,147.48682911756748,169.913
WARD_B,2025-06-10 07:00:00+00:00,2025-06-10 08:00:00+00:00,132.166,127.8128714712284,108.74821770547275,146.87752523698407,162.985
ICU,2025-06-10 08:00:00+00:00,2025-06-10 09:00:00+00:00,56.315,65.81588923798063,46.75123547222498,84.88054300373628,63.411
OPD,2025-06-10 08:00:00+00:00,2025-06-10 09:00:00+00:00,97.87,81.7310990492257,62.666445283470054,100.79575281498136,86.191
WARD_A,2025-06-10 08:00:00+00:00,2025-06-10 09:00:00+00:00,145.851,133.1950695254569,114.13041575970124,152.25972329121254,134.661
WARD_B,2025-06-10 08:00:00+00:00,2025-06-10 09:00:00+00:00,117.771,126.49734175381604,107.4326879880604,145.5619955195717,168.189
ICU,2025-06-10 09:00:00+00:00,2025-06-10 10:00:00+00:00,73.234,65.38917692069856,46.32452315494291,84.45383068645421,66.849
OPD,2025-06-10 09:00:00+00:00,2025-06-10 10:00:00+00:00,89.579,82.06382100338674,62.999167237631085,101.12847476914239,94.626
WARD_A,2025-06-10 09:00:00+00:00,2025-06-10 10:00:00+00:00,143.464,132.74465666797104,113.68000290221539,151.8093104337267,144.812
WARD_B,2025-06-10 09:00:00+00:00,2025-06-10 10:00:00+00:00,133.445,130.09086734474081,111.02621357898516,149.15552111049647,161.948
ICU,2025-06-10 10:00:00+00:00,2025-06-10 11:00:00+00:00,60.968,64.74018560990976,45.67553184415411,83.80483937566541,71.578
OPD,2025-06-10 10:00:00+00:00,2025-06-10 11:00:00+00:00,89.456,83.10162751153892,64.03697374578327,102.16628127729457,49.313
WARD_A,2025-06-10 10:00:00+00:00,2025-06-10 11:00:00+00:00,142.404,133.0590087320761,113.99435496632046,152.12366249783176,144.157
WARD_B,2025-06-10 10:00:00+00:00,2025-06-10 11:00:00+00:00,132.785,129.8927233123825,110.82806954662684,148.95737707813814,171.082
ICU,2025-06-10 11:00:00+00:00,2025-06-10 12:00:00+00:00,74.996,64.62099827343552,45.55634450767987,83.68565203919117,44.48
OPD,2025-06-10 11:00:00+00:00,2025-06-10 12:00:00+00:00,94.651,82.2777602323796,63.213106466623955,101.34241399813526,92.34
WARD_A,2025-06-10 11:00:00+00:00,2025-06-10 12:00:00+00:00,124.449,136.8734172878147,117.80876352205905,155.93807105357035,131.036
WARD_B,2025-06-10 11:00:00+00:00,2025-06-10 12:00:00+00:00,120.793,129.41174198108652,110.34708821533087,148.47639574684217,146.052
ICU,2025-06-10 12:00:00+00:00,2025-06-10 13:00:00+00:00,69.574,67.24901151177694,48.18435774602129,86.31366527753259,51.813
OPD,2025-06-10 12:00:00+00:00,2025-06-10 13:00:00+00:00,68.819,81.71577385297617,62.65112008722052,100.78042761873182,91.239
WARD_A,2025-06-10 12:00:00+00:00,2025-06-10 13:00:00+00:00,124.544,129.9536830243426,110.88902925858696,149.01833679009826,151.754
WARD_B,2025-06-10 12:00:00+00:00,2025-06-10 13:00:00+00:00,119.796,129.38936235468145,110.3247085889258,148.4540161204371,154.616
ICU,2025-06-10 13:00:00+00:00,2025-06-10 14:00:00+00:00,147.956,151.37470496394573,132.31005119819008,170.43935872970138,134.077
OPD,2025-06-10 13:00:00+00:00,2025-06-10 14:00:00+00:00,164.579,165.997029550329,146.93237578457334,185.06168331608464,199.466
WARD_A,2025-06-10 13:00:00+00:00,2025-06-10 14:00:00+00:00,213.631,212.42096330486117,193.35630953910552,231.48561707061683,221.657
WARD_B,2025-06-10 13:00:00+00:00,2025-06-10 14:00:00+00:00,202.448,208.05826314820104,188.99360938244538,227.1229169139567,242.959
ICU,2025-06-10 14:00:00+00:00,2025-06-10 15:00:00+00:00,65.616,65.85767325214574,46.793019486390094,84.9223270179014,53.045
OPD,2025-06-10 14:00:00+00:00,2025-06-10 15:00:00+00:00,114.963,81.20447269528964,62.13981892953399,100.26912646104529,113.936
WARD_A,2025-06-10 14:00:00+00:00,2025-06-10 15:00:00+00:00,131.18,129.87020211860067,110.80554835284502,148.93485588435632,148.958
WARD_B,2025-06-10 14:00:00+00:00,2025-06-10 15:00:00+00:00,107.43,127.14857429798089,108.08392053222524,146.21322806373655,171.855
ICU,2025-06-10 15:00:00+00:00,2025-06-10 16:00:00+00:00,85.343,67.72594858255107,48.66129481679542,86.79060234830672,74.186
OPD,2025-06-10 15:00:00+00:00,2025-06-10 16:00:00+00:00,90.451,80.67789285174102,61.61323908598537,99.74254661749667,66.372
WARD_A,2025-06-10 15:00:00+00:00,2025-06-10 16:00:00+00:00,131.365,130.344648545715,111.27999477995934,149.40930231147064,142.935
WARD_B,2025-06-10 15:00:00+00:00,2025-06-10 16:00:00+00:00,119.694,126.06670893004488,107.00205516428923,145.13136269580053,153.361
ICU,2025-06-10 16:00:00+00:00,2025-06-10 17:00:00+00:00,51.422,66.28255674385832,47.21790297810267,85.34721050961397,57.445
OPD,2025-06-10 16:00:00+00:00,2025-06-10 17:00:00+00:00,79.892,81.05254106603297,61.98788730027732,100.11719483178862,67.862
WARD_A,2025-06-10 16:00:00+00:00,2025-06-10 17:00:00+00:00,130.031,127.80705313741493,108.74239937165927,146.87170690317058,147.715
WARD_B,2025-06-10 16:00:00+00:00,2025-06-10 17:00:00+00:00,132.743,126.70778281465921,107.64312904890356,145.77243658041488,140.929
ICU,2025-06-10 17:00:00+00:00,2025-06-10 18:00:00+00:00,63.801,55.64395379334437,36.57930002758872,74.70860755910002,40.13
OPD,2025-06-10 17:00:00+00:00,2025-06-10 18:00:00+00:00,22.6,21.36677319641686,2.302119430661211,40.43142696217251,30.972
WARD_A,2025-06-10 17:00:00+00:00,2025-06-10 18:00:00+00:00,116.543,129.39330525337678,110.32865148762113,148.45795901913243,137.869
WARD_B,2025-06-10 17:00:00+00:00,2025-06-10 18:00:00+00:00,111.301,123.53539913870904,104.47074537295339,142.6000529044647,149.221
ICU,2025-06-10 18:00:00+00:00,2025-06-10 19:00:00+00:00,54.165,56.71707161428427,37.65241784852862,75.78172538003992,55.232
OPD,2025-06-10 18:00:00+00:00,2025-06-10 19:00:00+00:00,21.49,23.896519414671353,4.831865648915702,42.961173180427004,10.525
WARD_A,2025-06-10 18:00:00+00:00,2025-06-10 19:00:00+00:00,123.25,128.10870502973623,109.04405126398058,147.17335879549188,149.579
WARD_B,2025-06-10 18:00:00+00:00,2025-06-10 19:00:00+00:00,123.18,122.7279484145055,103.66329464874985,141.79260218026116,142.316
ICU,2025-06-10 19:00:00+00:00,2025-06-10 20:00:00+00:00,138.638,140.90192316091776,121.83726939516211,159.9665769266734,160.087
WARD_A,2025-06-10 19:00:00+00:00,2025-06-10 20:00:00+00:00,213.968,204.86480752736213,185.80015376160648,223.92946129311778,217.81
WARD_B,2025-06-10 19:00:00+00:00,2025-06-10 20:00:00+00:00,202.1,207.5127317354997,188.44807796974405,226.57738550125535,239.299
ICU,2025-06-10 20:00:00+00:00,2025-06-10 21:00:00+00:00,45.186,60.160079697456645,41.095425931700994,79.22473346321229,42.046
WARD_A,2025-06-10 20:00:00+00:00,2025-06-10 21:00:00+00:00,103.402,125.5370053894639,106.47235162370825,144.60165915521955,150.477
ICU,2025-06-10 21:00:00+00:00,2025-06-10 22:00:00+00:00,68.629,59.67040886521312,40.60575509945747,78.73506263096877,60.763
OPD,2025-06-10 21:00:00+00:00,2025-06-10 22:00:00+00:00,18.293,21.213311893714856,2.148658127959205,40.27796565947051,26.808
WARD_A,2025-06-10 21:00:00+00:00,2025-06-10 22:00:00+00:00,111.394,124.68212821594096,105.61747445018531,143.7467819816966,145.217
ICU,2025-06-10 22:00:00+00:00,2025-06-10 23:00:00+00:00,54.129,59.225717302508976,40.161063536753325,78.29037106826462,73.642
OPD,2025-06-10 22:00:00+00:00,2025-06-10 23:00:00+00:00,29.566,22.74935809138437,3.6847043256287186,41.81401185714002,16.49
WARD_A,2025-06-10 22:00:00+00:00,2025-06-10 23:00:00+00:00,146.179,125.07779486151732,106.01314109576167,144.14244862727298,154.628
WARD_B,2025-06-10 22:00:00+00:00,2025-06-10 23:00:00+00:00,98.698,125.79408683135733,106.72943306560168,144.85874059711298,146.882
ICU,2025-06-10 23:00:00+00:00,2025-06-11 00:00:00+00:00,68.94,60.22402721775671,41.15937345200106,79.28868098351236,60.705
OPD,2025-06-10 23:00:00+00:00,2025-06-11 00:00:00+00:00,29.265,21.599613837677527,2.5349600719218763,40.664267603433174,31.945
WARD_A,2025-06-10 23:00:00+00:00,2025-06-11 00:00:00+00:00,127.446,127.59337269849979,108.52871893274414,146.65802646425544,138.685
WARD_B,2025-06-10 23:00:00+00:00,2025-06-11 00:00:00+00:00,115.413,123.9106576044045,104.84600383864885,142.97531137016017,142.917
ICU,2025-06-11 00:00:00+00:00,2025-06-11 01:00:00+00:00,52.249,56.82511859754089,37.76046483178524,75.88977236329654,76.524
OPD,2025-06-11 00:00:00+00:00,2025-06-11 01:00:00+00:00,23.249,21.534129290895695,2.4694755251400444,40.59878305665134,23.22
WARD_A,2025-06-11 00:00:00+00:00,2025-06-11 01:00:00+00:00,125.334,126.51860189379082,107.45394812803517,145.58325565954647,140.773
WARD_B,2025-06-11 00:00:00+00:00,2025-06-11 01:00:00+00:00,120.879,123.87484980370792,104.81019603795227,142.93950356946357,149.092
ICU,2025-06-11 01:00:00+00:00,2025-06-11 02:00:00+00:00,64.424,58.01967975495648,38.95502598920083,77.08433352071214,58.122
OPD,2025-06-11 01:00:00+00:00,2025-06-11 02:00:00+00:00,24.2,21.403488511884177,2.3388347461285264,40.46814227763983,25.141
WARD_A,2025-06-11 01:00:00+00:00,2025-06-11 02:00:00+00:00,129.82,126.04128381794084,106.97663005218519,145.1059375836965,145.417
WARD_B,2025-06-11 01:00:00+00:00,2025-06-11 02:00:00+00:00,138.364,125.66707729461197,106.60242352885632,144.73173106036762,161.83
ICU,2025-06-11 02:00:00+00:00,2025-06-11 03:00:00+00:00,59.791,60.88819291677878,41.82353915102313,79.95284668253443,70.368
OPD,2025-06-11 02:00:00+00:00,2025-06-11 03:00:00+00:00,20.438,21.403488511884177,2.3388347461285264,40.46814227763983,25.961
WARD_A,2025-06-11 02:00:00+00:00,2025-06-11 03:00:00+00:00,124.973,126.85734386452614,107.79269009877049,145.9219976302818,139.078
WARD_B,2025-06-11 02:00:00+00:00,2025-06-11 03:00:00+00:00,123.108,126.45400685693744,107.38935309118179,145.5186606226931,159.494
ICU,2025-06-11 03:00:00+00:00,2025-06-11 04:00:00+00:00,48.165,58.81001070495099,39.74535693919534,77.87466447070665,73.079
OPD,2025-06-11 03:00:00+00:00,2025-06-11 04:00:00+00:00,15.477,27.411472401667975,8.346818635912324,46.47612616742363,34.012
WARD_A,2025-06-11 03:00:00+00:00,2025-06-11 04:00:00+00:00,104.42,127.19396394209059,108.12931017633494,146.25861770784624,153.835
WARD_B,2025-06-11 03:00:00+00:00,2025-06-11 04:00:00+00:00,114.171,126.14306651459371,107.07841274883806,145.20772028034935,140.165
ICU,2025-06-11 04:00:00+00:00,2025-06-11 05:00:00+00:00,60.429,56.06093965751133,36.996285891755676,75.12559342326698,56.24
OPD,2025-06-11 04:00:00+00:00,2025-06-11 05:00:00+00:00,27.82,26.00894725909385,6.944293493338201,45.0736010248495,27.191
WARD_A,2025-06-11 04:00:00+00:00,2025-06-11 05:00:00+00:00,116.522,124.40412331206794,105.33946954631229,143.46877707782357,155.873
WARD_B,2025-06-11 04:00:00+00:00,2025-06-11 05:00:00+00:00,119.961,126.52884100529627,107.46418723954062,145.59349477105192,143.711
ICU,2025-06-11 05:00:00+00:00,2025-06-11 06:00:00+00:00,148.899,141.3217877397288,122.25713397397314,160.38644150548444,134.202
OPD,2025-06-11 05:00:00+00:00,2025-06-11 06:00:00+00:00,109.466,103.45845594535601,84.39380217960036,122.52310971111166,116.112
WARD_A,2025-06-11 05:00:00+00:00,2025-06-11 06:00:00+00:00,209.988,207.42863115359967,188.36397738784402,226.49328491935532,241.198
WARD_B,2025-06-11 05:00:00+00:00,2025-06-11 06:00:00+00:00,215.924,206.41606090485047,187.35140713909482,225.48071467060612,248.851
ICU,2025-06-11 06:00:00+00:00,2025-06-11 07:00:00+00:00,72.52,58.68726470863169,39.62261094287604,77.75191847438734,50.786
OPD,2025-06-11 06:00:00+00:00,2025-06-11 07:00:00+00:00,24.331,26.361516139099788,7.296862373344137,45.42616990485544,17.085
WARD_A,2025-06-11 06:00:00+00:00,2025-06-11 07:00:00+00:00,109.976,125.1822230226707,106.11756925691505,144.24687678842633,139.004
WARD_B,2025-06-11 06:00:00+00:00,2025-06-11 07:00:00+00:00,110.667,127.02037439151772,107.95572062576207,146.08502815727337,137.757
ICU,2025-06-11 07:00:00+00:00,2025-06-11 08:00:00+00:00,60.924,69.63296347714873,50.568309711393084,88.69761724290439,45.047
OPD,2025-06-11 07:00:00+00:00,2025-06-11 08:00:00+00:00,77.037,75.28838198202382,56.22372821626817,94.35303574777947,98.885
WARD_A,2025-06-11 07:00:00+00:00,2025-06-11 08:00:00+00:00,125.345,125.0072865437992,105.94263277804355,144.07194030955486,146.018
WARD_B,2025-06-11 07:00:00+00:00,2025-06-11 08:00:00+00:00,133.005,126.3093416078982,107.24468784214255,145.37399537365386,142.366
ICU,2025-06-11 08:00:00+00:00,2025-06-11 09:00:00+00:00,57.464,67.56642838035609,48.501774614600436,86.63108214611174,70.853
OPD,2025-06-11 08:00:00+00:00,2025-06-11 09:00:00+00:00,77.108,70.68311078682946,51.61845702107381,89.74776455258511,59.903
WARD_A,2025-06-11 08:00:00+00:00,2025-06-11 09:00:00+00:00,104.565,124.76446879852105,105.6998150327654,143.8291225642767,151.582
WARD_B,2025-06-11 08:00:00+00:00,2025-06-11 09:00:00+00:00,125.435,129.6257524898648,110.56109872410914,148.69040625562045,142.607
ICU,2025-06-11 09:00:00+00:00,2025-06-11 10:00:00+00:00,71.376,66.62095679634433,47.55630303058868,85.68561056209998,74.694
OPD,2025-06-11 09:00:00+00:00,2025-06-11 10:00:00+00:00,82.384,82.06382100338674,62.999167237631085,101.12847476914239,81.178
WARD_A,2025-06-11 09:00:00+00:00,2025-06-11 10:00:00+00:00,112.472,124.78382159695698,105.71916783120133,143.84847536271263,155.857
WARD_B,2025-06-11 09:00:00+00:00,2025-06-11 10:00:00+00:00,144.939,127.72606409368589,108.66141032793024,146.79071785944154,145.371
ICU,2025-06-11 10:00:00+00:00,2025-06-11 11:00:00+00:00,67.799,67.5741125561501,48.50945879039445,86.63876632190575,71.534
OPD,2025-06-11 10:00:00+00:00,2025-06-11 11:00:00+00:00,57.913,83.31265141424684,64.2479976484912,102.3773051800025,83.712
WARD_A,2025-06-11 10:00:00+00:00,2025-06-11 11:00:00+00:00,125.222,125.15382916830802,106.08917540255237,144.21848293406367,155.394
WARD_B,2025-06-11 10:00:00+00:00,2025-06-11 11:00:00+00:00,142.875,132.22114786745797,113.15649410170232,151.28580163321362,119.492
ICU,2025-06-11 11:00:00+00:00,2025-06-11 12:00:00+00:00,61.56,66.84040942904221,47.77575566328656,85.90506319479786,65.118
OPD,2025-06-11 11:00:00+00:00,2025-06-11 12:00:00+00:00,83.314,83.72308373400035,64.6584299682447,102.787737499756,91.061
WARD_A,2025-06-11 11:00:00+00:00,2025-06-11 12:00:00+00:00,115.725,126.79950372890214,107.73484996314649,145.86415749465777,156.375
WARD_B,2025-06-11 11:00:00+00:00,2025-06-11 12:00:00+00:00,132.315,131.73640565665502,112.67175189089937,150.80105942241067,137.221
ICU,2025-06-11 12:00:00+00:00,2025-06-11 13:00:00+00:00,51.618,66.98991196417373,47.92525819841808,86.05456572992938,76.961
OPD,2025-06-11 12:00:00+00:00,2025-06-11 13:00:00+00:00,54.064,83.2644759892492,64.19982222349356,102.32912975500486,64.654
WARD_A,2025-06-11 12:00:00+00:00,2025-06-11 13:00:00+00:00,133.442,127.03760154791861,107.97294778216296,146.10225531367428,165.405
WARD_B,2025-06-11 12:00:00+00:00,2025-06-11 13:00:00+00:00,112.284,128.41230478623035,109.3476510204747,147.476958551986,155.741
ICU,2025-06-11 13:00:00+00:00,2025-06-11 14:00:00+00:00,141.466,149.3584328931708,130.29377912741515,168.42308665892645,158.482
OPD,2025-06-11 13:00:00+00:00,2025-06-11 14:00:00+00:00,173.365,167.76335561673403,148.69870185097838,186.82800938248968,205.849
WARD_A,2025-06-11 13:00:00+00:00,2025-06-11 14:00:00+00:00,232.651,211.473949120515,192.40929535475934,230.53860288627064,216.919
WARD_B,2025-06-11 13:00:00+00:00,2025-06-11 14:00:00+00:00,226.265,208.69717138485746,189.6325176191018,227.7618251506131,229.221
ICU,2025-06-11 14:00:00+00:00,2025-06-11 15:00:00+00:00,58.193,64.49289119425055,45.428237428494896,83.5575449600062,61.663
OPD,2025-06-11 14:00:00+00:00,2025-06-11 15:00:00+00:00,71.727,80.66615928988884,61.60150552413319,99.73081305564449,59.955
WARD_A,2025-06-11 14:00:00+00:00,2025-06-11 15:00:00+00:00,113.701,129.58782791069976,110.52317414494411,148.6524816764554,163.692
WARD_B,2025-06-11 14:00:00+00:00,2025-06-11 15:00:00+00:00,124.064,128.12649726170372,109.06184349594807,147.19115102745937,167.861
ICU,2025-06-11 15:00:00+00:00,2025-06-11 16:00:00+00:00,69.482,68.36293451450643,49.298280748750784,87.42758828026209,67.278
OPD,2025-06-11 15:00:00+00:00,2025-06-11 16:00:00+00:00,80.667,81.2352353135001,62.17058154774445,100.29988907925575,104.668
WARD_A,2025-06-11 15:00:00+00:00,2025-06-11 16:00:00+00:00,147.657,125.27267298642596,106.20801922067031,144.3373267521816,164.787
WARD_B,2025-06-11 15:00:00+00:00,2025-06-11 16:00:00+00:00,136.216,126.64252667826975,107.5778729125141,145.7071804440254,155.396
ICU,2025-06-11 16:00:00+00:00,2025-06-11 17:00:00+00:00,50.561,63.340036491839975,44.275382726084324,82.40469025759563,84.98
OPD,2025-06-11 16:00:00+00:00,2025-06-11 17:00:00+00:00,68.822,80.72410723814482,61.659453472389174,99.78876100390048,97.24
WARD_A,2025-06-11 16:00:00+00:00,2025-06-11 17:00:00+00:00,135.536,126.0983913019739,107.03373753621825,145.16304506772957,165.84
WARD_B,2025-06-11 16:00:00+00:00,2025-06-11 17:00:00+00:00,130.439,127.85476992716461,108.79011616140896,146.91942369292025,149.478
ICU,2025-06-11 17:00:00+00:00,2025-06-11 18:00:00+00:00,66.583,54.318581891997496,35.253928126241846,73.38323565775315,68.377
OPD,2025-06-11 17:00:00+00:00,2025-06-11 18:00:00+00:00,20.836,24.387944253948174,5.323290488192523,43.45259801970383,31.633
WARD_A,2025-06-11 17:00:00+00:00,2025-06-11 18:00:00+00:00,116.918,124.23322903317683,105.16857526742118,143.29788279893248,154.264
WARD_B,2025-06-11 17:00:00+00:00,2025-06-11 18:00:00+00:00,103.389,125.218054779969,106.15340101421334,144.28270854572463,151.953
ICU,2025-06-11 18:00:00+00:00,2025-06-11 19:00:00+00:00,58.201,56.09690360885816,37.03224984310251,75.1615573746138,53.381
OPD,2025-06-11 18:00:00+00:00,2025-06-11 19:00:00+00:00,20.136,23.14587171944549,4.0812179536898405,42.210525485201146,4.213
WARD_A,2025-06-11 18:00:00+00:00,2025-06-11 19:00:00+00:00,116.616,123.4822135255937,104.41755975983806,142.54686729134937,156.95
WARD_B,2025-06-11 18:00:00+00:00,2025-06-11 19:00:00+00:00,122.717,124.62706853642305,105.5624147706674,143.6917223021787,151.072
ICU,2025-06-11 19:00:00+00:00,2025-06-11 20:00:00+00:00,154.133,143.1608174792447,124.09616371348906,162.22547124500036,145.744
OPD,2025-06-11 19:00:00+00:00,2025-06-11 20:00:00+00:00,102.052,105.50565914199512,86.44100537623947,124.57031290775078,98.284
WARD_A,2025-06-11 19:00:00+00:00,2025-06-11 20:00:00+00:00,223.537,207.5127317354997,188.44807796974405,226.57738550125535,224.861
WARD_B,2025-06-11 19:00:00+00:00,2025-06-11 20:00:00+00:00,212.928,204.95590567373085,185.8912519079752,224.0205594394865,225.764
ICU,2025-06-11 20:00:00+00:00,2025-06-11 21:00:00+00:00,37.114,60.052690263297684,40.98803649754203,79.11734402905333,62.507
WARD_A,2025-06-11 20:00:00+00:00,2025-06-11 21:00:00+00:00,106.154,125.68167133601263,106.61701757025698,144.74632510176826,154.568
WARD_B,2025-06-11 20:00:00+00:00,2025-06-11 21:00:00+00:00,117.335,125.61218075912436,106.5475269933687,144.67683452488,162.126
ICU,2025-06-11 21:00:00+00:00,2025-06-11 22:00:00+00:00,40.135,48.904285686979094,29.839631921223443,67.96893945273474,57.731
OPD,2025-06-11 21:00:00+00:00,2025-06-11 22:00:00+00:00,14.187,20.929040677665924,1.8643869119102732,39.993694443421575,26.733
WARD_A,2025-06-11 21:00:00+00:00,2025-06-11 22:00:00+00:00,105.938,122.80237028828532,103.73771652252967,141.86702405404097,155.132
ICU,2025-06-11 22:00:00+00:00,2025-06-11 23:00:00+00:00,69.141,50.788027265503516,31.723373499747865,69.85268103125917,61.624
OPD,2025-06-11 22:00:00+00:00,2025-06-11 23:00:00+00:00,35.836,21.155427026323412,2.0907732605677616,40.22008079207906,26.903
WARD_A,2025-06-11 22:00:00+00:00,2025-06-11 23:00:00+00:00,138.358,122.67144925115318,103.60679548539753,141.73610301690883,165.056
WARD_B,2025-06-11 22:00:00+00:00,2025-06-11 23:00:00+00:00,125.635,124.43608911691145,105.3714353511558,143.5007428826671,152.698
ICU,2025-06-11 23:00:00+00:00,2025-06-12 00:00:00+00:00,50.744,55.91704143506091,36.85238766930526,74.98169520081656,61.009
OPD,2025-06-11 23:00:00+00:00,2025-06-12 00:00:00+00:00,19.907,21.106025010990898,2.041371245235247,40.17067877674655,11.518
WARD_A,2025-06-11 23:00:00+00:00,2025-06-12 00:00:00+00:00,113.296,125.84626030881206,106.78160654305641,144.9109140745677,145.679
WARD_B,2025-06-11 23:00:00+00:00,2025-06-12 00:00:00+00:00,115.608,127.03941021577451,107.97475645001886,146.10406398153015,123.291
ICU,2025-06-12 00:00:00+00:00,2025-06-12 01:00:00+00:00,49.369,55.91704143506091,36.85238766930526,74.98169520081656,73.253
OPD,2025-06-12 00:00:00+00:00,2025-06-12 01:00:00+00:00,33.964,21.20027726370343,2.1356234979477797,40.26493102945908,0.0
WARD_A,2025-06-12 00:00:00+00:00,2025-06-12 01:00:00+00:00,128.666,123.48916497599494,104.42451121023929,142.5538187417506,165.176
WARD_B,2025-06-12 00:00:00+00:00,2025-06-12 01:00:00+00:00,124.576,125.54731941878518,106.48266565302953,144.61197318454083,150.061
ICU,2025-06-12 01:00:00+00:00,2025-06-12 02:00:00+00:00,54.878,56.45219687520745,37.3875431094518,75.5168506409631,69.728
OPD,2025-06-12 01:00:00+00:00,2025-06-12 02:00:00+00:00,22.801,21.33091804271495,2.2662642769592978,40.3955718084706,32.927
WARD_A,2025-06-12 01:00:00+00:00,2025-06-12 02:00:00+00:00,115.601,126.72505224172555,107.6603984759699,145.7897060074812,132.98
WARD_B,2025-06-12 01:00:00+00:00,2025-06-12 02:00:00+00:00,122.744,127.13732515431859,108.07267138856294,146.20197892007423,156.055
ICU,2025-06-12 02:00:00+00:00,2025-06-12 03:00:00+00:00,58.439,55.28292983658416,36.21827607082851,74.34758360233981,53.224
OPD,2025-06-12 02:00:00+00:00,2025-06-12 03:00:00+00:00,28.597,20.97538423197938,1.910730466223729,40.04003799773503,22.108
WARD_A,2025-06-12 02:00:00+00:00,2025-06-12 03:00:00+00:00,105.441,123.97112776936521,104.90647400360956,143.03578153512086,144.202
WARD_B,2025-06-12 02:00:00+00:00,2025-06-12 03:00:00+00:00,128.721,126.2585332214051,107.19387945564945,145.32318698716074,135.592
ICU,2025-06-12 03:00:00+00:00,2025-06-12 04:00:00+00:00,57.536,54.934333682821666,35.869679917066016,73.99898744857731,68.052
OPD,2025-06-12 03:00:00+00:00,2025-06-12 04:00:00+00:00,12.978,27.260625261650397,8.195971495894746,46.32527902740605,26.814
WARD_A,2025-06-12 03:00:00+00:00,2025-06-12 04:00:00+00:00,133.619,125.73066912449492,106.66601535873927,144.7953228902506,149.099
WARD_B,2025-06-12 03:00:00+00:00,2025-06-12 04:00:00+00:00,124.214,130.9130633262813,111.84840956052565,149.97771709203695,128.493
ICU,2025-06-12 04:00:00+00:00,2025-06-12 05:00:00+00:00,57.944,52.576567088896745,33.511913323141094,71.6412208546524,63.469
OPD,2025-06-12 04:00:00+00:00,2025-06-12 05:00:00+00:00,8.407,31.814946906384247,12.750293140628596,50.8796006721399,14.943
WARD_A,2025-06-12 04:00:00+00:00,2025-06-12 05:00:00+00:00,109.056,125.29079783723769,106.22614407148204,144.35545160299336,153.495
WARD_B,2025-06-12 04:00:00+00:00,2025-06-12 05:00:00+00:00,129.07,126.90502324484396,107.84036947908831,145.9696770105996,152.245
ICU,2025-06-12 05:00:00+00:00,2025-06-12 06:00:00+00:00,141.86,134.59170835059837,115.52705458484272,153.65636211635402,144.257
OPD,2025-06-12 05:00:00+00:00,2025-06-12 06:00:00+00:00,117.726,108.71395415154285,89.6493003857872,127.7786079172985,106.719
WARD_A,2025-06-12 05:00:00+00:00,2025-06-12 06:00:00+00:00,216.757,206.43416142142453,187.36950765566888,225.49881518718018,240.756
WARD_B,2025-06-12 05:00:00+00:00,2025-06-12 06:00:00+00:00,212.62,209.8930382431376,190.82838447738195,228.95769200889325,236.588
ICU,2025-06-12 06:00:00+00:00,2025-06-12 07:00:00+00:00,61.041,55.18134519204107,36.11669142628542,74.24599895779673,60.829
OPD,2025-06-12 06:00:00+00:00,2025-06-12 07:00:00+00:00,34.201,32.144466847222624,13.079813081466973,51.209120612978275,9.105
WARD_A,2025-06-12 06:00:00+00:00,2025-06-12 07:00:00+00:00,117.249,123.65205285046942,104.58739908471377,142.71670661622505,142.393
WARD_B,2025-06-12 06:00:00+00:00,2025-06-12 07:00:00+00:00,120.128,123.6318025799723,104.56714881421665,142.69645634572794,120.214
ICU,2025-06-12 07:00:00+00:00,2025-06-12 08:00:00+00:00,74.987,65.11281332955309,46.04815956379744,84.17746709530874,49.018
OPD,2025-06-12 07:00:00+00:00,2025-06-12 08:00:00+00:00,83.454,70.75557592037099,51.690922154615336,89.82022968612664,69.644
WARD_A,2025-06-12 07:00:00+00:00,2025-06-12 08:00:00+00:00,129.423,128.11062968801988,109.04597592226423,147.17528345377553,136.193
WARD_B,2025-06-12 07:00:00+00:00,2025-06-12 08:00:00+00:00,131.549,130.8563485894789,111.79169482372325,149.92100235523455,161.346
ICU,2025-06-12 08:00:00+00:00,2025-06-12 09:00:00+00:00,54.087,65.50916021039365,46.444506444637994,84.5738139761493,46.521
OPD,2025-06-12 08:00:00+00:00,2025-06-12 09:00:00+00:00,83.825,81.66527769558319,62.600623929827535,100.72993146133884,98.884
WARD_A,2025-06-12 08:00:00+00:00,2025-06-12 09:00:00+00:00,118.493,127.79158442217364,108.72693065641799,146.8562381879293,159.358
WARD_B,2025-06-12 08:00:00+00:00,2025-06-12 09:00:00+00:00,134.407,128.16638969218513,109.10173592642948,147.23104345794079,130.326
ICU,2025-06-12 09:00:00+00:00,2025-06-12 10:00:00+00:00,65.951,65.09674542794869,46.03209166219304,84.16139919370434,67.713
OPD,2025-06-12 09:00:00+00:00,2025-06-12 10:00:00+00:00,71.684,81.72115439339377,62.656500627638124,100.78580815914943,74.905
WARD_A,2025-06-12 09:00:00+00:00,2025-06-12 10:00:00+00:00,138.672,127.04061035231473,107.97595658655908,146.10526411807038,146.735
WARD_B,2025-06-12 09:00:00+00:00,2025-06-12 10:00:00+00:00,154.024,131.6821994068712,112.61754564111556,150.74685317262686,146.904
ICU,2025-06-12 10:00:00+00:00,2025-06-12 11:00:00+00:00,70.222,64.69801476371103,45.63336099795538,83.76266852946668,69.077
OPD,2025-06-12 10:00:00+00:00,2025-06-12 11:00:00+00:00,71.91,82.0339124355293,62.96925866977365,101.09856620128495,109.441
WARD_A,2025-06-12 10:00:00+00:00,2025-06-12 11:00:00+00:00,114.666,128.43332810246235,109.3686743367067,147.497981868218,151.085
WARD_B,2025-06-12 10:00:00+00:00,2025-06-12 11:00:00+00:00,135.879,133.76253895972923,114.69788519397358,152.82719272548488,139.471
ICU,2025-06-12 11:00:00+00:00,2025-06-12 12:00:00+00:00,61.121,64.69801476371103,45.63336099795538,83.76266852946668,50.286
OPD,2025-06-12 11:00:00+00:00,2025-06-12 12:00:00+00:00,67.427,82.67549370830926,63.61083994255361,101.74014747406491,86.036
WARD_A,2025-06-12 11:00:00+00:00,2025-06-12 12:00:00+00:00,138.776,128.41094847605729,109.34629471030163,147.47560224181294,161.907
WARD_B,2025-06-12 11:00:00+00:00,2025-06-12 12:00:00+00:00,117.507,129.4977902628679,110.43313649711226,148.56244402862356,146.704
ICU,2025-06-12 12:00:00+00:00,2025-06-12 13:00:00+00:00,51.777,64.3362876239003,45.271633858144654,83.40094138965596,56.824
OPD,2025-06-12 12:00:00+00:00,2025-06-12 13:00:00+00:00,93.498,83.72308373400035,64.6584299682447,102.787737499756,52.021
WARD_A,2025-06-12 12:00:00+00:00,2025-06-12 13:00:00+00:00,126.205,128.5916006457475,109.52694687999184,147.65625441150314,143.908
WARD_B,2025-06-12 12:00:00+00:00,2025-06-12 13:00:00+00:00,125.98,129.56602832353965,110.501374557784,148.6306820892953,137.233
ICU,2025-06-12 13:00:00+00:00,2025-06-12 14:00:00+00:00,138.463,148.95689195798627,129.89223819223062,168.02154572374192,160.997
OPD,2025-06-12 13:00:00+00:00,2025-06-12 14:00:00+00:00,192.294,165.74283024374978,146.67817647799413,184.80748400950543,144.213
WARD_A,2025-06-12 13:00:00+00:00,2025-06-12 14:00:00+00:00,202.359,208.65972656565742,189.59507279990177,227.72438033141307,239.684
WARD_B,2025-06-12 13:00:00+00:00,2025-06-12 14:00:00+00:00,217.087,207.99219740478574,188.9275436390301,227.0568511705414,241.872
ICU,2025-06-12 14:00:00+00:00,2025-06-12 15:00:00+00:00,67.106,63.165783678901434,44.10112991314578,82.23043744465708,68.763
OPD,2025-06-12 14:00:00+00:00,2025-06-12 15:00:00+00:00,58.452,127.09101345432856,108.02635968857291,146.1556672200842,96.684
WARD_A,2025-06-12 14:00:00+00:00,2025-06-12 15:00:00+00:00,141.314,126.49814982738617,107.43349606163052,145.56280359314184,136.714
WARD_B,2025-06-12 14:00:00+00:00,2025-06-12 15:00:00+00:00,138.488,126.53139402622189,107.46674026046624,145.59604779197753,133.312
ICU,2025-06-12 15:00:00+00:00,2025-06-12 16:00:00+00:00,56.605,67.0056803180284,47.941026552272746,86.07033408378405,72.274
OPD,2025-06-12 15:00:00+00:00,2025-06-12 16:00:00+00:00,76.395,80.91021463215202,61.84556086639637,99.97486839790767,97.588
WARD_A,2025-06-12 15:00:00+00:00,2025-06-12 16:00:00+00:00,126.181,130.46085898692692,111.39620522117127,149.52551275268257,144.888
WARD_B,2025-06-12 15:00:00+00:00,2025-06-12 16:00:00+00:00,137.315,129.41887566420039,110.35422189844473,148.48352942995604,124.443
ICU,2025-06-12 16:00:00+00:00,2025-06-12 17:00:00+00:00,52.187,65.88547648029044,46.820822714534785,84.95013024604609,71.825
OPD,2025-06-12 16:00:00+00:00,2025-06-12 17:00:00+00:00,59.35,80.78348572476794,61.71883195901229,99.8481394905236,86.852
WARD_A,2025-06-12 16:00:00+00:00,2025-06-12 17:00:00+00:00,133.216,126.42510268885557,107.36044892309992,145.4897564546112,163.37
WARD_B,2025-06-12 16:00:00+00:00,2025-06-12 17:00:00+00:00,138.111,129.46121193464376,110.3965581688881,148.5258657003994,165.522
ICU,2025-06-12 17:00:00+00:00,2025-06-12 18:00:00+00:00,47.668,54.4845940287134,35.41994026295775,73.54924779446905,58.349
OPD,2025-06-12 17:00:00+00:00,2025-06-12 18:00:00+00:00,15.293,26.189172608273438,7.124518842517787,45.25382637402909,12.7
WARD_A,2025-06-12 17:00:00+00:00,2025-06-12 18:00:00+00:00,152.162,124.1839652523434,105.11931148658775,143.24861901809905,155.226
WARD_B,2025-06-12 17:00:00+00:00,2025-06-12 18:00:00+00:00,136.469,129.25594387227088,110.19129010651523,148.32059763802653,144.761
ICU,2025-06-12 18:00:00+00:00,2025-06-12 19:00:00+00:00,31.138,56.144998453195925,37.080344687440274,75.20965221895158,71.912
OPD,2025-06-12 18:00:00+00:00,2025-06-12 19:00:00+00:00,25.625,24.17996124707107,5.115307481315419,43.24461501282672,17.647
WARD_A,2025-06-12 18:00:00+00:00,2025-06-12 19:00:00+00:00,125.08,128.81275513911504,109.74810137335939,147.8774089048707,149.256
WARD_B,2025-06-12 18:00:00+00:00,2025-06-12 19:00:00+00:00,151.1,128.02191891690993,108.95726515115427,147.08657268266558,140.233
ICU,2025-06-12 19:00:00+00:00,2025-06-12 20:00:00+00:00,136.207,117.33267135253007,98.26801758677442,136.39732511828572,150.786
OPD,2025-06-12 19:00:00+00:00,2025-06-12 20:00:00+00:00,107.215,104.16699457166328,85.10234080590763,123.23164833741893,107.353
WARD_A,2025-06-12 19:00:00+00:00,2025-06-12 20:00:00+00:00,188.231,207.27601154055338,188.21135777479773,226.34066530630903,227.854
WARD_B,2025-06-12 19:00:00+00:00,2025-06-12 20:00:00+00:00,211.622,213.4358051051359,194.37115133938025,232.50045887089155,235.042
ICU,2025-06-12 20:00:00+00:00,2025-06-12 21:00:00+00:00,57.518,57.10522849049088,38.04057472473523,76.16988225624652,60.16
OPD,2025-06-12 20:00:00+00:00,2025-06-12 21:00:00+00:00,23.408,23.19513513478115,4.1304813690255,42.259788900536805,7.027
WARD_A,2025-06-12 20:00:00+00:00,2025-06-12 21:00:00+00:00,113.395,123.57296109901617,104.50830733326052,142.63761486477182,154.881
WARD_B,2025-06-12 20:00:00+00:00,2025-06-12 21:00:00+00:00,140.986,129.60627097524062,110.54161720948497,148.67092474099627,155.16
ICU,2025-06-12 21:00:00+00:00,2025-06-12 22:00:00+00:00,47.737,57.6014859543672,38.53683218861155,76.66613972012286,66.171
OPD,2025-06-12 21:00:00+00:00,2025-06-12 22:00:00+00:00,11.342,22.67684471738344,3.612190951627788,41.74149848313909,12.281
WARD_A,2025-06-12 21:00:00+00:00,2025-06-12 22:00:00+00:00,112.166,124.25510251703615,105.1904487512805,143.3197562827918,140.705
WARD_B,2025-06-12 21:00:00+00:00,2025-06-12 22:00:00+00:00,127.997,130.85401794555884,111.78936417980319,149.9186717113145,130.09
ICU,2025-06-12 22:00:00+00:00,2025-06-12 23:00:00+00:00,67.523,54.97528212239639,35.91062835664074,74.03993588815204,69.74
OPD,2025-06-12 22:00:00+00:00,2025-06-12 23:00:00+00:00,31.569,21.298692084067127,2.2340383183114767,40.36334584982278,17.589
WARD_A,2025-06-12 22:00:00+00:00,2025-06-12 23:00:00+00:00,122.938,122.0891552972068,103.02450153145115,141.15380906296247,149.436
WARD_B,2025-06-12 22:00:00+00:00,2025-06-12 23:00:00+00:00,132.206,129.776630261689,110.71197649593336,148.84128402744466,146.068
ICU,2025-06-12 23:00:00+00:00,2025-06-13 00:00:00+00:00,48.126,57.37532207510815,38.3106683093525,76.43997584086381,57.404
OPD,2025-06-12 23:00:00+00:00,2025-06-13 00:00:00+00:00,15.719,21.54249425049291,2.4778404847372606,40.60714801624856,25.879
WARD_A,2025-06-12 23:00:00+00:00,2025-06-13 00:00:00+00:00,114.315,125.70996389402086,106.64531012826521,144.7746176597765,140.511
WARD_B,2025-06-12 23:00:00+00:00,2025-06-13 00:00:00+00:00,128.63,130.79047375980238,111.72581999404673,149.85512752555803,135.36
ICU,2025-06-13 00:00:00+00:00,2025-06-13 01:00:00+00:00,63.8,57.722747865357576,38.658094099601925,76.78740163111323,69.803
OPD,2025-06-13 00:00:00+00:00,2025-06-13 01:00:00+00:00,29.674,22.853829050708413,3.789175284952762,41.91848281646406,21.656
WARD_A,2025-06-13 00:00:00+00:00,2025-06-13 01:00:00+00:00,134.889,123.48916497599494,104.42451121023929,142.5538187417506,143.228
WARD_B,2025-06-13 00:00:00+00:00,2025-06-13 01:00:00+00:00,138.276,128.58916593340447,109.52451216764882,147.65381969916012,137.619
ICU,2025-06-13 01:00:00+00:00,2025-06-13 02:00:00+00:00,59.849,55.4478116172623,36.38315785150665,74.51246538301795,67.921
OPD,2025-06-13 01:00:00+00:00,2025-06-13 02:00:00+00:00,20.969,22.98446982971993,3.91981606396428,42.04912359547558,27.483
WARD_A,2025-06-13 01:00:00+00:00,2025-06-13 02:00:00+00:00,137.82,126.13568208788149,107.07102832212584,145.20033585363714,149.677
WARD_B,2025-06-13 01:00:00+00:00,2025-06-13 02:00:00+00:00,133.834,130.9442227337755,111.87956896801984,150.00887649953114,124.4
ICU,2025-06-13 02:00:00+00:00,2025-06-13 03:00:00+00:00,71.611,54.921173349746425,35.856519583990774,73.98582711550208,61.118
OPD,2025-06-13 02:00:00+00:00,2025-06-13 03:00:00+00:00,29.359,22.853829050708413,3.789175284952762,41.91848281646406,14.899
WARD_A,2025-06-13 02:00:00+00:00,2025-06-13 03:00:00+00:00,121.894,124.75805733169068,105.69340356593503,143.82271109744633,142.152
WARD_B,2025-06-13 02:00:00+00:00,2025-06-13 03:00:00+00:00,129.328,128.07654571304144,109.01189194728579,147.1411994787971,137.873
ICU,2025-06-13 03:00:00+00:00,2025-06-13 04:00:00+00:00,58.519,54.641269023243694,35.576615257488044,73.70592278899935,77.95
OPD,2025-06-13 03:00:00+00:00,2025-06-13 04:00:00+00:00,36.45,29.821909552359593,10.757255786603942,48.88656331811524,32.213
WARD_A,2025-06-13 03:00:00+00:00,2025-06-13 04:00:00+00:00,117.435,124.964115219893,105.89946145413735,144.02876898564864,150.931
WARD_B,2025-06-13 03:00:00+00:00,2025-06-13 04:00:00+00:00,116.826,130.12583153008345,111.0611777643278,149.1904852958391,139.114
ICU,2025-06-13 04:00:00+00:00,2025-06-13 05:00:00+00:00,44.93,53.10320535641262,34.03855159065697,72.16785912216827,55.345
OPD,2025-06-13 04:00:00+00:00,2025-06-13 05:00:00+00:00,20.757,29.31002296697272,10.24536920121707,48.374676732728375,27.407
WARD_A,2025-06-13 04:00:00+00:00,2025-06-13 05:00:00+00:00,120.186,122.26640288568693,103.20174911993128,141.33105665144257,149.405
WARD_B,2025-06-13 04:00:00+00:00,2025-06-13 05:00:00+00:00,123.241,126.09276139955418,107.02810763379853,145.15741516530983,134.965
ICU,2025-06-13 05:00:00+00:00,2025-06-13 06:00:00+00:00,149.935,134.69918168155925,115.6345279158036,153.7638354473149,149.319
OPD,2025-06-13 05:00:00+00:00,2025-06-13 06:00:00+00:00,122.441,107.98585869294831,88.92120492719266,127.05051245870396,104.104
WARD_A,2025-06-13 05:00:00+00:00,2025-06-13 06:00:00+00:00,218.23,206.4211109065949,187.35645714083924,225.48576467235054,211.454
WARD_B,2025-06-13 05:00:00+00:00,2025-06-13 06:00:00+00:00,215.244,213.23593804068858,194.17128427493293,232.30059180644423,212.032
ICU,2025-06-13 06:00:00+00:00,2025-06-13 07:00:00+00:00,70.081,55.28171046762668,36.21705670187103,74.34636423338233,60.242
OPD,2025-06-13 06:00:00+00:00,2025-06-13 07:00:00+00:00,27.347,25.639039635342055,6.574385869586404,44.70369340109771,18.041
WARD_A,2025-06-13 06:00:00+00:00,2025-06-13 07:00:00+00:00,103.532,127.00745063512117,107.94279686936552,146.0721044008768,158.137
WARD_B,2025-06-13 06:00:00+00:00,2025-06-13 07:00:00+00:00,137.311,127.36178144480927,108.29712767905362,146.42643521056493,132.79
ICU,2025-06-13 07:00:00+00:00,2025-06-13 08:00:00+00:00,40.022,64.95982418291591,45.89517041716026,84.02447794867156,66.465
OPD,2025-06-13 07:00:00+00:00,2025-06-13 08:00:00+00:00,59.204,69.92969325240733,50.86503948665168,88.99434701816298,95.488
WARD_A,2025-06-13 07:00:00+00:00,2025-06-13 08:00:00+00:00,116.572,127.4894843159185,108.42483055016285,146.55413808167415,168.809
WARD_B,2025-06-13 07:00:00+00:00,2025-06-13 08:00:00+00:00,141.862,136.66774758621327,117.60309382045762,155.73240135196892,135.262
ICU,2025-06-13 08:00:00+00:00,2025-06-13 09:00:00+00:00,61.813,60.497464924992634,41.432811159236984,79.56211869074829,85.359
OPD,2025-06-13 08:00:00+00:00,2025-06-13 09:00:00+00:00,77.594,79.45208794292671,60.38743417717106,98.51674170868236,72.077
WARD_A,2025-06-13 08:00:00+00:00,2025-06-13 09:00:00+00:00,128.387,126.45703927535453,107.39238550959888,145.52169304111018,135.631
WARD_B,2025-06-13 08:00:00+00:00,2025-06-13 09:00:00+00:00,144.758,136.1776319727905,117.11297820703484,155.24228573854614,132.159
ICU,2025-06-13 09:00:00+00:00,2025-06-13 10:00:00+00:00,75.883,64.85414956562622,45.789495799870565,83.91880333138187,65.136
OPD,2025-06-13 09:00:00+00:00,2025-06-13 10:00:00+00:00,87.9,81.22465876664991,62.16000500089426,100.28931253240556,80.281
WARD_A,2025-06-13 09:00:00+00:00,2025-06-13 10:00:00+00:00,132.038,128.33747792753817,109.27282416178252,147.40213169329382,136.393
WARD_B,2025-06-13 09:00:00+00:00,2025-06-13 10:00:00+00:00,157.557,137.46929635618454,118.40464259042889,156.5339501219402,148.205
ICU,2025-06-13 10:00:00+00:00,2025-06-13 11:00:00+00:00,64.597,64.72039439011613,45.655740624360476,83.78504815587178,87.544
OPD,2025-06-13 10:00:00+00:00,2025-06-13 11:00:00+00:00,75.017,82.5202533285542,63.455599562798554,101.58490709430986,83.729
WARD_A,2025-06-13 10:00:00+00:00,2025-06-13 11:00:00+00:00,130.541,128.32325197059546,109.25859820483981,147.38790573635112,138.559
WARD_B,2025-06-13 10:00:00+00:00,2025-06-13 11:00:00+00:00,146.353,139.9883510169242,120.92369725116856,159.05300478267986,134.491
ICU,2025-06-13 11:00:00+00:00,2025-06-13 12:00:00+00:00,39.624,65.90275918621303,46.83810542045738,84.96741295196868,65.598
OPD,2025-06-13 11:00:00+00:00,2025-06-13 12:00:00+00:00,82.188,82.16306288667805,63.0984091209224,101.2277166524337,83.747
WARD_A,2025-06-13 11:00:00+00:00,2025-06-13 12:00:00+00:00,114.876,131.79268262506992,112.72802885931426,150.85733639082557,146.389
WARD_B,2025-06-13 11:00:00+00:00,2025-06-13 12:00:00+00:00,138.587,137.35911238786716,118.2944586221115,156.4237661536228,146.094
ICU,2025-06-13 12:00:00+00:00,2025-06-13 13:00:00+00:00,61.832,59.476570187654524,40.41191642189887,78.54122395341017,73.585
OPD,2025-06-13 12:00:00+00:00,2025-06-13 13:00:00+00:00,85.18,82.16306288667805,63.0984091209224,101.2277166524337,83.775
WARD_A,2025-06-13 12:00:00+00:00,2025-06-13 13:00:00+00:00,114.539,129.98275779499588,110.91810402924023,149.04741156075153,140.392
WARD_B,2025-06-13 12:00:00+00:00,2025-06-13 13:00:00+00:00,138.286,135.9771480725108,116.91249430675515,155.04180183826645,140.763
ICU,2025-06-13 13:00:00+00:00,2025-06-13 14:00:00+00:00,139.351,149.1268251549289,130.06217138917324,168.19147892068455,150.721
OPD,2025-06-13 13:00:00+00:00,2025-06-13 14:00:00+00:00,164.73,165.51437854724813,146.44972478149248,184.57903231300378,168.57
WARD_A,2025-06-13 13:00:00+00:00,2025-06-13 14:00:00+00:00,216.204,211.9012088880724,192.83655512231675,230.96586265382805,222.621
WARD_B,2025-06-13 13:00:00+00:00,2025-06-13 14:00:00+00:00,212.165,224.86759038401652,205.80293661826087,243.93224414977217,235.718
ICU,2025-06-13 14:00:00+00:00,2025-06-13 15:00:00+00:00,69.138,62.98449701115638,43.91984324540073,82.04915077691203,73.369
OPD,2025-06-13 14:00:00+00:00,2025-06-13 15:00:00+00:00,93.185,81.91434228864183,62.84968852288618,100.97899605439748,83.647
WARD_A,2025-06-13 14:00:00+00:00,2025-06-13 15:00:00+00:00,126.46,128.6332794768383,109.56862571108266,147.69793324259396,151.68
WARD_B,2025-06-13 14:00:00+00:00,2025-06-13 15:00:00+00:00,133.756,136.13975164437642,117.07509787862077,155.20440541013207,133.054
ICU,2025-06-13 15:00:00+00:00,2025-06-13 16:00:00+00:00,60.591,66.22199810455386,47.15734433879821,85.28665187030951,54.761
OPD,2025-06-13 15:00:00+00:00,2025-06-13 16:00:00+00:00,93.004,81.2352353135001,62.17058154774445,100.29988907925575,63.292
WARD_A,2025-06-13 15:00:00+00:00,2025-06-13 16:00:00+00:00,123.567,127.81879928180372,108.75414551604807,146.88345304755939,166.179
WARD_B,2025-06-13 15:00:00+00:00,2025-06-13 16:00:00+00:00,141.469,136.02776348122,116.96310971546436,155.09241724697566,137.588
ICU,2025-06-13 16:00:00+00:00,2025-06-13 17:00:00+00:00,65.702,65.99294981125132,46.92829604549567,85.05760357700697,74.64
OPD,2025-06-13 16:00:00+00:00,2025-06-13 17:00:00+00:00,77.805,81.00095249449527,61.936298728739615,100.06560626025092,102.522
WARD_A,2025-06-13 16:00:00+00:00,2025-06-13 17:00:00+00:00,128.016,126.42510268885557,107.36044892309992,145.4897564546112,146.615
WARD_B,2025-06-13 16:00:00+00:00,2025-06-13 17:00:00+00:00,129.432,136.53760876964103,117.47295500388537,155.60226253539668,133.496
ICU,2025-06-13 17:00:00+00:00,2025-06-13 18:00:00+00:00,49.508,54.1480032212522,35.08334945549655,73.21265698700785,58.869
OPD,2025-06-13 17:00:00+00:00,2025-06-13 18:00:00+00:00,17.979,23.29076199437896,4.2261082286233105,42.35541576013461,36.944
WARD_A,2025-06-13 17:00:00+00:00,2025-06-13 18:00:00+00:00,123.531,123.52766361691566,104.46300985116001,142.5923173826713,136.589
WARD_B,2025-06-13 17:00:00+00:00,2025-06-13 18:00:00+00:00,153.019,133.07851505513216,114.0138612893765,152.1431688208878,139.346
ICU,2025-06-13 18:00:00+00:00,2025-06-13 19:00:00+00:00,56.806,55.427815903722724,36.36316213796707,74.49246966947837,46.949
OPD,2025-06-13 18:00:00+00:00,2025-06-13 19:00:00+00:00,11.848,22.63563534096307,3.570981575207419,41.70028910671872,21.519
WARD_A,2025-06-13 18:00:00+00:00,2025-06-13 19:00:00+00:00,117.959,125.2400591299006,106.17540536414495,144.30471289565625,152.528
WARD_B,2025-06-13 18:00:00+00:00,2025-06-13 19:00:00+00:00,135.237,137.6201982898094,118.55554452405374,156.68485205556505,140.964
ICU,2025-06-13 19:00:00+00:00,2025-06-13 20:00:00+00:00,139.655,142.87455001349767,123.80989624774202,161.93920377925332,139.424
OPD,2025-06-13 19:00:00+00:00,2025-06-13 20:00:00+00:00,100.244,106.84416597280342,87.77951220704777,125.90881973855907,106.571
WARD_A,2025-06-13 19:00:00+00:00,2025-06-13 20:00:00+00:00,225.293,207.27601154055338,188.21135777479773,226.34066530630903,231.432
WARD_B,2025-06-13 19:00:00+00:00,2025-06-13 20:00:00+00:00,214.813,214.31335502703018,195.24870126127453,233.37800879278583,208.131
ICU,2025-06-13 20:00:00+00:00,2025-06-13 21:00:00+00:00,52.48,57.02037801851595,37.9557242527603,76.08503178427159,74.963
OPD,2025-06-13 20:00:00+00:00,2025-06-13 21:00:00+00:00,28.277,22.828984428789973,3.764330663034322,41.89363819454562,20.782
WARD_A,2025-06-13 20:00:00+00:00,2025-06-13 21:00:00+00:00,113.252,123.69681535805888,104.63216159230323,142.76146912381455,113.535
WARD_B,2025-06-13 20:00:00+00:00,2025-06-13 21:00:00+00:00,152.479,135.14677229090177,116.08211852514611,154.21142605665742,130.393
ICU,2025-06-13 21:00:00+00:00,2025-06-13 22:00:00+00:00,56.312,59.80595632494309,40.74130255918744,78.87061009069873,75.704
OPD,2025-06-13 21:00:00+00:00,2025-06-13 22:00:00+00:00,17.877,21.07874860242904,2.01409483667339,40.143402368184695,23.874
WARD_A,2025-06-13 21:00:00+00:00,2025-06-13 22:00:00+00:00,128.456,124.09927782738869,105.03462406163304,143.16393159314435,160.719
WARD_B,2025-06-13 21:00:00+00:00,2025-06-13 22:00:00+00:00,154.333,135.98344447248158,116.91879070672593,155.04809823823723,136.968
ICU,2025-06-13 22:00:00+00:00,2025-06-13 23:00:00+00:00,52.042,57.42567073025399,38.36101696449834,76.49032449600963,49.642
OPD,2025-06-13 22:00:00+00:00,2025-06-13 23:00:00+00:00,11.15,21.456176946837353,2.391523181081702,40.520830712593,15.681
WARD_A,2025-06-13 22:00:00+00:00,2025-06-13 23:00:00+00:00,135.444,125.88525043095913,106.82059666520348,144.94990419671478,135.768
WARD_B,2025-06-13 22:00:00+00:00,2025-06-13 23:00:00+00:00,135.508,138.32420976109856,119.25955599534291,157.3888635268542,139.508
ICU,2025-06-13 23:00:00+00:00,2025-06-14 00:00:00+00:00,35.762,57.4195493156627,38.35489554990705,76.48420308141834,72.21
OPD,2025-06-13 23:00:00+00:00,2025-06-14 00:00:00+00:00,19.159,21.916704655540588,2.8520508897849375,40.981358421296235,29.608
WARD_A,2025-06-13 23:00:00+00:00,2025-06-14 00:00:00+00:00,112.058,125.90382942346383,106.83917565770818,144.96848318921948,147.565
WARD_B,2025-06-13 23:00:00+00:00,2025-06-14 00:00:00+00:00,134.204,135.34830621557134,116.28365244981569,154.412959981327,117.99
ICU,2025-06-14 00:00:00+00:00,2025-06-14 01:00:00+00:00,59.544,46.85844517743729,27.79379141168164,65.92309894319294,47.545
OPD,2025-06-14 00:00:00+00:00,2025-06-14 01:00:00+00:00,26.559,21.268588413737678,2.2039346479820274,40.333242179493325,23.971
WARD_A,2025-06-14 00:00:00+00:00,2025-06-14 01:00:00+00:00,118.466,123.22593999474428,104.16128622898863,142.29059376049992,134.557
WARD_B,2025-06-14 00:00:00+00:00,2025-06-14 01:00:00+00:00,130.702,135.18873209480142,116.12407832904577,154.25338586055707,142.429
ICU,2025-06-14 01:00:00+00:00,2025-06-14 02:00:00+00:00,61.085,55.555284948223175,36.490631182467524,74.61993871397883,65.482
OPD,2025-06-14 01:00:00+00:00,2025-06-14 02:00:00+00:00,15.941,20.97538423197938,1.910730466223729,40.04003799773503,40.253
WARD_A,2025-06-14 01:00:00+00:00,2025-06-14 02:00:00+00:00,122.437,123.48916497599494,104.42451121023929,142.5538187417506,156.811
WARD_B,2025-06-14 01:00:00+00:00,2025-06-14 02:00:00+00:00,120.519,138.49830584129336,119.43365207553771,157.562959607049,138.734
ICU,2025-06-14 02:00:00+00:00,2025-06-14 03:00:00+00:00,58.098,55.4478116172623,36.38315785150665,74.51246538301795,62.938
OPD,2025-06-14 02:00:00+00:00,2025-06-14 03:00:00+00:00,25.887,20.97538423197938,1.910730466223729,40.04003799773503,21.488
WARD_A,2025-06-14 02:00:00+00:00,2025-06-14 03:00:00+00:00,133.953,123.48916497599494,104.42451121023929,142.5538187417506,153.496
WARD_B,2025-06-14 02:00:00+00:00,2025-06-14 03:00:00+00:00,131.829,130.22964388843954,111.16499012268389,149.2942976541952,126.133
ICU,2025-06-14 03:00:00+00:00,2025-06-14 04:00:00+00:00,48.36,54.873158202202795,35.808504436447144,73.93781196795845,72.826
OPD,2025-06-14 03:00:00+00:00,2025-06-14 04:00:00+00:00,24.629,26.878506209355255,7.813852443599604,45.9431599751109,28.473
WARD_A,2025-06-14 03:00:00+00:00,2025-06-14 04:00:00+00:00,127.256,126.92434121420003,107.85968744844438,145.9889949799557,140.901
WARD_B,2025-06-14 03:00:00+00:00,2025-06-14 04:00:00+00:00,152.695,134.06254871717027,114.99789495141462,153.12720248292592,131.156
ICU,2025-06-14 04:00:00+00:00,2025-06-14 05:00:00+00:00,55.924,53.7224400477935,34.65778628203785,72.78709381354915,67.837
OPD,2025-06-14 04:00:00+00:00,2025-06-14 05:00:00+00:00,23.549,25.580842979189054,6.516189213433403,44.64549674494471,18.502
WARD_A,2025-06-14 04:00:00+00:00,2025-06-14 05:00:00+00:00,127.665,127.61244129243211,108.54778752667646,146.67709505818777,126.41
WARD_B,2025-06-14 04:00:00+00:00,2025-06-14 05:00:00+00:00,135.041,144.1170350888186,125.05238132306295,163.18168885457425,113.776
ICU,2025-06-14 05:00:00+00:00,2025-06-14 06:00:00+00:00,145.754,137.46507082266817,118.40041705691252,156.52972458842382,153.937
OPD,2025-06-14 05:00:00+00:00,2025-06-14 06:00:00+00:00,99.744,104.19459164230408,85.12993787654842,123.25924540805973,109.352
WARD_A,2025-06-14 05:00:00+00:00,2025-06-14 06:00:00+00:00,202.173,207.4224794881817,188.35782572242604,226.48713325393734,228.394
WARD_B,2025-06-14 05:00:00+00:00,2025-06-14 06:00:00+00:00,242.424,213.93754536420911,194.87289159845346,233.00219912996477,213.23
ICU,2025-06-14 06:00:00+00:00,2025-06-14 07:00:00+00:00,51.446,55.578099746112024,36.51344598035637,74.64275351186768,61.038
OPD,2025-06-14 06:00:00+00:00,2025-06-14 07:00:00+00:00,12.728,25.40424250488057,6.33958873912492,44.46889627063622,26.669
WARD_A,2025-06-14 06:00:00+00:00,2025-06-14 07:00:00+00:00,119.396,120.2416026128944,101.17694884713875,139.30625637865006,168.854
WARD_B,2025-06-14 06:00:00+00:00,2025-06-14 07:00:00+00:00,136.145,149.75549437207926,130.6908406063236,168.8201481378349,111.364
ICU,2025-06-14 07:00:00+00:00,2025-06-14 08:00:00+00:00,63.577,62.447295368354844,43.38264160259919,81.5119491341105,71.869
OPD,2025-06-14 07:00:00+00:00,2025-06-14 08:00:00+00:00,93.576,72.42725743268973,53.36260366693408,91.49191119844538,81.679
WARD_A,2025-06-14 07:00:00+00:00,2025-06-14 08:00:00+00:00,135.932,130.56921922299026,111.5045654572346,149.6338729887459,164.956
WARD_B,2025-06-14 07:00:00+00:00,2025-06-14 08:00:00+00:00,142.695,143.8069637311938,124.74230996543815,162.87161749694945,142.631
ICU,2025-06-14 08:00:00+00:00,2025-06-14 09:00:00+00:00,47.201,64.99318229653905,45.928528530783396,84.0578360622947,53.906
OPD,2025-06-14 08:00:00+00:00,2025-06-14 09:00:00+00:00,107.375,75.29777214413409,56.233118378378435,94.36242590988974,76.438
WARD_A,2025-06-14 08:00:00+00:00,2025-06-14 09:00:00+00:00,132.069,127.79158442217364,108.72693065641799,146.8562381879293,140.855
WARD_B,2025-06-14 08:00:00+00:00,2025-06-14 09:00:00+00:00,151.375,143.4310066042655,124.36635283850984,162.49566037002114,146.207
ICU,2025-06-14 09:00:00+00:00,2025-06-14 10:00:00+00:00,67.645,64.9616228965871,45.89696913083145,84.02627666234275,60.156
OPD,2025-06-14 09:00:00+00:00,2025-06-14 10:00:00+00:00,82.178,81.99799964974422,62.933345883988565,101.06265341549987,81.142
WARD_A,2025-06-14 09:00:00+00:00,2025-06-14 10:00:00+00:00,135.023,127.94091566184665,108.876261896091,147.0055694276023,153.208
WARD_B,2025-06-14 09:00:00+00:00,2025-06-14 10:00:00+00:00,143.04,144.27120329148372,125.20654952572806,163.33585705723937,135.255
ICU,2025-06-14 10:00:00+00:00,2025-06-14 11:00:00+00:00,59.606,64.80548809467192,45.740834328916264,83.87014186042757,78.088
OPD,2025-06-14 10:00:00+00:00,2025-06-14 11:00:00+00:00,64.889,83.31265141424684,64.2479976484912,102.3773051800025,89.728
WARD_A,2025-06-14 10:00:00+00:00,2025-06-14 11:00:00+00:00,130.61,131.70264814245652,112.63799437670087,150.76730190821218,141.46
WARD_B,2025-06-14 10:00:00+00:00,2025-06-14 11:00:00+00:00,158.341,142.8844236592168,123.81976989346114,161.94907742497244,132.792
ICU,2025-06-14 11:00:00+00:00,2025-06-14 12:00:00+00:00,69.721,64.33770231412389,45.27304854836824,83.40235607987954,81.138
OPD,2025-06-14 11:00:00+00:00,2025-06-14 12:00:00+00:00,75.299,83.72308373400035,64.6584299682447,102.787737499756,80.648
WARD_A,2025-06-14 11:00:00+00:00,2025-06-14 12:00:00+00:00,139.234,129.78264718051557,110.71799341475992,148.84730094627122,147.914
WARD_B,2025-06-14 11:00:00+00:00,2025-06-14 12:00:00+00:00,141.964,145.34113761853874,126.27648385278309,164.4057913842944,131.447
ICU,2025-06-14 12:00:00+00:00,2025-06-14 13:00:00+00:00,56.649,65.58706012729178,46.52240636153613,84.65171389304743,71.735
OPD,2025-06-14 12:00:00+00:00,2025-06-14 13:00:00+00:00,74.934,83.31265141424684,64.2479976484912,102.3773051800025,81.307
WARD_A,2025-06-14 12:00:00+00:00,2025-06-14 13:00:00+00:00,135.057,128.50098295867068,109.43632919291503,147.56563672442633,141.88
WARD_B,2025-06-14 12:00:00+00:00,2025-06-14 13:00:00+00:00,140.15,141.43223595111235,122.3675821853567,160.496889716868,112.021
ICU,2025-06-14 13:00:00+00:00,2025-06-14 14:00:00+00:00,140.022,149.3662157946587,130.30156202890305,168.43086956041435,173.697
OPD,2025-06-14 13:00:00+00:00,2025-06-14 14:00:00+00:00,169.782,162.934209229262,143.86955546350634,181.99886299501765,144.03
WARD_A,2025-06-14 13:00:00+00:00,2025-06-14 14:00:00+00:00,230.273,211.4717775462172,192.40712378046155,230.53643131197285,242.094
WARD_B,2025-06-14 13:00:00+00:00,2025-06-14 14:00:00+00:00,223.925,231.09812816114882,212.03347439539317,250.16278192690447,238.245
ICU,2025-06-14 14:00:00+00:00,2025-06-14 15:00:00+00:00,47.844,62.55793607668153,43.49328231092588,81.62258984243718,72.599
OPD,2025-06-14 14:00:00+00:00,2025-06-14 15:00:00+00:00,69.607,81.79785562963684,62.73320186388119,100.8625093953925,63.128
WARD_A,2025-06-14 14:00:00+00:00,2025-06-14 15:00:00+00:00,139.388,128.85684777933568,109.79219401358003,147.92150154509133,153.253
WARD_B,2025-06-14 14:00:00+00:00,2025-06-14 15:00:00+00:00,155.074,144.029232064896,124.96457829914036,163.09388583065166,126.995
ICU,2025-06-14 15:00:00+00:00,2025-06-14 16:00:00+00:00,61.566,66.00714653639311,46.94249277063746,85.07180030214876,71.661
OPD,2025-06-14 15:00:00+00:00,2025-06-14 16:00:00+00:00,82.811,81.2352353135001,62.17058154774445,100.29988907925575,73.201
WARD_A,2025-06-14 15:00:00+00:00,2025-06-14 16:00:00+00:00,149.721,131.64322982230198,112.57857605654632,150.70788358805763,144.096
WARD_B,2025-06-14 15:00:00+00:00,2025-06-14 16:00:00+00:00,158.928,144.6875987947228,125.62294502896714,163.75225256047844,134.885
ICU,2025-06-14 16:00:00+00:00,2025-06-14 17:00:00+00:00,68.543,66.68433855007453,47.61968478431888,85.74899231583018,51.667
OPD,2025-06-14 16:00:00+00:00,2025-06-14 17:00:00+00:00,74.78,81.00095249449527,61.936298728739615,100.06560626025092,78.656
WARD_A,2025-06-14 16:00:00+00:00,2025-06-14 17:00:00+00:00,125.749,134.62992746223242,115.56527369647677,153.69458122798807,134.534
WARD_B,2025-06-14 16:00:00+00:00,2025-06-14 17:00:00+00:00,133.444,145.08003042551664,126.01537665976099,164.1446841912723,130.458
ICU,2025-06-14 17:00:00+00:00,2025-06-14 18:00:00+00:00,42.117,52.72924218966408,33.66458842390843,71.79389595541973,77.523
OPD,2025-06-14 17:00:00+00:00,2025-06-14 18:00:00+00:00,27.216,24.664789510298615,5.600135744542964,43.72944327605427,27.014
WARD_A,2025-06-14 17:00:00+00:00,2025-06-14 18:00:00+00:00,128.103,128.02191891690993,108.95726515115427,147.08657268266558,131.199
WARD_B,2025-06-14 17:00:00+00:00,2025-06-14 18:00:00+00:00,143.715,142.76032229828292,123.69566853252726,161.82497606403857,114.968
ICU,2025-06-14 18:00:00+00:00,2025-06-14 19:00:00+00:00,50.657,56.09690360885816,37.03224984310251,75.1615573746138,70.056
OPD,2025-06-14 18:00:00+00:00,2025-06-14 19:00:00+00:00,16.602,23.14587171944549,4.0812179536898405,42.210525485201146,25.744
WARD_A,2025-06-14 18:00:00+00:00,2025-06-14 19:00:00+00:00,132.524,127.8409277779503,108.77627401219465,146.90558154370595,124.547
WARD_B,2025-06-14 18:00:00+00:00,2025-06-14 19:00:00+00:00,160.662,143.05393301198083,123.98927924622518,162.11858677773648,121.696
ICU,2025-06-14 19:00:00+00:00,2025-06-14 20:00:00+00:00,141.786,140.34758296752375,121.2829292017681,159.4122367332794,151.516
OPD,2025-06-14 19:00:00+00:00,2025-06-14 20:00:00+00:00,111.149,105.50565914199512,86.44100537623947,124.57031290775078,98.987
WARD_A,2025-06-14 19:00:00+00:00,2025-06-14 20:00:00+00:00,209.055,210.66964802183523,191.60499425607958,229.73430178759088,237.58
WARD_B,2025-06-14 19:00:00+00:00,2025-06-14 20:00:00+00:00,207.938,221.7775643849931,202.71291061923745,240.84221815074875,205.152
ICU,2025-06-14 20:00:00+00:00,2025-06-14 21:00:00+00:00,53.377,51.868932160429004,32.804278394673354,70.93358592618466,55.487
OPD,2025-06-14 20:00:00+00:00,2025-06-14 21:00:00+00:00,19.198,23.614847336864592,4.550193571108942,42.67950110262024,28.868
WARD_A,2025-06-14 20:00:00+00:00,2025-06-14 21:00:00+00:00,126.058,126.24397718919649,107.17932342344083,145.30863095495215,152.197
WARD_B,2025-06-14 20:00:00+00:00,2025-06-14 21:00:00+00:00,156.952,139.6163105908618,120.55165682510614,158.68096435661744,133.536
ICU,2025-06-14 21:00:00+00:00,2025-06-14 22:00:00+00:00,57.102,59.91342965590396,40.84877589014831,78.97808342165962,80.857
OPD,2025-06-14 21:00:00+00:00,2025-06-14 22:00:00+00:00,22.041,21.73998815688696,2.675334391131308,40.80464192264261,23.694
WARD_A,2025-06-14 21:00:00+00:00,2025-06-14 22:00:00+00:00,121.179,131.40780048915343,112.34314672339778,150.47245425490908,126.204
WARD_B,2025-06-14 21:00:00+00:00,2025-06-14 22:00:00+00:00,126.013,142.89096849120912,123.82631472545347,161.95562225696477,118.948
ICU,2025-06-14 22:00:00+00:00,2025-06-14 23:00:00+00:00,44.451,55.456604600898686,36.391950835143035,74.52125836665434,81.688
OPD,2025-06-14 22:00:00+00:00,2025-06-14 23:00:00+00:00,24.31,21.155427026323412,2.0907732605677616,40.22008079207906,19.868
WARD_A,2025-06-14 22:00:00+00:00,2025-06-14 23:00:00+00:00,137.305,127.9989301059363,108.93427634018065,147.06358387169195,156.267
WARD_B,2025-06-14 22:00:00+00:00,2025-06-14 23:00:00+00:00,143.024,139.3509726546776,120.28631888892195,158.41562642043326,128.969
ICU,2025-06-14 23:00:00+00:00,2025-06-15 00:00:00+00:00,55.7,56.53481519901037,37.47016143325472,75.59946896476602,66.843
OPD,2025-06-14 23:00:00+00:00,2025-06-15 00:00:00+00:00,8.638,21.898289038859037,2.8336352731033863,40.962942804614684,18.614
WARD_A,2025-06-14 23:00:00+00:00,2025-06-15 00:00:00+00:00,134.353,127.88001833320723,108.81536456745158,146.94467209896288,126.778
WARD_B,2025-06-14 23:00:00+00:00,2025-06-15 00:00:00+00:00,155.049,142.33275898740402,123.26810522164837,161.39741275315967,134.889
ICU,2025-06-15 00:00:00+00:00,2025-06-15 01:00:00+00:00,54.429,55.86776474861356,36.80311098285791,74.9324185143692,70.502
OPD,2025-06-15 00:00:00+00:00,2025-06-15 01:00:00+00:00,18.411,22.44379455766646,3.3791407919108103,41.508448323422115,26.676
WARD_A,2025-06-15 00:00:00+00:00,2025-06-15 01:00:00+00:00,120.848,127.45546597308345,108.3908122073278,146.5201197388391,141.846
WARD_B,2025-06-15 00:00:00+00:00,2025-06-15 01:00:00+00:00,156.336,142.47654573866706,123.4118919729114,161.5411995044227,103.138
ICU,2025-06-15 01:00:00+00:00,2025-06-15 02:00:00+00:00,52.89,54.93907662150292,35.87442285574727,74.00373038725857,63.285
OPD,2025-06-15 01:00:00+00:00,2025-06-15 02:00:00+00:00,19.341,20.818521585351633,1.7538678195959818,39.88317535110728,13.46
WARD_A,2025-06-15 01:00:00+00:00,2025-06-15 02:00:00+00:00,123.264,130.0082753596864,110.94362159393074,149.07292912544204,143.251
WARD_B,2025-06-15 01:00:00+00:00,2025-06-15 02:00:00+00:00,165.639,143.38879048050987,124.32413671475422,162.45344424626552,126.499
ICU,2025-06-15 02:00:00+00:00,2025-06-15 03:00:00+00:00,55.422,54.41243835398704,35.34778458823139,73.4770921197427,53.252
OPD,2025-06-15 02:00:00+00:00,2025-06-15 03:00:00+00:00,23.244,21.043414617075683,1.9787608513200325,40.108068382831334,12.815
WARD_A,2025-06-15 02:00:00+00:00,2025-06-15 03:00:00+00:00,124.117,128.29974415433503,109.23509038857938,147.36439792009068,134.918
WARD_B,2025-06-15 02:00:00+00:00,2025-06-15 03:00:00+00:00,157.165,143.95828213277895,124.8936283670233,163.0229358985346,137.332
ICU,2025-06-15 03:00:00+00:00,2025-06-15 04:00:00+00:00,54.027,54.19031287639286,35.12565911063721,73.2549666421485,72.066
OPD,2025-06-15 03:00:00+00:00,2025-06-15 04:00:00+00:00,10.907,25.658980883983098,6.594327118227447,44.72363464973875,30.731
WARD_A,2025-06-15 03:00:00+00:00,2025-06-15 04:00:00+00:00,122.927,129.05040977292637,109.98575600717072,148.11506353868202,141.72
WARD_B,2025-06-15 03:00:00+00:00,2025-06-15 04:00:00+00:00,160.251,150.86930803016583,131.80465426441017,169.93396179592148,123.759
ICU,2025-06-15 04:00:00+00:00,2025-06-15 05:00:00+00:00,52.852,51.84407274165165,32.779418975896,70.9087265074073,53.746
OPD,2025-06-15 04:00:00+00:00,2025-06-15 05:00:00+00:00,9.584,25.871198103787638,6.806544338031987,44.935851869543285,24.258
WARD_A,2025-06-15 04:00:00+00:00,2025-06-15 05:00:00+00:00,127.13,126.52168049353261,107.45702672777696,145.58633425928826,151.821
WARD_B,2025-06-15 04:00:00+00:00,2025-06-15 05:00:00+00:00,138.722,146.55221023494101,127.48755646918536,165.61686400069667,126.683
ICU,2025-06-15 05:00:00+00:00,2025-06-15 06:00:00+00:00,130.882,135.27324717336984,116.20859340761419,154.3379009391255,156.582
OPD,2025-06-15 05:00:00+00:00,2025-06-15 06:00:00+00:00,108.233,101.92940780663095,82.8647540408753,120.9940615723866,110.886
WARD_A,2025-06-15 05:00:00+00:00,2025-06-15 06:00:00+00:00,218.242,210.58707073980068,191.52241697404503,229.65172450555633,238.213
WARD_B,2025-06-15 05:00:00+00:00,2025-06-15 06:00:00+00:00,229.418,224.1619372296777,205.09728346392205,243.22659099543336,212.911
ICU,2025-06-15 06:00:00+00:00,2025-06-15 07:00:00+00:00,64.296,51.14391039165805,32.0792566259024,70.2085641574137,74.083
OPD,2025-06-15 06:00:00+00:00,2025-06-15 07:00:00+00:00,31.393,20.69913984103653,1.6344860752808792,39.76379360679218,20.013
WARD_A,2025-06-15 06:00:00+00:00,2025-06-15 07:00:00+00:00,123.89,127.8153679123082,108.75071414655255,146.88002167806386,148.446
WARD_B,2025-06-15 06:00:00+00:00,2025-06-15 07:00:00+00:00,146.589,150.54309964150443,131.47844587574878,169.60775340726008,126.736
ICU,2025-06-15 07:00:00+00:00,2025-06-15 08:00:00+00:00,44.387,56.38460706013169,37.31995329437604,75.44926082588734,65.282
OPD,2025-06-15 07:00:00+00:00,2025-06-15 08:00:00+00:00,24.275,43.488483191946116,24.423829426190466,62.55313695770177,26.397
WARD_A,2025-06-15 07:00:00+00:00,2025-06-15 08:00:00+00:00,132.9,131.21320203210786,112.14854826635221,150.2778557978635,134.975
WARD_B,2025-06-15 07:00:00+00:00,2025-06-15 08:00:00+00:00,125.711,147.49737385033362,128.43272008457797,166.56202761608927,127.572
ICU,2025-06-15 08:00:00+00:00,2025-06-15 09:00:00+00:00,57.764,58.81819739382702,39.75354362807137,77.88285115958267,67.134
OPD,2025-06-15 08:00:00+00:00,2025-06-15 09:00:00+00:00,42.486,27.819656084305056,8.755002318549405,46.8843098500607,16.388
WARD_A,2025-06-15 08:00:00+00:00,2025-06-15 09:00:00+00:00,111.329,129.43173658247864,110.36708281672298,148.49639034823429,136.29
WARD_B,2025-06-15 08:00:00+00:00,2025-06-15 09:00:00+00:00,150.875,144.93264214889481,125.86798838313916,163.99729591465046,117.899
ICU,2025-06-15 09:00:00+00:00,2025-06-15 10:00:00+00:00,68.706,58.44033336658804,39.37567960083239,77.5049871323437,71.314
OPD,2025-06-15 09:00:00+00:00,2025-06-15 10:00:00+00:00,20.694,30.86288399328555,11.7982302275299,49.9275377590412,25.614
WARD_A,2025-06-15 09:00:00+00:00,2025-06-15 10:00:00+00:00,124.202,125.46178362936915,106.3971298636135,144.5264373951248,136.656
WARD_B,2025-06-15 09:00:00+00:00,2025-06-15 10:00:00+00:00,151.255,147.36783509852503,128.30318133276938,166.43248886428069,126.854
ICU,2025-06-15 10:00:00+00:00,2025-06-15 11:00:00+00:00,67.611,58.403614212835926,39.338960447080275,77.46826797859157,63.297
OPD,2025-06-15 10:00:00+00:00,2025-06-15 11:00:00+00:00,21.247,28.105779591723948,9.041125825968297,47.170433357479595,13.309
WARD_A,2025-06-15 10:00:00+00:00,2025-06-15 11:00:00+00:00,126.734,130.70181130857242,111.63715754281677,149.76646507432807,152.91
WARD_B,2025-06-15 10:00:00+00:00,2025-06-15 11:00:00+00:00,151.825,148.72916785843847,129.66451409268282,167.79382162419412,129.944
ICU,2025-06-15 11:00:00+00:00,2025-06-15 12:00:00+00:00,58.275,58.0433017632488,38.97864799749315,77.10795552900444,62.464
OPD,2025-06-15 11:00:00+00:00,2025-06-15 12:00:00+00:00,15.999,27.628214853205296,8.563561087449646,46.692868618960944,30.291
WARD_A,2025-06-15 11:00:00+00:00,2025-06-15 12:00:00+00:00,123.523,128.90215208939654,109.83749832364089,147.9668058551522,121.308
WARD_B,2025-06-15 11:00:00+00:00,2025-06-15 12:00:00+00:00,145.075,149.3041933634333,130.23953959767766,168.36884712918896,108.685
ICU,2025-06-15 12:00:00+00:00,2025-06-15 13:00:00+00:00,58.498,58.493648695449345,39.428994929693694,77.55830246120499,48.984
OPD,2025-06-15 12:00:00+00:00,2025-06-15 13:00:00+00:00,33.177,30.07865053385367,11.013996768098018,49.14330429960932,29.575
WARD_A,2025-06-15 12:00:00+00:00,2025-06-15 13:00:00+00:00,138.494,130.553883058917,111.48922929316134,149.61853682467265,127.168
WARD_B,2025-06-15 12:00:00+00:00,2025-06-15 13:00:00+00:00,148.313,148.6570053505631,129.59235158480746,167.72165911631876,122.19
ICU,2025-06-15 13:00:00+00:00,2025-06-15 14:00:00+00:00,140.478,139.8493524173875,120.78469865163186,158.91400618314316,158.371
OPD,2025-06-15 13:00:00+00:00,2025-06-15 14:00:00+00:00,101.236,87.22128917532852,68.15663540957287,106.28594294108417,104.527
WARD_A,2025-06-15 13:00:00+00:00,2025-06-15 14:00:00+00:00,218.891,215.84295220393366,196.778298438178,234.9076059696893,205.932
WARD_B,2025-06-15 13:00:00+00:00,2025-06-15 14:00:00+00:00,241.894,231.46487087846504,212.40021711270938,250.5295246442207,194.248
ICU,2025-06-15 14:00:00+00:00,2025-06-15 15:00:00+00:00,46.989,57.174405854560995,38.109752088805344,76.23905962031665,68.632
OPD,2025-06-15 14:00:00+00:00,2025-06-15 15:00:00+00:00,22.797,33.62446012407108,14.559806358315427,52.68911388982673,18.244
WARD_A,2025-06-15 14:00:00+00:00,2025-06-15 15:00:00+00:00,135.267,126.1613195252833,107.09666575952765,145.22597329103894,149.999
WARD_B,2025-06-15 14:00:00+00:00,2025-06-15 15:00:00+00:00,128.56,147.2423718296629,128.17771806390724,166.30702559541854,117.517
ICU,2025-06-15 15:00:00+00:00,2025-06-15 16:00:00+00:00,54.469,60.22305361801898,41.15839985226333,79.28770738377463,87.745
OPD,2025-06-15 15:00:00+00:00,2025-06-15 16:00:00+00:00,3.42,29.738462015451336,10.673808249695686,48.803115781206984,26.666
WARD_A,2025-06-15 15:00:00+00:00,2025-06-15 16:00:00+00:00,145.66,130.32674630145098,111.26209253569533,149.39140006720663,150.465
WARD_B,2025-06-15 15:00:00+00:00,2025-06-15 16:00:00+00:00,165.174,147.68638850592475,128.6217347401691,166.7510422716804,98.102
ICU,2025-06-15 16:00:00+00:00,2025-06-15 17:00:00+00:00,58.799,61.5927724230128,42.52811865725715,80.65742618876845,60.333
OPD,2025-06-15 16:00:00+00:00,2025-06-15 17:00:00+00:00,32.699,30.176951367080292,11.112297601324642,49.24160513283594,14.175
WARD_A,2025-06-15 16:00:00+00:00,2025-06-15 17:00:00+00:00,111.462,129.5985513952404,110.53389762948476,148.66320516099606,133.638
WARD_B,2025-06-15 16:00:00+00:00,2025-06-15 17:00:00+00:00,155.15,152.31602783968094,133.2513740739253,171.3806816054366,119.216
ICU,2025-06-15 17:00:00+00:00,2025-06-15 18:00:00+00:00,57.318,53.23576170772142,34.17110794196577,72.30041547347707,63.516
OPD,2025-06-15 17:00:00+00:00,2025-06-15 18:00:00+00:00,28.304,23.27053809274056,4.205884326984908,42.33519185849621,16.898
WARD_A,2025-06-15 17:00:00+00:00,2025-06-15 18:00:00+00:00,127.723,126.25163430223704,107.18698053648139,145.31628806799267,145.886
WARD_B,2025-06-15 17:00:00+00:00,2025-06-15 18:00:00+00:00,135.963,145.24074572260233,126.17609195684668,164.30539948835798,104.586
ICU,2025-06-15 18:00:00+00:00,2025-06-15 19:00:00+00:00,60.51,54.00426809070853,34.93961432495288,73.06892185646419,66.004
OPD,2025-06-15 18:00:00+00:00,2025-06-15 19:00:00+00:00,20.344,22.884224234692294,3.819570468936643,41.94887800044795,31.253
WARD_A,2025-06-15 18:00:00+00:00,2025-06-15 19:00:00+00:00,128.107,126.116676224438,107.05202245868234,145.18132999019366,135.547
WARD_B,2025-06-15 18:00:00+00:00,2025-06-15 19:00:00+00:00,147.601,145.21143284938037,126.14677908362472,164.27608661513602,116.084
ICU,2025-06-15 19:00:00+00:00,2025-06-15 20:00:00+00:00,153.557,138.38009870846275,119.3154449427071,157.4447524742184,151.306
OPD,2025-06-15 19:00:00+00:00,2025-06-15 20:00:00+00:00,105.641,93.44441066458009,74.37975689882444,112.50906443033574,104.855
WARD_A,2025-06-15 19:00:00+00:00,2025-06-15 20:00:00+00:00,214.575,211.82726570418575,192.7626119384301,230.8919194699414,219.832
WARD_B,2025-06-15 19:00:00+00:00,2025-06-15 20:00:00+00:00,253.054,219.14749715356746,200.0828433878118,238.2121509193231,195.923
ICU,2025-06-15 20:00:00+00:00,2025-06-15 21:00:00+00:00,52.932,56.75997850264201,37.695324736886356,75.82463226839766,53.365
OPD,2025-06-15 20:00:00+00:00,2025-06-15 21:00:00+00:00,24.503,22.572750478122032,3.508096712366381,41.63740424387768,24.061
WARD_A,2025-06-15 20:00:00+00:00,2025-06-15 21:00:00+00:00,117.955,128.71090597738493,109.64625221162927,147.77555974314058,144.681
WARD_B,2025-06-15 20:00:00+00:00,2025-06-15 21:00:00+00:00,150.113,165.40416628698162,146.33951252122597,184.46882005273727,105.516
ICU,2025-06-15 21:00:00+00:00,2025-06-15 22:00:00+00:00,58.035,55.73049543472178,36.66584166896613,74.79514920047743,62.782
OPD,2025-06-15 21:00:00+00:00,2025-06-15 22:00:00+00:00,38.43,20.429832947001618,1.365179181245967,39.494486712757265,11.369
WARD_A,2025-06-15 21:00:00+00:00,2025-06-15 22:00:00+00:00,151.281,125.01295456921562,105.94830080345997,144.07760833497127,152.99
WARD_B,2025-06-15 21:00:00+00:00,2025-06-15 22:00:00+00:00,146.99,144.64205753972468,125.57740377396902,163.70671130548033,124.667
ICU,2025-06-15 22:00:00+00:00,2025-06-15 23:00:00+00:00,41.307,57.036351382657685,37.971697616902034,76.10100514841334,70.021
OPD,2025-06-15 22:00:00+00:00,2025-06-15 23:00:00+00:00,18.338,24.583303168225974,5.518649402470324,43.647956933981625,26.12
WARD_A,2025-06-15 22:00:00+00:00,2025-06-15 23:00:00+00:00,124.547,130.0069141988974,110.94226043314174,149.07156796465304,140.289
WARD_B,2025-06-15 22:00:00+00:00,2025-06-15 23:00:00+00:00,144.821,144.80185870591959,125.73720494016393,163.86651247167524,128.792
ICU,2025-06-15 23:00:00+00:00,2025-06-16 00:00:00+00:00,69.95,55.4699543488768,36.40530058312115,74.53460811463245,58.438
OPD,2025-06-15 23:00:00+00:00,2025-06-16 00:00:00+00:00,24.823,20.97538423197938,1.910730466223729,40.04003799773503,34.255
WARD_A,2025-06-15 23:00:00+00:00,2025-06-16 00:00:00+00:00,130.167,126.68609002898184,107.62143626322619,145.7507437947375,136.234
WARD_B,2025-06-15 23:00:00+00:00,2025-06-16 00:00:00+00:00,147.114,157.18854483382745,138.1238910680718,176.2531985995831,138.419
ICU,2025-06-16 00:00:00+00:00,2025-06-16 01:00:00+00:00,53.189,54.89585148115244,35.83119771539679,73.9605052469081,69.722
OPD,2025-06-16 00:00:00+00:00,2025-06-16 01:00:00+00:00,11.841,20.97538423197938,1.910730466223729,40.04003799773503,24.163
WARD_A,2025-06-16 00:00:00+00:00,2025-06-16 01:00:00+00:00,133.078,129.38962222262282,110.32496845686717,148.45427598837847,128.723
WARD_B,2025-06-16 00:00:00+00:00,2025-06-16 01:00:00+00:00,163.122,145.98691533880395,126.9222615730483,165.0515691045596,126.563
ICU,2025-06-16 01:00:00+00:00,2025-06-16 02:00:00+00:00,59.414,55.589369997039874,36.52471623128422,74.65402376279553,64.174
OPD,2025-06-16 01:00:00+00:00,2025-06-16 02:00:00+00:00,29.879,22.034097777301238,2.969444011545587,41.09875154305689,32.04
WARD_A,2025-06-16 01:00:00+00:00,2025-06-16 02:00:00+00:00,122.941,127.56011889862344,108.49546513286779,146.6247726643791,143.783
WARD_B,2025-06-16 01:00:00+00:00,2025-06-16 02:00:00+00:00,143.897,144.9946104748685,125.92995670911284,164.05926424062415,128.685
ICU,2025-06-16 02:00:00+00:00,2025-06-16 03:00:00+00:00,53.184,57.2301946466584,38.165540880902746,76.29484841241404,68.915
OPD,2025-06-16 02:00:00+00:00,2025-06-16 03:00:00+00:00,31.749,21.106025010990898,2.041371245235247,40.17067877674655,16.616
WARD_A,2025-06-16 02:00:00+00:00,2025-06-16 03:00:00+00:00,141.176,128.358989180955,109.29433541519936,147.42364294671066,122.621
WARD_B,2025-06-16 02:00:00+00:00,2025-06-16 03:00:00+00:00,134.104,148.6353396642061,129.57068589845045,167.69999342996175,117.961
ICU,2025-06-16 03:00:00+00:00,2025-06-16 04:00:00+00:00,50.698,55.31215941028555,36.2475056445299,74.3768131760412,72.609
OPD,2025-06-16 03:00:00+00:00,2025-06-16 04:00:00+00:00,15.148,27.485518293374447,8.420864527618797,46.5501720591301,39.576
WARD_A,2025-06-16 03:00:00+00:00,2025-06-16 04:00:00+00:00,122.072,129.14339720989992,110.07874344414427,148.20805097565557,128.817
WARD_B,2025-06-16 03:00:00+00:00,2025-06-16 04:00:00+00:00,147.527,147.38519657354067,128.32054280778502,166.44985033929632,118.408
ICU,2025-06-16 04:00:00+00:00,2025-06-16 05:00:00+00:00,54.604,53.5699088382475,34.50525507249185,72.63456260400315,63.881
OPD,2025-06-16 04:00:00+00:00,2025-06-16 05:00:00+00:00,19.481,25.32936470590543,6.264710940149779,44.394018471661084,21.373
WARD_A,2025-06-16 04:00:00+00:00,2025-06-16 05:00:00+00:00,134.701,129.44742457533218,110.38277080957653,148.51207834108783,135.508
WARD_B,2025-06-16 04:00:00+00:00,2025-06-16 05:00:00+00:00,154.0,152.85748730047877,133.79283353472312,171.92214106623442,136.184
ICU,2025-06-16 05:00:00+00:00,2025-06-16 06:00:00+00:00,129.239,134.59170835059837,115.52705458484272,153.65636211635402,136.785
OPD,2025-06-16 05:00:00+00:00,2025-06-16 06:00:00+00:00,117.421,103.11482418879666,84.05017042304101,122.17947795455231,99.336
WARD_A,2025-06-16 05:00:00+00:00,2025-06-16 06:00:00+00:00,230.495,212.1941739860699,193.12952022031425,231.25882775182555,223.922
WARD_B,2025-06-16 05:00:00+00:00,2025-06-16 06:00:00+00:00,240.182,223.6643097887506,204.59965602299494,242.72896355450624,209.59
ICU,2025-06-16 06:00:00+00:00,2025-06-16 07:00:00+00:00,36.658,55.42326884740425,36.3586150816486,74.4879226131599,63.569
OPD,2025-06-16 06:00:00+00:00,2025-06-16 07:00:00+00:00,23.801,25.417595054392887,6.352941288637236,44.48224882014854,8.853
WARD_A,2025-06-16 06:00:00+00:00,2025-06-16 07:00:00+00:00,136.703,129.28470206969476,110.22004830393911,148.3493558354504,107.766
WARD_B,2025-06-16 06:00:00+00:00,2025-06-16 07:00:00+00:00,148.556,155.34083106843752,136.27617730268187,174.40548483419317,134.489
ICU,2025-06-16 07:00:00+00:00,2025-06-16 08:00:00+00:00,68.078,67.91446067096632,48.84980690521067,86.97911443672197,54.696
OPD,2025-06-16 07:00:00+00:00,2025-06-16 08:00:00+00:00,77.761,73.78201992942773,54.71736616367208,92.84667369518338,102.481
WARD_A,2025-06-16 07:00:00+00:00,2025-06-16 08:00:00+00:00,147.489,136.2604003146744,117.19574654891875,155.32505408043005,130.625
WARD_B,2025-06-16 07:00:00+00:00,2025-06-16 08:00:00+00:00,126.775,148.07563705751573,129.01098329176008,167.14029082327139,94.322
ICU,2025-06-16 08:00:00+00:00,2025-06-16 09:00:00+00:00,61.066,66.10877695985691,47.04412319410126,85.17343072561256,51.594
OPD,2025-06-16 08:00:00+00:00,2025-06-16 09:00:00+00:00,93.309,79.61425300885031,60.54959924309466,98.67890677460596,101.311
WARD_A,2025-06-16 08:00:00+00:00,2025-06-16 09:00:00+00:00,162.024,135.44704407587346,116.38239031011781,154.51169784162911,125.431
WARD_B,2025-06-16 08:00:00+00:00,2025-06-16 09:00:00+00:00,154.223,147.76581450398905,128.7011607382334,166.8304682697447,122.792
ICU,2025-06-16 09:00:00+00:00,2025-06-16 10:00:00+00:00,46.873,65.10318127636468,46.03852751060903,84.16783504212033,72.547
OPD,2025-06-16 09:00:00+00:00,2025-06-16 10:00:00+00:00,64.033,79.94697496301134,60.88232119725569,99.011628728767,75.49
WARD_A,2025-06-16 09:00:00+00:00,2025-06-16 10:00:00+00:00,146.389,137.94490958505486,118.88025581929921,157.0095633508105,128.222
WARD_B,2025-06-16 09:00:00+00:00,2025-06-16 10:00:00+00:00,179.285,152.2053826694516,133.14072890369596,171.27003643520726,100.522
ICU,2025-06-16 10:00:00+00:00,2025-06-16 11:00:00+00:00,67.415,64.9746956748502,45.910041909094545,84.03934944060585,62.692
OPD,2025-06-16 10:00:00+00:00,2025-06-16 11:00:00+00:00,80.82,81.50645787724069,62.44180411148504,100.57111164299634,66.304
WARD_A,2025-06-16 10:00:00+00:00,2025-06-16 11:00:00+00:00,144.652,141.38639770238575,122.3217439366301,160.4510514681414,139.234
WARD_B,2025-06-16 10:00:00+00:00,2025-06-16 11:00:00+00:00,148.684,161.93927202596365,142.874618260208,181.0039257917193,103.945
ICU,2025-06-16 11:00:00+00:00,2025-06-16 12:00:00+00:00,67.891,64.83957314348861,45.77491937773296,83.90422690924426,79.066
OPD,2025-06-16 11:00:00+00:00,2025-06-16 12:00:00+00:00,90.075,81.67359998594216,62.60894622018651,100.73825375169781,82.667
WARD_A,2025-06-16 11:00:00+00:00,2025-06-16 12:00:00+00:00,136.426,141.3064760518038,122.24182228604815,160.37112981755945,142.503
WARD_B,2025-06-16 11:00:00+00:00,2025-06-16 12:00:00+00:00,149.88,149.87705883677583,130.81240507102018,168.94171260253148,112.039
ICU,2025-06-16 12:00:00+00:00,2025-06-16 13:00:00+00:00,48.856,65.4916242072941,46.426970441538444,84.55627797304975,54.286
OPD,2025-06-16 12:00:00+00:00,2025-06-16 13:00:00+00:00,90.453,82.9523389646597,63.88768519890405,102.01699273041535,90.579
WARD_A,2025-06-16 12:00:00+00:00,2025-06-16 13:00:00+00:00,138.619,135.90774175336497,116.84308798760932,154.97239551912062,145.162
WARD_B,2025-06-16 12:00:00+00:00,2025-06-16 13:00:00+00:00,152.868,153.97960847400972,134.91495470825407,173.04426223976537,140.282
ICU,2025-06-16 13:00:00+00:00,2025-06-16 14:00:00+00:00,159.395,153.06483957330394,134.0001858075483,172.1294933390596,149.108
OPD,2025-06-16 13:00:00+00:00,2025-06-16 14:00:00+00:00,182.932,163.8393603517872,144.77470658603156,182.90401411754286,156.062
WARD_A,2025-06-16 13:00:00+00:00,2025-06-16 14:00:00+00:00,213.963,224.1509548844752,205.08630111871955,243.21560865023085,214.552
WARD_B,2025-06-16 13:00:00+00:00,2025-06-16 14:00:00+00:00,217.287,238.86269535995783,219.79804159420218,257.9273491257135,204.052
ICU,2025-06-16 14:00:00+00:00,2025-06-16 15:00:00+00:00,71.854,66.78505359251922,47.72039982676357,85.84970735827487,75.125
OPD,2025-06-16 14:00:00+00:00,2025-06-16 15:00:00+00:00,68.044,79.41162428450167,60.34697051874602,98.47627805025732,102.477
WARD_A,2025-06-16 14:00:00+00:00,2025-06-16 15:00:00+00:00,148.405,138.57317955286194,119.5085257871063,157.6378333186176,143.051
WARD_B,2025-06-16 14:00:00+00:00,2025-06-16 15:00:00+00:00,160.786,150.069090025343,131.00443625958735,169.13374379109865,140.11
ICU,2025-06-16 15:00:00+00:00,2025-06-16 16:00:00+00:00,47.293,66.31813539238391,47.25348162662826,85.38278915813956,59.003
OPD,2025-06-16 15:00:00+00:00,2025-06-16 16:00:00+00:00,76.534,79.30509287358868,60.240439107833026,98.36974663934433,104.893
WARD_A,2025-06-16 15:00:00+00:00,2025-06-16 16:00:00+00:00,155.979,140.7542493303451,121.68959556458944,159.81890309610074,120.106
WARD_B,2025-06-16 15:00:00+00:00,2025-06-16 16:00:00+00:00,168.9,152.74020919061954,133.6755554248639,171.8048629563752,114.437
ICU,2025-06-16 16:00:00+00:00,2025-06-16 17:00:00+00:00,65.767,66.24899643058065,47.184342664824996,85.3136501963363,72.69
OPD,2025-06-16 16:00:00+00:00,2025-06-16 17:00:00+00:00,76.383,80.72410723814482,61.659453472389174,99.78876100390048,72.664
WARD_A,2025-06-16 16:00:00+00:00,2025-06-16 17:00:00+00:00,132.602,141.39319463749317,122.32854087173752,160.45784840324882,130.722
WARD_B,2025-06-16 16:00:00+00:00,2025-06-16 17:00:00+00:00,149.503,153.07897268814568,134.01431892239003,172.14362645390133,131.145
ICU,2025-06-16 17:00:00+00:00,2025-06-16 18:00:00+00:00,57.115,54.5867609194595,35.52210715370385,73.65141468521514,76.182
OPD,2025-06-16 17:00:00+00:00,2025-06-16 18:00:00+00:00,5.087,25.13322236205728,6.068568596301628,44.19787612781293,14.88
WARD_A,2025-06-16 17:00:00+00:00,2025-06-16 18:00:00+00:00,142.141,137.81037825951023,118.74572449375458,156.87503202526588,152.226
WARD_B,2025-06-16 17:00:00+00:00,2025-06-16 18:00:00+00:00,153.036,147.92636180998514,128.8617080442295,166.9910155757408,133.251
ICU,2025-06-16 18:00:00+00:00,2025-06-16 19:00:00+00:00,73.844,55.74816841828649,36.68351465253084,74.81282218404215,43.901
OPD,2025-06-16 18:00:00+00:00,2025-06-16 19:00:00+00:00,14.936,23.14587171944549,4.0812179536898405,42.210525485201146,37.397
WARD_A,2025-06-16 18:00:00+00:00,2025-06-16 19:00:00+00:00,139.052,139.36954731646105,120.3048935507054,158.4342010822167,107.952
WARD_B,2025-06-16 18:00:00+00:00,2025-06-16 19:00:00+00:00,132.091,148.28902105368138,129.22436728792573,167.35367481943703,129.145
ICU,2025-06-16 19:00:00+00:00,2025-06-16 20:00:00+00:00,145.956,143.30237585902228,124.23772209326663,162.36702962477793,148.281
OPD,2025-06-16 19:00:00+00:00,2025-06-16 20:00:00+00:00,100.678,105.50565914199512,86.44100537623947,124.57031290775078,107.804
WARD_A,2025-06-16 19:00:00+00:00,2025-06-16 20:00:00+00:00,224.948,218.34079821025074,199.2761444444951,237.4054519760064,226.567
WARD_B,2025-06-16 19:00:00+00:00,2025-06-16 20:00:00+00:00,230.459,223.35833739512412,204.29368362936847,242.42299116087977,197.49
ICU,2025-06-16 20:00:00+00:00,2025-06-16 21:00:00+00:00,55.513,57.22131488491663,38.15666111916098,76.28596865067229,68.103
OPD,2025-06-16 20:00:00+00:00,2025-06-16 21:00:00+00:00,15.299,22.24026439216011,3.1756106264044597,41.304918157915765,20.613
WARD_A,2025-06-16 20:00:00+00:00,2025-06-16 21:00:00+00:00,151.229,139.06034622988224,119.99569246412659,158.1249999956379,117.094
WARD_B,2025-06-16 20:00:00+00:00,2025-06-16 21:00:00+00:00,151.425,147.96412372225586,128.8994699565002,167.0287774880115,127.633
ICU,2025-06-16 21:00:00+00:00,2025-06-16 22:00:00+00:00,54.138,56.06886474139016,37.00421097563451,75.13351850714581,58.294
OPD,2025-06-16 21:00:00+00:00,2025-06-16 22:00:00+00:00,19.871,20.798399898654406,1.7337461328987551,39.86305366441006,16.727
WARD_A,2025-06-16 21:00:00+00:00,2025-06-16 22:00:00+00:00,131.841,139.78290447750854,120.71825071175289,158.8475582432642,122.54
WARD_B,2025-06-16 21:00:00+00:00,2025-06-16 22:00:00+00:00,155.674,147.5045474495875,128.43989368383185,166.56920121534316,126.459
ICU,2025-06-16 22:00:00+00:00,2025-06-16 23:00:00+00:00,74.987,57.33132297032204,38.26666920456639,76.3959767360777,72.194
OPD,2025-06-16 22:00:00+00:00,2025-06-16 23:00:00+00:00,21.489,21.155427026323412,2.0907732605677616,40.22008079207906,31.532
WARD_A,2025-06-16 22:00:00+00:00,2025-06-16 23:00:00+00:00,162.536,138.56781194949625,119.5031581837406,157.6324657152519,123.981
WARD_B,2025-06-16 22:00:00+00:00,2025-06-16 23:00:00+00:00,148.431,145.69172545517134,126.62707168941569,164.756379220927,148.118
ICU,2025-06-16 23:00:00+00:00,2025-06-17 00:00:00+00:00,53.661,56.19101716295126,37.12636339719561,75.2556709287069,66.174
OPD,2025-06-16 23:00:00+00:00,2025-06-17 00:00:00+00:00,13.204,21.036372141938898,1.9717183761832473,40.10102590769455,20.29
WARD_A,2025-06-16 23:00:00+00:00,2025-06-17 00:00:00+00:00,149.818,146.41749274148512,127.35283897572947,165.48214650724077,137.48
WARD_B,2025-06-16 23:00:00+00:00,2025-06-17 00:00:00+00:00,139.23,145.9063448689859,126.84169110323026,164.97099863474156,132.689
ICU,2025-06-17 00:00:00+00:00,2025-06-17 01:00:00+00:00,63.489,55.80956810410004,36.74491433834439,74.87422186985569,79.855
OPD,2025-06-17 00:00:00+00:00,2025-06-17 01:00:00+00:00,21.007,20.97538423197938,1.910730466223729,40.04003799773503,20.581
WARD_A,2025-06-17 00:00:00+00:00,2025-06-17 01:00:00+00:00,152.142,145.6906343229297,126.62598055717405,164.75528808868535,123.265
WARD_B,2025-06-17 00:00:00+00:00,2025-06-17 01:00:00+00:00,141.142,145.92527860960834,126.86062484385269,164.989932375364,117.449
ICU,2025-06-17 01:00:00+00:00,2025-06-17 02:00:00+00:00,52.293,55.80956810410004,36.74491433834439,74.87422186985569,63.46
OPD,2025-06-17 01:00:00+00:00,2025-06-17 02:00:00+00:00,26.956,20.97538423197938,1.910730466223729,40.04003799773503,17.937
WARD_A,2025-06-17 01:00:00+00:00,2025-06-17 02:00:00+00:00,122.86,149.01810198179547,129.95344821603982,168.08275574755112,136.466
WARD_B,2025-06-17 01:00:00+00:00,2025-06-17 02:00:00+00:00,143.6,151.71300815455913,132.64835438880348,170.77766192031478,146.366
ICU,2025-06-17 02:00:00+00:00,2025-06-17 03:00:00+00:00,72.05,55.80956810410004,36.74491433834439,74.87422186985569,78.22
OPD,2025-06-17 02:00:00+00:00,2025-06-17 03:00:00+00:00,30.059,22.055151685486784,2.9904979197311334,41.119805451242435,22.377
WARD_A,2025-06-17 02:00:00+00:00,2025-06-17 03:00:00+00:00,145.455,140.12904305715065,121.064389291395,159.1936968229063,127.49
WARD_B,2025-06-17 02:00:00+00:00,2025-06-17 03:00:00+00:00,138.329,157.74161743125705,138.6769636655014,176.8062711970127,144.73
ICU,2025-06-17 03:00:00+00:00,2025-06-17 04:00:00+00:00,72.445,59.89506521493777,40.83041144918212,78.95971898069342,68.1
OPD,2025-06-17 03:00:00+00:00,2025-06-17 04:00:00+00:00,25.642,27.260625261650397,8.195971495894746,46.32527902740605,24.823
WARD_A,2025-06-17 03:00:00+00:00,2025-06-17 04:00:00+00:00,136.937,150.26991074676704,131.2052569810114,169.3345645125227,135.626
WARD_B,2025-06-17 03:00:00+00:00,2025-06-17 04:00:00+00:00,149.213,150.26920931728893,131.20455555153328,169.33386308304458,115.756
ICU,2025-06-17 04:00:00+00:00,2025-06-17 05:00:00+00:00,60.919,57.57592885131509,38.51127508555944,76.64058261707075,52.458
OPD,2025-06-17 04:00:00+00:00,2025-06-17 05:00:00+00:00,32.842,25.580842979189054,6.516189213433403,44.64549674494471,31.918
WARD_A,2025-06-17 04:00:00+00:00,2025-06-17 05:00:00+00:00,151.627,143.9689526765,124.90429891074436,163.03360644225566,116.964
WARD_B,2025-06-17 04:00:00+00:00,2025-06-17 05:00:00+00:00,145.645,150.21336281568753,131.14870904993188,169.27801658144318,130.036
ICU,2025-06-17 05:00:00+00:00,2025-06-17 06:00:00+00:00,142.846,140.8955578926129,121.83090412685726,159.96021165836856,141.052
OPD,2025-06-17 05:00:00+00:00,2025-06-17 06:00:00+00:00,95.049,103.28834680385361,84.22369303809796,122.35300056960926,97.621
WARD_A,2025-06-17 05:00:00+00:00,2025-06-17 06:00:00+00:00,241.377,226.67493338541712,207.61027961966147,245.73958715117277,214.512
WARD_B,2025-06-17 05:00:00+00:00,2025-06-17 06:00:00+00:00,224.907,230.7144944537186,211.64984068796295,249.77914821947425,202.85
ICU,2025-06-17 06:00:00+00:00,2025-06-17 07:00:00+00:00,55.355,58.92932255114746,39.86466878539181,77.99397631690312,66.947
OPD,2025-06-17 06:00:00+00:00,2025-06-17 07:00:00+00:00,0.0,26.060766218585847,6.996112452830197,45.1254199843415,18.695
WARD_A,2025-06-17 06:00:00+00:00,2025-06-17 07:00:00+00:00,137.448,157.24551426002472,138.18086049426907,176.31016802578037,109.002
WARD_B,2025-06-17 06:00:00+00:00,2025-06-17 07:00:00+00:00,156.888,148.8090013847064,129.74434761895074,167.87365515046204,103.711
ICU,2025-06-17 07:00:00+00:00,2025-06-17 08:00:00+00:00,52.282,65.85333193364018,46.78867816788453,84.91798569939583,76.79
OPD,2025-06-17 07:00:00+00:00,2025-06-17 08:00:00+00:00,91.28,71.73828128043225,52.673627514676596,90.8029350461879,78.733
WARD_A,2025-06-17 07:00:00+00:00,2025-06-17 08:00:00+00:00,133.125,147.11275067614974,128.0480969103941,166.1774044419054,130.955
WARD_B,2025-06-17 07:00:00+00:00,2025-06-17 08:00:00+00:00,155.697,150.8688162490887,131.80416248333304,169.93347001484435,132.166
ICU,2025-06-17 08:00:00+00:00,2025-06-17 09:00:00+00:00,59.604,67.42230713307545,48.3576533673198,86.4869608988311,56.315
OPD,2025-06-17 08:00:00+00:00,2025-06-17 09:00:00+00:00,99.44,81.66527769558319,62.600623929827535,100.72993146133884,97.87
WARD_A,2025-06-17 08:00:00+00:00,2025-06-17 09:00:00+00:00,130.75,145.5287210936886,126.46406732793295,164.59337485944425,145.851
WARD_B,2025-06-17 08:00:00+00:00,2025-06-17 09:00:00+00:00,163.719,151.15447632859298,132.08982256283733,170.21913009434863,117.771
ICU,2025-06-17 09:00:00+00:00,2025-06-17 10:00:00+00:00,69.843,66.89794140743969,47.83328764168404,85.96259517319534,73.234
OPD,2025-06-17 09:00:00+00:00,2025-06-17 10:00:00+00:00,47.407,80.55815078018205,61.493497014426396,99.6228045459377,89.579
WARD_A,2025-06-17 09:00:00+00:00,2025-06-17 10:00:00+00:00,142.731,145.69964856590582,126.63499480015017,164.76430233166147,143.464
WARD_B,2025-06-17 09:00:00+00:00,2025-06-17 10:00:00+00:00,144.635,153.96245221550154,134.8977984497459,173.0271059812572,133.445
ICU,2025-06-17 10:00:00+00:00,2025-06-17 11:00:00+00:00,62.071,67.13809884383923,48.07344507808358,86.20275260959488,60.968
OPD,2025-06-17 10:00:00+00:00,2025-06-17 11:00:00+00:00,74.979,84.22453455444564,65.15988078868999,103.28918832020129,89.456
WARD_A,2025-06-17 10:00:00+00:00,2025-06-17 11:00:00+00:00,159.552,145.93809115426492,126.87343738850927,165.00274492002058,142.404
WARD_B,2025-06-17 10:00:00+00:00,2025-06-17 11:00:00+00:00,138.923,151.83735398416425,132.7727002184086,170.9020077499199,132.785
ICU,2025-06-17 11:00:00+00:00,2025-06-17 12:00:00+00:00,58.922,67.71597463588387,48.65132087012822,86.78062840163952,74.996
OPD,2025-06-17 11:00:00+00:00,2025-06-17 12:00:00+00:00,68.312,83.31265141424684,64.2479976484912,102.3773051800025,94.651
WARD_A,2025-06-17 11:00:00+00:00,2025-06-17 12:00:00+00:00,139.313,148.16350382079503,129.09885005503938,167.22815758655068,124.449
WARD_B,2025-06-17 11:00:00+00:00,2025-06-17 12:00:00+00:00,162.868,151.48740059814793,132.42274683239228,170.55205436390358,120.793
ICU,2025-06-17 12:00:00+00:00,2025-06-17 13:00:00+00:00,62.95,67.51049391634233,48.445840150586676,86.57514768209798,69.574
OPD,2025-06-17 12:00:00+00:00,2025-06-17 13:00:00+00:00,90.548,83.44623847764991,64.38158471189426,102.51089224340556,68.819
WARD_A,2025-06-17 12:00:00+00:00,2025-06-17 13:00:00+00:00,148.0,148.40553647250562,129.34088270674997,167.47019023826127,124.544
WARD_B,2025-06-17 12:00:00+00:00,2025-06-17 13:00:00+00:00,165.571,155.1372295495782,136.07257578382254,174.20188331533384,119.796
ICU,2025-06-17 13:00:00+00:00,2025-06-17 14:00:00+00:00,144.161,149.18395089862545,130.1192971328698,168.2486046643811,147.956
OPD,2025-06-17 13:00:00+00:00,2025-06-17 14:00:00+00:00,160.997,166.23830310646446,147.1736493407088,185.3029568722201,164.579
WARD_A,2025-06-17 13:00:00+00:00,2025-06-17 14:00:00+00:00,265.508,229.6048183985803,210.54016463282466,248.66947216433596,213.631
WARD_B,2025-06-17 13:00:00+00:00,2025-06-17 14:00:00+00:00,231.129,236.58713475979667,217.52248099404102,255.65178852555232,202.448
ICU,2025-06-17 14:00:00+00:00,2025-06-17 15:00:00+00:00,67.157,64.67417786199559,45.60952409623994,83.73883162775124,65.616
OPD,2025-06-17 14:00:00+00:00,2025-06-17 15:00:00+00:00,105.588,81.48778135416698,62.42312758841133,100.55243511992263,114.963
WARD_A,2025-06-17 14:00:00+00:00,2025-06-17 15:00:00+00:00,149.519,160.01351712154647,140.94886335579082,179.07817088730212,131.18
WARD_B,2025-06-17 14:00:00+00:00,2025-06-17 15:00:00+00:00,138.097,149.8298386218391,130.76518485608344,168.89449238759474,107.43
ICU,2025-06-17 15:00:00+00:00,2025-06-17 16:00:00+00:00,51.28,67.98711250839348,48.92245874263783,87.05176627414913,85.343
OPD,2025-06-17 15:00:00+00:00,2025-06-17 16:00:00+00:00,83.435,80.95839005714966,61.893736291394006,100.02304382290531,90.451
WARD_A,2025-06-17 15:00:00+00:00,2025-06-17 16:00:00+00:00,166.67,146.3703680579934,127.30571429223775,165.43502182374905,131.365
WARD_B,2025-06-17 15:00:00+00:00,2025-06-17 16:00:00+00:00,135.325,150.54969915391692,131.48504538816127,169.61435291967257,119.694
ICU,2025-06-17 16:00:00+00:00,2025-06-17 17:00:00+00:00,71.774,67.00104201946765,47.936388253711996,86.0656957852233,51.422
OPD,2025-06-17 16:00:00+00:00,2025-06-17 17:00:00+00:00,70.906,80.51065892414601,61.44600515839036,99.57531268990166,79.892
WARD_A,2025-06-17 16:00:00+00:00,2025-06-17 17:00:00+00:00,151.294,148.70700026338272,129.64234649762707,167.77165402913838,130.031
WARD_B,2025-06-17 16:00:00+00:00,2025-06-17 17:00:00+00:00,145.213,149.79199240479812,130.72733863904247,168.85664617055377,132.743
ICU,2025-06-17 17:00:00+00:00,2025-06-17 18:00:00+00:00,55.071,56.662620862877056,37.597967097121405,75.7272746286327,63.801
OPD,2025-06-17 17:00:00+00:00,2025-06-17 18:00:00+00:00,15.696,24.664789510298615,5.600135744542964,43.72944327605427,22.6
WARD_A,2025-06-17 17:00:00+00:00,2025-06-17 18:00:00+00:00,149.543,147.3533498240276,128.28869605827194,166.41800358978324,116.543
WARD_B,2025-06-17 17:00:00+00:00,2025-06-17 18:00:00+00:00,147.27,147.28920406361317,128.22455029785752,166.35385782936882,111.301
ICU,2025-06-17 18:00:00+00:00,2025-06-17 19:00:00+00:00,65.716,57.46736501793145,38.4027112521758,76.5320187836871,54.165
OPD,2025-06-17 18:00:00+00:00,2025-06-17 19:00:00+00:00,31.11,23.14587171944549,4.0812179536898405,42.210525485201146,21.49
WARD_A,2025-06-17 18:00:00+00:00,2025-06-17 19:00:00+00:00,148.504,147.46109383372183,128.39644006796618,166.52574759947748,123.25
WARD_B,2025-06-17 18:00:00+00:00,2025-06-17 19:00:00+00:00,152.885,147.46109383372183,128.39644006796618,166.52574759947748,123.18
ICU,2025-06-17 19:00:00+00:00,2025-06-17 20:00:00+00:00,133.701,140.75927741390268,121.69462364814703,159.82393117965833,138.638
WARD_A,2025-06-17 19:00:00+00:00,2025-06-17 20:00:00+00:00,222.11,221.27232647831545,202.2076727125598,240.3369802440711,213.968
WARD_B,2025-06-17 19:00:00+00:00,2025-06-17 20:00:00+00:00,223.725,223.84548849492663,204.78083472917098,242.91014226068228,202.1
ICU,2025-06-17 20:00:00+00:00,2025-06-17 21:00:00+00:00,65.702,58.49644750010362,39.43179373434797,77.56110126585926,45.186
WARD_A,2025-06-17 20:00:00+00:00,2025-06-17 21:00:00+00:00,130.615,147.62338124800857,128.55872748225292,166.68803501376422,103.402
ICU,2025-06-17 21:00:00+00:00,2025-06-17 22:00:00+00:00,70.88,58.885412202110956,39.820758436355305,77.9500659678666,68.629
OPD,2025-06-17 21:00:00+00:00,2025-06-17 22:00:00+00:00,19.308,20.798399898654406,1.7337461328987551,39.86305366441006,18.293
WARD_A,2025-06-17 21:00:00+00:00,2025-06-17 22:00:00+00:00,143.925,144.64806859010557,125.58341482434992,163.71272235586122,111.394
ICU,2025-06-17 22:00:00+00:00,2025-06-17 23:00:00+00:00,59.729,56.96291366555063,37.89825989979498,76.02756743130628,54.129
OPD,2025-06-17 22:00:00+00:00,2025-06-17 23:00:00+00:00,41.376,21.94199029807252,2.8773365323168676,41.00664406382817,29.566
WARD_A,2025-06-17 22:00:00+00:00,2025-06-17 23:00:00+00:00,151.3,146.9133859032805,127.84873213752485,165.97803966903615,146.179
WARD_B,2025-06-17 22:00:00+00:00,2025-06-17 23:00:00+00:00,133.439,150.12050866234304,131.0558548965874,169.1851624280987,98.698
ICU,2025-06-17 23:00:00+00:00,2025-06-18 00:00:00+00:00,64.329,58.989254814222434,39.92460104846678,78.05390857997808,68.94
OPD,2025-06-17 23:00:00+00:00,2025-06-18 00:00:00+00:00,9.181,27.208653284691877,8.143999518936226,46.27330705044753,29.265
WARD_A,2025-06-17 23:00:00+00:00,2025-06-18 00:00:00+00:00,140.26,144.96687173421776,125.90221796846211,164.0315254999734,127.446
WARD_B,2025-06-17 23:00:00+00:00,2025-06-18 00:00:00+00:00,154.528,142.8652185902818,123.80056482452616,161.92987235603746,115.413
ICU,2025-06-18 00:00:00+00:00,2025-06-18 01:00:00+00:00,62.771,57.71870382407231,38.654050058316656,76.78335758982796,52.249
OPD,2025-06-18 00:00:00+00:00,2025-06-18 01:00:00+00:00,13.501,23.366166567857764,4.301512802102113,42.43082033361341,23.249
WARD_A,2025-06-18 00:00:00+00:00,2025-06-18 01:00:00+00:00,151.072,147.27213315022397,128.20747938446831,166.33678691597962,125.334
WARD_B,2025-06-18 00:00:00+00:00,2025-06-18 01:00:00+00:00,164.711,147.02654729069477,127.96189352493911,166.09120105645042,120.879
ICU,2025-06-18 01:00:00+00:00,2025-06-18 02:00:00+00:00,50.594,56.295153629572155,37.230499863816505,75.3598073953278,64.424
OPD,2025-06-18 01:00:00+00:00,2025-06-18 02:00:00+00:00,28.766,20.97538423197938,1.910730466223729,40.04003799773503,24.2
WARD_A,2025-06-18 01:00:00+00:00,2025-06-18 02:00:00+00:00,136.282,145.0467933847997,125.98213961904406,164.11144715055536,129.82
WARD_B,2025-06-18 01:00:00+00:00,2025-06-18 02:00:00+00:00,142.237,146.59437345459656,127.52971968884091,165.65902722035221,138.364
ICU,2025-06-18 02:00:00+00:00,2025-06-18 03:00:00+00:00,50.31,56.71431856612716,37.64966480037151,75.77897233188281,59.791
OPD,2025-06-18 02:00:00+00:00,2025-06-18 03:00:00+00:00,15.521,21.106025010990898,2.041371245235247,40.17067877674655,20.438
WARD_A,2025-06-18 02:00:00+00:00,2025-06-18 03:00:00+00:00,150.935,143.84582235156287,124.78116858580722,162.91047611731852,124.973
WARD_B,2025-06-18 02:00:00+00:00,2025-06-18 03:00:00+00:00,124.817,146.7206649492774,127.65601118352174,165.78531871503304,123.108
ICU,2025-06-18 03:00:00+00:00,2025-06-18 04:00:00+00:00,55.674,55.381137704592675,36.316483938837024,74.44579147034833,48.165
OPD,2025-06-18 03:00:00+00:00,2025-06-18 04:00:00+00:00,24.571,27.12998448263888,8.065330716883228,46.194638248394526,15.477
WARD_A,2025-06-18 03:00:00+00:00,2025-06-18 04:00:00+00:00,161.567,149.9278993166839,130.86324555092824,168.99255308243954,104.42
WARD_B,2025-06-18 03:00:00+00:00,2025-06-18 04:00:00+00:00,163.726,145.62466213454135,126.5600083687857,164.689315900297,114.171
ICU,2025-06-18 04:00:00+00:00,2025-06-18 05:00:00+00:00,79.615,53.46149614234623,34.39684237659058,72.52614990810187,60.429
OPD,2025-06-18 04:00:00+00:00,2025-06-18 05:00:00+00:00,19.628,25.64546754882481,6.580813783069161,44.71012131458046,27.82
WARD_A,2025-06-18 04:00:00+00:00,2025-06-18 05:00:00+00:00,156.847,151.8243010949545,132.75964732919886,170.88895486071016,116.522
WARD_B,2025-06-18 04:00:00+00:00,2025-06-18 05:00:00+00:00,145.74,147.9651003804158,128.90044661466015,167.02975414617146,119.961
ICU,2025-06-18 05:00:00+00:00,2025-06-18 06:00:00+00:00,141.131,142.13984644765813,123.07519268190248,161.20450021341378,148.899
OPD,2025-06-18 05:00:00+00:00,2025-06-18 06:00:00+00:00,101.11,103.11482418879666,84.05017042304101,122.17947795455231,109.466
WARD_A,2025-06-18 05:00:00+00:00,2025-06-18 06:00:00+00:00,240.383,239.37357752167884,220.3089237559232,258.4382312874345,209.988
WARD_B,2025-06-18 05:00:00+00:00,2025-06-18 06:00:00+00:00,246.858,227.80811462113633,208.74346085538068,246.87276838689198,215.924
ICU,2025-06-18 06:00:00+00:00,2025-06-18 07:00:00+00:00,74.202,60.68062343405243,41.61596966829678,79.74527719980807,72.52
OPD,2025-06-18 06:00:00+00:00,2025-06-18 07:00:00+00:00,22.929,26.29926174082564,7.234607975069988,45.36391550658129,24.331
WARD_A,2025-06-18 06:00:00+00:00,2025-06-18 07:00:00+00:00,164.015,157.5566060939581,138.49195232820244,176.62125985971375,109.976
WARD_B,2025-06-18 06:00:00+00:00,2025-06-18 07:00:00+00:00,134.925,159.8377313473369,140.77307758158125,178.90238511309255,110.667
ICU,2025-06-18 07:00:00+00:00,2025-06-18 08:00:00+00:00,62.254,66.6917021981381,47.62704843238245,85.75635596389375,60.924
OPD,2025-06-18 07:00:00+00:00,2025-06-18 08:00:00+00:00,99.231,73.78201992942773,54.71736616367208,92.84667369518338,77.037
WARD_A,2025-06-18 07:00:00+00:00,2025-06-18 08:00:00+00:00,142.435,151.97362236713673,132.90896860138108,171.03827613289238,125.345
WARD_B,2025-06-18 07:00:00+00:00,2025-06-18 08:00:00+00:00,147.522,149.7167070161087,130.65205325035305,168.78136078186435,133.005
ICU,2025-06-18 08:00:00+00:00,2025-06-18 09:00:00+00:00,63.525,66.91119112328708,47.84653735753143,85.97584488904273,57.464
OPD,2025-06-18 08:00:00+00:00,2025-06-18 09:00:00+00:00,69.914,75.29777214413409,56.233118378378435,94.36242590988974,77.108
WARD_A,2025-06-18 08:00:00+00:00,2025-06-18 09:00:00+00:00,175.59,149.90106538173217,130.83641161597652,168.96571914748782,104.565
WARD_B,2025-06-18 08:00:00+00:00,2025-06-18 09:00:00+00:00,165.24,150.18466202194978,131.12000825619413,169.24931578770543,125.435
ICU,2025-06-18 09:00:00+00:00,2025-06-18 10:00:00+00:00,78.144,66.72843012730522,47.663776361549566,85.79308389306087,71.376
OPD,2025-06-18 09:00:00+00:00,2025-06-18 10:00:00+00:00,94.783,81.99799964974422,62.933345883988565,101.06265341549987,82.384
WARD_A,2025-06-18 09:00:00+00:00,2025-06-18 10:00:00+00:00,139.76,156.10120893754618,137.03655517179052,175.16586270330183,112.472
WARD_B,2025-06-18 09:00:00+00:00,2025-06-18 10:00:00+00:00,129.894,151.07167189793745,132.0070181321818,170.1363256636931,144.939
ICU,2025-06-18 10:00:00+00:00,2025-06-18 11:00:00+00:00,82.472,69.3539176184893,50.289263852733654,88.41857138424496,67.799
OPD,2025-06-18 10:00:00+00:00,2025-06-18 11:00:00+00:00,97.095,83.30952940653586,64.24487564078021,102.37418317229151,57.913
WARD_A,2025-06-18 10:00:00+00:00,2025-06-18 11:00:00+00:00,136.555,149.31979725216505,130.2551434864094,168.3844510179207,125.222
WARD_B,2025-06-18 10:00:00+00:00,2025-06-18 11:00:00+00:00,177.089,148.15782521926764,129.09317145351199,167.2224789850233,142.875
ICU,2025-06-18 11:00:00+00:00,2025-06-18 12:00:00+00:00,76.983,66.57329112139128,47.50863735563563,85.63794488714693,61.56
OPD,2025-06-18 11:00:00+00:00,2025-06-18 12:00:00+00:00,84.851,82.45692423104798,63.39227046529233,101.52157799680363,83.314
WARD_A,2025-06-18 11:00:00+00:00,2025-06-18 12:00:00+00:00,167.909,152.33706403472038,133.27241026896473,171.40171780047604,115.725
WARD_B,2025-06-18 11:00:00+00:00,2025-06-18 12:00:00+00:00,153.154,157.52201966439557,138.45736589863992,176.58667343015122,132.315
ICU,2025-06-18 12:00:00+00:00,2025-06-18 13:00:00+00:00,75.418,66.79351688567328,47.728863119917634,85.85817065142894,51.618
OPD,2025-06-18 12:00:00+00:00,2025-06-18 13:00:00+00:00,106.49,83.37847276788936,64.31381900213371,102.44312653364501,54.064
WARD_A,2025-06-18 12:00:00+00:00,2025-06-18 13:00:00+00:00,150.355,154.02078812676845,134.9561343610128,173.0854418925241,133.442
WARD_B,2025-06-18 12:00:00+00:00,2025-06-18 13:00:00+00:00,139.01,153.31256568132986,134.2479119155742,172.3772194470855,112.284
ICU,2025-06-18 13:00:00+00:00,2025-06-18 14:00:00+00:00,141.438,153.57785553801946,134.5132017722638,172.6425093037751,141.466
OPD,2025-06-18 13:00:00+00:00,2025-06-18 14:00:00+00:00,172.91,166.57589436503204,147.5112405992764,185.6405481307877,173.365
WARD_A,2025-06-18 13:00:00+00:00,2025-06-18 14:00:00+00:00,231.509,234.23458891746867,215.16993515171302,253.29924268322432,232.651
WARD_B,2025-06-18 13:00:00+00:00,2025-06-18 14:00:00+00:00,243.864,234.67610396570896,215.6114501999533,253.7407577314646,226.265
ICU,2025-06-18 14:00:00+00:00,2025-06-18 15:00:00+00:00,59.564,64.8964689792949,45.831815213539244,83.96112274505055,58.193
OPD,2025-06-18 14:00:00+00:00,2025-06-18 15:00:00+00:00,79.916,88.80076617326073,69.73611240750508,107.86541993901638,71.727
WARD_A,2025-06-18 14:00:00+00:00,2025-06-18 15:00:00+00:00,176.585,148.72537897683222,129.66072521107657,167.79003274258787,113.701
WARD_B,2025-06-18 14:00:00+00:00,2025-06-18 15:00:00+00:00,159.955,149.85278303694145,130.7881292711858,168.9174368026971,124.064
ICU,2025-06-18 15:00:00+00:00,2025-06-18 16:00:00+00:00,55.28,68.16525391376912,49.10060014801347,87.22990767952477,69.482
OPD,2025-06-18 15:00:00+00:00,2025-06-18 16:00:00+00:00,69.09,80.81076309679337,61.746109331037715,99.87541686254902,80.667
WARD_A,2025-06-18 15:00:00+00:00,2025-06-18 16:00:00+00:00,152.544,156.4318781022964,137.36722433654074,175.49653186805205,147.657
WARD_B,2025-06-18 15:00:00+00:00,2025-06-18 16:00:00+00:00,142.501,153.98547737487033,134.92082360911468,173.05013114062598,136.216
ICU,2025-06-18 16:00:00+00:00,2025-06-18 17:00:00+00:00,62.175,68.16022262711188,49.09556886135623,87.22487639286753,50.561
OPD,2025-06-18 16:00:00+00:00,2025-06-18 17:00:00+00:00,79.702,80.57648027778853,61.51182651203288,99.64113404354418,68.822
WARD_A,2025-06-18 16:00:00+00:00,2025-06-18 17:00:00+00:00,143.531,150.31840767850113,131.25375391274548,169.38306144425678,135.536
WARD_B,2025-06-18 16:00:00+00:00,2025-06-18 17:00:00+00:00,152.161,149.91996730490456,130.8553135391489,168.9846210706602,130.439
ICU,2025-06-18 17:00:00+00:00,2025-06-18 18:00:00+00:00,65.622,55.91848381581322,36.85383005005757,74.98313758156887,66.583
OPD,2025-06-18 17:00:00+00:00,2025-06-18 18:00:00+00:00,33.931,22.67709295251398,3.61243918675833,41.74174671826963,20.836
WARD_A,2025-06-18 17:00:00+00:00,2025-06-18 18:00:00+00:00,142.258,145.50803161560037,126.44337784984472,164.57268538135602,116.918
WARD_B,2025-06-18 17:00:00+00:00,2025-06-18 18:00:00+00:00,114.642,147.5405185191746,128.47586475341896,166.60517228493026,103.389
ICU,2025-06-18 18:00:00+00:00,2025-06-18 19:00:00+00:00,62.797,58.202195137189534,39.13754137143388,77.26684890294518,58.201
OPD,2025-06-18 18:00:00+00:00,2025-06-18 19:00:00+00:00,24.174,23.152589978022853,4.087936212267202,42.2172437437785,20.136
WARD_A,2025-06-18 18:00:00+00:00,2025-06-18 19:00:00+00:00,148.822,145.6637624909573,126.59910872520166,164.72841625671296,116.616
WARD_B,2025-06-18 18:00:00+00:00,2025-06-18 19:00:00+00:00,128.629,141.14629090730818,122.08163714155253,160.21094467306384,122.717
ICU,2025-06-18 19:00:00+00:00,2025-06-18 20:00:00+00:00,159.917,145.2327073709977,126.16805360524205,164.29736113675335,154.133
OPD,2025-06-18 19:00:00+00:00,2025-06-18 20:00:00+00:00,94.03,105.94387304332741,86.87921927757176,125.00852680908307,102.052
WARD_A,2025-06-18 19:00:00+00:00,2025-06-18 20:00:00+00:00,224.713,224.58598150225302,205.52132773649737,243.65063526800867,223.537
WARD_B,2025-06-18 19:00:00+00:00,2025-06-18 20:00:00+00:00,239.705,223.79289519436105,204.7282414286054,242.8575489601167,212.928
ICU,2025-06-18 20:00:00+00:00,2025-06-18 21:00:00+00:00,79.838,61.95162765658261,42.88697389082696,81.01628142233827,37.114
OPD,2025-06-18 20:00:00+00:00,2025-06-18 21:00:00+00:00,25.359,23.029369073718303,3.9647153079626527,42.09402283947395,33.504
WARD_A,2025-06-18 20:00:00+00:00,2025-06-18 21:00:00+00:00,141.073,145.27560700694966,126.210953241194,164.3402607727053,106.154
WARD_B,2025-06-18 20:00:00+00:00,2025-06-18 21:00:00+00:00,152.57,155.87753638787927,136.81288262212362,174.94219015363493,117.335
ICU,2025-06-18 21:00:00+00:00,2025-06-18 22:00:00+00:00,60.008,60.351573533821174,41.28691976806552,79.41622729957683,40.135
OPD,2025-06-18 21:00:00+00:00,2025-06-18 22:00:00+00:00,10.794,21.099149819168346,2.0344960534126955,40.163803584924,14.187
WARD_A,2025-06-18 21:00:00+00:00,2025-06-18 22:00:00+00:00,163.112,147.43908929732143,128.37443553156578,166.50374306307708,105.938
WARD_B,2025-06-18 21:00:00+00:00,2025-06-18 22:00:00+00:00,155.625,147.99573803701628,128.93108427126063,167.06039180277193,139.757
ICU,2025-06-18 22:00:00+00:00,2025-06-18 23:00:00+00:00,57.963,60.375184970496804,41.31053120474115,79.43983873625245,69.141
OPD,2025-06-18 22:00:00+00:00,2025-06-18 23:00:00+00:00,25.139,23.688538666869896,4.623884901114245,42.753192432625546,35.836
WARD_A,2025-06-18 22:00:00+00:00,2025-06-18 23:00:00+00:00,167.947,149.93377002462972,130.86911625887407,168.99842379038537,138.358
WARD_B,2025-06-18 22:00:00+00:00,2025-06-18 23:00:00+00:00,149.384,145.79009072202487,126.72543695626922,164.85474448778052,125.635
ICU,2025-06-18 23:00:00+00:00,2025-06-19 00:00:00+00:00,65.78,59.78215776075502,40.71750399499937,78.84681152651066,50.744
OPD,2025-06-18 23:00:00+00:00,2025-06-19 00:00:00+00:00,32.651,21.403488511884177,2.3388347461285264,40.46814227763983,19.907
WARD_A,2025-06-18 23:00:00+00:00,2025-06-19 00:00:00+00:00,135.1,151.13353392481093,132.06888015905528,170.19818769056658,113.296
WARD_B,2025-06-18 23:00:00+00:00,2025-06-19 00:00:00+00:00,129.735,154.08127089467837,135.01661712892272,173.14592466043402,115.608
ICU,2025-06-19 00:00:00+00:00,2025-06-19 01:00:00+00:00,71.214,57.35175686505677,38.28710309930112,76.41641063081242,49.369
OPD,2025-06-19 00:00:00+00:00,2025-06-19 01:00:00+00:00,23.278,22.6138967444031,3.549242978647449,41.67855051015875,33.964
WARD_A,2025-06-19 00:00:00+00:00,2025-06-19 01:00:00+00:00,144.522,147.41121507890688,128.34656131315123,166.47586884466253,128.666
WARD_B,2025-06-19 00:00:00+00:00,2025-06-19 01:00:00+00:00,135.647,146.5359261900408,127.47127242428516,165.60057995579646,124.576
ICU,2025-06-19 01:00:00+00:00,2025-06-19 02:00:00+00:00,64.63,57.99438563616418,38.92973187040853,77.05903940191983,54.878
OPD,2025-06-19 01:00:00+00:00,2025-06-19 02:00:00+00:00,39.206,21.669646167870596,2.604992402114945,40.73429993362625,22.801
WARD_A,2025-06-19 01:00:00+00:00,2025-06-19 02:00:00+00:00,132.807,148.09881658679194,129.0341628210363,167.1634703525476,115.601
WARD_B,2025-06-19 01:00:00+00:00,2025-06-19 02:00:00+00:00,128.166,147.5318087987235,128.46715503296784,166.59646256447914,122.744
ICU,2025-06-19 02:00:00+00:00,2025-06-19 03:00:00+00:00,71.344,57.467747368648304,38.40309360289265,76.53240113440395,58.439
OPD,2025-06-19 02:00:00+00:00,2025-06-19 03:00:00+00:00,10.893,27.00275672077867,7.9381029550230195,46.06741048653432,28.597
WARD_A,2025-06-19 02:00:00+00:00,2025-06-19 03:00:00+00:00,134.948,148.60932841163321,129.54467464587756,167.67398217738887,105.441
WARD_B,2025-06-19 02:00:00+00:00,2025-06-19 03:00:00+00:00,134.639,142.56904241681838,123.50438865106273,161.63369618257403,128.721
ICU,2025-06-19 03:00:00+00:00,2025-06-19 04:00:00+00:00,60.893,59.79531809383027,40.73066432807462,78.85997185958593,57.536
OPD,2025-06-19 03:00:00+00:00,2025-06-19 04:00:00+00:00,28.825,33.52981487773205,14.4651611119764,52.5944686434877,12.978
WARD_A,2025-06-19 03:00:00+00:00,2025-06-19 04:00:00+00:00,167.234,144.39243453158008,125.32778076582443,163.45708829733573,133.619
WARD_B,2025-06-19 03:00:00+00:00,2025-06-19 04:00:00+00:00,142.847,145.0841595415264,126.01950577577074,164.14881330728204,124.214
ICU,2025-06-19 04:00:00+00:00,2025-06-19 05:00:00+00:00,53.19,55.05718736027063,35.99253359451498,74.12184112602628,57.944
OPD,2025-06-19 04:00:00+00:00,2025-06-19 05:00:00+00:00,19.588,36.14163866824217,17.076984902486522,55.206292433997824,8.407
WARD_A,2025-06-19 04:00:00+00:00,2025-06-19 05:00:00+00:00,156.139,151.83570707016884,132.7710533044132,170.9003608359245,109.056
WARD_B,2025-06-19 04:00:00+00:00,2025-06-19 05:00:00+00:00,141.917,145.51763976824486,126.45298600248921,164.5822935340005,129.07
ICU,2025-06-19 05:00:00+00:00,2025-06-19 06:00:00+00:00,140.951,143.70664647916794,124.6419927134123,162.7713002449236,141.86
OPD,2025-06-19 05:00:00+00:00,2025-06-19 06:00:00+00:00,98.397,108.4206676224164,89.35601385666075,127.48532138817205,117.726
WARD_A,2025-06-19 05:00:00+00:00,2025-06-19 06:00:00+00:00,231.296,224.0993820292753,205.03472826351964,243.16403579503094,216.757
WARD_B,2025-06-19 05:00:00+00:00,2025-06-19 06:00:00+00:00,247.726,221.05188537875574,201.9872316130001,240.1165391445114,212.62
ICU,2025-06-19 06:00:00+00:00,2025-06-19 07:00:00+00:00,60.693,61.67638191592167,42.611728150166016,80.74103568167732,61.041
OPD,2025-06-19 06:00:00+00:00,2025-06-19 07:00:00+00:00,34.303,32.25801976645727,13.193366000701616,51.32267353221292,34.201
WARD_A,2025-06-19 06:00:00+00:00,2025-06-19 07:00:00+00:00,137.554,150.33227511933393,131.26762135357828,169.39692888508958,117.249
WARD_B,2025-06-19 06:00:00+00:00,2025-06-19 07:00:00+00:00,147.102,159.4579337992993,140.39328003354365,178.52258756505495,120.128
ICU,2025-06-19 07:00:00+00:00,2025-06-19 08:00:00+00:00,66.993,63.24210811324669,44.177454347491036,82.30676187900234,74.987
OPD,2025-06-19 07:00:00+00:00,2025-06-19 08:00:00+00:00,70.153,73.21652918772065,54.151875421965,92.2811829534763,83.454
WARD_A,2025-06-19 07:00:00+00:00,2025-06-19 08:00:00+00:00,156.893,150.01251369225702,130.94785992650137,169.07716745801267,129.423
WARD_B,2025-06-19 07:00:00+00:00,2025-06-19 08:00:00+00:00,154.643,146.43680600844664,127.37215224269099,165.5014597742023,131.549
ICU,2025-06-19 08:00:00+00:00,2025-06-19 09:00:00+00:00,78.116,67.38289907562329,48.318245309867635,86.44755284137894,54.087
OPD,2025-06-19 08:00:00+00:00,2025-06-19 09:00:00+00:00,84.576,72.12295965639163,53.05830589063598,91.18761342214728,83.825
WARD_B,2025-06-19 08:00:00+00:00,2025-06-19 09:00:00+00:00,131.546,147.57417713349176,128.5095233677361,166.6388308992474,134.407
ICU,2025-06-19 09:00:00+00:00,2025-06-19 10:00:00+00:00,72.35,69.28391768883498,50.219263923079325,88.34857145459063,65.951
OPD,2025-06-19 09:00:00+00:00,2025-06-19 10:00:00+00:00,61.714,83.58672401464764,64.52207024889199,102.6513777804033,71.684
WARD_B,2025-06-19 09:00:00+00:00,2025-06-19 10:00:00+00:00,112.311,143.66010055722296,124.59544679146731,162.7247543229786,154.024
ICU,2025-06-19 10:00:00+00:00,2025-06-19 11:00:00+00:00,54.574,69.24430146860506,50.17964770284941,88.30895523436071,70.222
OPD,2025-06-19 10:00:00+00:00,2025-06-19 11:00:00+00:00,97.515,82.51016610892533,63.44551234316968,101.57481987468098,71.91
WARD_A,2025-06-19 10:00:00+00:00,2025-06-19 11:00:00+00:00,151.332,150.32746881077813,131.26281504502248,169.39212257653378,114.666
WARD_B,2025-06-19 10:00:00+00:00,2025-06-19 11:00:00+00:00,158.15,140.20481440790704,121.14016064215139,159.2694681736627,135.879
ICU,2025-06-19 11:00:00+00:00,2025-06-19 12:00:00+00:00,49.002,69.33199797406688,50.26734420831123,88.39665173982253,61.121
OPD,2025-06-19 11:00:00+00:00,2025-06-19 12:00:00+00:00,72.601,82.09973378917182,63.03508002341617,101.16438755492747,67.427
WARD_A,2025-06-19 11:00:00+00:00,2025-06-19 12:00:00+00:00,155.632,153.31028731834584,134.2456335525902,172.3749410841015,138.776
WARD_B,2025-06-19 11:00:00+00:00,2025-06-19 12:00:00+00:00,145.846,147.5051637219567,128.44050995620105,166.56981748771236,117.507
ICU,2025-06-19 12:00:00+00:00,2025-06-19 13:00:00+00:00,71.599,69.43947130502777,50.374817539272115,88.50412507078342,51.777
OPD,2025-06-19 12:00:00+00:00,2025-06-19 13:00:00+00:00,101.4,82.0339124355293,62.96925866977365,101.09856620128495,93.498
WARD_A,2025-06-19 12:00:00+00:00,2025-06-19 13:00:00+00:00,153.052,151.44224172256835,132.3775879568127,170.506895488324,126.205
WARD_B,2025-06-19 12:00:00+00:00,2025-06-19 13:00:00+00:00,136.842,146.87240890403984,127.8077551382842,165.9370626697955,125.98
ICU,2025-06-19 13:00:00+00:00,2025-06-19 14:00:00+00:00,148.298,156.80014516852108,137.73549140276543,175.86479893427673,138.463
OPD,2025-06-19 13:00:00+00:00,2025-06-19 14:00:00+00:00,150.159,165.51437854724813,146.44972478149248,184.57903231300378,192.294
WARD_A,2025-06-19 13:00:00+00:00,2025-06-19 14:00:00+00:00,230.933,233.01919099921795,213.9545372334623,252.0838447649736,202.359
WARD_B,2025-06-19 13:00:00+00:00,2025-06-19 14:00:00+00:00,217.569,228.14386649269446,209.0792127269388,247.2085202584501,217.087
ICU,2025-06-19 14:00:00+00:00,2025-06-19 15:00:00+00:00,59.243,65.6640414325722,46.599387666816554,84.72869519832786,67.106
OPD,2025-06-19 14:00:00+00:00,2025-06-19 15:00:00+00:00,56.956,81.21768370522481,62.153029939469164,100.28233747098047,58.452
WARD_A,2025-06-19 14:00:00+00:00,2025-06-19 15:00:00+00:00,159.848,149.58277328985946,130.5181195241038,168.6474270556151,141.314
WARD_B,2025-06-19 14:00:00+00:00,2025-06-19 15:00:00+00:00,173.671,141.50521177341454,122.4405580076589,160.5698655391702,138.488
ICU,2025-06-19 15:00:00+00:00,2025-06-19 16:00:00+00:00,61.636,68.90834726697263,49.843693501216976,87.97300103272828,56.605
OPD,2025-06-19 15:00:00+00:00,2025-06-19 16:00:00+00:00,78.792,80.74494174315085,61.680287977395196,99.8095955089065,76.395
WARD_A,2025-06-19 15:00:00+00:00,2025-06-19 16:00:00+00:00,158.768,149.74672000879144,130.6820662430358,168.8113737745471,126.181
WARD_B,2025-06-19 15:00:00+00:00,2025-06-19 16:00:00+00:00,162.006,146.3299502777841,127.26529651202844,165.39460404353974,137.315
ICU,2025-06-19 16:00:00+00:00,2025-06-19 17:00:00+00:00,56.296,68.15761982620585,49.092966060450195,87.2222735919615,52.187
OPD,2025-06-19 16:00:00+00:00,2025-06-19 17:00:00+00:00,88.627,81.00095249449527,61.936298728739615,100.06560626025092,59.35
WARD_A,2025-06-19 16:00:00+00:00,2025-06-19 17:00:00+00:00,147.198,151.014132741343,131.94947897558734,170.07878650709864,133.216
WARD_B,2025-06-19 16:00:00+00:00,2025-06-19 17:00:00+00:00,128.723,146.20736169003794,127.14270792428229,165.2720154557936,138.111
ICU,2025-06-19 17:00:00+00:00,2025-06-19 18:00:00+00:00,55.881,56.72965790938189,37.66500414362624,75.79431167513755,47.668
OPD,2025-06-19 17:00:00+00:00,2025-06-19 18:00:00+00:00,13.594,21.089021623120992,2.024367857365341,40.15367538887664,15.293
WARD_A,2025-06-19 17:00:00+00:00,2025-06-19 18:00:00+00:00,143.344,146.25840019696176,127.19374643120611,165.3230539627174,152.162
WARD_B,2025-06-19 17:00:00+00:00,2025-06-19 18:00:00+00:00,137.333,135.72145533064435,116.6568015648887,154.7861090964,136.469
ICU,2025-06-19 18:00:00+00:00,2025-06-19 19:00:00+00:00,69.259,60.07675184992131,41.01209808416566,79.14140561567696,31.138
OPD,2025-06-19 18:00:00+00:00,2025-06-19 19:00:00+00:00,19.551,21.747828662490544,2.6831748967348936,40.8124824282462,25.625
WARD_A,2025-06-19 18:00:00+00:00,2025-06-19 19:00:00+00:00,144.163,149.5694349149295,130.50478114917385,168.63408868068515,125.08
WARD_B,2025-06-19 18:00:00+00:00,2025-06-19 19:00:00+00:00,124.44,139.35088011266163,120.28622634690598,158.41553387841728,151.1
ICU,2025-06-19 19:00:00+00:00,2025-06-19 20:00:00+00:00,144.187,145.2327073709977,126.16805360524205,164.29736113675335,136.207
OPD,2025-06-19 19:00:00+00:00,2025-06-19 20:00:00+00:00,117.141,99.73295500547705,80.6683012397214,118.7976087712327,107.215
WARD_A,2025-06-19 19:00:00+00:00,2025-06-19 20:00:00+00:00,226.938,222.99740540183677,203.93275163608112,242.06205916759242,188.231
WARD_B,2025-06-19 19:00:00+00:00,2025-06-19 20:00:00+00:00,220.038,222.60527057382546,203.5406168080698,241.66992433958112,211.622
ICU,2025-06-19 20:00:00+00:00,2025-06-19 21:00:00+00:00,68.478,59.11813564586572,40.05348188011007,78.18278941162137,57.518
OPD,2025-06-19 20:00:00+00:00,2025-06-19 21:00:00+00:00,22.523,22.117498076340773,3.0528443105851224,41.182151842096424,23.408
WARD_A,2025-06-19 20:00:00+00:00,2025-06-19 21:00:00+00:00,136.311,146.17326830189486,127.10861453613921,165.23792206765052,113.395
WARD_B,2025-06-19 20:00:00+00:00,2025-06-19 21:00:00+00:00,132.311,141.89746063479996,122.8328068690443,160.9621144005556,140.986
ICU,2025-06-19 21:00:00+00:00,2025-06-19 22:00:00+00:00,67.253,63.67490501949939,44.61025125374374,82.73955878525504,47.737
OPD,2025-06-19 21:00:00+00:00,2025-06-19 22:00:00+00:00,6.388,20.798399898654406,1.7337461328987551,39.86305366441006,11.342
WARD_A,2025-06-19 21:00:00+00:00,2025-06-19 22:00:00+00:00,145.824,147.47186498282196,128.4072112170663,166.5365187485776,112.166
WARD_B,2025-06-19 21:00:00+00:00,2025-06-19 22:00:00+00:00,122.971,141.7642542272699,122.69960046151425,160.82890799302555,127.997
ICU,2025-06-19 22:00:00+00:00,2025-06-19 23:00:00+00:00,68.233,60.364073956590666,41.299420190835015,79.42872772234631,67.523
OPD,2025-06-19 22:00:00+00:00,2025-06-19 23:00:00+00:00,33.497,22.48017257680521,3.4155188110495587,41.54482634256086,31.569
WARD_A,2025-06-19 22:00:00+00:00,2025-06-19 23:00:00+00:00,129.297,146.1305677146546,127.06591394889895,165.19522148041025,122.938
WARD_B,2025-06-19 22:00:00+00:00,2025-06-19 23:00:00+00:00,132.521,138.07176375012742,119.00710998437177,157.13641751588307,132.206
ICU,2025-06-19 23:00:00+00:00,2025-06-20 00:00:00+00:00,67.516,60.78728830459409,41.72263453883844,79.85194207034974,48.126
OPD,2025-06-19 23:00:00+00:00,2025-06-20 00:00:00+00:00,9.293,21.106025010990898,2.041371245235247,40.17067877674655,15.719
WARD_A,2025-06-19 23:00:00+00:00,2025-06-20 00:00:00+00:00,136.378,144.54879632271343,125.48414255695778,163.61345008846908,114.315
WARD_B,2025-06-19 23:00:00+00:00,2025-06-20 00:00:00+00:00,126.18,136.249450684415,117.18479691865934,155.31410445017065,128.63
ICU,2025-06-20 00:00:00+00:00,2025-06-20 01:00:00+00:00,65.814,58.26943448755159,39.20478072179594,77.33408825330724,63.8
WARD_A,2025-06-20 00:00:00+00:00,2025-06-20 01:00:00+00:00,148.892,146.10669305848876,127.04203929273311,165.1713468242444,134.889
WARD_B,2025-06-20 00:00:00+00:00,2025-06-20 01:00:00+00:00,142.828,136.20479429722303,117.14014053146738,155.26944806297868,138.276
ICU,2025-06-20 01:00:00+00:00,2025-06-20 02:00:00+00:00,72.011,59.78215776075502,40.71750399499937,78.84681152651066,59.849
WARD_A,2025-06-20 01:00:00+00:00,2025-06-20 02:00:00+00:00,144.626,147.48134997493455,128.4166962091789,166.5460037406902,137.82
WARD_B,2025-06-20 01:00:00+00:00,2025-06-20 02:00:00+00:00,122.457,141.1708853463008,122.10623158054514,160.23553911205644,133.834
ICU,2025-06-20 02:00:00+00:00,2025-06-20 03:00:00+00:00,69.987,57.63262914932645,38.5679753835708,76.6972829150821,71.611
OPD,2025-06-20 02:00:00+00:00,2025-06-20 03:00:00+00:00,43.07,20.97538423197938,1.910730466223729,40.04003799773503,29.359
WARD_A,2025-06-20 02:00:00+00:00,2025-06-20 03:00:00+00:00,139.217,149.15791480401916,130.0932610382635,168.2225685697748,121.894
WARD_B,2025-06-20 02:00:00+00:00,2025-06-20 03:00:00+00:00,140.343,136.16952903383304,117.1048752680774,155.2341827995887,129.328
ICU,2025-06-20 03:00:00+00:00,2025-06-20 04:00:00+00:00,71.052,58.868141835775546,39.803488070019895,77.9327956015312,58.519
OPD,2025-06-20 03:00:00+00:00,2025-06-20 04:00:00+00:00,35.485,33.08715495450609,14.02250118875044,52.15180872026174,36.45
WARD_A,2025-06-20 03:00:00+00:00,2025-06-20 04:00:00+00:00,141.294,149.06526461754027,130.00061085178461,168.12991838329592,117.435
WARD_B,2025-06-20 03:00:00+00:00,2025-06-20 04:00:00+00:00,126.197,137.2451678622238,118.18051409646816,156.30982162797946,116.826
ICU,2025-06-20 04:00:00+00:00,2025-06-20 05:00:00+00:00,58.192,58.71020792807925,39.6455541623236,77.77486169383491,44.93
OPD,2025-06-20 04:00:00+00:00,2025-06-20 05:00:00+00:00,27.264,25.711483758200572,6.646829992444921,44.77613752395622,20.757
WARD_A,2025-06-20 04:00:00+00:00,2025-06-20 05:00:00+00:00,127.762,147.1841229548582,128.11946918910255,166.24877672061385,120.186
WARD_B,2025-06-20 04:00:00+00:00,2025-06-20 05:00:00+00:00,128.846,137.89743702695299,118.83278326119733,156.96209079270864,123.241
ICU,2025-06-20 05:00:00+00:00,2025-06-20 06:00:00+00:00,150.506,138.65453039182552,119.58987662606987,157.71918415758117,149.935
OPD,2025-06-20 05:00:00+00:00,2025-06-20 06:00:00+00:00,106.683,103.54292846870145,84.4782747029458,122.6075822344571,122.441
WARD_A,2025-06-20 05:00:00+00:00,2025-06-20 06:00:00+00:00,216.663,221.85282213963853,202.78816837388288,240.91747590539418,218.23
WARD_B,2025-06-20 05:00:00+00:00,2025-06-20 06:00:00+00:00,227.801,215.8079984766971,196.74334471094144,234.87265224245274,215.244
ICU,2025-06-20 06:00:00+00:00,2025-06-20 07:00:00+00:00,44.12,60.84883191518343,41.78417814942778,79.91348568093909,70.081
OPD,2025-06-20 06:00:00+00:00,2025-06-20 07:00:00+00:00,33.862,25.29911197129165,6.234458205536001,44.3637657370473,27.347
WARD_A,2025-06-20 06:00:00+00:00,2025-06-20 07:00:00+00:00,158.783,140.78423346666813,121.71957970091248,159.84888723242378,103.532
WARD_B,2025-06-20 06:00:00+00:00,2025-06-20 07:00:00+00:00,152.131,142.96446957386047,123.89981580810482,162.02912333961612,137.311
ICU,2025-06-20 07:00:00+00:00,2025-06-20 08:00:00+00:00,84.408,65.02716536858323,45.962511602827576,84.09181913433888,40.022
OPD,2025-06-20 07:00:00+00:00,2025-06-20 08:00:00+00:00,85.638,71.41948640139506,52.35483263563941,90.48414016715071,59.204
WARD_A,2025-06-20 07:00:00+00:00,2025-06-20 08:00:00+00:00,159.263,149.23602148955354,130.17136772379789,168.3006752553092,116.572
WARD_B,2025-06-20 07:00:00+00:00,2025-06-20 08:00:00+00:00,148.774,141.38723487943327,122.32258111367761,160.45188864518892,141.862
ICU,2025-06-20 08:00:00+00:00,2025-06-20 09:00:00+00:00,60.913,69.16010133705646,50.09544757130081,88.22475510281211,61.813
OPD,2025-06-20 08:00:00+00:00,2025-06-20 09:00:00+00:00,86.545,81.7310990492257,62.666445283470054,100.79575281498136,77.594
WARD_A,2025-06-20 08:00:00+00:00,2025-06-20 09:00:00+00:00,174.512,147.30302354364647,128.23836977789082,166.36767730940213,128.387
WARD_B,2025-06-20 08:00:00+00:00,2025-06-20 09:00:00+00:00,146.967,141.18160698539378,122.11695321963813,160.24626075114944,144.758
ICU,2025-06-20 09:00:00+00:00,2025-06-20 10:00:00+00:00,64.322,68.99482875410433,49.93017498834868,88.05948251985998,75.883
OPD,2025-06-20 09:00:00+00:00,2025-06-20 10:00:00+00:00,88.541,82.06382100338674,62.999167237631085,101.12847476914239,87.9
WARD_B,2025-06-20 09:00:00+00:00,2025-06-20 10:00:00+00:00,144.864,137.06599631325577,118.00134254750012,156.13065007901142,157.557
ICU,2025-06-20 10:00:00+00:00,2025-06-20 11:00:00+00:00,57.261,69.33199797406688,50.26734420831123,88.39665173982253,64.597
OPD,2025-06-20 10:00:00+00:00,2025-06-20 11:00:00+00:00,101.567,82.84516170941157,63.78050794365592,101.90981547516722,75.017
WARD_A,2025-06-20 10:00:00+00:00,2025-06-20 11:00:00+00:00,145.528,150.1641567827203,131.09950301696466,169.22881054847596,130.541
WARD_B,2025-06-20 10:00:00+00:00,2025-06-20 11:00:00+00:00,134.318,142.8844236592168,123.81976989346114,161.94907742497244,146.353
ICU,2025-06-20 11:00:00+00:00,2025-06-20 12:00:00+00:00,68.31,68.97168552447974,49.90703175872409,88.03633929023539,39.624
OPD,2025-06-20 11:00:00+00:00,2025-06-20 12:00:00+00:00,72.292,82.2777602323796,63.213106466623955,101.34241399813526,82.188
WARD_A,2025-06-20 11:00:00+00:00,2025-06-20 12:00:00+00:00,141.624,148.33207669946387,129.26742293370822,167.39673046521952,114.876
WARD_B,2025-06-20 11:00:00+00:00,2025-06-20 12:00:00+00:00,131.095,143.10661079697695,124.0419570312213,162.1712645627326,138.587
ICU,2025-06-20 12:00:00+00:00,2025-06-20 13:00:00+00:00,63.954,66.77123145598162,47.70657769022597,85.83588522173727,61.832
OPD,2025-06-20 12:00:00+00:00,2025-06-20 13:00:00+00:00,78.164,83.19930876922099,64.13465500346534,102.26396253497664,85.18
WARD_A,2025-06-20 12:00:00+00:00,2025-06-20 13:00:00+00:00,155.105,147.73536418495365,128.670710419198,166.8000179507093,114.539
WARD_B,2025-06-20 12:00:00+00:00,2025-06-20 13:00:00+00:00,127.447,138.8418621001156,119.77720833435995,157.90651586587126,138.286
ICU,2025-06-20 13:00:00+00:00,2025-06-20 14:00:00+00:00,167.782,153.48782105540607,134.42316728965042,172.55247482116172,139.351
OPD,2025-06-20 13:00:00+00:00,2025-06-20 14:00:00+00:00,188.055,166.4096279016644,147.34497413590876,185.47428166742006,164.73
WARD_A,2025-06-20 13:00:00+00:00,2025-06-20 14:00:00+00:00,233.509,229.79092582766148,210.72627206190583,248.85557959341713,216.204
WARD_B,2025-06-20 13:00:00+00:00,2025-06-20 14:00:00+00:00,228.675,226.4377572906605,207.37310352490485,245.50241105641615,212.165
ICU,2025-06-20 14:00:00+00:00,2025-06-20 15:00:00+00:00,72.774,68.24182123046248,49.17716746470683,87.30647499621813,69.138
OPD,2025-06-20 14:00:00+00:00,2025-06-20 15:00:00+00:00,86.99,77.23540256189696,58.17074879614131,96.30005632765261,93.185
WARD_A,2025-06-20 14:00:00+00:00,2025-06-20 15:00:00+00:00,145.676,145.93250193129612,126.86784816554047,164.99715569705177,126.46
WARD_B,2025-06-20 14:00:00+00:00,2025-06-20 15:00:00+00:00,131.848,139.80279392095858,120.73814015520293,158.86744768671423,133.756
ICU,2025-06-20 15:00:00+00:00,2025-06-20 16:00:00+00:00,64.083,70.1679143487666,51.10326058301095,89.23256811452225,60.591
OPD,2025-06-20 15:00:00+00:00,2025-06-20 16:00:00+00:00,72.653,81.12200539449115,62.0573516287355,100.1866591602468,93.004
WARD_A,2025-06-20 15:00:00+00:00,2025-06-20 16:00:00+00:00,163.873,146.97425972257076,127.90960595681511,166.03891348832641,123.567
WARD_B,2025-06-20 15:00:00+00:00,2025-06-20 16:00:00+00:00,144.826,135.4983394253619,116.43368565960625,154.56299319111756,141.469
ICU,2025-06-20 16:00:00+00:00,2025-06-20 17:00:00+00:00,55.07,70.58445139681601,51.51979763106036,89.64910516257166,65.702
OPD,2025-06-20 16:00:00+00:00,2025-06-20 17:00:00+00:00,66.548,82.47251710923994,63.407863343484294,101.5371708749956,77.805
WARD_A,2025-06-20 16:00:00+00:00,2025-06-20 17:00:00+00:00,160.733,148.68937597827917,129.62472221252352,167.75402974403482,128.016
WARD_B,2025-06-20 16:00:00+00:00,2025-06-20 17:00:00+00:00,138.184,139.25393076048448,120.18927699472883,158.31858452624013,129.432
ICU,2025-06-20 17:00:00+00:00,2025-06-20 18:00:00+00:00,47.431,58.805775154537244,39.74112138878159,77.8704289202929,49.508
OPD,2025-06-20 17:00:00+00:00,2025-06-20 18:00:00+00:00,35.724,26.650370961014243,7.585717195258592,45.7150247267699,17.979
WARD_A,2025-06-20 17:00:00+00:00,2025-06-20 18:00:00+00:00,157.793,143.96343766824407,124.89878390248842,163.02809143399972,123.531
WARD_B,2025-06-20 17:00:00+00:00,2025-06-20 18:00:00+00:00,133.921,136.09483651316378,117.03018274740813,155.15949027891944,153.019
ICU,2025-06-20 18:00:00+00:00,2025-06-20 19:00:00+00:00,57.49,60.626423906893656,41.561770141138005,79.6910776726493,56.806
OPD,2025-06-20 18:00:00+00:00,2025-06-20 19:00:00+00:00,13.249,23.693802860087224,4.629149094331574,42.758456625842875,11.848
WARD_A,2025-06-20 18:00:00+00:00,2025-06-20 19:00:00+00:00,150.464,146.28685930079249,127.22220553503684,165.35151306654814,117.959
WARD_B,2025-06-20 18:00:00+00:00,2025-06-20 19:00:00+00:00,129.575,131.98226776763312,112.91761400187747,151.04692153338877,135.237
ICU,2025-06-20 19:00:00+00:00,2025-06-20 20:00:00+00:00,137.75,142.83676996212245,123.7721161963668,161.9014237278781,139.655
OPD,2025-06-20 19:00:00+00:00,2025-06-20 20:00:00+00:00,109.537,102.08150012032554,83.01684635456989,121.1461538860812,100.244
WARD_A,2025-06-20 19:00:00+00:00,2025-06-20 20:00:00+00:00,224.519,220.34622792895598,201.28157416320033,239.41088169471163,225.293
WARD_B,2025-06-20 19:00:00+00:00,2025-06-20 20:00:00+00:00,207.03,212.43768093029354,193.3730271645379,231.5023346960492,214.813
ICU,2025-06-20 20:00:00+00:00,2025-06-20 21:00:00+00:00,66.189,63.4254233834494,44.36076961769375,82.49007714920505,52.48
OPD,2025-06-20 20:00:00+00:00,2025-06-20 21:00:00+00:00,12.577,23.25045268599042,4.18579892023477,42.315106451746075,28.277
WARD_A,2025-06-20 20:00:00+00:00,2025-06-20 21:00:00+00:00,128.097,141.82617938895783,122.76152562320217,160.89083315471348,113.252
WARD_B,2025-06-20 20:00:00+00:00,2025-06-20 21:00:00+00:00,140.272,132.55584829976482,113.49119453400917,151.62050206552047,152.479
ICU,2025-06-20 21:00:00+00:00,2025-06-20 22:00:00+00:00,62.24,63.27475374340073,44.21009997764508,82.33940750915639,56.312
OPD,2025-06-20 21:00:00+00:00,2025-06-20 22:00:00+00:00,25.543,22.469094429458853,3.404440663703202,41.5337481952145,17.877
WARD_A,2025-06-20 21:00:00+00:00,2025-06-20 22:00:00+00:00,150.235,143.36592406173844,124.30127029598279,162.4305778274941,128.456
WARD_B,2025-06-20 21:00:00+00:00,2025-06-20 22:00:00+00:00,138.304,136.67803543295665,117.613381667201,155.7426891987123,154.333
ICU,2025-06-20 22:00:00+00:00,2025-06-20 23:00:00+00:00,65.839,60.13822619113936,41.07357242538371,79.202879956895,52.042
OPD,2025-06-20 22:00:00+00:00,2025-06-20 23:00:00+00:00,19.327,22.940111534377415,3.8754577686217644,42.004765300133066,11.15
WARD_A,2025-06-20 22:00:00+00:00,2025-06-20 23:00:00+00:00,146.976,149.23219533844954,130.1675415726939,168.2968491042052,135.444
WARD_B,2025-06-20 22:00:00+00:00,2025-06-20 23:00:00+00:00,115.915,132.03963208044686,112.97497831469121,151.10428584620252,135.508
ICU,2025-06-20 23:00:00+00:00,2025-06-21 00:00:00+00:00,55.809,61.556815868629954,42.4921621028743,80.6214696343856,35.762
OPD,2025-06-20 23:00:00+00:00,2025-06-21 00:00:00+00:00,22.691,22.139355290651718,3.074701524896067,41.20400905640737,19.159
WARD_A,2025-06-20 23:00:00+00:00,2025-06-21 00:00:00+00:00,136.417,146.38340037557577,127.31874660982012,165.44805414133143,112.058
WARD_B,2025-06-20 23:00:00+00:00,2025-06-21 00:00:00+00:00,133.942,131.7261014192836,112.66144765352794,150.79075518503925,134.204
ICU,2025-06-21 00:00:00+00:00,2025-06-21 01:00:00+00:00,66.916,60.251387578553626,41.186733812797975,79.31604134430927,59.544
OPD,2025-06-21 00:00:00+00:00,2025-06-21 01:00:00+00:00,18.637,23.05327292179168,3.9886191560360302,42.11792668754733,26.559
WARD_A,2025-06-21 00:00:00+00:00,2025-06-21 01:00:00+00:00,137.439,146.94742128714918,127.88276752139353,166.01207505290483,118.466
WARD_B,2025-06-21 00:00:00+00:00,2025-06-21 01:00:00+00:00,123.37,132.15279346786113,113.08813970210548,151.21744723361678,130.702
ICU,2025-06-21 01:00:00+00:00,2025-06-21 02:00:00+00:00,52.037,59.72474931103775,40.6600955452821,78.7894030767934,61.085
WARD_A,2025-06-21 01:00:00+00:00,2025-06-21 02:00:00+00:00,165.14,146.7403752933573,127.67572152760164,165.80502905911294,122.437
WARD_B,2025-06-21 01:00:00+00:00,2025-06-21 02:00:00+00:00,128.027,130.37128089180231,111.30662712604666,149.43593465755797,120.519
ICU,2025-06-21 02:00:00+00:00,2025-06-21 03:00:00+00:00,62.694,60.251387578553626,41.186733812797975,79.31604134430927,58.098
OPD,2025-06-21 02:00:00+00:00,2025-06-21 03:00:00+00:00,24.81,25.185614464949047,6.120960699193397,44.2502682307047,25.887
WARD_A,2025-06-21 02:00:00+00:00,2025-06-21 03:00:00+00:00,116.357,143.5367175402023,124.47206377444664,162.60137130595794,133.953
WARD_B,2025-06-21 02:00:00+00:00,2025-06-21 03:00:00+00:00,135.864,132.5189651804116,113.45431141465596,151.58361894616726,131.829
ICU,2025-06-21 03:00:00+00:00,2025-06-21 04:00:00+00:00,74.642,60.668888072858095,41.604234307102445,79.73354183861375,48.36
OPD,2025-06-21 03:00:00+00:00,2025-06-21 04:00:00+00:00,24.199,27.558088762543676,8.493434996788025,46.62274252829933,24.629
WARD_A,2025-06-21 03:00:00+00:00,2025-06-21 04:00:00+00:00,155.523,143.3350888692389,124.27043510348324,162.39974263499454,127.256
WARD_B,2025-06-21 03:00:00+00:00,2025-06-21 04:00:00+00:00,130.246,135.5714025007725,116.50674873501686,154.63605626652816,152.695
ICU,2025-06-21 04:00:00+00:00,2025-06-21 05:00:00+00:00,62.777,60.07146104730499,41.00680728154934,79.13611481306064,55.924
OPD,2025-06-21 04:00:00+00:00,2025-06-21 05:00:00+00:00,13.429,26.00894725909385,6.944293493338201,45.0736010248495,23.549
WARD_A,2025-06-21 04:00:00+00:00,2025-06-21 05:00:00+00:00,139.262,150.36651210412495,131.3018583383693,169.4311658698806,127.665
WARD_B,2025-06-21 04:00:00+00:00,2025-06-21 05:00:00+00:00,132.7,132.56571819886983,113.50106443311418,151.63037196462548,135.041
ICU,2025-06-21 05:00:00+00:00,2025-06-21 06:00:00+00:00,151.949,141.2122949880339,122.14764122227825,160.27694875378955,145.754
OPD,2025-06-21 05:00:00+00:00,2025-06-21 06:00:00+00:00,107.489,103.11482418879666,84.05017042304101,122.17947795455231,99.744
WARD_A,2025-06-21 05:00:00+00:00,2025-06-21 06:00:00+00:00,232.184,221.689787197462,202.62513343170636,240.75444096321766,202.173
WARD_B,2025-06-21 05:00:00+00:00,2025-06-21 06:00:00+00:00,198.985,216.54543979833412,197.48078603257846,235.61009356408977,242.424
ICU,2025-06-21 06:00:00+00:00,2025-06-21 07:00:00+00:00,47.585,61.475331001578645,42.410677235822995,80.53998476733429,51.446
OPD,2025-06-21 06:00:00+00:00,2025-06-21 07:00:00+00:00,24.283,24.632512169147063,5.567858403391412,43.69716593490271,12.728
WARD_A,2025-06-21 06:00:00+00:00,2025-06-21 07:00:00+00:00,160.859,151.37455575482315,132.3099019890675,170.4392095205788,119.396
WARD_B,2025-06-21 06:00:00+00:00,2025-06-21 07:00:00+00:00,131.152,127.77431056571707,108.70965679996142,146.8389643314727,136.145
ICU,2025-06-21 07:00:00+00:00,2025-06-21 08:00:00+00:00,51.943,65.6284431965976,46.56378943084195,84.69309696235325,63.577
OPD,2025-06-21 07:00:00+00:00,2025-06-21 08:00:00+00:00,80.095,72.42725743268973,53.36260366693408,91.49191119844538,93.576
WARD_A,2025-06-21 07:00:00+00:00,2025-06-21 08:00:00+00:00,141.198,147.61819802882744,128.55354426307179,166.6828517945831,135.932
WARD_B,2025-06-21 07:00:00+00:00,2025-06-21 08:00:00+00:00,128.867,131.61679577198402,112.55214200622837,150.68144953773967,142.695
ICU,2025-06-21 08:00:00+00:00,2025-06-21 09:00:00+00:00,71.018,68.39481952224953,49.330165756493884,87.45947328800519,47.201
OPD,2025-06-21 08:00:00+00:00,2025-06-21 09:00:00+00:00,52.514,72.05713830274911,52.99248453699346,91.12179206850476,107.375
WARD_A,2025-06-21 08:00:00+00:00,2025-06-21 09:00:00+00:00,118.273,147.86099030535078,128.79633653959513,166.92564407110643,132.069
WARD_B,2025-06-21 08:00:00+00:00,2025-06-21 09:00:00+00:00,128.66,131.08380630708098,112.01915254132533,150.14846007283663,151.375
ICU,2025-06-21 09:00:00+00:00,2025-06-21 10:00:00+00:00,76.576,69.01674839852676,49.95209463277111,88.08140216428241,67.645
OPD,2025-06-21 09:00:00+00:00,2025-06-21 10:00:00+00:00,63.823,70.95001138734797,51.88535762159232,90.01466515310362,82.178
WARD_A,2025-06-21 09:00:00+00:00,2025-06-21 10:00:00+00:00,156.553,142.89573151099356,123.8310777452379,161.9603852767492,135.023
WARD_B,2025-06-21 09:00:00+00:00,2025-06-21 10:00:00+00:00,128.483,130.2909234634017,111.22626969764605,149.35557722915735,143.04
ICU,2025-06-21 10:00:00+00:00,2025-06-21 11:00:00+00:00,66.294,68.86160939261282,49.79695562685717,87.92626315836847,59.606
OPD,2025-06-21 10:00:00+00:00,2025-06-21 11:00:00+00:00,95.845,83.21808353047899,64.15342976472334,102.28273729623464,64.889
WARD_A,2025-06-21 10:00:00+00:00,2025-06-21 11:00:00+00:00,146.379,148.142078917015,129.07742515125935,167.20673268277065,130.61
WARD_B,2025-06-21 10:00:00+00:00,2025-06-21 11:00:00+00:00,140.758,134.38045712417608,115.31580335842042,153.44511088993173,158.341
ICU,2025-06-21 11:00:00+00:00,2025-06-21 12:00:00+00:00,87.862,69.00516429922509,49.940510533469435,88.06981806498074,69.721
OPD,2025-06-21 11:00:00+00:00,2025-06-21 12:00:00+00:00,79.665,82.0339124355293,62.96925866977365,101.09856620128495,75.299
WARD_A,2025-06-21 11:00:00+00:00,2025-06-21 12:00:00+00:00,144.927,148.33207669946387,129.26742293370822,167.39673046521952,139.234
WARD_B,2025-06-21 11:00:00+00:00,2025-06-21 12:00:00+00:00,142.372,132.68060842596896,113.6159546602133,151.7452621917246,141.964
ICU,2025-06-21 12:00:00+00:00,2025-06-21 13:00:00+00:00,54.553,69.49027051735203,50.42561675159638,88.55492428310768,56.649
OPD,2025-06-21 12:00:00+00:00,2025-06-21 13:00:00+00:00,81.451,82.0339124355293,62.96925866977365,101.09856620128495,74.934
WARD_A,2025-06-21 12:00:00+00:00,2025-06-21 13:00:00+00:00,151.818,148.41042759216705,129.3457738264114,167.4750813579227,135.057
WARD_B,2025-06-21 12:00:00+00:00,2025-06-21 13:00:00+00:00,132.048,133.26684148397177,114.20218771821612,152.33149524972742,140.15
ICU,2025-06-21 13:00:00+00:00,2025-06-21 14:00:00+00:00,147.76,153.6460935986912,134.58143983293556,172.71074736444686,140.022
OPD,2025-06-21 13:00:00+00:00,2025-06-21 14:00:00+00:00,173.385,166.51007301138955,147.4454192456339,185.5747267771452,169.782
WARD_A,2025-06-21 13:00:00+00:00,2025-06-21 14:00:00+00:00,231.504,231.6432199868008,212.57856622104515,250.70787375255645,230.273
WARD_B,2025-06-21 13:00:00+00:00,2025-06-21 14:00:00+00:00,226.718,216.72593402585628,197.66128026010063,235.79058779161193,223.925
ICU,2025-06-21 14:00:00+00:00,2025-06-21 15:00:00+00:00,67.021,68.34105555725996,49.27640179150431,87.40570932301561,47.844
OPD,2025-06-21 14:00:00+00:00,2025-06-21 15:00:00+00:00,89.719,83.10286878762484,64.03821502186919,102.1675225533805,69.607
WARD_A,2025-06-21 14:00:00+00:00,2025-06-21 15:00:00+00:00,165.382,145.29450697557448,126.22985320981883,164.35916074133013,139.388
WARD_B,2025-06-21 14:00:00+00:00,2025-06-21 15:00:00+00:00,109.85,131.60335477656488,112.53870101080923,150.66800854232054,155.074
ICU,2025-06-21 15:00:00+00:00,2025-06-21 16:00:00+00:00,74.815,70.42543820971494,51.36078444395929,89.49009197547059,61.566
OPD,2025-06-21 15:00:00+00:00,2025-06-21 16:00:00+00:00,88.152,81.2352353135001,62.17058154774445,100.29988907925575,82.811
WARD_A,2025-06-21 15:00:00+00:00,2025-06-21 16:00:00+00:00,151.38,150.25600318899555,131.1913494232399,169.3206569547512,149.721
WARD_B,2025-06-21 15:00:00+00:00,2025-06-21 16:00:00+00:00,130.754,129.8230766927237,110.75842292696805,148.88773045847935,158.928
ICU,2025-06-21 16:00:00+00:00,2025-06-21 17:00:00+00:00,68.329,68.33073075545241,49.26607698969676,87.39538452120806,68.543
OPD,2025-06-21 16:00:00+00:00,2025-06-21 17:00:00+00:00,61.161,80.51065892414601,61.44600515839036,99.57531268990166,74.78
WARD_A,2025-06-21 16:00:00+00:00,2025-06-21 17:00:00+00:00,162.386,145.41988957784505,126.3552358120894,164.4845433436007,125.749
WARD_B,2025-06-21 16:00:00+00:00,2025-06-21 17:00:00+00:00,141.865,130.73186466891838,111.66721090316273,149.79651843467403,133.444
ICU,2025-06-21 17:00:00+00:00,2025-06-21 18:00:00+00:00,59.526,58.86724950675656,39.80259574100091,77.93190327251222,42.117
OPD,2025-06-21 17:00:00+00:00,2025-06-21 18:00:00+00:00,11.734,24.664789510298615,5.600135744542964,43.72944327605427,27.216
WARD_A,2025-06-21 17:00:00+00:00,2025-06-21 18:00:00+00:00,137.796,143.86109705817051,124.79644329241486,162.92575082392617,128.103
WARD_B,2025-06-21 17:00:00+00:00,2025-06-21 18:00:00+00:00,114.742,130.540727787389,111.47607402163334,149.60538155314464,143.715
ICU,2025-06-21 18:00:00+00:00,2025-06-21 19:00:00+00:00,68.362,59.84986287079736,40.78520910504171,78.914516636553,50.657
OPD,2025-06-21 18:00:00+00:00,2025-06-21 19:00:00+00:00,8.57,23.14587171944549,4.0812179536898405,42.210525485201146,16.602
WARD_A,2025-06-21 18:00:00+00:00,2025-06-21 19:00:00+00:00,143.568,142.935571420673,123.87091765491735,162.00022518642865,132.524
WARD_B,2025-06-21 18:00:00+00:00,2025-06-21 19:00:00+00:00,132.088,126.26407331260296,107.19941954684731,145.3287270783586,160.662
ICU,2025-06-21 19:00:00+00:00,2025-06-21 20:00:00+00:00,151.766,137.25185897963306,118.1872052138774,156.3165127453887,141.786
OPD,2025-06-21 19:00:00+00:00,2025-06-21 20:00:00+00:00,107.642,98.33491194852209,79.27025818276644,117.39956571427774,111.149
WARD_A,2025-06-21 19:00:00+00:00,2025-06-21 20:00:00+00:00,226.47,219.2699280587047,200.20527429294904,238.33458182446034,209.055
WARD_B,2025-06-21 19:00:00+00:00,2025-06-21 20:00:00+00:00,207.598,205.53292822196667,186.46827445621102,224.59758198772232,207.938
ICU,2025-06-21 20:00:00+00:00,2025-06-21 21:00:00+00:00,62.943,63.36604489682629,44.30139113107064,82.43069866258193,53.377
OPD,2025-06-21 20:00:00+00:00,2025-06-21 21:00:00+00:00,20.643,22.128157913133244,3.063504147377593,41.192811678888894,19.198
WARD_A,2025-06-21 20:00:00+00:00,2025-06-21 21:00:00+00:00,143.918,143.61763233609545,124.5529785703398,162.6822861018511,126.058
WARD_B,2025-06-21 20:00:00+00:00,2025-06-21 21:00:00+00:00,117.853,128.07427564688842,109.00962188113277,147.13892941264407,156.952
ICU,2025-06-21 21:00:00+00:00,2025-06-21 22:00:00+00:00,71.991,65.79957996573015,46.734926199974495,84.8642337314858,57.102
OPD,2025-06-21 21:00:00+00:00,2025-06-21 22:00:00+00:00,24.904,20.798399898654406,1.7337461328987551,39.86305366441006,22.041
WARD_A,2025-06-21 21:00:00+00:00,2025-06-21 22:00:00+00:00,143.324,143.94709096326386,124.88243719750821,163.0117447290195,121.179
WARD_B,2025-06-21 21:00:00+00:00,2025-06-21 22:00:00+00:00,117.882,128.2992025355182,109.23454876976254,147.36385630127384,126.013
ICU,2025-06-21 22:00:00+00:00,2025-06-21 23:00:00+00:00,64.609,63.14428511813673,44.07963135238108,82.20893888389239,44.451
OPD,2025-06-21 22:00:00+00:00,2025-06-21 23:00:00+00:00,13.094,21.155427026323412,2.0907732605677616,40.22008079207906,24.31
WARD_A,2025-06-21 22:00:00+00:00,2025-06-21 23:00:00+00:00,129.519,144.79379957431735,125.7291458085617,163.858453340073,137.305
WARD_B,2025-06-21 22:00:00+00:00,2025-06-21 23:00:00+00:00,127.866,127.1160340321529,108.05138026639725,146.18068779790855,143.024
ICU,2025-06-21 23:00:00+00:00,2025-06-22 00:00:00+00:00,59.982,60.63985743689334,41.575203671137686,79.70451120264899,55.7
OPD,2025-06-21 23:00:00+00:00,2025-06-22 00:00:00+00:00,23.821,20.818521585351633,1.7538678195959818,39.88317535110728,8.638
WARD_B,2025-06-21 23:00:00+00:00,2025-06-22 00:00:00+00:00,114.991,127.19283499082569,108.12818122507004,146.25748875658132,155.049
ICU,2025-06-22 00:00:00+00:00,2025-06-22 01:00:00+00:00,66.587,59.91351307341314,40.84885930765749,78.9781668391688,54.429
OPD,2025-06-22 00:00:00+00:00,2025-06-22 01:00:00+00:00,21.275,21.043414617075683,1.9787608513200325,40.108068382831334,18.411
WARD_B,2025-06-22 00:00:00+00:00,2025-06-22 01:00:00+00:00,129.798,124.72418372174752,105.65952995599187,143.78883748750317,156.336
ICU,2025-06-22 01:00:00+00:00,2025-06-22 02:00:00+00:00,59.132,60.003052098668185,40.938398332912534,79.06770586442383,52.89
OPD,2025-06-22 01:00:00+00:00,2025-06-22 02:00:00+00:00,14.478,21.898289038859037,2.8336352731033863,40.962942804614684,19.341
WARD_A,2025-06-22 01:00:00+00:00,2025-06-22 02:00:00+00:00,150.011,142.56904241681838,123.50438865106273,161.63369618257403,123.264
WARD_B,2025-06-22 01:00:00+00:00,2025-06-22 02:00:00+00:00,160.121,123.52547496047478,104.46082119471913,142.59012872623043,165.639
ICU,2025-06-22 02:00:00+00:00,2025-06-22 03:00:00+00:00,56.018,60.003052098668185,40.938398332912534,79.06770586442383,55.422
OPD,2025-06-22 02:00:00+00:00,2025-06-22 03:00:00+00:00,34.702,21.898289038859037,2.8336352731033863,40.962942804614684,23.244
WARD_A,2025-06-22 02:00:00+00:00,2025-06-22 03:00:00+00:00,144.569,145.63685470371416,126.57220093795851,164.70150846946981,124.117
WARD_B,2025-06-22 02:00:00+00:00,2025-06-22 03:00:00+00:00,101.505,130.10557048449218,111.04091671873653,149.17022425024783,157.165
ICU,2025-06-22 03:00:00+00:00,2025-06-22 04:00:00+00:00,56.894,58.07299265149842,39.008338885742766,77.13764641725408,54.027
OPD,2025-06-22 03:00:00+00:00,2025-06-22 04:00:00+00:00,28.884,25.564728631270565,6.5000748655149145,44.62938239702622,10.907
WARD_A,2025-06-22 03:00:00+00:00,2025-06-22 04:00:00+00:00,140.043,144.54411126639232,125.47945750063667,163.60876503214797,122.927
WARD_B,2025-06-22 03:00:00+00:00,2025-06-22 04:00:00+00:00,145.482,125.27942323688411,106.21476947112846,144.34407700263978,160.251
ICU,2025-06-22 04:00:00+00:00,2025-06-22 05:00:00+00:00,65.957,54.70108303249101,35.63642926673536,73.76573679824666,52.852
OPD,2025-06-22 04:00:00+00:00,2025-06-22 05:00:00+00:00,20.951,23.835949578644822,4.771295812889171,42.90060334440047,9.584
WARD_A,2025-06-22 04:00:00+00:00,2025-06-22 05:00:00+00:00,124.837,145.05420992447722,125.98955615872157,164.11886369023287,127.13
WARD_B,2025-06-22 04:00:00+00:00,2025-06-22 05:00:00+00:00,103.145,128.87196602190167,109.80731225614602,147.93661978765732,138.722
ICU,2025-06-22 05:00:00+00:00,2025-06-22 06:00:00+00:00,133.43,142.04675999571847,122.98210622996282,161.11141376147413,130.882
OPD,2025-06-22 05:00:00+00:00,2025-06-22 06:00:00+00:00,96.212,100.43569903822895,81.3710452724733,119.5003528039846,108.233
WARD_A,2025-06-22 05:00:00+00:00,2025-06-22 06:00:00+00:00,220.027,221.66659629409907,202.60194252834341,240.73125005985472,218.242
WARD_B,2025-06-22 05:00:00+00:00,2025-06-22 06:00:00+00:00,218.217,204.98470942397006,185.9200556582144,224.0493631897257,229.418
ICU,2025-06-22 06:00:00+00:00,2025-06-22 07:00:00+00:00,70.958,60.7497233939722,41.685069628216546,79.81437715972785,64.296
OPD,2025-06-22 06:00:00+00:00,2025-06-22 07:00:00+00:00,25.909,19.940657973916014,0.8760042081603636,39.00531173967167,31.393
WARD_A,2025-06-22 06:00:00+00:00,2025-06-22 07:00:00+00:00,144.106,144.21121835500878,125.14656458925313,163.27587212076443,123.89
WARD_B,2025-06-22 06:00:00+00:00,2025-06-22 07:00:00+00:00,131.675,126.23879813505458,107.17414436929893,145.30345190081022,146.589
ICU,2025-06-22 07:00:00+00:00,2025-06-22 08:00:00+00:00,65.848,60.69555360502633,41.63089983927068,79.76020737078198,44.387
OPD,2025-06-22 07:00:00+00:00,2025-06-22 08:00:00+00:00,16.531,43.01657762094965,23.951923855193996,62.0812313867053,24.275
WARD_A,2025-06-22 07:00:00+00:00,2025-06-22 08:00:00+00:00,139.978,143.53768565982548,124.47303189406983,162.60233942558114,132.9
WARD_B,2025-06-22 07:00:00+00:00,2025-06-22 08:00:00+00:00,131.63,126.6251366660046,107.56048290024894,145.68979043176023,125.711
ICU,2025-06-22 08:00:00+00:00,2025-06-22 09:00:00+00:00,54.879,66.91510631096968,47.850452545214026,85.97976007672533,57.764
OPD,2025-06-22 08:00:00+00:00,2025-06-22 09:00:00+00:00,27.312,33.216260400392585,14.151606634636934,52.280914166148236,42.486
WARD_A,2025-06-22 08:00:00+00:00,2025-06-22 09:00:00+00:00,164.417,143.32319957441948,124.25854580866383,162.38785334017513,111.329
WARD_B,2025-06-22 08:00:00+00:00,2025-06-22 09:00:00+00:00,144.494,125.80771127989497,106.74305751413932,144.8723650456506,150.875
ICU,2025-06-22 09:00:00+00:00,2025-06-22 10:00:00+00:00,74.033,66.74983372801755,47.6851799622619,85.8144874937732,68.706
OPD,2025-06-22 09:00:00+00:00,2025-06-22 10:00:00+00:00,25.258,32.49020005596405,13.425546290208402,51.5548538217197,20.694
WARD_A,2025-06-22 09:00:00+00:00,2025-06-22 10:00:00+00:00,143.359,144.76775968804904,125.70310592229339,163.8324134538047,124.202
WARD_B,2025-06-22 09:00:00+00:00,2025-06-22 10:00:00+00:00,113.938,128.36770086703717,109.30304710128152,147.43235463279282,151.255
ICU,2025-06-22 10:00:00+00:00,2025-06-22 11:00:00+00:00,63.734,65.30719788564089,46.24254411988524,84.37185165139654,67.611
OPD,2025-06-22 10:00:00+00:00,2025-06-22 11:00:00+00:00,13.774,28.83303975002208,9.76838598426643,47.89769351577773,21.247
WARD_A,2025-06-22 10:00:00+00:00,2025-06-22 11:00:00+00:00,131.68,146.21779488230362,127.15314111654797,165.28244864805927,126.734
WARD_B,2025-06-22 10:00:00+00:00,2025-06-22 11:00:00+00:00,112.532,127.91690463662641,108.85225087087076,146.98155840238206,151.825
ICU,2025-06-22 11:00:00+00:00,2025-06-22 12:00:00+00:00,52.719,67.0870029479801,48.022349182224445,86.15165671373575,58.275
OPD,2025-06-22 11:00:00+00:00,2025-06-22 12:00:00+00:00,21.754,22.85087248651691,3.7862187207612585,41.91552625227256,15.999
WARD_A,2025-06-22 11:00:00+00:00,2025-06-22 12:00:00+00:00,117.419,145.64228398150286,126.5776302157472,164.7069377472585,123.523
WARD_B,2025-06-22 11:00:00+00:00,2025-06-22 12:00:00+00:00,129.677,126.73262665838644,107.66797289263079,145.7972804241421,145.075
ICU,2025-06-22 12:00:00+00:00,2025-06-22 13:00:00+00:00,75.974,65.71993319453509,46.65527942877944,84.78458696029074,58.498
OPD,2025-06-22 12:00:00+00:00,2025-06-22 13:00:00+00:00,29.803,29.154252163979084,10.089598398223433,48.21890592973473,33.177
WARD_A,2025-06-22 12:00:00+00:00,2025-06-22 13:00:00+00:00,127.848,139.30227946120507,120.23762569544942,158.36693322696073,138.494
WARD_B,2025-06-22 12:00:00+00:00,2025-06-22 13:00:00+00:00,126.399,127.25319052526253,108.18853675950687,146.31784429101816,148.313
ICU,2025-06-22 13:00:00+00:00,2025-06-22 14:00:00+00:00,156.939,150.91132146120634,131.8466676954507,169.975975226962,140.478
OPD,2025-06-22 13:00:00+00:00,2025-06-22 14:00:00+00:00,94.4,86.29689080545393,67.23223703969828,105.36154457120958,101.236
WARD_A,2025-06-22 13:00:00+00:00,2025-06-22 14:00:00+00:00,219.129,226.5249060316771,207.46025226592144,245.58955979743274,218.891
WARD_B,2025-06-22 13:00:00+00:00,2025-06-22 14:00:00+00:00,206.708,210.30652143716188,191.24186767140623,229.37117520291753,241.894
ICU,2025-06-22 14:00:00+00:00,2025-06-22 15:00:00+00:00,56.13,64.30017750687821,45.23552374112256,83.36483127263386,46.989
OPD,2025-06-22 14:00:00+00:00,2025-06-22 15:00:00+00:00,24.708,32.08681289349249,13.022159127736842,51.15146665924814,22.797
WARD_A,2025-06-22 14:00:00+00:00,2025-06-22 15:00:00+00:00,135.498,142.6739887762186,123.60933501046296,161.73864254197426,135.267
WARD_B,2025-06-22 14:00:00+00:00,2025-06-22 15:00:00+00:00,127.301,124.78140721879932,105.71675345304367,143.84606098455498,128.56
ICU,2025-06-22 15:00:00+00:00,2025-06-22 16:00:00+00:00,63.116,68.83412296094967,49.76946919519402,87.89877672670532,54.469
OPD,2025-06-22 15:00:00+00:00,2025-06-22 16:00:00+00:00,35.361,23.747235460978086,4.682581695222435,42.81188922673374,3.42
WARD_A,2025-06-22 15:00:00+00:00,2025-06-22 16:00:00+00:00,133.29,140.9763491931251,121.91169542736944,160.04100295888074,145.66
WARD_B,2025-06-22 15:00:00+00:00,2025-06-22 16:00:00+00:00,127.981,126.87165919060412,107.80700542484847,145.93631295635976,165.174
ICU,2025-06-22 16:00:00+00:00,2025-06-22 17:00:00+00:00,62.039,69.70609421615488,50.64144045039923,88.77074798191053,58.799
OPD,2025-06-22 16:00:00+00:00,2025-06-22 17:00:00+00:00,13.289,26.51113661581999,7.4464828500643385,45.57579038157564,32.699
WARD_A,2025-06-22 16:00:00+00:00,2025-06-22 17:00:00+00:00,143.089,141.46603909426912,122.40138532851347,160.53069286002477,111.462
WARD_B,2025-06-22 16:00:00+00:00,2025-06-22 17:00:00+00:00,112.835,126.41292725277248,107.34827348701683,145.47758101852813,155.15
ICU,2025-06-22 17:00:00+00:00,2025-06-22 18:00:00+00:00,45.984,57.62416114360249,38.55950737784684,76.68881490935814,57.318
OPD,2025-06-22 17:00:00+00:00,2025-06-22 18:00:00+00:00,8.069,20.964803670792833,1.900149905037182,40.02945743654848,28.304
WARD_A,2025-06-22 17:00:00+00:00,2025-06-22 18:00:00+00:00,144.048,136.7175636583113,117.65290989255564,155.78221742406694,127.723
WARD_B,2025-06-22 17:00:00+00:00,2025-06-22 18:00:00+00:00,148.084,123.46736134963065,104.402707583875,142.5320151153863,135.963
ICU,2025-06-22 18:00:00+00:00,2025-06-22 19:00:00+00:00,63.698,56.85456898953885,37.7899152237832,75.9192227552945,60.51
OPD,2025-06-22 18:00:00+00:00,2025-06-22 19:00:00+00:00,43.601,22.431258908638775,3.366605142883124,41.495912674394425,20.344
WARD_A,2025-06-22 18:00:00+00:00,2025-06-22 19:00:00+00:00,150.813,139.00274227640227,119.93808851064662,158.06739604215792,128.107
WARD_B,2025-06-22 18:00:00+00:00,2025-06-22 19:00:00+00:00,161.352,126.51272434506097,107.44807057930532,145.57737811081662,147.601
ICU,2025-06-22 19:00:00+00:00,2025-06-22 20:00:00+00:00,155.161,139.4170079773339,120.35235421157824,158.48166174308955,153.557
OPD,2025-06-22 19:00:00+00:00,2025-06-22 20:00:00+00:00,88.404,108.87501700070302,89.81036323494737,127.93967076645868,105.641
WARD_A,2025-06-22 19:00:00+00:00,2025-06-22 20:00:00+00:00,222.285,215.9164334648472,196.85177969909154,234.98108723060284,214.575
WARD_B,2025-06-22 19:00:00+00:00,2025-06-22 20:00:00+00:00,196.066,211.21619179145569,192.15153802570003,230.28084555721134,253.054
ICU,2025-06-22 20:00:00+00:00,2025-06-22 21:00:00+00:00,68.655,62.12086334560757,43.05620957985192,81.18551711136323,52.932
OPD,2025-06-22 20:00:00+00:00,2025-06-22 21:00:00+00:00,21.375,21.51882921890463,2.454175453148981,40.58348298466028,24.503
WARD_A,2025-06-22 20:00:00+00:00,2025-06-22 21:00:00+00:00,132.811,138.70426744890773,119.63961368315208,157.76892121466338,117.955
WARD_B,2025-06-22 20:00:00+00:00,2025-06-22 21:00:00+00:00,124.209,126.03609541512742,106.97144164937177,145.10074918088307,150.113
ICU,2025-06-22 21:00:00+00:00,2025-06-22 22:00:00+00:00,63.662,60.60762487298759,41.54297110723194,79.67227863874325,58.035
OPD,2025-06-22 21:00:00+00:00,2025-06-22 22:00:00+00:00,31.521,20.596668550153808,1.5320147843981573,39.66132231590946,38.43
WARD_A,2025-06-22 21:00:00+00:00,2025-06-22 22:00:00+00:00,131.385,136.59994376918493,117.53529000342928,155.66459753494058,151.281
WARD_B,2025-06-22 21:00:00+00:00,2025-06-22 22:00:00+00:00,107.005,124.24344550865109,105.17879174289544,143.30809927440674,146.99
ICU,2025-06-22 22:00:00+00:00,2025-06-22 23:00:00+00:00,68.637,60.11613176999963,41.05147800424398,79.18078553575529,41.307
OPD,2025-06-22 22:00:00+00:00,2025-06-22 23:00:00+00:00,32.763,20.836000976948885,1.771347211193234,39.90065474270453,18.338
WARD_A,2025-06-22 22:00:00+00:00,2025-06-22 23:00:00+00:00,149.767,133.56090687874197,114.49625311298632,152.62556064449763,124.547
WARD_B,2025-06-22 22:00:00+00:00,2025-06-22 23:00:00+00:00,139.355,124.48506762259069,105.42041385683504,143.54972138834634,144.821
ICU,2025-06-22 23:00:00+00:00,2025-06-23 00:00:00+00:00,54.317,58.154941528162745,39.090287762407094,77.21959529391839,69.95
OPD,2025-06-22 23:00:00+00:00,2025-06-23 00:00:00+00:00,24.396,21.399229192749196,2.3345754269935455,40.46388295850485,24.823
WARD_A,2025-06-22 23:00:00+00:00,2025-06-23 00:00:00+00:00,137.271,138.1019516653599,119.03729789960425,157.16660543111556,130.167
WARD_B,2025-06-22 23:00:00+00:00,2025-06-23 00:00:00+00:00,113.265,127.47226807957917,108.40761431382352,146.5369218453348,147.114
ICU,2025-06-23 00:00:00+00:00,2025-06-23 01:00:00+00:00,80.246,60.42896091394649,41.36430714819084,79.49361467970215,53.189
OPD,2025-06-23 00:00:00+00:00,2025-06-23 01:00:00+00:00,34.004,20.97538423197938,1.910730466223729,40.04003799773503,11.841
WARD_B,2025-06-23 00:00:00+00:00,2025-06-23 01:00:00+00:00,131.477,124.02587460428916,104.9612208385335,143.0905283700448,163.122
ICU,2025-06-23 01:00:00+00:00,2025-06-23 02:00:00+00:00,57.223,60.03118947149346,40.96653570573781,79.09584323724911,59.414
OPD,2025-06-23 01:00:00+00:00,2025-06-23 02:00:00+00:00,20.144,21.33091804271495,2.2662642769592978,40.3955718084706,29.879
WARD_A,2025-06-23 01:00:00+00:00,2025-06-23 02:00:00+00:00,126.393,134.1059427808339,115.04128901507826,153.17059654658956,122.941
WARD_B,2025-06-23 01:00:00+00:00,2025-06-23 02:00:00+00:00,117.799,125.05236222862975,105.9877084628741,144.11701599438538,143.897
ICU,2025-06-23 02:00:00+00:00,2025-06-23 03:00:00+00:00,53.512,60.03118947149346,40.96653570573781,79.09584323724911,53.184
OPD,2025-06-23 02:00:00+00:00,2025-06-23 03:00:00+00:00,18.228,20.97538423197938,1.910730466223729,40.04003799773503,31.749
WARD_A,2025-06-23 02:00:00+00:00,2025-06-23 03:00:00+00:00,169.614,136.6366688119007,117.57201504614505,155.70132257765636,141.176
WARD_B,2025-06-23 02:00:00+00:00,2025-06-23 03:00:00+00:00,121.857,125.68469859671409,106.62004483095843,144.74935236246972,134.104
ICU,2025-06-23 03:00:00+00:00,2025-06-23 04:00:00+00:00,58.798,56.21754283301713,37.152889067261476,75.28219659877277,50.698
OPD,2025-06-23 03:00:00+00:00,2025-06-23 04:00:00+00:00,23.086,27.12998448263888,8.065330716883228,46.194638248394526,15.148
WARD_A,2025-06-23 03:00:00+00:00,2025-06-23 04:00:00+00:00,128.485,142.5642617116591,123.49960794590345,161.62891547741475,122.072
WARD_B,2025-06-23 03:00:00+00:00,2025-06-23 04:00:00+00:00,133.2,126.21449076303699,107.14983699728134,145.27914452879264,147.527
ICU,2025-06-23 04:00:00+00:00,2025-06-23 05:00:00+00:00,62.815,57.39525804253781,38.33060427678216,76.45991180829347,54.604
OPD,2025-06-23 04:00:00+00:00,2025-06-23 05:00:00+00:00,25.245,25.805736010913105,6.741082245157454,44.87038977666876,19.481
WARD_A,2025-06-23 04:00:00+00:00,2025-06-23 05:00:00+00:00,158.706,136.46022338906533,117.39556962330968,155.52487715482098,134.701
WARD_B,2025-06-23 04:00:00+00:00,2025-06-23 05:00:00+00:00,123.372,128.375949033896,109.31129526814036,147.44060279965166,154.0
ICU,2025-06-23 05:00:00+00:00,2025-06-23 06:00:00+00:00,142.258,143.30151870933008,124.23686494357443,162.36617247508573,129.239
OPD,2025-06-23 05:00:00+00:00,2025-06-23 06:00:00+00:00,110.632,103.15770602484208,84.09305225908643,122.22235979059774,117.421
WARD_A,2025-06-23 05:00:00+00:00,2025-06-23 06:00:00+00:00,211.753,234.04855725883945,214.9839034930838,253.1132110245951,230.495
WARD_B,2025-06-23 05:00:00+00:00,2025-06-23 06:00:00+00:00,208.767,206.628891254795,187.56423748903936,225.69354502055066,240.182
ICU,2025-06-23 06:00:00+00:00,2025-06-23 07:00:00+00:00,61.548,57.84318390310092,38.77853013734527,76.90783766885657,36.658
OPD,2025-06-23 06:00:00+00:00,2025-06-23 07:00:00+00:00,14.341,26.118421570049627,7.053767804293976,45.18307533580528,23.801
WARD_A,2025-06-23 06:00:00+00:00,2025-06-23 07:00:00+00:00,134.835,133.75646756098345,114.6918137952278,152.8211213267391,136.703
WARD_B,2025-06-23 06:00:00+00:00,2025-06-23 07:00:00+00:00,107.239,122.18648182731735,103.1218280615617,141.251135593073,148.556
ICU,2025-06-23 07:00:00+00:00,2025-06-23 08:00:00+00:00,69.637,66.38729519417481,47.32264142841916,85.45194895993046,68.078
OPD,2025-06-23 07:00:00+00:00,2025-06-23 08:00:00+00:00,112.709,73.78201992942773,54.71736616367208,92.84667369518338,77.761
WARD_A,2025-06-23 07:00:00+00:00,2025-06-23 08:00:00+00:00,135.384,138.82399705963653,119.75934329388087,157.88865082539218,147.489
WARD_B,2025-06-23 07:00:00+00:00,2025-06-23 08:00:00+00:00,118.955,127.81075233042334,108.74609856466769,146.875406096179,126.775
ICU,2025-06-23 08:00:00+00:00,2025-06-23 09:00:00+00:00,66.85,67.67744660203805,48.612792836282395,86.7421003677937,61.066
OPD,2025-06-23 08:00:00+00:00,2025-06-23 09:00:00+00:00,73.537,82.19491468730644,63.130260921550786,101.25956845306209,93.309
WARD_A,2025-06-23 08:00:00+00:00,2025-06-23 09:00:00+00:00,138.085,137.7977257250035,118.73307195924784,156.86237949075914,162.024
WARD_B,2025-06-23 08:00:00+00:00,2025-06-23 09:00:00+00:00,118.794,127.0156116208463,107.95095785509065,146.08026538660195,154.223
ICU,2025-06-23 09:00:00+00:00,2025-06-23 10:00:00+00:00,67.233,69.42547606861255,50.3608223028569,88.4901298343682,46.873
OPD,2025-06-23 09:00:00+00:00,2025-06-23 10:00:00+00:00,58.198,81.42042522128924,62.355771455533585,100.48507898704489,64.033
WARD_A,2025-06-23 09:00:00+00:00,2025-06-23 10:00:00+00:00,125.811,136.48748938653452,117.42283562077887,155.55214315229017,146.389
WARD_B,2025-06-23 09:00:00+00:00,2025-06-23 10:00:00+00:00,106.606,127.07209260022539,108.00743883446974,146.13674636598103,179.285
ICU,2025-06-23 10:00:00+00:00,2025-06-23 11:00:00+00:00,64.477,69.31386912033572,50.24921535458007,88.37852288609137,67.415
OPD,2025-06-23 10:00:00+00:00,2025-06-23 11:00:00+00:00,91.739,81.50645787724069,62.44180411148504,100.57111164299634,80.82
WARD_A,2025-06-23 10:00:00+00:00,2025-06-23 11:00:00+00:00,151.241,134.4092527535323,115.34459898777664,153.47390651928794,144.652
WARD_B,2025-06-23 10:00:00+00:00,2025-06-23 11:00:00+00:00,152.436,126.22079573053537,107.15614196477972,145.28544949629102,148.684
ICU,2025-06-23 11:00:00+00:00,2025-06-23 12:00:00+00:00,71.76,69.0031677723904,49.93851400663475,88.06782153814605,67.891
OPD,2025-06-23 11:00:00+00:00,2025-06-23 12:00:00+00:00,83.794,83.74619593619238,64.68154217043673,102.81084970194803,90.075
WARD_A,2025-06-23 11:00:00+00:00,2025-06-23 12:00:00+00:00,137.35,139.59162099764404,120.52696723188839,158.6562747633997,136.426
WARD_B,2025-06-23 11:00:00+00:00,2025-06-23 12:00:00+00:00,125.322,133.86542236731907,114.80076860156342,152.93007613307472,149.88
ICU,2025-06-23 12:00:00+00:00,2025-06-23 13:00:00+00:00,73.961,69.11324390425732,50.048590138501666,88.17789767001297,48.856
OPD,2025-06-23 12:00:00+00:00,2025-06-23 13:00:00+00:00,92.643,83.74619593619238,64.68154217043673,102.81084970194803,90.453
WARD_A,2025-06-23 12:00:00+00:00,2025-06-23 13:00:00+00:00,127.22,141.08366144486732,122.01900767911167,160.14831521062297,138.619
WARD_B,2025-06-23 12:00:00+00:00,2025-06-23 13:00:00+00:00,118.574,130.03428169216005,110.9696279264044,149.0989354579157,152.868
ICU,2025-06-23 13:00:00+00:00,2025-06-23 14:00:00+00:00,148.554,156.4862526446501,137.42159887889446,175.55090641040576,159.395
OPD,2025-06-23 13:00:00+00:00,2025-06-23 14:00:00+00:00,145.368,163.8393603517872,144.77470658603156,182.90401411754286,182.932
WARD_A,2025-06-23 13:00:00+00:00,2025-06-23 14:00:00+00:00,224.445,225.04657606375122,205.98192229799557,244.11122982950687,213.963
WARD_B,2025-06-23 13:00:00+00:00,2025-06-23 14:00:00+00:00,227.316,209.56354593276225,190.4988921670066,228.6281996985179,217.287
ICU,2025-06-23 14:00:00+00:00,2025-06-23 15:00:00+00:00,58.402,65.9969511432018,46.93229737744615,85.06160490895745,71.854
OPD,2025-06-23 14:00:00+00:00,2025-06-23 15:00:00+00:00,100.438,80.51230463715129,61.44765087139564,99.57695840290694,68.044
WARD_A,2025-06-23 14:00:00+00:00,2025-06-23 15:00:00+00:00,146.874,138.33806179960087,119.27340803384521,157.40271556535652,148.405
WARD_B,2025-06-23 14:00:00+00:00,2025-06-23 15:00:00+00:00,129.55,130.09140071304833,111.02674694729268,149.15605447880398,160.786
ICU,2025-06-23 15:00:00+00:00,2025-06-23 16:00:00+00:00,68.589,68.8047069835217,49.74005321776605,87.86936074927735,47.293
OPD,2025-06-23 15:00:00+00:00,2025-06-23 16:00:00+00:00,103.154,82.68520226549379,63.620548499738135,101.74985603124944,76.534
WARD_A,2025-06-23 15:00:00+00:00,2025-06-23 16:00:00+00:00,131.607,142.57548954066255,123.5108357749069,161.6401433064182,155.979
WARD_B,2025-06-23 15:00:00+00:00,2025-06-23 16:00:00+00:00,118.539,127.90160548976736,108.83695172401171,146.96625925552303,168.9
ICU,2025-06-23 16:00:00+00:00,2025-06-23 17:00:00+00:00,59.199,68.29917820598342,49.23452444022777,87.36383197173907,65.767
OPD,2025-06-23 16:00:00+00:00,2025-06-23 17:00:00+00:00,92.976,81.00095249449527,61.936298728739615,100.06560626025092,76.383
WARD_A,2025-06-23 16:00:00+00:00,2025-06-23 17:00:00+00:00,135.834,141.9100890450299,122.84543527927426,160.97474281078556,132.602
WARD_B,2025-06-23 16:00:00+00:00,2025-06-23 17:00:00+00:00,132.711,126.56666106863315,107.5020073028775,145.6313148343888,149.503
ICU,2025-06-23 17:00:00+00:00,2025-06-23 18:00:00+00:00,63.676,56.01194735125302,36.94729358549737,75.07660111700866,57.115
OPD,2025-06-23 17:00:00+00:00,2025-06-23 18:00:00+00:00,30.417,25.20667165218556,6.142017886429908,44.27132541794121,5.087
WARD_A,2025-06-23 17:00:00+00:00,2025-06-23 18:00:00+00:00,127.466,135.42459006466268,116.35993629890703,154.48924383041833,142.141
WARD_B,2025-06-23 17:00:00+00:00,2025-06-23 18:00:00+00:00,114.096,124.92943461651224,105.86478085075659,143.99408838226788,153.036
ICU,2025-06-23 18:00:00+00:00,2025-06-23 19:00:00+00:00,64.485,60.050799737198034,40.98614597144238,79.11545350295368,73.844
OPD,2025-06-23 18:00:00+00:00,2025-06-23 19:00:00+00:00,10.835,24.555032431508707,5.490378665753056,43.61968619726436,14.936
WARD_A,2025-06-23 18:00:00+00:00,2025-06-23 19:00:00+00:00,116.714,137.08436869837007,118.01971493261442,156.14902246412572,139.052
WARD_B,2025-06-23 18:00:00+00:00,2025-06-23 19:00:00+00:00,135.983,123.8604921003176,104.79583833456195,142.92514586607325,132.091
ICU,2025-06-23 19:00:00+00:00,2025-06-23 20:00:00+00:00,169.439,142.87085501093912,123.80620124518347,161.93550877669477,145.956
OPD,2025-06-23 19:00:00+00:00,2025-06-23 20:00:00+00:00,99.081,108.66188406609098,89.59723030033533,127.72653783184663,100.678
WARD_A,2025-06-23 19:00:00+00:00,2025-06-23 20:00:00+00:00,215.429,209.70588395160314,190.6412301858475,228.7705377173588,224.948
WARD_B,2025-06-23 19:00:00+00:00,2025-06-23 20:00:00+00:00,219.676,209.23067345780385,190.1660196920482,228.2953272235595,230.459
ICU,2025-06-23 20:00:00+00:00,2025-06-23 21:00:00+00:00,53.584,64.10658018061949,45.04192641486384,83.17123394637514,55.513
OPD,2025-06-23 20:00:00+00:00,2025-06-23 21:00:00+00:00,15.073,23.30812449464739,4.24347072889174,42.37277826040304,15.299
WARD_A,2025-06-23 20:00:00+00:00,2025-06-23 21:00:00+00:00,111.581,132.9948159497412,113.93016218398554,152.05946971549685,151.229
WARD_B,2025-06-23 20:00:00+00:00,2025-06-23 21:00:00+00:00,113.918,125.73934314466959,106.67468937891394,144.80399691042524,151.425
ICU,2025-06-23 21:00:00+00:00,2025-06-23 22:00:00+00:00,39.762,61.86001894427557,42.79536517851992,80.92467271003122,54.138
OPD,2025-06-23 21:00:00+00:00,2025-06-23 22:00:00+00:00,23.088,22.476846584815803,3.4121928190601523,41.541500350571454,19.871
WARD_A,2025-06-23 21:00:00+00:00,2025-06-23 22:00:00+00:00,122.049,133.30596262709412,114.24130886133847,152.37061639284977,131.841
WARD_B,2025-06-23 21:00:00+00:00,2025-06-23 22:00:00+00:00,109.519,123.77203112565988,104.70737735990423,142.83668489141553,155.674
ICU,2025-06-23 22:00:00+00:00,2025-06-23 23:00:00+00:00,55.999,52.727773645877456,33.663119880121805,71.7924274116331,74.987
OPD,2025-06-23 22:00:00+00:00,2025-06-23 23:00:00+00:00,37.34,22.777810613741305,3.7131568479856547,41.84246437949696,21.489
WARD_A,2025-06-23 22:00:00+00:00,2025-06-23 23:00:00+00:00,135.19,132.26200646663705,113.1973527008814,151.3266602323927,162.536
WARD_B,2025-06-23 22:00:00+00:00,2025-06-23 23:00:00+00:00,125.905,122.38446265095746,103.31980888520181,141.4491164167131,148.431
ICU,2025-06-23 23:00:00+00:00,2025-06-24 00:00:00+00:00,49.676,58.523717643428455,39.459063877672804,77.5883714091841,53.661
OPD,2025-06-23 23:00:00+00:00,2025-06-24 00:00:00+00:00,20.876,26.224365686284365,7.159711920528714,45.289019452040016,13.204
WARD_A,2025-06-23 23:00:00+00:00,2025-06-24 00:00:00+00:00,126.262,131.08095708042535,112.0163033146697,150.145610846181,149.818
WARD_B,2025-06-23 23:00:00+00:00,2025-06-24 00:00:00+00:00,138.896,124.27424786124077,105.20959409548512,143.3389016269964,139.23
ICU,2025-06-24 00:00:00+00:00,2025-06-24 01:00:00+00:00,59.886,60.251387578553626,41.186733812797975,79.31604134430927,63.489
OPD,2025-06-24 00:00:00+00:00,2025-06-24 01:00:00+00:00,15.935,23.339051663558735,4.274397897803084,42.403705429314385,21.007
WARD_A,2025-06-24 00:00:00+00:00,2025-06-24 01:00:00+00:00,103.386,131.08095708042535,112.0163033146697,150.145610846181,152.142
WARD_B,2025-06-24 00:00:00+00:00,2025-06-24 01:00:00+00:00,138.878,124.21253250845997,105.14787874270432,143.27718627421564,141.142
ICU,2025-06-24 01:00:00+00:00,2025-06-24 02:00:00+00:00,55.319,60.59327607137983,41.52862230562418,79.65792983713548,52.293
OPD,2025-06-24 01:00:00+00:00,2025-06-24 02:00:00+00:00,31.842,21.403488511884177,2.3388347461285264,40.46814227763983,26.956
WARD_A,2025-06-24 01:00:00+00:00,2025-06-24 02:00:00+00:00,138.647,126.89209312992129,107.82743936416564,145.95674689567693,122.86
WARD_B,2025-06-24 01:00:00+00:00,2025-06-24 02:00:00+00:00,118.314,125.35059920263566,106.28594543688001,144.41525296839131,143.6
ICU,2025-06-24 02:00:00+00:00,2025-06-24 03:00:00+00:00,56.164,59.19478434306901,40.13013057731336,78.25943810882467,72.05
OPD,2025-06-24 02:00:00+00:00,2025-06-24 03:00:00+00:00,18.161,21.534129290895695,2.4694755251400444,40.59878305665134,30.059
WARD_A,2025-06-24 02:00:00+00:00,2025-06-24 03:00:00+00:00,136.264,132.41100021105245,113.3463464452968,151.4756539768081,145.455
WARD_B,2025-06-24 02:00:00+00:00,2025-06-24 03:00:00+00:00,125.468,124.75805733169068,105.69340356593503,143.82271109744633,138.329
ICU,2025-06-24 03:00:00+00:00,2025-06-24 04:00:00+00:00,52.581,58.69993335464454,39.63527958888889,77.7645871204002,72.445
OPD,2025-06-24 03:00:00+00:00,2025-06-24 04:00:00+00:00,30.16,27.558088762543676,8.493434996788025,46.62274252829933,25.642
WARD_A,2025-06-24 03:00:00+00:00,2025-06-24 04:00:00+00:00,120.817,131.29430867239532,112.22965490663967,150.35896243815097,136.937
WARD_B,2025-06-24 03:00:00+00:00,2025-06-24 04:00:00+00:00,109.762,125.50964004312371,106.44498627736806,144.57429380887936,149.213
ICU,2025-06-24 04:00:00+00:00,2025-06-24 05:00:00+00:00,68.804,55.24123673041748,36.176582964661826,74.30589049617313,60.919
OPD,2025-06-24 04:00:00+00:00,2025-06-24 05:00:00+00:00,19.11,26.405745694091788,7.341091928336137,45.47039945984744,32.842
WARD_A,2025-06-24 04:00:00+00:00,2025-06-24 05:00:00+00:00,111.876,128.01680533480652,108.95215156905087,147.08145910056217,151.627
WARD_B,2025-06-24 04:00:00+00:00,2025-06-24 05:00:00+00:00,121.153,124.30461815180036,105.2399643860447,143.369271917556,145.645
ICU,2025-06-24 05:00:00+00:00,2025-06-24 06:00:00+00:00,143.412,137.78027972562458,118.71562595986893,156.84493349138023,142.846
OPD,2025-06-24 05:00:00+00:00,2025-06-24 06:00:00+00:00,114.303,103.54292846870145,84.4782747029458,122.6075822344571,95.049
WARD_A,2025-06-24 05:00:00+00:00,2025-06-24 06:00:00+00:00,190.83,208.40335279054094,189.33869902478529,227.4680065562966,241.377
WARD_B,2025-06-24 05:00:00+00:00,2025-06-24 06:00:00+00:00,197.791,207.06557772526583,188.00092395951017,226.13023149102148,224.907
ICU,2025-06-24 06:00:00+00:00,2025-06-24 07:00:00+00:00,67.404,56.850953739823886,37.786299974068235,75.91560750557954,55.355
OPD,2025-06-24 06:00:00+00:00,2025-06-24 07:00:00+00:00,24.165,26.341470240713324,7.276816474957673,45.40612400646897,0.0
WARD_A,2025-06-24 06:00:00+00:00,2025-06-24 07:00:00+00:00,144.265,124.16680716255851,105.10215339680286,143.23146092831416,137.448
WARD_B,2025-06-24 06:00:00+00:00,2025-06-24 07:00:00+00:00,110.586,121.73414638009604,102.66949261434038,140.7988001458517,156.888
ICU,2025-06-24 07:00:00+00:00,2025-06-24 08:00:00+00:00,66.624,64.41343302821357,45.348779262457924,83.47808679396923,52.282
OPD,2025-06-24 07:00:00+00:00,2025-06-24 08:00:00+00:00,57.158,71.25102055134217,52.186366785586515,90.31567431709782,91.28
WARD_A,2025-06-24 07:00:00+00:00,2025-06-24 08:00:00+00:00,118.923,133.52701286507818,114.46235909932253,152.59166663083383,133.125
WARD_B,2025-06-24 07:00:00+00:00,2025-06-24 08:00:00+00:00,115.3,127.88430970069172,108.81965593493607,146.94896346644737,155.697
ICU,2025-06-24 08:00:00+00:00,2025-06-24 09:00:00+00:00,68.529,67.78675279178553,48.72209902602988,86.85140655754118,59.604
OPD,2025-06-24 08:00:00+00:00,2025-06-24 09:00:00+00:00,73.091,72.05713830274911,52.99248453699346,91.12179206850476,99.44
WARD_A,2025-06-24 08:00:00+00:00,2025-06-24 09:00:00+00:00,146.97,128.7711254091026,109.70647164334696,147.83577917485826,130.75
WARD_B,2025-06-24 08:00:00+00:00,2025-06-24 09:00:00+00:00,115.847,126.73411022294644,107.66945645719079,145.7987639887021,163.719
ICU,2025-06-24 09:00:00+00:00,2025-06-24 10:00:00+00:00,73.683,67.48214199941606,48.41748823366041,86.54679576517171,69.843
OPD,2025-06-24 09:00:00+00:00,2025-06-24 10:00:00+00:00,99.901,80.55815078018205,61.493497014426396,99.6228045459377,47.407
WARD_A,2025-06-24 09:00:00+00:00,2025-06-24 10:00:00+00:00,116.457,130.74759751423764,111.68294374848199,149.8122512799933,142.731
WARD_B,2025-06-24 09:00:00+00:00,2025-06-24 10:00:00+00:00,124.802,126.93053422044781,107.86588045469216,145.99518798620346,144.635
ICU,2025-06-24 10:00:00+00:00,2025-06-24 11:00:00+00:00,69.256,67.70656831442211,48.64191454866646,86.77122208017776,62.071
OPD,2025-06-24 10:00:00+00:00,2025-06-24 11:00:00+00:00,64.291,82.09661178146084,63.031958015705186,101.16126554721649,74.979
WARD_A,2025-06-24 10:00:00+00:00,2025-06-24 11:00:00+00:00,133.225,129.73577140146367,110.67111763570801,148.80042516721932,159.552
WARD_B,2025-06-24 10:00:00+00:00,2025-06-24 11:00:00+00:00,132.532,129.8927233123825,110.82806954662684,148.95737707813814,138.923
ICU,2025-06-24 11:00:00+00:00,2025-06-24 12:00:00+00:00,64.868,66.9478827600031,47.883228994247446,86.01253652575875,58.922
OPD,2025-06-24 11:00:00+00:00,2025-06-24 12:00:00+00:00,77.475,82.51016610892533,63.44551234316968,101.57481987468098,68.312
WARD_A,2025-06-24 11:00:00+00:00,2025-06-24 12:00:00+00:00,119.317,129.15126453566498,110.08661076990933,148.21591830142063,139.313
WARD_B,2025-06-24 11:00:00+00:00,2025-06-24 12:00:00+00:00,109.642,129.8927233123825,110.82806954662684,148.95737707813814,162.868
ICU,2025-06-24 12:00:00+00:00,2025-06-24 13:00:00+00:00,60.061,67.92678455033949,48.86213078458384,86.99143831609514,62.95
OPD,2025-06-24 12:00:00+00:00,2025-06-24 13:00:00+00:00,104.532,82.09973378917182,63.03508002341617,101.16438755492747,90.548
WARD_A,2025-06-24 12:00:00+00:00,2025-06-24 13:00:00+00:00,121.414,129.15126453566498,110.08661076990933,148.21591830142063,148.0
WARD_B,2025-06-24 12:00:00+00:00,2025-06-24 13:00:00+00:00,145.044,126.63725222831353,107.57259846255788,145.7019059940692,165.571
ICU,2025-06-24 13:00:00+00:00,2025-06-24 14:00:00+00:00,153.753,149.19440385434186,130.1297500885862,168.2590576200975,144.161
OPD,2025-06-24 13:00:00+00:00,2025-06-24 14:00:00+00:00,156.563,165.69661338656002,146.63195962080437,184.76126715231567,160.997
WARD_A,2025-06-24 13:00:00+00:00,2025-06-24 14:00:00+00:00,222.951,212.2055251372724,193.14087137151674,231.27017890302804,265.508
WARD_B,2025-06-24 13:00:00+00:00,2025-06-24 14:00:00+00:00,213.179,214.71780321021993,195.65314944446428,233.78245697597558,231.129
ICU,2025-06-24 14:00:00+00:00,2025-06-24 15:00:00+00:00,61.517,64.97252495306681,45.90787118731116,84.03717871882246,67.157
OPD,2025-06-24 14:00:00+00:00,2025-06-24 15:00:00+00:00,79.146,81.3999185445367,62.33526477878105,100.46457231029235,105.588
WARD_A,2025-06-24 14:00:00+00:00,2025-06-24 15:00:00+00:00,125.042,128.2223977813757,109.15774401562004,147.28705154713134,149.519
WARD_B,2025-06-24 14:00:00+00:00,2025-06-24 15:00:00+00:00,107.92,126.71551026345132,107.65085649769567,145.78016402920696,138.097
ICU,2025-06-24 15:00:00+00:00,2025-06-24 16:00:00+00:00,64.68,68.2921090998653,49.22745533410965,87.35676286562095,51.28
OPD,2025-06-24 15:00:00+00:00,2025-06-24 16:00:00+00:00,99.055,79.43915228790293,60.37449852214728,98.50380605365858,83.435
WARD_A,2025-06-24 15:00:00+00:00,2025-06-24 16:00:00+00:00,131.895,127.78893022908001,108.72427646332436,146.85358399483567,166.67
WARD_B,2025-06-24 15:00:00+00:00,2025-06-24 16:00:00+00:00,114.769,126.09695978618048,107.03230602042483,145.1616135519361,135.325
ICU,2025-06-24 16:00:00+00:00,2025-06-24 17:00:00+00:00,62.068,67.47348735219155,48.408833586435904,86.5381411179472,71.774
OPD,2025-06-24 16:00:00+00:00,2025-06-24 17:00:00+00:00,95.299,81.65706247495628,62.592408709200626,100.72171624071193,70.906
WARD_A,2025-06-24 16:00:00+00:00,2025-06-24 17:00:00+00:00,139.972,127.30815251687534,108.24349875111969,146.372806282631,151.294
WARD_B,2025-06-24 16:00:00+00:00,2025-06-24 17:00:00+00:00,124.566,126.53517882072249,107.47052505496684,145.59983258647816,145.213
ICU,2025-06-24 17:00:00+00:00,2025-06-24 18:00:00+00:00,67.11,55.74089786543277,36.67624409967712,74.80555163118842,55.071
OPD,2025-06-24 17:00:00+00:00,2025-06-24 18:00:00+00:00,17.139,22.70698836448848,3.6423345987328304,41.77164213024413,15.696
WARD_A,2025-06-24 17:00:00+00:00,2025-06-24 18:00:00+00:00,103.685,123.42532300684212,104.36066924108647,142.48997677259777,149.543
WARD_B,2025-06-24 17:00:00+00:00,2025-06-24 18:00:00+00:00,122.971,123.52766361691566,104.46300985116001,142.5923173826713,147.27
ICU,2025-06-24 18:00:00+00:00,2025-06-24 19:00:00+00:00,39.56,58.23955584873083,39.17490208297518,77.30420961448648,65.716
OPD,2025-06-24 18:00:00+00:00,2025-06-24 19:00:00+00:00,23.514,21.747828662490544,2.6831748967348936,40.8124824282462,31.11
WARD_A,2025-06-24 18:00:00+00:00,2025-06-24 19:00:00+00:00,112.293,122.96466860945182,103.90001484369617,142.02932237520747,148.504
WARD_B,2025-06-24 18:00:00+00:00,2025-06-24 19:00:00+00:00,119.594,125.2400591299006,106.17540536414495,144.30471289565625,152.885
ICU,2025-06-24 19:00:00+00:00,2025-06-24 20:00:00+00:00,138.692,115.76642706420765,96.701773298452,134.8310808299633,133.701
OPD,2025-06-24 19:00:00+00:00,2025-06-24 20:00:00+00:00,95.93,99.79877635911957,80.73412259336392,118.86343012487522,94.652
WARD_A,2025-06-24 19:00:00+00:00,2025-06-24 20:00:00+00:00,218.757,207.15005682881082,188.08540306305517,226.21471059456647,222.11
WARD_B,2025-06-24 19:00:00+00:00,2025-06-24 20:00:00+00:00,205.424,207.27601154055338,188.21135777479773,226.34066530630903,223.725
ICU,2025-06-24 20:00:00+00:00,2025-06-24 21:00:00+00:00,64.261,55.85737440530423,36.79272063954858,74.92202817105988,65.702
OPD,2025-06-24 20:00:00+00:00,2025-06-24 21:00:00+00:00,16.149,22.828984428789973,3.764330663034322,41.89363819454562,19.862
WARD_A,2025-06-24 20:00:00+00:00,2025-06-24 21:00:00+00:00,128.984,124.44612583594048,105.38147207018483,143.51077960169613,130.615
WARD_B,2025-06-24 20:00:00+00:00,2025-06-24 21:00:00+00:00,138.136,124.44612583594048,105.38147207018483,143.51077960169613,135.336
ICU,2025-06-24 21:00:00+00:00,2025-06-24 22:00:00+00:00,60.786,55.86440930118749,36.79975553543184,74.92906306694314,70.88
OPD,2025-06-24 21:00:00+00:00,2025-06-24 22:00:00+00:00,24.015,21.584963170403512,2.520309404647861,40.64961693615916,19.308
WARD_A,2025-06-24 21:00:00+00:00,2025-06-24 22:00:00+00:00,131.055,126.04430688469749,106.97965311894184,145.10896065045313,143.925
WARD_B,2025-06-24 21:00:00+00:00,2025-06-24 22:00:00+00:00,127.203,126.84317716702901,107.77852340127336,145.90783093278466,148.768
ICU,2025-06-24 22:00:00+00:00,2025-06-24 23:00:00+00:00,52.089,56.48174153054982,37.41708776479417,75.54639529630546,59.729
OPD,2025-06-24 22:00:00+00:00,2025-06-24 23:00:00+00:00,11.283,21.94199029807252,2.8773365323168676,41.00664406382817,41.376
WARD_A,2025-06-24 22:00:00+00:00,2025-06-24 23:00:00+00:00,106.791,126.65654724150323,107.59189347574758,145.72120100725888,151.3
WARD_B,2025-06-24 22:00:00+00:00,2025-06-24 23:00:00+00:00,132.389,123.37600358858067,104.31134982282502,142.44065735433634,133.439
ICU,2025-06-24 23:00:00+00:00,2025-06-25 00:00:00+00:00,39.858,58.10122600642059,39.03657224066494,77.16587977217624,64.329
OPD,2025-06-24 23:00:00+00:00,2025-06-25 00:00:00+00:00,23.595,23.366166567857764,4.301512802102113,42.43082033361341,9.181
WARD_A,2025-06-24 23:00:00+00:00,2025-06-25 00:00:00+00:00,113.246,124.1482931494982,105.08363938374255,143.21294691525384,140.26
WARD_B,2025-06-24 23:00:00+00:00,2025-06-25 00:00:00+00:00,109.776,125.84626030881206,106.78160654305641,144.9109140745677,154.528
ICU,2025-06-25 00:00:00+00:00,2025-06-25 01:00:00+00:00,70.107,49.88754077212218,30.82288700636653,68.95219453787783,62.771
OPD,2025-06-25 00:00:00+00:00,2025-06-25 01:00:00+00:00,27.191,21.20027726370343,2.1356234979477797,40.26493102945908,13.501
WARD_A,2025-06-25 00:00:00+00:00,2025-06-25 01:00:00+00:00,104.04,124.27424786124077,105.20959409548512,143.3389016269964,151.072
WARD_B,2025-06-25 00:00:00+00:00,2025-06-25 01:00:00+00:00,126.037,122.35606565859415,103.2914118928385,141.42071942434978,164.711
ICU,2025-06-25 01:00:00+00:00,2025-06-25 02:00:00+00:00,57.303,56.18768029861128,37.12302653285563,75.25233406436693,50.594
OPD,2025-06-25 01:00:00+00:00,2025-06-25 02:00:00+00:00,16.385,21.20027726370343,2.1356234979477797,40.26493102945908,28.766
WARD_A,2025-06-25 01:00:00+00:00,2025-06-25 02:00:00+00:00,121.01,122.35606565859415,103.2914118928385,141.42071942434978,136.282
WARD_B,2025-06-25 01:00:00+00:00,2025-06-25 02:00:00+00:00,141.562,124.75805733169068,105.69340356593503,143.82271109744633,142.237
ICU,2025-06-25 02:00:00+00:00,2025-06-25 03:00:00+00:00,70.912,57.45859723531318,38.39394346955753,76.52325100106883,50.31
OPD,2025-06-25 02:00:00+00:00,2025-06-25 03:00:00+00:00,24.717,20.97538423197938,1.910730466223729,40.04003799773503,15.521
WARD_A,2025-06-25 02:00:00+00:00,2025-06-25 03:00:00+00:00,118.744,125.06117742356624,105.99652365781058,144.1258311893219,150.935
WARD_B,2025-06-25 02:00:00+00:00,2025-06-25 03:00:00+00:00,114.817,124.21253250845997,105.14787874270432,143.27718627421564,124.817
ICU,2025-06-25 03:00:00+00:00,2025-06-25 04:00:00+00:00,69.76,56.54458131033371,37.47992754457806,75.60923507608936,55.674
OPD,2025-06-25 03:00:00+00:00,2025-06-25 04:00:00+00:00,11.168,27.35487751436293,8.290223748607279,46.419531280118576,24.571
WARD_A,2025-06-25 03:00:00+00:00,2025-06-25 04:00:00+00:00,109.973,125.37466104286722,106.31000727711157,144.43931480862287,161.567
WARD_B,2025-06-25 03:00:00+00:00,2025-06-25 04:00:00+00:00,133.146,125.45458269344918,106.38992892769353,144.51923645920482,163.726
ICU,2025-06-25 04:00:00+00:00,2025-06-25 05:00:00+00:00,52.451,57.12213909794899,38.05748533219334,76.18679286370464,79.615
OPD,2025-06-25 04:00:00+00:00,2025-06-25 05:00:00+00:00,25.613,27.97162531506744,8.906971549311788,47.03627908082309,19.628
WARD_A,2025-06-25 04:00:00+00:00,2025-06-25 05:00:00+00:00,121.277,123.51953526655453,104.45488150079888,142.58418903231018,156.847
WARD_B,2025-06-25 04:00:00+00:00,2025-06-25 05:00:00+00:00,124.389,125.29079783723769,106.22614407148204,144.35545160299336,145.74
ICU,2025-06-25 05:00:00+00:00,2025-06-25 06:00:00+00:00,123.789,139.77901611217086,120.71436234641521,158.84366987792652,141.131
OPD,2025-06-25 05:00:00+00:00,2025-06-25 06:00:00+00:00,103.319,104.19459164230408,85.12993787654842,123.25924540805973,101.11
WARD_A,2025-06-25 05:00:00+00:00,2025-06-25 06:00:00+00:00,200.392,206.4211109065949,187.35645714083924,225.48576467235054,240.383
WARD_B,2025-06-25 05:00:00+00:00,2025-06-25 06:00:00+00:00,223.494,204.5132120697714,185.44855830401576,223.57786583552706,246.858
ICU,2025-06-25 06:00:00+00:00,2025-06-25 07:00:00+00:00,59.703,56.850953739823886,37.786299974068235,75.91560750557954,74.202
OPD,2025-06-25 06:00:00+00:00,2025-06-25 07:00:00+00:00,14.261,24.567887599511305,5.503233833755655,43.63254136526696,22.929
WARD_A,2025-06-25 06:00:00+00:00,2025-06-25 07:00:00+00:00,110.629,125.89584521671604,106.83119145096039,144.96049898247168,164.015
WARD_B,2025-06-25 06:00:00+00:00,2025-06-25 07:00:00+00:00,148.757,127.4929156558622,108.42826189010655,146.55756942161787,134.925
ICU,2025-06-25 07:00:00+00:00,2025-06-25 08:00:00+00:00,63.502,64.1392601363434,45.074606370587745,83.20391390209905,62.254
OPD,2025-06-25 07:00:00+00:00,2025-06-25 08:00:00+00:00,66.599,73.78201992942773,54.71736616367208,92.84667369518338,99.231
WARD_A,2025-06-25 07:00:00+00:00,2025-06-25 08:00:00+00:00,154.377,126.22011238540995,107.1554586196543,145.2847661511656,142.435
WARD_B,2025-06-25 07:00:00+00:00,2025-06-25 08:00:00+00:00,121.102,132.0737597785925,113.00910601283684,151.13841354434814,147.522
ICU,2025-06-25 08:00:00+00:00,2025-06-25 09:00:00+00:00,67.205,66.91119112328708,47.84653735753143,85.97584488904273,63.525
OPD,2025-06-25 08:00:00+00:00,2025-06-25 09:00:00+00:00,87.473,70.61728943318694,51.55263566743129,89.68194319894259,69.914
WARD_A,2025-06-25 08:00:00+00:00,2025-06-25 09:00:00+00:00,140.214,127.66786004369338,108.60320627793773,146.73251380944902,175.59
WARD_B,2025-06-25 08:00:00+00:00,2025-06-25 09:00:00+00:00,141.264,128.1849965147852,109.12034274902956,147.24965028054086,165.24
ICU,2025-06-25 09:00:00+00:00,2025-06-25 10:00:00+00:00,54.713,67.16385875399955,48.0992049882439,86.2285125197552,78.144
OPD,2025-06-25 09:00:00+00:00,2025-06-25 10:00:00+00:00,108.13,81.99799964974422,62.933345883988565,101.06265341549987,94.783
WARD_A,2025-06-25 09:00:00+00:00,2025-06-25 10:00:00+00:00,139.688,126.93053422044781,107.86588045469216,145.99518798620346,139.76
WARD_B,2025-06-25 09:00:00+00:00,2025-06-25 10:00:00+00:00,129.98,130.11439869188115,111.0497449261255,149.1790524576368,129.894
ICU,2025-06-25 10:00:00+00:00,2025-06-25 11:00:00+00:00,62.524,65.31660410446028,46.25195033870463,84.38125787021593,82.472
OPD,2025-06-25 10:00:00+00:00,2025-06-25 11:00:00+00:00,83.012,83.39299659977256,64.32834283401691,102.45765036552821,97.095
WARD_A,2025-06-25 10:00:00+00:00,2025-06-25 11:00:00+00:00,140.722,130.21060769523325,111.1459539294776,149.2752614609889,136.555
WARD_B,2025-06-25 10:00:00+00:00,2025-06-25 11:00:00+00:00,105.034,129.35920787339649,110.29455410764083,148.42386163915214,177.089
ICU,2025-06-25 11:00:00+00:00,2025-06-25 12:00:00+00:00,65.221,66.73046561453941,47.66581184878376,85.79511938029506,76.983
OPD,2025-06-25 11:00:00+00:00,2025-06-25 12:00:00+00:00,102.8,82.67549370830926,63.61083994255361,101.74014747406491,84.851
WARD_A,2025-06-25 11:00:00+00:00,2025-06-25 12:00:00+00:00,133.785,131.7250277688616,112.66037400310594,150.78968153461724,167.909
WARD_B,2025-06-25 11:00:00+00:00,2025-06-25 12:00:00+00:00,130.658,127.09427191260887,108.02961814685322,146.15892567836454,153.154
ICU,2025-06-25 12:00:00+00:00,2025-06-25 13:00:00+00:00,66.688,64.33770231412389,45.27304854836824,83.40235607987954,75.418
OPD,2025-06-25 12:00:00+00:00,2025-06-25 13:00:00+00:00,57.53,83.73566320976552,64.67100944400987,102.80031697552117,106.49
WARD_A,2025-06-25 12:00:00+00:00,2025-06-25 13:00:00+00:00,113.507,131.7250277688616,112.66037400310594,150.78968153461724,150.355
WARD_B,2025-06-25 12:00:00+00:00,2025-06-25 13:00:00+00:00,113.545,132.44296420206413,113.37831043630848,151.50761796781978,139.01
ICU,2025-06-25 13:00:00+00:00,2025-06-25 14:00:00+00:00,143.846,149.03536368771879,129.97070992196313,168.10001745347444,141.438
OPD,2025-06-25 13:00:00+00:00,2025-06-25 14:00:00+00:00,176.645,164.1227051026836,145.05805133692795,183.18735886843925,172.91
WARD_A,2025-06-25 13:00:00+00:00,2025-06-25 14:00:00+00:00,200.572,209.4219875529847,190.35733378722904,228.48664131874034,231.509
WARD_B,2025-06-25 13:00:00+00:00,2025-06-25 14:00:00+00:00,222.86,210.01567484440903,190.95102107865338,229.08032861016468,243.864
ICU,2025-06-25 14:00:00+00:00,2025-06-25 15:00:00+00:00,67.542,62.86801035215139,43.803356586395736,81.93266411790704,59.564
OPD,2025-06-25 14:00:00+00:00,2025-06-25 15:00:00+00:00,61.399,81.09272022436369,62.02806645860804,100.15737399011934,79.916
WARD_A,2025-06-25 14:00:00+00:00,2025-06-25 15:00:00+00:00,121.885,128.05601165621238,108.99135789045673,147.12066542196803,176.585
WARD_B,2025-06-25 14:00:00+00:00,2025-06-25 15:00:00+00:00,146.285,128.12649726170372,109.06184349594807,147.19115102745937,159.955
ICU,2025-06-25 15:00:00+00:00,2025-06-25 16:00:00+00:00,61.107,66.56173853501544,47.497084769259786,85.62639230077109,55.28
OPD,2025-06-25 15:00:00+00:00,2025-06-25 16:00:00+00:00,81.554,81.89134529396111,62.82669152820546,100.95599905971676,69.09
WARD_A,2025-06-25 15:00:00+00:00,2025-06-25 16:00:00+00:00,133.514,125.38939429740218,106.32474053164653,144.4540480631578,152.544
WARD_B,2025-06-25 15:00:00+00:00,2025-06-25 16:00:00+00:00,137.925,132.6207718243402,113.55611805858456,151.68542559009586,142.501
ICU,2025-06-25 16:00:00+00:00,2025-06-25 17:00:00+00:00,75.405,66.15686608237104,47.09221231661539,85.22151984812669,62.175
OPD,2025-06-25 16:00:00+00:00,2025-06-25 17:00:00+00:00,101.147,81.65706247495628,62.592408709200626,100.72171624071193,79.702
WARD_A,2025-06-25 16:00:00+00:00,2025-06-25 17:00:00+00:00,134.68,128.63663228304574,109.57197851729009,147.7012860488014,143.531
WARD_B,2025-06-25 16:00:00+00:00,2025-06-25 17:00:00+00:00,126.398,129.7639665943722,110.69931282861654,148.82862036012784,152.161
ICU,2025-06-25 17:00:00+00:00,2025-06-25 18:00:00+00:00,54.541,57.4901579193008,38.42550415354515,76.55481168505645,65.622
OPD,2025-06-25 17:00:00+00:00,2025-06-25 18:00:00+00:00,9.239,24.664789510298615,5.600135744542964,43.72944327605427,33.931
WARD_A,2025-06-25 17:00:00+00:00,2025-06-25 18:00:00+00:00,114.486,126.33630641739967,107.27165265164402,145.40096018315532,142.258
WARD_B,2025-06-25 17:00:00+00:00,2025-06-25 18:00:00+00:00,119.39,126.56407629787846,107.49942253212281,145.62873006363412,114.642
ICU,2025-06-25 18:00:00+00:00,2025-06-25 19:00:00+00:00,34.233,56.777008705396014,37.71235493964036,75.84166247115166,62.797
OPD,2025-06-25 18:00:00+00:00,2025-06-25 19:00:00+00:00,21.987,23.14587171944549,4.0812179536898405,42.210525485201146,24.174
WARD_A,2025-06-25 18:00:00+00:00,2025-06-25 19:00:00+00:00,118.998,124.97914634035902,105.91449257460337,144.04380010611467,148.822
WARD_B,2025-06-25 18:00:00+00:00,2025-06-25 19:00:00+00:00,119.662,125.67739604233925,106.6127422765836,144.74204980809492,128.629
ICU,2025-06-25 19:00:00+00:00,2025-06-25 20:00:00+00:00,141.905,117.213255704367,98.14860193861135,136.27790947012267,159.917
OPD,2025-06-25 19:00:00+00:00,2025-06-25 20:00:00+00:00,98.54,98.33491194852209,79.27025818276644,117.39956571427774,94.03
WARD_A,2025-06-25 19:00:00+00:00,2025-06-25 20:00:00+00:00,208.588,207.27601154055338,188.21135777479773,226.34066530630903,224.713
WARD_B,2025-06-25 19:00:00+00:00,2025-06-25 20:00:00+00:00,226.594,204.49026312099224,185.4256093552366,223.5549168867479,239.705
ICU,2025-06-25 20:00:00+00:00,2025-06-25 21:00:00+00:00,54.652,57.02037801851595,37.9557242527603,76.08503178427159,79.838
OPD,2025-06-25 20:00:00+00:00,2025-06-25 21:00:00+00:00,17.272,22.828984428789973,3.764330663034322,41.89363819454562,25.359
WARD_A,2025-06-25 20:00:00+00:00,2025-06-25 21:00:00+00:00,110.947,125.68167133601263,106.61701757025698,144.74632510176826,141.073
WARD_B,2025-06-25 20:00:00+00:00,2025-06-25 21:00:00+00:00,121.649,128.16614970913838,109.10149594338273,147.23080347489403,152.57
ICU,2025-06-25 21:00:00+00:00,2025-06-25 22:00:00+00:00,47.24,54.64087558375725,35.5762218180016,73.7055293495129,60.008
OPD,2025-06-25 21:00:00+00:00,2025-06-25 22:00:00+00:00,13.978,20.798399898654406,1.7337461328987551,39.86305366441006,10.794
WARD_A,2025-06-25 21:00:00+00:00,2025-06-25 22:00:00+00:00,122.696,124.12914780529358,105.06449403953793,143.19380157104922,163.112
WARD_B,2025-06-25 21:00:00+00:00,2025-06-25 22:00:00+00:00,125.693,126.04313860791932,106.97848484216367,145.10779237367495,155.625
ICU,2025-06-25 22:00:00+00:00,2025-06-25 23:00:00+00:00,46.736,60.075395199414864,41.01074143365921,79.14004896517051,57.963
OPD,2025-06-25 22:00:00+00:00,2025-06-25 23:00:00+00:00,0.702,21.239313597444013,2.1746598316883627,40.30396736319966,25.139
WARD_A,2025-06-25 22:00:00+00:00,2025-06-25 23:00:00+00:00,117.712,123.78806986408898,104.72341609833333,142.85272362984463,167.947
WARD_B,2025-06-25 22:00:00+00:00,2025-06-25 23:00:00+00:00,118.856,126.57606740070011,107.51141363494446,145.64072116645576,149.384
ICU,2025-06-25 23:00:00+00:00,2025-06-26 00:00:00+00:00,56.502,55.555284948223175,36.490631182467524,74.61993871397883,65.78
OPD,2025-06-25 23:00:00+00:00,2025-06-26 00:00:00+00:00,26.102,23.366166567857764,4.301512802102113,42.43082033361341,32.651
WARD_A,2025-06-25 23:00:00+00:00,2025-06-26 00:00:00+00:00,109.458,123.48916497599494,104.42451121023929,142.5538187417506,135.1
WARD_B,2025-06-25 23:00:00+00:00,2025-06-26 00:00:00+00:00,134.113,125.62082254325439,106.55616877749874,144.68547630901003,129.735
ICU,2025-06-26 00:00:00+00:00,2025-06-26 01:00:00+00:00,55.581,55.97102474020664,36.90637097445099,75.0356785059623,71.214
OPD,2025-06-26 00:00:00+00:00,2025-06-26 01:00:00+00:00,22.135,20.97538423197938,1.910730466223729,40.04003799773503,23.278
WARD_A,2025-06-26 00:00:00+00:00,2025-06-26 01:00:00+00:00,121.247,122.05294556671859,102.98829180096294,141.11759933247424,144.522
WARD_B,2025-06-26 00:00:00+00:00,2025-06-26 01:00:00+00:00,132.364,125.60284465097203,106.53819088521638,144.66749841672768,135.647
ICU,2025-06-26 01:00:00+00:00,2025-06-26 02:00:00+00:00,57.263,54.921173349746425,35.856519583990774,73.98582711550208,64.63
OPD,2025-06-26 01:00:00+00:00,2025-06-26 02:00:00+00:00,14.444,20.97538423197938,1.910730466223729,40.04003799773503,39.206
WARD_A,2025-06-26 01:00:00+00:00,2025-06-26 02:00:00+00:00,128.321,123.18604488411938,104.12139111836373,142.25069864987503,132.807
WARD_B,2025-06-26 01:00:00+00:00,2025-06-26 02:00:00+00:00,133.022,127.09493544796133,108.03028168220568,146.15958921371697,128.166
ICU,2025-06-26 02:00:00+00:00,2025-06-26 03:00:00+00:00,42.818,55.4478116172623,36.38315785150665,74.51246538301795,71.344
OPD,2025-06-26 02:00:00+00:00,2025-06-26 03:00:00+00:00,31.989,20.97538423197938,1.910730466223729,40.04003799773503,10.893
WARD_A,2025-06-26 02:00:00+00:00,2025-06-26 03:00:00+00:00,121.756,127.70565600300658,108.64100223725093,146.77030976876222,134.948
WARD_B,2025-06-26 02:00:00+00:00,2025-06-26 03:00:00+00:00,125.935,127.1748570985433,108.11020333278765,146.23951086429895,134.639
ICU,2025-06-26 03:00:00+00:00,2025-06-26 04:00:00+00:00,42.472,55.81322980161539,36.74857603585974,74.87788356737104,60.893
OPD,2025-06-26 03:00:00+00:00,2025-06-26 04:00:00+00:00,26.276,27.485518293374447,8.420864527618797,46.5501720591301,28.825
WARD_A,2025-06-26 03:00:00+00:00,2025-06-26 04:00:00+00:00,123.905,125.37466104286722,106.31000727711157,144.43931480862287,167.234
WARD_B,2025-06-26 03:00:00+00:00,2025-06-26 04:00:00+00:00,123.738,128.6316010446403,109.56694727888464,147.69625481039594,142.847
ICU,2025-06-26 04:00:00+00:00,2025-06-26 05:00:00+00:00,70.136,52.68404041985762,33.619386654101966,71.74869418561326,53.19
OPD,2025-06-26 04:00:00+00:00,2025-06-26 05:00:00+00:00,22.026,25.580842979189054,6.516189213433403,44.64549674494471,19.588
WARD_A,2025-06-26 04:00:00+00:00,2025-06-26 05:00:00+00:00,130.849,124.30461815180036,105.2399643860447,143.369271917556,156.139
WARD_B,2025-06-26 04:00:00+00:00,2025-06-26 05:00:00+00:00,132.834,128.2929430642159,109.22828929846025,147.35759682997156,141.917
ICU,2025-06-26 05:00:00+00:00,2025-06-26 06:00:00+00:00,139.983,139.4475144684373,120.38286070268165,158.51216823419296,140.951
OPD,2025-06-26 05:00:00+00:00,2025-06-26 06:00:00+00:00,111.271,104.19459164230408,85.12993787654842,123.25924540805973,98.397
WARD_A,2025-06-26 05:00:00+00:00,2025-06-26 06:00:00+00:00,210.328,205.36185698487768,186.29720321912203,224.42651075063333,231.296
WARD_B,2025-06-26 05:00:00+00:00,2025-06-26 06:00:00+00:00,211.748,209.02143307181603,189.95677930606038,228.08608683757168,247.726
ICU,2025-06-26 06:00:00+00:00,2025-06-26 07:00:00+00:00,58.781,56.4447140808384,37.38006031508275,75.50936784659405,60.693
OPD,2025-06-26 06:00:00+00:00,2025-06-26 07:00:00+00:00,26.326,24.632512169147063,5.567858403391412,43.69716593490271,34.303
WARD_A,2025-06-26 06:00:00+00:00,2025-06-26 07:00:00+00:00,118.113,123.75241812605502,104.68776436029937,142.81707189181066,137.554
WARD_B,2025-06-26 06:00:00+00:00,2025-06-26 07:00:00+00:00,130.718,127.95544712337005,108.8907933576144,147.0201008891257,147.102
ICU,2025-06-26 07:00:00+00:00,2025-06-26 08:00:00+00:00,50.834,65.01244805396749,45.94779428821184,84.07710181972314,66.993
OPD,2025-06-26 07:00:00+00:00,2025-06-26 08:00:00+00:00,56.67,73.20288262719063,54.13822886143498,92.26753639294628,70.153
WARD_A,2025-06-26 07:00:00+00:00,2025-06-26 08:00:00+00:00,125.194,128.01026441243428,108.94561064667863,147.07491817818993,156.893
WARD_B,2025-06-26 07:00:00+00:00,2025-06-26 08:00:00+00:00,121.668,132.50051154326505,113.4358577775094,151.5651653090207,154.643
ICU,2025-06-26 08:00:00+00:00,2025-06-26 09:00:00+00:00,68.765,65.2655870913393,46.20093332558365,84.33024085709495,78.116
OPD,2025-06-26 08:00:00+00:00,2025-06-26 09:00:00+00:00,70.556,67.7440164798728,48.67936271411715,86.80867024562845,84.576
WARD_B,2025-06-26 08:00:00+00:00,2025-06-26 09:00:00+00:00,110.741,129.53027735292784,110.46562358717219,148.5949311186835,131.546
ICU,2025-06-26 09:00:00+00:00,2025-06-26 10:00:00+00:00,58.295,65.25071183131774,46.186058065562094,84.3153655970734,72.35
OPD,2025-06-26 09:00:00+00:00,2025-06-26 10:00:00+00:00,66.411,81.99799964974422,62.933345883988565,101.06265341549987,61.714
WARD_B,2025-06-26 09:00:00+00:00,2025-06-26 10:00:00+00:00,130.397,127.29707748585446,108.23242372009881,146.3617312516101,112.311
ICU,2025-06-26 10:00:00+00:00,2025-06-26 11:00:00+00:00,51.752,64.33770231412389,45.27304854836824,83.40235607987954,54.574
OPD,2025-06-26 10:00:00+00:00,2025-06-26 11:00:00+00:00,66.47,82.44434475528281,63.37969098952716,101.50899852103846,97.515
WARD_A,2025-06-26 10:00:00+00:00,2025-06-26 11:00:00+00:00,129.611,129.8927233123825,110.82806954662684,148.95737707813814,151.332
WARD_B,2025-06-26 10:00:00+00:00,2025-06-26 11:00:00+00:00,128.093,129.4692840052634,110.40463023950775,148.53393777101905,158.15
ICU,2025-06-26 11:00:00+00:00,2025-06-26 12:00:00+00:00,47.305,64.44517564508477,45.38052187932912,83.50982941084042,49.002
OPD,2025-06-26 11:00:00+00:00,2025-06-26 12:00:00+00:00,61.292,82.28323486443819,63.218581098682535,101.34788863019384,72.601
WARD_A,2025-06-26 11:00:00+00:00,2025-06-26 12:00:00+00:00,112.757,131.70264814245652,112.63799437670087,150.76730190821218,155.632
WARD_B,2025-06-26 11:00:00+00:00,2025-06-26 12:00:00+00:00,150.683,135.1358858878679,116.07123212211224,154.20053965362354,145.846
ICU,2025-06-26 12:00:00+00:00,2025-06-26 13:00:00+00:00,54.352,64.17801508061515,45.1133613148595,83.2426688463708,71.599
OPD,2025-06-26 12:00:00+00:00,2025-06-26 13:00:00+00:00,81.499,82.44434475528281,63.37969098952716,101.50899852103846,101.4
WARD_A,2025-06-26 12:00:00+00:00,2025-06-26 13:00:00+00:00,99.547,127.15781609518963,108.09316232943398,146.2224698609453,153.052
WARD_B,2025-06-26 12:00:00+00:00,2025-06-26 13:00:00+00:00,134.954,132.01940314815363,112.95474938239798,151.08405691390928,136.842
ICU,2025-06-26 13:00:00+00:00,2025-06-26 14:00:00+00:00,162.276,148.89903410785138,129.83438034209573,167.96368787360703,148.298
OPD,2025-06-26 13:00:00+00:00,2025-06-26 14:00:00+00:00,154.701,163.56251509543677,144.49786132968111,182.62716886119242,150.159
WARD_A,2025-06-26 13:00:00+00:00,2025-06-26 14:00:00+00:00,214.483,208.1191097519016,189.05445598614594,227.18376351765724,230.933
WARD_B,2025-06-26 13:00:00+00:00,2025-06-26 14:00:00+00:00,227.248,217.71646368841667,198.65180992266102,236.78111745417232,217.569
ICU,2025-06-26 14:00:00+00:00,2025-06-26 15:00:00+00:00,56.204,67.05807638911772,47.993422623362065,86.12273015487337,59.243
OPD,2025-06-26 14:00:00+00:00,2025-06-26 15:00:00+00:00,75.709,80.79112277074996,61.726469004994314,99.85577653650562,56.956
WARD_A,2025-06-26 14:00:00+00:00,2025-06-26 15:00:00+00:00,121.142,129.6102672000867,110.54561343433105,148.67492096584235,159.848
WARD_B,2025-06-26 14:00:00+00:00,2025-06-26 15:00:00+00:00,148.196,133.50419225853747,114.43953849278182,152.56884602429312,173.671
ICU,2025-06-26 15:00:00+00:00,2025-06-26 16:00:00+00:00,65.117,66.32947143551475,47.2648176697591,85.3941252012704,61.636
OPD,2025-06-26 15:00:00+00:00,2025-06-26 16:00:00+00:00,96.077,81.89134529396111,62.82669152820546,100.95599905971676,78.792
WARD_A,2025-06-26 15:00:00+00:00,2025-06-26 16:00:00+00:00,147.748,126.4842541349846,107.41960036922895,145.54890790074023,158.768
WARD_B,2025-06-26 15:00:00+00:00,2025-06-26 16:00:00+00:00,139.68,132.534080272247,113.46942650649135,151.59873403800265,162.006
ICU,2025-06-26 16:00:00+00:00,2025-06-26 17:00:00+00:00,67.229,66.15896194796723,47.09430818221158,85.22361571372288,56.296
OPD,2025-06-26 16:00:00+00:00,2025-06-26 17:00:00+00:00,86.723,81.00095249449527,61.936298728739615,100.06560626025092,88.627
WARD_A,2025-06-26 16:00:00+00:00,2025-06-26 17:00:00+00:00,148.147,126.42510268885557,107.36044892309992,145.4897564546112,147.198
WARD_B,2025-06-26 16:00:00+00:00,2025-06-26 17:00:00+00:00,144.491,134.79126663515413,115.72661286939848,153.85592040090978,128.723
ICU,2025-06-26 17:00:00+00:00,2025-06-26 18:00:00+00:00,54.003,52.73133805526028,33.66668428950463,71.79599182101593,55.881
OPD,2025-06-26 17:00:00+00:00,2025-06-26 18:00:00+00:00,23.665,24.664789510298615,5.600135744542964,43.72944327605427,13.594
WARD_A,2025-06-26 17:00:00+00:00,2025-06-26 18:00:00+00:00,130.782,131.4628939367876,112.39824017103194,150.52754770254325,143.344
WARD_B,2025-06-26 17:00:00+00:00,2025-06-26 18:00:00+00:00,119.611,131.45027193036015,112.3856181646045,150.5149256961158,137.333
ICU,2025-06-26 18:00:00+00:00,2025-06-26 19:00:00+00:00,51.412,55.65470488284667,36.59005111709102,74.71935864860232,69.259
OPD,2025-06-26 18:00:00+00:00,2025-06-26 19:00:00+00:00,30.776,21.747828662490544,2.6831748967348936,40.8124824282462,19.551
WARD_A,2025-06-26 18:00:00+00:00,2025-06-26 19:00:00+00:00,121.615,124.74242614541271,105.67777237965706,143.80707991116836,144.163
WARD_B,2025-06-26 18:00:00+00:00,2025-06-26 19:00:00+00:00,118.073,129.26845576124003,110.20380199548438,148.33310952699568,124.44
ICU,2025-06-26 19:00:00+00:00,2025-06-26 20:00:00+00:00,149.965,140.1687888327376,121.10413506698194,159.23344259849324,144.187
OPD,2025-06-26 19:00:00+00:00,2025-06-26 20:00:00+00:00,97.769,98.46555272753362,79.40089896177797,117.53020649328927,117.141
WARD_A,2025-06-26 19:00:00+00:00,2025-06-26 20:00:00+00:00,216.32,207.4952791763178,188.43062541056216,226.55993294207346,226.938
WARD_B,2025-06-26 19:00:00+00:00,2025-06-26 20:00:00+00:00,223.201,207.13775206560223,188.07309829984658,226.20240583135788,220.038
ICU,2025-06-26 20:00:00+00:00,2025-06-26 21:00:00+00:00,57.185,55.82400425993892,36.759350494183266,74.88865802569457,68.478
OPD,2025-06-26 20:00:00+00:00,2025-06-26 21:00:00+00:00,30.447,22.74509785766937,3.6804440919137207,41.80975162342502,22.523
WARD_A,2025-06-26 20:00:00+00:00,2025-06-26 21:00:00+00:00,119.14,125.59778476489201,106.53313099913636,144.66243853064765,136.311
WARD_B,2025-06-26 20:00:00+00:00,2025-06-26 21:00:00+00:00,124.232,129.95356556656319,110.88891180080753,149.01821933231884,132.311
ICU,2025-06-26 21:00:00+00:00,2025-06-26 22:00:00+00:00,50.183,57.383120834906165,38.318467069150515,76.44777460066182,67.253
OPD,2025-06-26 21:00:00+00:00,2025-06-26 22:00:00+00:00,29.835,20.929040677665924,1.8643869119102732,39.993694443421575,6.388
WARD_A,2025-06-26 21:00:00+00:00,2025-06-26 22:00:00+00:00,106.235,125.82711496460743,106.76246119885178,144.89176873036308,145.824
WARD_B,2025-06-26 21:00:00+00:00,2025-06-26 22:00:00+00:00,130.689,128.55128156734673,109.48662780159108,147.61593533310239,122.971
ICU,2025-06-26 22:00:00+00:00,2025-06-26 23:00:00+00:00,53.347,55.21523458168496,36.15058081592931,74.27988834744062,68.233
OPD,2025-06-26 22:00:00+00:00,2025-06-26 23:00:00+00:00,10.713,21.217756655300683,2.153102889545032,40.28241042105633,33.497
WARD_A,2025-06-26 22:00:00+00:00,2025-06-26 23:00:00+00:00,120.419,124.03513176208394,104.97047799632828,143.09978552783957,129.297
WARD_B,2025-06-26 22:00:00+00:00,2025-06-26 23:00:00+00:00,139.619,129.0515873027486,109.98693353699295,148.11624106850425,132.521
ICU,2025-06-26 23:00:00+00:00,2025-06-27 00:00:00+00:00,62.807,55.96520130732437,36.90054754156872,75.02985507308003,67.516
OPD,2025-06-26 23:00:00+00:00,2025-06-27 00:00:00+00:00,12.621,23.366166567857764,4.301512802102113,42.43082033361341,9.293
WARD_A,2025-06-26 23:00:00+00:00,2025-06-27 00:00:00+00:00,114.859,122.56194202091868,103.49728825516303,141.62659578667433,136.378
WARD_B,2025-06-26 23:00:00+00:00,2025-06-27 00:00:00+00:00,134.083,128.37966580491698,109.31501203916133,147.44431957067263,126.18
ICU,2025-06-27 00:00:00+00:00,2025-06-27 01:00:00+00:00,31.492,54.921173349746425,35.856519583990774,73.98582711550208,65.814
WARD_A,2025-06-27 00:00:00+00:00,2025-06-27 01:00:00+00:00,139.669,124.21253250845997,105.14787874270432,143.27718627421564,148.892
WARD_B,2025-06-27 00:00:00+00:00,2025-06-27 01:00:00+00:00,145.265,129.4662476485821,110.40159388282646,148.53090141433776,142.828
ICU,2025-06-27 01:00:00+00:00,2025-06-27 02:00:00+00:00,56.684,44.97390288961051,25.909249123854856,64.03855665536616,72.011
WARD_A,2025-06-27 01:00:00+00:00,2025-06-27 02:00:00+00:00,117.932,124.21253250845997,105.14787874270432,143.27718627421564,144.626
WARD_B,2025-06-27 01:00:00+00:00,2025-06-27 02:00:00+00:00,128.283,129.17853608724855,110.1138823214929,148.2431898530042,122.457
ICU,2025-06-27 02:00:00+00:00,2025-06-27 03:00:00+00:00,60.801,54.921173349746425,35.856519583990774,73.98582711550208,69.987
OPD,2025-06-27 02:00:00+00:00,2025-06-27 03:00:00+00:00,3.805,20.97538423197938,1.910730466223729,40.04003799773503,43.07
WARD_A,2025-06-27 02:00:00+00:00,2025-06-27 03:00:00+00:00,125.783,123.97112776936521,104.90647400360956,143.03578153512086,139.217
WARD_B,2025-06-27 02:00:00+00:00,2025-06-27 03:00:00+00:00,134.925,128.07654571304144,109.01189194728579,147.1411994787971,140.343
ICU,2025-06-27 03:00:00+00:00,2025-06-27 04:00:00+00:00,45.902,53.88774177660387,34.82308801084822,72.95239554235951,71.052
OPD,2025-06-27 03:00:00+00:00,2025-06-27 04:00:00+00:00,24.063,29.520766818517263,10.456113052761612,48.58542058427291,35.485
WARD_A,2025-06-27 03:00:00+00:00,2025-06-27 04:00:00+00:00,128.269,126.98034292148043,107.91568915572478,146.04499668723608,141.294
WARD_B,2025-06-27 03:00:00+00:00,2025-06-27 04:00:00+00:00,152.063,129.03762855296202,109.97297478720637,148.10228231871767,126.197
ICU,2025-06-27 04:00:00+00:00,2025-06-27 05:00:00+00:00,55.437,52.071255588275456,33.006601822519805,71.1359093540311,58.192
OPD,2025-06-27 04:00:00+00:00,2025-06-27 05:00:00+00:00,26.468,25.580842979189054,6.516189213433403,44.64549674494471,27.264
WARD_A,2025-06-27 04:00:00+00:00,2025-06-27 05:00:00+00:00,140.617,127.55965066086652,108.49499689511087,146.6243044266222,127.762
WARD_B,2025-06-27 04:00:00+00:00,2025-06-27 05:00:00+00:00,123.76,135.5830598036392,116.51840603788355,154.64771356939485,128.846
ICU,2025-06-27 05:00:00+00:00,2025-06-27 06:00:00+00:00,140.918,133.8165543713941,114.75190060563844,152.88120813714974,150.506
OPD,2025-06-27 05:00:00+00:00,2025-06-27 06:00:00+00:00,121.678,103.11482418879666,84.05017042304101,122.17947795455231,106.683
WARD_A,2025-06-27 05:00:00+00:00,2025-06-27 06:00:00+00:00,200.312,207.00741630344427,187.94276253768862,226.07207006919992,216.663
WARD_B,2025-06-27 05:00:00+00:00,2025-06-27 06:00:00+00:00,219.082,210.5326146075228,191.46796084176714,229.59726837327844,227.801
ICU,2025-06-27 06:00:00+00:00,2025-06-27 07:00:00+00:00,46.651,49.563064997806656,30.498411232051005,68.62771876356231,44.12
OPD,2025-06-27 06:00:00+00:00,2025-06-27 07:00:00+00:00,33.817,25.598435225168902,6.533781459413252,44.66308899092455,33.862
WARD_A,2025-06-27 06:00:00+00:00,2025-06-27 07:00:00+00:00,106.343,124.13500930233405,105.0703555365784,143.1996630680897,158.783
WARD_B,2025-06-27 06:00:00+00:00,2025-06-27 07:00:00+00:00,125.38,133.30920023713603,114.24454647138037,152.37385400289168,152.131
ICU,2025-06-27 07:00:00+00:00,2025-06-27 08:00:00+00:00,63.635,66.70867377466186,47.64402000890621,85.77332754041751,84.408
OPD,2025-06-27 07:00:00+00:00,2025-06-27 08:00:00+00:00,71.121,72.32002570144911,53.25537193569346,91.38467946720476,85.638
WARD_A,2025-06-27 07:00:00+00:00,2025-06-27 08:00:00+00:00,131.202,127.4894843159185,108.42483055016285,146.55413808167415,159.263
WARD_B,2025-06-27 07:00:00+00:00,2025-06-27 08:00:00+00:00,138.066,134.99241421783415,115.9277604520785,154.0570679835898,148.774
ICU,2025-06-27 08:00:00+00:00,2025-06-27 09:00:00+00:00,63.879,62.55982591057922,43.49517214482357,81.62447967633487,60.913
OPD,2025-06-27 08:00:00+00:00,2025-06-27 09:00:00+00:00,69.525,72.10976217380069,53.04510840804504,91.17441593955634,86.545
WARD_A,2025-06-27 08:00:00+00:00,2025-06-27 09:00:00+00:00,122.99,126.83447549853204,107.76982173277639,145.8991292642877,174.512
WARD_B,2025-06-27 08:00:00+00:00,2025-06-27 09:00:00+00:00,142.561,137.52078849529792,118.45613472954227,156.58544226105357,146.967
ICU,2025-06-27 09:00:00+00:00,2025-06-27 10:00:00+00:00,60.076,64.9616228965871,45.89696913083145,84.02627666234275,64.322
OPD,2025-06-27 09:00:00+00:00,2025-06-27 10:00:00+00:00,88.523,81.99799964974422,62.933345883988565,101.06265341549987,88.541
WARD_A,2025-06-27 09:00:00+00:00,2025-06-27 10:00:00+00:00,131.22,125.67740183958021,106.61274807382456,144.74205560533585,145.978
WARD_B,2025-06-27 09:00:00+00:00,2025-06-27 10:00:00+00:00,148.402,137.3911357069892,118.32648194123354,156.45578947274484,144.864
ICU,2025-06-27 10:00:00+00:00,2025-06-27 11:00:00+00:00,64.639,64.33770231412389,45.27304854836824,83.40235607987954,57.261
OPD,2025-06-27 10:00:00+00:00,2025-06-27 11:00:00+00:00,79.607,83.31265141424684,64.2479976484912,102.3773051800025,101.567
WARD_A,2025-06-27 10:00:00+00:00,2025-06-27 11:00:00+00:00,147.122,127.15781609518963,108.09316232943398,146.2224698609453,145.528
WARD_B,2025-06-27 10:00:00+00:00,2025-06-27 11:00:00+00:00,142.91,139.7073180595247,120.64266429376906,158.77197182528036,134.318
ICU,2025-06-27 11:00:00+00:00,2025-06-27 12:00:00+00:00,57.558,64.44517564508477,45.38052187932912,83.50982941084042,68.31
OPD,2025-06-27 11:00:00+00:00,2025-06-27 12:00:00+00:00,93.784,71.25797537015349,52.19332160439784,90.32262913590914,72.292
WARD_A,2025-06-27 11:00:00+00:00,2025-06-27 12:00:00+00:00,137.03,129.80502680692064,110.74037304116499,148.8696805726763,141.624
WARD_B,2025-06-27 11:00:00+00:00,2025-06-27 12:00:00+00:00,156.48,139.75025319790774,120.68559943215209,158.8149069636634,131.095
ICU,2025-06-27 12:00:00+00:00,2025-06-27 13:00:00+00:00,80.029,64.3534091973224,45.288755431566756,83.41806296307806,63.954
OPD,2025-06-27 12:00:00+00:00,2025-06-27 13:00:00+00:00,49.733,81.67359998594216,62.60894622018651,100.73825375169781,78.164
WARD_A,2025-06-27 12:00:00+00:00,2025-06-27 13:00:00+00:00,127.321,130.34306345350524,111.27840968774959,149.4077172192609,155.105
WARD_B,2025-06-27 12:00:00+00:00,2025-06-27 13:00:00+00:00,133.413,138.02373954908754,118.95908578333189,157.0883933148432,127.447
ICU,2025-06-27 13:00:00+00:00,2025-06-27 14:00:00+00:00,149.08,149.13250825585789,130.06785449010223,168.19716202161354,167.782
OPD,2025-06-27 13:00:00+00:00,2025-06-27 14:00:00+00:00,159.191,171.13546638593937,152.07081262018372,190.20012015169502,188.055
WARD_A,2025-06-27 13:00:00+00:00,2025-06-27 14:00:00+00:00,198.022,207.79745373949697,188.73279997374132,226.86210750525262,233.509
WARD_B,2025-06-27 13:00:00+00:00,2025-06-27 14:00:00+00:00,217.6,227.77785407145933,208.71320030570368,246.84250783721498,228.675
ICU,2025-06-27 14:00:00+00:00,2025-06-27 15:00:00+00:00,70.885,62.60410021306499,43.53944644730934,81.66875397882063,72.774
OPD,2025-06-27 14:00:00+00:00,2025-06-27 15:00:00+00:00,69.991,81.29496999614467,62.23031623038902,100.35962376190032,86.99
WARD_A,2025-06-27 14:00:00+00:00,2025-06-27 15:00:00+00:00,141.862,127.09531712471667,108.03066335896102,146.15997089047232,145.676
WARD_B,2025-06-27 14:00:00+00:00,2025-06-27 15:00:00+00:00,124.944,137.88767049058694,118.82301672483129,156.9523242563426,131.848
ICU,2025-06-27 15:00:00+00:00,2025-06-27 16:00:00+00:00,65.748,66.89575079648861,47.83109703073296,85.96040456224426,64.083
OPD,2025-06-27 15:00:00+00:00,2025-06-27 16:00:00+00:00,72.15,81.2352353135001,62.17058154774445,100.29988907925575,72.653
WARD_A,2025-06-27 15:00:00+00:00,2025-06-27 16:00:00+00:00,118.163,128.23639433074578,109.17174056499013,147.30104809650143,163.873
WARD_B,2025-06-27 15:00:00+00:00,2025-06-27 16:00:00+00:00,141.679,136.19771961441535,117.1330658486597,155.262373380171,144.826
ICU,2025-06-27 16:00:00+00:00,2025-06-27 17:00:00+00:00,76.513,66.16815660609407,47.10350284033842,85.23281037184972,55.07
OPD,2025-06-27 16:00:00+00:00,2025-06-27 17:00:00+00:00,81.756,80.51065892414601,61.44600515839036,99.57531268990166,66.548
WARD_A,2025-06-27 16:00:00+00:00,2025-06-27 17:00:00+00:00,123.765,126.42510268885557,107.36044892309992,145.4897564546112,160.733
WARD_B,2025-06-27 16:00:00+00:00,2025-06-27 17:00:00+00:00,121.765,138.75161548587732,119.68696172012167,157.81626925163297,138.184
ICU,2025-06-27 17:00:00+00:00,2025-06-27 18:00:00+00:00,44.772,53.51858634301723,34.45393257726158,72.58324010877288,47.431
OPD,2025-06-27 17:00:00+00:00,2025-06-27 18:00:00+00:00,14.793,22.12097802852222,3.0563242627665694,41.18563179427787,35.724
WARD_A,2025-06-27 17:00:00+00:00,2025-06-27 18:00:00+00:00,148.108,122.89935321757002,103.83469945181437,141.96400698332567,157.793
WARD_B,2025-06-27 17:00:00+00:00,2025-06-27 18:00:00+00:00,129.927,131.53008487446718,112.46543110871153,150.59473864022283,133.921
ICU,2025-06-27 18:00:00+00:00,2025-06-27 19:00:00+00:00,40.301,54.67999384184421,35.61534007608856,73.74464760759986,57.49
OPD,2025-06-27 18:00:00+00:00,2025-06-27 19:00:00+00:00,40.225,22.42620052780158,3.361546762045929,41.490854293557234,13.249
WARD_A,2025-06-27 18:00:00+00:00,2025-06-27 19:00:00+00:00,102.937,126.52757652102403,107.46292275526838,145.59223028677968,150.464
WARD_B,2025-06-27 18:00:00+00:00,2025-06-27 19:00:00+00:00,116.864,136.2061849662062,117.14153120045054,155.27083873196185,129.575
ICU,2025-06-27 19:00:00+00:00,2025-06-27 20:00:00+00:00,142.724,143.1014389926216,124.03678522686596,162.16609275837726,137.75
OPD,2025-06-27 19:00:00+00:00,2025-06-27 20:00:00+00:00,98.628,118.81855122951919,99.75389746376354,137.88320499527484,109.537
WARD_A,2025-06-27 19:00:00+00:00,2025-06-27 20:00:00+00:00,204.083,207.15005682881082,188.08540306305517,226.21471059456647,224.519
WARD_B,2025-06-27 19:00:00+00:00,2025-06-27 20:00:00+00:00,203.317,209.57319872327184,190.5085449575162,228.6378524890275,207.03
ICU,2025-06-27 20:00:00+00:00,2025-06-27 21:00:00+00:00,54.881,57.02037801851595,37.9557242527603,76.08503178427159,66.189
OPD,2025-06-27 20:00:00+00:00,2025-06-27 21:00:00+00:00,2.905,22.828984428789973,3.764330663034322,41.89363819454562,12.577
WARD_A,2025-06-27 20:00:00+00:00,2025-06-27 21:00:00+00:00,123.021,123.65684767013678,104.59219390438113,142.72150143589243,128.097
WARD_B,2025-06-27 20:00:00+00:00,2025-06-27 21:00:00+00:00,144.507,132.84527007883426,113.78061631307861,151.9099238445899,140.272
ICU,2025-06-27 21:00:00+00:00,2025-06-27 22:00:00+00:00,33.603,53.13300196845035,34.0683482026947,72.197655734206,62.24
OPD,2025-06-27 21:00:00+00:00,2025-06-27 22:00:00+00:00,23.527,22.130468689210932,3.0658149234552816,41.19512245496658,25.543
WARD_A,2025-06-27 21:00:00+00:00,2025-06-27 22:00:00+00:00,133.082,124.33502416761812,105.27037040186246,143.39967793337377,150.235
WARD_B,2025-06-27 21:00:00+00:00,2025-06-27 22:00:00+00:00,141.753,135.90254896718275,116.8378952014271,154.9672027329384,138.304
OPD,2025-06-27 22:00:00+00:00,2025-06-27 23:00:00+00:00,34.205,20.862222844565114,1.7975690788094632,39.92687661032076,19.327
WARD_A,2025-06-27 22:00:00+00:00,2025-06-27 23:00:00+00:00,115.359,125.7330989213978,106.66844515564215,144.79775268715343,146.976
WARD_B,2025-06-27 22:00:00+00:00,2025-06-27 23:00:00+00:00,126.848,134.45374249501836,115.38908872926271,153.518396260774,115.915
OPD,2025-06-27 23:00:00+00:00,2025-06-28 00:00:00+00:00,23.284,22.185792464498302,3.1211386987426515,41.25044623025396,22.691
WARD_A,2025-06-27 23:00:00+00:00,2025-06-28 00:00:00+00:00,120.184,123.18604488411938,104.12139111836373,142.25069864987503,136.417
WARD_B,2025-06-27 23:00:00+00:00,2025-06-28 00:00:00+00:00,141.668,133.80268903356819,114.73803526781253,152.86734279932384,133.942
ICU,2025-06-28 00:00:00+00:00,2025-06-28 01:00:00+00:00,60.153,55.555284948223175,36.490631182467524,74.61993871397883,66.916
OPD,2025-06-28 00:00:00+00:00,2025-06-28 01:00:00+00:00,17.746,20.97538423197938,1.910730466223729,40.04003799773503,18.637
WARD_A,2025-06-28 00:00:00+00:00,2025-06-28 01:00:00+00:00,120.096,123.48916497599494,104.42451121023929,142.5538187417506,137.439
WARD_B,2025-06-28 00:00:00+00:00,2025-06-28 01:00:00+00:00,121.726,132.16487064721093,113.10021688145528,151.22952441296658,123.37
ICU,2025-06-28 01:00:00+00:00,2025-06-28 02:00:00+00:00,57.63,55.328395969099226,36.263742203343575,74.39304973485488,52.037
OPD,2025-06-28 01:00:00+00:00,2025-06-28 02:00:00+00:00,13.432,22.055151685486784,2.9904979197311334,41.119805451242435,5.325
WARD_A,2025-06-28 01:00:00+00:00,2025-06-28 02:00:00+00:00,131.24,125.06117742356624,105.99652365781058,144.1258311893219,165.14
WARD_B,2025-06-28 01:00:00+00:00,2025-06-28 02:00:00+00:00,130.384,132.82208527228715,113.7574315065315,151.8867390380428,128.027
ICU,2025-06-28 02:00:00+00:00,2025-06-28 03:00:00+00:00,39.734,55.0286466807073,35.963992914951646,74.09330044646295,62.694
OPD,2025-06-28 02:00:00+00:00,2025-06-28 03:00:00+00:00,10.433,21.20027726370343,2.1356234979477797,40.26493102945908,24.81
WARD_A,2025-06-28 02:00:00+00:00,2025-06-28 03:00:00+00:00,98.965,124.21253250845997,105.14787874270432,143.27718627421564,116.357
WARD_B,2025-06-28 02:00:00+00:00,2025-06-28 03:00:00+00:00,143.406,131.39614738268662,112.33149361693097,150.46080114844227,135.864
ICU,2025-06-28 03:00:00+00:00,2025-06-28 04:00:00+00:00,45.56,46.573104542838664,27.508450777083013,65.63775830859431,74.642
OPD,2025-06-28 03:00:00+00:00,2025-06-28 04:00:00+00:00,17.244,29.520766818517263,10.456113052761612,48.58542058427291,24.199
WARD_A,2025-06-28 03:00:00+00:00,2025-06-28 04:00:00+00:00,126.602,123.97631556581887,104.91166180006321,143.0409693315745,155.523
WARD_B,2025-06-28 03:00:00+00:00,2025-06-28 04:00:00+00:00,137.523,135.49148085019056,116.4268270844349,154.5561346159462,130.246
ICU,2025-06-28 04:00:00+00:00,2025-06-28 05:00:00+00:00,50.046,52.45715144073367,33.39249767497802,71.52180520648932,62.777
OPD,2025-06-28 04:00:00+00:00,2025-06-28 05:00:00+00:00,13.777,25.580842979189054,6.516189213433403,44.64549674494471,13.429
WARD_A,2025-06-28 04:00:00+00:00,2025-06-28 05:00:00+00:00,139.741,126.36530250155296,107.30064873579731,145.42995626730863,139.262
WARD_B,2025-06-28 04:00:00+00:00,2025-06-28 05:00:00+00:00,112.996,136.0726247377924,117.00797097203676,155.13727850354806,132.7
ICU,2025-06-28 05:00:00+00:00,2025-06-28 06:00:00+00:00,147.412,134.2357193079491,115.17106554219345,153.30037307370475,151.949
OPD,2025-06-28 05:00:00+00:00,2025-06-28 06:00:00+00:00,108.442,103.33971722052073,84.27506345476507,122.40437098627638,107.489
WARD_A,2025-06-28 05:00:00+00:00,2025-06-28 06:00:00+00:00,204.638,208.8815100640339,189.81685629827825,227.94616382978955,232.184
WARD_B,2025-06-28 05:00:00+00:00,2025-06-28 06:00:00+00:00,218.663,207.00772842769965,187.943074661944,226.0723821934553,198.985
ICU,2025-06-28 06:00:00+00:00,2025-06-28 07:00:00+00:00,57.197,53.136411248291786,34.071757482536135,72.20106501404743,47.585
OPD,2025-06-28 06:00:00+00:00,2025-06-28 07:00:00+00:00,20.765,25.571834207043594,6.507180441287943,44.636487972799245,24.283
WARD_A,2025-06-28 06:00:00+00:00,2025-06-28 07:00:00+00:00,122.33,125.90627187301722,106.84161810726157,144.97092563877288,160.859
WARD_B,2025-06-28 06:00:00+00:00,2025-06-28 07:00:00+00:00,134.32,130.87523683582754,111.81058307007189,149.9398906015832,131.152
ICU,2025-06-28 07:00:00+00:00,2025-06-28 08:00:00+00:00,64.034,65.60969300130566,46.54503923555001,84.67434676706131,51.943
OPD,2025-06-28 07:00:00+00:00,2025-06-28 08:00:00+00:00,80.062,70.51947655049379,51.45482278473814,89.58413031624944,80.095
WARD_A,2025-06-28 07:00:00+00:00,2025-06-28 08:00:00+00:00,134.548,128.54700570614668,109.48235194039103,147.61165947190233,141.198
WARD_B,2025-06-28 07:00:00+00:00,2025-06-28 08:00:00+00:00,162.156,135.65618427760023,116.59153051184458,154.72083804335588,128.867
ICU,2025-06-28 08:00:00+00:00,2025-06-28 09:00:00+00:00,67.656,66.34807396257234,47.28342019681669,85.412727728328,71.018
OPD,2025-06-28 08:00:00+00:00,2025-06-28 09:00:00+00:00,62.33,77.2995320016553,58.23487823589964,96.36418576741094,52.514
WARD_A,2025-06-28 08:00:00+00:00,2025-06-28 09:00:00+00:00,127.754,132.5240351988767,113.45938143312105,151.58868896463235,118.273
WARD_B,2025-06-28 08:00:00+00:00,2025-06-28 09:00:00+00:00,146.76,137.7268466323304,118.66219286657474,156.79150039808604,128.66
ICU,2025-06-28 09:00:00+00:00,2025-06-28 10:00:00+00:00,55.736,65.30333570236932,46.23868193661367,84.36798946812497,76.576
OPD,2025-06-28 09:00:00+00:00,2025-06-28 10:00:00+00:00,75.476,65.94538139288483,46.880727627129176,85.01003515864048,63.823
WARD_A,2025-06-28 09:00:00+00:00,2025-06-28 10:00:00+00:00,129.399,127.38789209420729,108.32323832845164,146.45254585996292,156.553
WARD_B,2025-06-28 09:00:00+00:00,2025-06-28 10:00:00+00:00,149.165,137.6240465042083,118.55939273845266,156.68870026996396,128.483
ICU,2025-06-28 10:00:00+00:00,2025-06-28 11:00:00+00:00,78.097,64.7705142602825,45.705860494526846,83.83516802603815,66.294
OPD,2025-06-28 10:00:00+00:00,2025-06-28 11:00:00+00:00,99.675,82.0339124355293,62.96925866977365,101.09856620128495,95.845
WARD_A,2025-06-28 10:00:00+00:00,2025-06-28 11:00:00+00:00,126.739,129.78264718051557,110.71799341475992,148.84730094627122,146.379
WARD_B,2025-06-28 10:00:00+00:00,2025-06-28 11:00:00+00:00,138.86,137.2389234239688,118.17426965821315,156.30357718972445,140.758
ICU,2025-06-28 11:00:00+00:00,2025-06-28 12:00:00+00:00,63.395,64.33770231412389,45.27304854836824,83.40235607987954,87.862
OPD,2025-06-28 11:00:00+00:00,2025-06-28 12:00:00+00:00,52.683,83.39299659977256,64.32834283401691,102.45765036552821,79.665
WARD_A,2025-06-28 11:00:00+00:00,2025-06-28 12:00:00+00:00,122.754,130.21060769523325,111.1459539294776,149.2752614609889,144.927
WARD_B,2025-06-28 11:00:00+00:00,2025-06-28 12:00:00+00:00,117.678,139.9883510169242,120.92369725116856,159.05300478267986,142.372
ICU,2025-06-28 12:00:00+00:00,2025-06-28 13:00:00+00:00,63.189,65.75156382420302,46.68691005844737,84.81621758995867,54.553
OPD,2025-06-28 12:00:00+00:00,2025-06-28 13:00:00+00:00,80.182,83.72308373400035,64.6584299682447,102.787737499756,81.451
WARD_A,2025-06-28 12:00:00+00:00,2025-06-28 13:00:00+00:00,126.765,129.654625493366,110.58997172761036,148.71927925912166,151.818
WARD_B,2025-06-28 12:00:00+00:00,2025-06-28 13:00:00+00:00,147.805,134.38642233191328,115.32176856615763,153.45107609766893,132.048
ICU,2025-06-28 13:00:00+00:00,2025-06-28 14:00:00+00:00,164.814,150.82226683771762,131.75761307196197,169.88692060347327,147.76
OPD,2025-06-28 13:00:00+00:00,2025-06-28 14:00:00+00:00,184.45,163.8393603517872,144.77470658603156,182.90401411754286,173.385
WARD_A,2025-06-28 13:00:00+00:00,2025-06-28 14:00:00+00:00,209.334,211.9012088880724,192.83655512231675,230.96586265382805,231.504
WARD_B,2025-06-28 13:00:00+00:00,2025-06-28 14:00:00+00:00,233.985,223.38961529882314,204.3249615330675,242.4542690645788,226.718
ICU,2025-06-28 14:00:00+00:00,2025-06-28 15:00:00+00:00,62.53,67.71018994876464,48.645536183008986,86.77484371452029,67.021
OPD,2025-06-28 14:00:00+00:00,2025-06-28 15:00:00+00:00,75.847,83.57760514709733,64.51295138134168,102.64225891285298,89.719
WARD_A,2025-06-28 14:00:00+00:00,2025-06-28 15:00:00+00:00,143.946,128.01993008056098,108.95527631480533,147.08458384631663,165.382
WARD_B,2025-06-28 14:00:00+00:00,2025-06-28 15:00:00+00:00,161.025,138.2170013046732,119.15234753891755,157.28165507042885,109.85
ICU,2025-06-28 15:00:00+00:00,2025-06-28 16:00:00+00:00,56.952,66.22199810455386,47.15734433879821,85.28665187030951,74.815
OPD,2025-06-28 15:00:00+00:00,2025-06-28 16:00:00+00:00,111.518,81.2352353135001,62.17058154774445,100.29988907925575,88.152
WARD_A,2025-06-28 15:00:00+00:00,2025-06-28 16:00:00+00:00,142.466,131.9877671315125,112.92311336575685,151.05242089726815,151.38
WARD_B,2025-06-28 15:00:00+00:00,2025-06-28 16:00:00+00:00,158.297,140.01818221907607,120.95352845332042,159.08283598483172,130.754
ICU,2025-06-28 16:00:00+00:00,2025-06-28 17:00:00+00:00,50.42,65.88547648029044,46.820822714534785,84.95013024604609,68.329
OPD,2025-06-28 16:00:00+00:00,2025-06-28 17:00:00+00:00,56.316,81.65706247495628,62.592408709200626,100.72171624071193,61.161
WARD_A,2025-06-28 16:00:00+00:00,2025-06-28 17:00:00+00:00,131.549,129.7954001319086,110.73074636615294,148.86005389766424,162.386
WARD_B,2025-06-28 16:00:00+00:00,2025-06-28 17:00:00+00:00,167.046,140.02711227336272,120.96245850760707,159.09176603911837,141.865
ICU,2025-06-28 17:00:00+00:00,2025-06-28 18:00:00+00:00,71.406,53.347019452090606,34.282365686334956,72.41167321784626,59.526
OPD,2025-06-28 17:00:00+00:00,2025-06-28 18:00:00+00:00,0.0,22.12097802852222,3.0563242627665694,41.18563179427787,11.734
WARD_A,2025-06-28 17:00:00+00:00,2025-06-28 18:00:00+00:00,118.958,124.78787623673466,105.72322247097901,143.8525300024903,137.796
WARD_B,2025-06-28 17:00:00+00:00,2025-06-28 18:00:00+00:00,147.547,140.42512557311366,121.36047180735801,159.4897793388693,114.742
ICU,2025-06-28 18:00:00+00:00,2025-06-28 19:00:00+00:00,54.412,55.192588445881235,36.127934680125584,74.25724221163688,68.362
OPD,2025-06-28 18:00:00+00:00,2025-06-28 19:00:00+00:00,31.293,21.425504115448547,2.360850349692896,40.4901578812042,8.57
WARD_A,2025-06-28 18:00:00+00:00,2025-06-28 19:00:00+00:00,128.041,123.4822135255937,104.41755975983806,142.54686729134937,143.568
WARD_B,2025-06-28 18:00:00+00:00,2025-06-28 19:00:00+00:00,134.747,140.88795199291948,121.82329822716383,159.95260575867513,132.088
ICU,2025-06-28 19:00:00+00:00,2025-06-28 20:00:00+00:00,133.208,142.82631245740103,123.76165869164538,161.89096622315668,151.766
OPD,2025-06-28 19:00:00+00:00,2025-06-28 20:00:00+00:00,95.109,98.381666156413,79.31701239065735,117.44631992216866,107.642
WARD_A,2025-06-28 19:00:00+00:00,2025-06-28 20:00:00+00:00,227.393,207.1921249694328,188.12747120367715,226.25677873518845,226.47
WARD_B,2025-06-28 19:00:00+00:00,2025-06-28 20:00:00+00:00,223.112,220.1500041767394,201.08535041098375,239.21465794249505,207.598
ICU,2025-06-28 20:00:00+00:00,2025-06-28 21:00:00+00:00,69.933,55.97699340657609,36.91233964082044,75.04164717233175,62.943
OPD,2025-06-28 20:00:00+00:00,2025-06-28 21:00:00+00:00,15.619,22.74509785766937,3.6804440919137207,41.80975162342502,20.643
WARD_A,2025-06-28 20:00:00+00:00,2025-06-28 21:00:00+00:00,123.779,127.22211181712618,108.15745805137053,146.28676558288183,143.918
WARD_B,2025-06-28 20:00:00+00:00,2025-06-28 21:00:00+00:00,127.687,141.94503743008875,122.8803836643331,161.0096911958444,117.853
ICU,2025-06-28 21:00:00+00:00,2025-06-28 22:00:00+00:00,49.013,57.282755559320556,38.218101793564905,76.3474093250762,71.991
OPD,2025-06-28 21:00:00+00:00,2025-06-28 22:00:00+00:00,24.486,20.798399898654406,1.7337461328987551,39.86305366441006,24.904
WARD_A,2025-06-28 21:00:00+00:00,2025-06-28 22:00:00+00:00,147.879,124.60759243382621,105.54293866807056,143.67224619958188,143.324
WARD_B,2025-06-28 21:00:00+00:00,2025-06-28 22:00:00+00:00,146.611,141.70101060285842,122.63635683710277,160.76566436861407,117.882
ICU,2025-06-28 22:00:00+00:00,2025-06-28 23:00:00+00:00,40.322,57.38269749881936,38.31804373306371,76.44735126457502,64.609
OPD,2025-06-28 22:00:00+00:00,2025-06-28 23:00:00+00:00,32.053,20.862222844565114,1.7975690788094632,39.92687661032076,13.094
WARD_A,2025-06-28 22:00:00+00:00,2025-06-28 23:00:00+00:00,118.689,129.49588112678407,110.43122736102842,148.56053489253972,129.519
WARD_B,2025-06-28 22:00:00+00:00,2025-06-28 23:00:00+00:00,141.517,145.86565876065754,126.80100499490189,164.9303125264132,127.866
OPD,2025-06-28 23:00:00+00:00,2025-06-29 00:00:00+00:00,16.252,21.1740553960872,2.1094016303315506,40.23870916184285,23.821
WARD_B,2025-06-28 23:00:00+00:00,2025-06-29 00:00:00+00:00,140.796,141.09891277511377,122.03425900935812,160.16356654086943,114.991
ICU,2025-06-29 00:00:00+00:00,2025-06-29 01:00:00+00:00,41.45,54.519911684947914,35.45525791919226,73.58456545070356,66.587
OPD,2025-06-29 00:00:00+00:00,2025-06-29 01:00:00+00:00,16.939,20.818521585351633,1.7538678195959818,39.88317535110728,21.275
WARD_B,2025-06-29 00:00:00+00:00,2025-06-29 01:00:00+00:00,144.032,141.44029425219713,122.37564048644148,160.50494801795278,129.798
ICU,2025-06-29 01:00:00+00:00,2025-06-29 02:00:00+00:00,59.981,48.097216660412634,29.032562894656984,67.16187042616829,59.132
OPD,2025-06-29 01:00:00+00:00,2025-06-29 02:00:00+00:00,12.124,20.818521585351633,1.7538678195959818,39.88317535110728,14.478
WARD_A,2025-06-29 01:00:00+00:00,2025-06-29 02:00:00+00:00,127.995,128.53561182482719,109.47095805907153,147.60026559058284,150.011
WARD_B,2025-06-29 01:00:00+00:00,2025-06-29 02:00:00+00:00,126.872,141.7871232436805,122.72246947792485,160.85177700943615,160.121
ICU,2025-06-29 02:00:00+00:00,2025-06-29 03:00:00+00:00,68.738,54.519911684947914,35.45525791919226,73.58456545070356,56.018
OPD,2025-06-29 02:00:00+00:00,2025-06-29 03:00:00+00:00,22.187,22.10212816239754,3.0374743966418905,41.16678192815319,34.702
WARD_A,2025-06-29 02:00:00+00:00,2025-06-29 03:00:00+00:00,122.16,127.09493544796133,108.03028168220568,146.15958921371697,144.569
WARD_B,2025-06-29 02:00:00+00:00,2025-06-29 03:00:00+00:00,156.983,141.70720159309855,122.6425478273429,160.7718553588542,101.505
ICU,2025-06-29 03:00:00+00:00,2025-06-29 04:00:00+00:00,45.501,52.43165508591396,33.36700132015831,71.49630885166961,56.894
OPD,2025-06-29 03:00:00+00:00,2025-06-29 04:00:00+00:00,34.024,25.434087852259047,6.3694340865033965,44.4987416180147,28.884
WARD_A,2025-06-29 03:00:00+00:00,2025-06-29 04:00:00+00:00,119.182,126.14055519740874,107.0759014316531,145.2052089631644,140.043
WARD_B,2025-06-29 03:00:00+00:00,2025-06-29 04:00:00+00:00,158.43,144.26276122663938,125.19810746088373,163.32741499239503,145.482
ICU,2025-06-29 04:00:00+00:00,2025-06-29 05:00:00+00:00,58.473,51.198018825972696,32.133365060217045,70.26267259172835,65.957
OPD,2025-06-29 04:00:00+00:00,2025-06-29 05:00:00+00:00,16.87,23.61105654692077,4.546402781165121,42.67571031267642,20.951
WARD_A,2025-06-29 04:00:00+00:00,2025-06-29 05:00:00+00:00,139.535,126.21856040165706,107.15390663590141,145.28321416741272,124.837
WARD_B,2025-06-29 04:00:00+00:00,2025-06-29 05:00:00+00:00,132.933,143.42284363700406,124.35818987124841,162.48749740275971,103.145
ICU,2025-06-29 05:00:00+00:00,2025-06-29 06:00:00+00:00,151.067,132.85591525963156,113.79126149387591,151.9205690253872,133.43
OPD,2025-06-29 05:00:00+00:00,2025-06-29 06:00:00+00:00,99.73,100.21080600650488,81.14615224074923,119.27545977226053,96.212
WARD_A,2025-06-29 05:00:00+00:00,2025-06-29 06:00:00+00:00,209.861,211.16641652953277,192.10176276377712,230.23107029528842,220.027
WARD_B,2025-06-29 05:00:00+00:00,2025-06-29 06:00:00+00:00,208.225,218.1820606221576,199.11740685640194,237.24671438791324,218.217
ICU,2025-06-29 06:00:00+00:00,2025-06-29 07:00:00+00:00,61.955,48.31992859355771,29.25527482780206,67.38458235931336,70.958
OPD,2025-06-29 06:00:00+00:00,2025-06-29 07:00:00+00:00,20.888,19.213230440133966,0.14857667437831523,38.27788420588962,25.909
WARD_A,2025-06-29 06:00:00+00:00,2025-06-29 07:00:00+00:00,125.31,124.83929663525127,105.77464286949562,143.9039504010069,144.106
WARD_B,2025-06-29 06:00:00+00:00,2025-06-29 07:00:00+00:00,142.809,141.30454711339857,122.23989334764292,160.36920087915422,131.675
ICU,2025-06-29 07:00:00+00:00,2025-06-29 08:00:00+00:00,50.461,53.29327352430292,34.22861975854727,72.35792729005857,65.848
OPD,2025-06-29 07:00:00+00:00,2025-06-29 08:00:00+00:00,26.452,42.700474778030255,23.635821012274604,61.765128543785906,16.531
WARD_A,2025-06-29 07:00:00+00:00,2025-06-29 08:00:00+00:00,137.721,128.75811197397906,109.6934582082234,147.8227657397347,139.978
WARD_B,2025-06-29 07:00:00+00:00,2025-06-29 08:00:00+00:00,136.538,145.41544733887423,126.35079357311858,164.48010110462988,131.63
ICU,2025-06-29 08:00:00+00:00,2025-06-29 09:00:00+00:00,75.615,56.165060084118494,37.10040631836284,75.22971384987414,54.879
OPD,2025-06-29 08:00:00+00:00,2025-06-29 09:00:00+00:00,28.508,32.37734664821389,13.312692882458236,51.44200041396954,27.312
WARD_A,2025-06-29 08:00:00+00:00,2025-06-29 09:00:00+00:00,119.726,127.74951811851378,108.68486435275813,146.81417188426943,164.417
WARD_B,2025-06-29 08:00:00+00:00,2025-06-29 09:00:00+00:00,143.187,143.4514700641096,124.38681629835395,162.51612382986525,144.494
ICU,2025-06-29 09:00:00+00:00,2025-06-29 10:00:00+00:00,53.437,58.66722234571199,39.60256857995634,77.73187611146764,74.033
OPD,2025-06-29 09:00:00+00:00,2025-06-29 10:00:00+00:00,20.511,33.80543453444124,14.740780768685589,52.87008830019689,25.258
WARD_A,2025-06-29 09:00:00+00:00,2025-06-29 10:00:00+00:00,114.353,128.69270632971944,109.62805256396379,147.7573600954751,143.359
WARD_B,2025-06-29 09:00:00+00:00,2025-06-29 10:00:00+00:00,145.396,144.01250780975266,124.94785404399701,163.0771615755083,113.938
ICU,2025-06-29 10:00:00+00:00,2025-06-29 11:00:00+00:00,55.075,58.0433017632488,38.97864799749315,77.10795552900444,63.734
OPD,2025-06-29 10:00:00+00:00,2025-06-29 11:00:00+00:00,34.603,31.073916610594,12.00926284483835,50.13857037634965,13.774
WARD_A,2025-06-29 10:00:00+00:00,2025-06-29 11:00:00+00:00,116.967,130.27385079385473,111.20919702809908,149.33850455961039,131.68
WARD_B,2025-06-29 10:00:00+00:00,2025-06-29 11:00:00+00:00,156.942,145.31325223927468,126.24859847351902,164.37790600503033,112.532
ICU,2025-06-29 11:00:00+00:00,2025-06-29 12:00:00+00:00,67.395,58.403614212835926,39.338960447080275,77.46826797859157,52.719
OPD,2025-06-29 11:00:00+00:00,2025-06-29 12:00:00+00:00,26.875,23.372249993461423,4.307596227705773,42.436903759217074,21.754
WARD_A,2025-06-29 11:00:00+00:00,2025-06-29 12:00:00+00:00,145.66,131.58659006399614,112.52193629824049,150.6512438297518,117.419
WARD_B,2025-06-29 11:00:00+00:00,2025-06-29 12:00:00+00:00,133.849,145.56383835211497,126.49918458635932,164.62849211787062,129.677
ICU,2025-06-29 12:00:00+00:00,2025-06-29 13:00:00+00:00,66.647,58.15077509420967,39.08612132845402,77.21542885996533,75.974
OPD,2025-06-29 12:00:00+00:00,2025-06-29 13:00:00+00:00,22.078,28.67668742546043,9.612033659704778,47.74134119121608,29.803
WARD_A,2025-06-29 12:00:00+00:00,2025-06-29 13:00:00+00:00,129.131,134.72859727316492,115.66394350740927,153.79325103892057,127.848
WARD_B,2025-06-29 12:00:00+00:00,2025-06-29 13:00:00+00:00,142.024,145.03221928187517,125.96756551611952,164.09687304763082,126.399
ICU,2025-06-29 13:00:00+00:00,2025-06-29 14:00:00+00:00,152.074,141.495563942808,122.43091017705234,160.56021770856364,156.939
OPD,2025-06-29 13:00:00+00:00,2025-06-29 14:00:00+00:00,106.755,87.19882845963853,68.13417469388288,106.26348222539418,94.4
WARD_A,2025-06-29 13:00:00+00:00,2025-06-29 14:00:00+00:00,225.477,214.31707624692928,195.25242248117362,233.38173001268493,219.129
WARD_B,2025-06-29 13:00:00+00:00,2025-06-29 14:00:00+00:00,213.444,229.77476310687564,210.71010934112,248.8394168726313,206.708
ICU,2025-06-29 14:00:00+00:00,2025-06-29 15:00:00+00:00,51.604,57.03476424330291,37.97011047754726,76.09941800905855,56.13
OPD,2025-06-29 14:00:00+00:00,2025-06-29 15:00:00+00:00,5.119,34.04264474136113,14.97799097560548,53.10729850711678,24.708
WARD_A,2025-06-29 14:00:00+00:00,2025-06-29 15:00:00+00:00,138.855,133.96485842962628,114.90020466387062,153.02951219538193,135.498
WARD_B,2025-06-29 14:00:00+00:00,2025-06-29 15:00:00+00:00,169.119,143.26639050318062,124.20173673742497,162.33104426893627,127.301
ICU,2025-06-29 15:00:00+00:00,2025-06-29 16:00:00+00:00,64.025,60.23843148973243,41.17377772397678,79.30308525548807,63.116
OPD,2025-06-29 15:00:00+00:00,2025-06-29 16:00:00+00:00,17.129,30.15664663274138,11.09199286698573,49.221300398497036,35.361
WARD_A,2025-06-29 15:00:00+00:00,2025-06-29 16:00:00+00:00,139.63,129.4635211951646,110.39886742940894,148.52817496092024,133.29
WARD_B,2025-06-29 15:00:00+00:00,2025-06-29 16:00:00+00:00,136.13,145.2175990459214,126.15294528016574,164.28225281167704,127.981
ICU,2025-06-29 16:00:00+00:00,2025-06-29 17:00:00+00:00,60.157,61.01244437005012,41.94779060429447,80.07709813580577,62.039
OPD,2025-06-29 16:00:00+00:00,2025-06-29 17:00:00+00:00,13.651,25.732486125124368,6.667832359368717,44.79713989088002,13.289
WARD_A,2025-06-29 16:00:00+00:00,2025-06-29 17:00:00+00:00,127.511,133.85463254345797,114.78997877770232,152.91928630921362,143.089
WARD_B,2025-06-29 16:00:00+00:00,2025-06-29 17:00:00+00:00,146.526,143.63341079202496,124.56875702626931,162.6980645577806,112.835
ICU,2025-06-29 17:00:00+00:00,2025-06-29 18:00:00+00:00,48.234,52.289231390317156,33.224577624561505,71.3538851560728,45.984
OPD,2025-06-29 17:00:00+00:00,2025-06-29 18:00:00+00:00,19.858,22.36284672774778,3.298192961992129,41.42750049350343,8.069
WARD_A,2025-06-29 17:00:00+00:00,2025-06-29 18:00:00+00:00,154.594,131.57976275016122,112.51510898440557,150.64441651591687,144.048
WARD_B,2025-06-29 17:00:00+00:00,2025-06-29 18:00:00+00:00,174.968,142.7332654177912,123.66861165203554,161.79791918354684,148.084
ICU,2025-06-29 18:00:00+00:00,2025-06-29 19:00:00+00:00,58.276,53.77492032277746,34.71026655702181,72.83957408853311,63.698
OPD,2025-06-29 18:00:00+00:00,2025-06-29 19:00:00+00:00,14.932,22.431258908638775,3.366605142883124,41.495912674394425,43.601
WARD_A,2025-06-29 18:00:00+00:00,2025-06-29 19:00:00+00:00,127.772,133.9022791869358,114.83762542118015,152.96693295269145,150.813
WARD_B,2025-06-29 18:00:00+00:00,2025-06-29 19:00:00+00:00,153.853,143.851231343009,124.78657757725335,162.91588510876466,161.352
ICU,2025-06-29 19:00:00+00:00,2025-06-29 20:00:00+00:00,143.022,138.38009870846275,119.3154449427071,157.4447524742184,155.161
OPD,2025-06-29 19:00:00+00:00,2025-06-29 20:00:00+00:00,95.608,93.44441066458009,74.37975689882444,112.50906443033574,88.404
WARD_A,2025-06-29 19:00:00+00:00,2025-06-29 20:00:00+00:00,223.796,207.92172715836386,188.8570733926082,226.98638092411952,222.285
WARD_B,2025-06-29 19:00:00+00:00,2025-06-29 20:00:00+00:00,244.652,218.6835180494852,199.61886428372955,237.74817181524085,196.066
ICU,2025-06-29 20:00:00+00:00,2025-06-29 21:00:00+00:00,71.445,56.6760919315214,37.61143816576575,75.74074569727705,68.655
OPD,2025-06-29 20:00:00+00:00,2025-06-29 21:00:00+00:00,28.897,23.9287127765636,4.864059010807949,42.99336654231925,21.375
WARD_A,2025-06-29 20:00:00+00:00,2025-06-29 21:00:00+00:00,124.397,132.33011857650888,113.26546481075323,151.39477234226453,132.811
WARD_B,2025-06-29 20:00:00+00:00,2025-06-29 21:00:00+00:00,152.08,148.60287954027234,129.5382257745167,167.667533306028,124.209
ICU,2025-06-29 21:00:00+00:00,2025-06-29 22:00:00+00:00,59.55,53.75616046270344,34.69150669694779,72.82081422845908,63.662
OPD,2025-06-29 21:00:00+00:00,2025-06-29 22:00:00+00:00,8.197,20.328257454214356,1.263603688458705,39.39291121997,31.521
WARD_A,2025-06-29 21:00:00+00:00,2025-06-29 22:00:00+00:00,123.475,131.05227612502645,111.9876223592708,150.1169298907821,131.385
WARD_B,2025-06-29 21:00:00+00:00,2025-06-29 22:00:00+00:00,138.075,145.88481419506542,126.82016042930977,164.94946796082107,107.005
ICU,2025-06-29 22:00:00+00:00,2025-06-29 23:00:00+00:00,47.954,54.61209211888204,35.54743835312639,73.67674588463768,68.637
OPD,2025-06-29 22:00:00+00:00,2025-06-29 23:00:00+00:00,41.246,23.096142533815755,4.031488768060104,42.1607962995714,32.763
WARD_A,2025-06-29 22:00:00+00:00,2025-06-29 23:00:00+00:00,134.243,128.72557052928846,109.66091676353281,147.7902242950441,149.767
WARD_B,2025-06-29 22:00:00+00:00,2025-06-29 23:00:00+00:00,148.675,144.25011458280932,125.18546081705367,163.31476834856497,139.355
